[0.052s] DEBUG:colcon:Command line arguments: ['/usr/bin/colcon', 'build']
[0.052s] DEBUG:colcon:Parsed command line arguments: Namespace(log_base=None, log_level=None, verb_name='build', build_base='build', install_base='install', merge_install=False, symlink_install=False, test_result_base=None, continue_on_error=False, executor='parallel', parallel_workers=14, event_handlers=None, ignore_user_meta=False, metas=['./colcon.meta'], base_paths=['.'], packages_ignore=None, packages_ignore_regex=None, paths=None, packages_up_to=None, packages_up_to_regex=None, packages_above=None, packages_above_and_dependencies=None, packages_above_depth=None, packages_select_by_dep=None, packages_skip_by_dep=None, packages_skip_up_to=None, packages_select_build_failed=False, packages_skip_build_finished=False, packages_select_test_failures=False, packages_skip_test_passed=False, packages_select=None, packages_skip=None, packages_select_regex=None, packages_skip_regex=None, packages_start=None, packages_end=None, allow_overriding=[], cmake_args=None, cmake_target=None, cmake_target_skip_unavailable=False, cmake_clean_cache=False, cmake_clean_first=False, cmake_force_configure=False, ament_cmake_args=None, catkin_cmake_args=None, catkin_skip_building_tests=False, mixin_files=None, mixin=None, verb_parser=<colcon_mixin.mixin.mixin_argument.MixinArgumentDecorator object at 0x781310d842c0>, verb_extension=<colcon_core.verb.build.BuildVerb object at 0x781310d5ffb0>, main=<bound method BuildVerb.main of <colcon_core.verb.build.BuildVerb object at 0x781310d5ffb0>>, mixin_verb=('build',))
[0.070s] Level 1:colcon.colcon_core.package_discovery:discover_packages(colcon_meta) check parameters
[0.070s] Level 1:colcon.colcon_core.package_discovery:discover_packages(recursive) check parameters
[0.070s] Level 1:colcon.colcon_core.package_discovery:discover_packages(ignore) check parameters
[0.070s] Level 1:colcon.colcon_core.package_discovery:discover_packages(path) check parameters
[0.070s] Level 1:colcon.colcon_core.package_discovery:discover_packages(colcon_meta) discover
[0.070s] Level 1:colcon.colcon_core.package_discovery:discover_packages(recursive) discover
[0.070s] INFO:colcon.colcon_core.package_discovery:Crawling recursively for packages in '/home/administrator/Masterproject2/20_ROS/src/Robots'
[0.070s] Level 1:colcon.colcon_core.package_identification:_identify(.) by extensions ['ignore', 'ignore_ament_install']
[0.071s] Level 1:colcon.colcon_core.package_identification:_identify(.) by extension 'ignore'
[0.071s] Level 1:colcon.colcon_core.package_identification:_identify(.) by extension 'ignore_ament_install'
[0.071s] Level 1:colcon.colcon_core.package_identification:_identify(.) by extensions ['colcon_pkg']
[0.071s] Level 1:colcon.colcon_core.package_identification:_identify(.) by extension 'colcon_pkg'
[0.071s] Level 1:colcon.colcon_core.package_identification:_identify(.) by extensions ['colcon_meta']
[0.071s] Level 1:colcon.colcon_core.package_identification:_identify(.) by extension 'colcon_meta'
[0.071s] Level 1:colcon.colcon_core.package_identification:_identify(.) by extensions ['ros']
[0.071s] Level 1:colcon.colcon_core.package_identification:_identify(.) by extension 'ros'
[0.083s] Level 1:colcon.colcon_core.package_identification:_identify(.) by extensions ['cmake', 'python']
[0.083s] Level 1:colcon.colcon_core.package_identification:_identify(.) by extension 'cmake'
[0.083s] Level 1:colcon.colcon_core.package_identification:_identify(.) by extension 'python'
[0.083s] Level 1:colcon.colcon_core.package_identification:_identify(.) by extensions ['python_setup_py']
[0.083s] Level 1:colcon.colcon_core.package_identification:_identify(.) by extension 'python_setup_py'
[0.083s] Level 1:colcon.colcon_core.package_identification:_identify(MIR) by extensions ['ignore', 'ignore_ament_install']
[0.083s] Level 1:colcon.colcon_core.package_identification:_identify(MIR) by extension 'ignore'
[0.083s] Level 1:colcon.colcon_core.package_identification:_identify(MIR) by extension 'ignore_ament_install'
[0.083s] Level 1:colcon.colcon_core.package_identification:_identify(MIR) by extensions ['colcon_pkg']
[0.083s] Level 1:colcon.colcon_core.package_identification:_identify(MIR) by extension 'colcon_pkg'
[0.083s] Level 1:colcon.colcon_core.package_identification:_identify(MIR) by extensions ['colcon_meta']
[0.083s] Level 1:colcon.colcon_core.package_identification:_identify(MIR) by extension 'colcon_meta'
[0.083s] Level 1:colcon.colcon_core.package_identification:_identify(MIR) by extensions ['ros']
[0.083s] Level 1:colcon.colcon_core.package_identification:_identify(MIR) by extension 'ros'
[0.083s] Level 1:colcon.colcon_core.package_identification:_identify(MIR) by extensions ['cmake', 'python']
[0.084s] Level 1:colcon.colcon_core.package_identification:_identify(MIR) by extension 'cmake'
[0.084s] Level 1:colcon.colcon_core.package_identification:_identify(MIR) by extension 'python'
[0.084s] Level 1:colcon.colcon_core.package_identification:_identify(MIR) by extensions ['python_setup_py']
[0.084s] Level 1:colcon.colcon_core.package_identification:_identify(MIR) by extension 'python_setup_py'
[0.084s] Level 1:colcon.colcon_core.package_identification:_identify(MIR/mir_actions) by extensions ['ignore', 'ignore_ament_install']
[0.084s] Level 1:colcon.colcon_core.package_identification:_identify(MIR/mir_actions) by extension 'ignore'
[0.084s] Level 1:colcon.colcon_core.package_identification:_identify(MIR/mir_actions) by extension 'ignore_ament_install'
[0.084s] Level 1:colcon.colcon_core.package_identification:_identify(MIR/mir_actions) by extensions ['colcon_pkg']
[0.084s] Level 1:colcon.colcon_core.package_identification:_identify(MIR/mir_actions) by extension 'colcon_pkg'
[0.084s] Level 1:colcon.colcon_core.package_identification:_identify(MIR/mir_actions) by extensions ['colcon_meta']
[0.084s] Level 1:colcon.colcon_core.package_identification:_identify(MIR/mir_actions) by extension 'colcon_meta'
[0.084s] Level 1:colcon.colcon_core.package_identification:_identify(MIR/mir_actions) by extensions ['ros']
[0.084s] Level 1:colcon.colcon_core.package_identification:_identify(MIR/mir_actions) by extension 'ros'
[0.085s] DEBUG:colcon.colcon_core.package_identification:Package 'MIR/mir_actions' with type 'ros.ament_cmake' and name 'mir_actions'
[0.085s] Level 1:colcon.colcon_core.package_identification:_identify(MIR/mir_description) by extensions ['ignore', 'ignore_ament_install']
[0.085s] Level 1:colcon.colcon_core.package_identification:_identify(MIR/mir_description) by extension 'ignore'
[0.085s] Level 1:colcon.colcon_core.package_identification:_identify(MIR/mir_description) by extension 'ignore_ament_install'
[0.085s] Level 1:colcon.colcon_core.package_identification:_identify(MIR/mir_description) by extensions ['colcon_pkg']
[0.085s] Level 1:colcon.colcon_core.package_identification:_identify(MIR/mir_description) by extension 'colcon_pkg'
[0.085s] Level 1:colcon.colcon_core.package_identification:_identify(MIR/mir_description) by extensions ['colcon_meta']
[0.085s] Level 1:colcon.colcon_core.package_identification:_identify(MIR/mir_description) by extension 'colcon_meta'
[0.085s] Level 1:colcon.colcon_core.package_identification:_identify(MIR/mir_description) by extensions ['ros']
[0.085s] Level 1:colcon.colcon_core.package_identification:_identify(MIR/mir_description) by extension 'ros'
[0.085s] DEBUG:colcon.colcon_core.package_identification:Package 'MIR/mir_description' with type 'ros.ament_cmake' and name 'mir_description'
[0.086s] Level 1:colcon.colcon_core.package_identification:_identify(MIR/mir_driver) by extensions ['ignore', 'ignore_ament_install']
[0.086s] Level 1:colcon.colcon_core.package_identification:_identify(MIR/mir_driver) by extension 'ignore'
[0.086s] Level 1:colcon.colcon_core.package_identification:_identify(MIR/mir_driver) by extension 'ignore_ament_install'
[0.086s] Level 1:colcon.colcon_core.package_identification:_identify(MIR/mir_driver) by extensions ['colcon_pkg']
[0.086s] Level 1:colcon.colcon_core.package_identification:_identify(MIR/mir_driver) by extension 'colcon_pkg'
[0.086s] Level 1:colcon.colcon_core.package_identification:_identify(MIR/mir_driver) by extensions ['colcon_meta']
[0.086s] Level 1:colcon.colcon_core.package_identification:_identify(MIR/mir_driver) by extension 'colcon_meta'
[0.086s] Level 1:colcon.colcon_core.package_identification:_identify(MIR/mir_driver) by extensions ['ros']
[0.086s] Level 1:colcon.colcon_core.package_identification:_identify(MIR/mir_driver) by extension 'ros'
[0.086s] DEBUG:colcon.colcon_core.package_identification:Package 'MIR/mir_driver' with type 'ros.ament_cmake' and name 'mir_driver'
[0.086s] Level 1:colcon.colcon_core.package_identification:_identify(MIR/mir_dwb_critics) by extensions ['ignore', 'ignore_ament_install']
[0.086s] Level 1:colcon.colcon_core.package_identification:_identify(MIR/mir_dwb_critics) by extension 'ignore'
[0.086s] Level 1:colcon.colcon_core.package_identification:_identify(MIR/mir_dwb_critics) by extension 'ignore_ament_install'
[0.086s] Level 1:colcon.colcon_core.package_identification:_identify(MIR/mir_dwb_critics) by extensions ['colcon_pkg']
[0.086s] Level 1:colcon.colcon_core.package_identification:_identify(MIR/mir_dwb_critics) by extension 'colcon_pkg'
[0.086s] Level 1:colcon.colcon_core.package_identification:_identify(MIR/mir_dwb_critics) by extensions ['colcon_meta']
[0.087s] Level 1:colcon.colcon_core.package_identification:_identify(MIR/mir_dwb_critics) by extension 'colcon_meta'
[0.087s] Level 1:colcon.colcon_core.package_identification:_identify(MIR/mir_dwb_critics) by extensions ['ros']
[0.087s] Level 1:colcon.colcon_core.package_identification:_identify(MIR/mir_dwb_critics) by extension 'ros'
[0.087s] DEBUG:colcon.colcon_core.package_identification:Package 'MIR/mir_dwb_critics' with type 'ros.ament_cmake' and name 'mir_dwb_critics'
[0.087s] Level 1:colcon.colcon_core.package_identification:_identify(MIR/mir_gazebo) by extensions ['ignore', 'ignore_ament_install']
[0.087s] Level 1:colcon.colcon_core.package_identification:_identify(MIR/mir_gazebo) by extension 'ignore'
[0.087s] Level 1:colcon.colcon_core.package_identification:_identify(MIR/mir_gazebo) by extension 'ignore_ament_install'
[0.087s] Level 1:colcon.colcon_core.package_identification:_identify(MIR/mir_gazebo) by extensions ['colcon_pkg']
[0.087s] Level 1:colcon.colcon_core.package_identification:_identify(MIR/mir_gazebo) by extension 'colcon_pkg'
[0.087s] Level 1:colcon.colcon_core.package_identification:_identify(MIR/mir_gazebo) by extensions ['colcon_meta']
[0.087s] Level 1:colcon.colcon_core.package_identification:_identify(MIR/mir_gazebo) by extension 'colcon_meta'
[0.087s] Level 1:colcon.colcon_core.package_identification:_identify(MIR/mir_gazebo) by extensions ['ros']
[0.087s] Level 1:colcon.colcon_core.package_identification:_identify(MIR/mir_gazebo) by extension 'ros'
[0.087s] DEBUG:colcon.colcon_core.package_identification:Package 'MIR/mir_gazebo' with type 'ros.ament_cmake' and name 'mir_gazebo'
[0.087s] Level 1:colcon.colcon_core.package_identification:_identify(MIR/mir_msgs) by extensions ['ignore', 'ignore_ament_install']
[0.087s] Level 1:colcon.colcon_core.package_identification:_identify(MIR/mir_msgs) by extension 'ignore'
[0.088s] Level 1:colcon.colcon_core.package_identification:_identify(MIR/mir_msgs) by extension 'ignore_ament_install'
[0.088s] Level 1:colcon.colcon_core.package_identification:_identify(MIR/mir_msgs) by extensions ['colcon_pkg']
[0.088s] Level 1:colcon.colcon_core.package_identification:_identify(MIR/mir_msgs) by extension 'colcon_pkg'
[0.088s] Level 1:colcon.colcon_core.package_identification:_identify(MIR/mir_msgs) by extensions ['colcon_meta']
[0.088s] Level 1:colcon.colcon_core.package_identification:_identify(MIR/mir_msgs) by extension 'colcon_meta'
[0.088s] Level 1:colcon.colcon_core.package_identification:_identify(MIR/mir_msgs) by extensions ['ros']
[0.088s] Level 1:colcon.colcon_core.package_identification:_identify(MIR/mir_msgs) by extension 'ros'
[0.088s] DEBUG:colcon.colcon_core.package_identification:Package 'MIR/mir_msgs' with type 'ros.ament_cmake' and name 'mir_msgs'
[0.088s] Level 1:colcon.colcon_core.package_identification:_identify(MIR/mir_navigation) by extensions ['ignore', 'ignore_ament_install']
[0.088s] Level 1:colcon.colcon_core.package_identification:_identify(MIR/mir_navigation) by extension 'ignore'
[0.088s] Level 1:colcon.colcon_core.package_identification:_identify(MIR/mir_navigation) by extension 'ignore_ament_install'
[0.088s] Level 1:colcon.colcon_core.package_identification:_identify(MIR/mir_navigation) by extensions ['colcon_pkg']
[0.088s] Level 1:colcon.colcon_core.package_identification:_identify(MIR/mir_navigation) by extension 'colcon_pkg'
[0.088s] Level 1:colcon.colcon_core.package_identification:_identify(MIR/mir_navigation) by extensions ['colcon_meta']
[0.088s] Level 1:colcon.colcon_core.package_identification:_identify(MIR/mir_navigation) by extension 'colcon_meta'
[0.088s] Level 1:colcon.colcon_core.package_identification:_identify(MIR/mir_navigation) by extensions ['ros']
[0.088s] Level 1:colcon.colcon_core.package_identification:_identify(MIR/mir_navigation) by extension 'ros'
[0.088s] DEBUG:colcon.colcon_core.package_identification:Package 'MIR/mir_navigation' with type 'ros.ament_cmake' and name 'mir_navigation'
[0.088s] Level 1:colcon.colcon_core.package_identification:_identify(MIR/mir_robot) by extensions ['ignore', 'ignore_ament_install']
[0.088s] Level 1:colcon.colcon_core.package_identification:_identify(MIR/mir_robot) by extension 'ignore'
[0.088s] Level 1:colcon.colcon_core.package_identification:_identify(MIR/mir_robot) by extension 'ignore_ament_install'
[0.088s] Level 1:colcon.colcon_core.package_identification:_identify(MIR/mir_robot) by extensions ['colcon_pkg']
[0.088s] Level 1:colcon.colcon_core.package_identification:_identify(MIR/mir_robot) by extension 'colcon_pkg'
[0.089s] Level 1:colcon.colcon_core.package_identification:_identify(MIR/mir_robot) by extensions ['colcon_meta']
[0.089s] Level 1:colcon.colcon_core.package_identification:_identify(MIR/mir_robot) by extension 'colcon_meta'
[0.089s] Level 1:colcon.colcon_core.package_identification:_identify(MIR/mir_robot) by extensions ['ros']
[0.089s] Level 1:colcon.colcon_core.package_identification:_identify(MIR/mir_robot) by extension 'ros'
[0.089s] DEBUG:colcon.colcon_core.package_identification:Package 'MIR/mir_robot' with type 'ros.ament_cmake' and name 'mir_robot'
[0.089s] Level 1:colcon.colcon_core.package_identification:_identify(MIR/sdc21x0) by extensions ['ignore', 'ignore_ament_install']
[0.089s] Level 1:colcon.colcon_core.package_identification:_identify(MIR/sdc21x0) by extension 'ignore'
[0.089s] Level 1:colcon.colcon_core.package_identification:_identify(MIR/sdc21x0) by extension 'ignore_ament_install'
[0.089s] Level 1:colcon.colcon_core.package_identification:_identify(MIR/sdc21x0) by extensions ['colcon_pkg']
[0.089s] Level 1:colcon.colcon_core.package_identification:_identify(MIR/sdc21x0) by extension 'colcon_pkg'
[0.089s] Level 1:colcon.colcon_core.package_identification:_identify(MIR/sdc21x0) by extensions ['colcon_meta']
[0.089s] Level 1:colcon.colcon_core.package_identification:_identify(MIR/sdc21x0) by extension 'colcon_meta'
[0.089s] Level 1:colcon.colcon_core.package_identification:_identify(MIR/sdc21x0) by extensions ['ros']
[0.089s] Level 1:colcon.colcon_core.package_identification:_identify(MIR/sdc21x0) by extension 'ros'
[0.089s] DEBUG:colcon.colcon_core.package_identification:Package 'MIR/sdc21x0' with type 'ros.ament_cmake' and name 'sdc21x0'
[0.089s] Level 1:colcon.colcon_core.package_identification:_identify(Mecademic) by extensions ['ignore', 'ignore_ament_install']
[0.089s] Level 1:colcon.colcon_core.package_identification:_identify(Mecademic) by extension 'ignore'
[0.089s] Level 1:colcon.colcon_core.package_identification:_identify(Mecademic) by extension 'ignore_ament_install'
[0.089s] Level 1:colcon.colcon_core.package_identification:_identify(Mecademic) by extensions ['colcon_pkg']
[0.089s] Level 1:colcon.colcon_core.package_identification:_identify(Mecademic) by extension 'colcon_pkg'
[0.089s] Level 1:colcon.colcon_core.package_identification:_identify(Mecademic) by extensions ['colcon_meta']
[0.089s] Level 1:colcon.colcon_core.package_identification:_identify(Mecademic) by extension 'colcon_meta'
[0.089s] Level 1:colcon.colcon_core.package_identification:_identify(Mecademic) by extensions ['ros']
[0.089s] Level 1:colcon.colcon_core.package_identification:_identify(Mecademic) by extension 'ros'
[0.089s] Level 1:colcon.colcon_core.package_identification:_identify(Mecademic) by extensions ['cmake', 'python']
[0.089s] Level 1:colcon.colcon_core.package_identification:_identify(Mecademic) by extension 'cmake'
[0.089s] Level 1:colcon.colcon_core.package_identification:_identify(Mecademic) by extension 'python'
[0.089s] Level 1:colcon.colcon_core.package_identification:_identify(Mecademic) by extensions ['python_setup_py']
[0.089s] Level 1:colcon.colcon_core.package_identification:_identify(Mecademic) by extension 'python_setup_py'
[0.090s] Level 1:colcon.colcon_core.package_identification:_identify(Mecademic/meca500_bringup) by extensions ['ignore', 'ignore_ament_install']
[0.090s] Level 1:colcon.colcon_core.package_identification:_identify(Mecademic/meca500_bringup) by extension 'ignore'
[0.090s] Level 1:colcon.colcon_core.package_identification:_identify(Mecademic/meca500_bringup) by extension 'ignore_ament_install'
[0.090s] Level 1:colcon.colcon_core.package_identification:_identify(Mecademic/meca500_bringup) by extensions ['colcon_pkg']
[0.090s] Level 1:colcon.colcon_core.package_identification:_identify(Mecademic/meca500_bringup) by extension 'colcon_pkg'
[0.090s] Level 1:colcon.colcon_core.package_identification:_identify(Mecademic/meca500_bringup) by extensions ['colcon_meta']
[0.090s] Level 1:colcon.colcon_core.package_identification:_identify(Mecademic/meca500_bringup) by extension 'colcon_meta'
[0.090s] Level 1:colcon.colcon_core.package_identification:_identify(Mecademic/meca500_bringup) by extensions ['ros']
[0.090s] Level 1:colcon.colcon_core.package_identification:_identify(Mecademic/meca500_bringup) by extension 'ros'
[0.090s] DEBUG:colcon.colcon_core.package_identification:Package 'Mecademic/meca500_bringup' with type 'ros.ament_cmake' and name 'meca500_bringup'
[0.090s] Level 1:colcon.colcon_core.package_identification:_identify(Mecademic/meca500_description) by extensions ['ignore', 'ignore_ament_install']
[0.090s] Level 1:colcon.colcon_core.package_identification:_identify(Mecademic/meca500_description) by extension 'ignore'
[0.090s] Level 1:colcon.colcon_core.package_identification:_identify(Mecademic/meca500_description) by extension 'ignore_ament_install'
[0.090s] Level 1:colcon.colcon_core.package_identification:_identify(Mecademic/meca500_description) by extensions ['colcon_pkg']
[0.090s] Level 1:colcon.colcon_core.package_identification:_identify(Mecademic/meca500_description) by extension 'colcon_pkg'
[0.090s] Level 1:colcon.colcon_core.package_identification:_identify(Mecademic/meca500_description) by extensions ['colcon_meta']
[0.090s] Level 1:colcon.colcon_core.package_identification:_identify(Mecademic/meca500_description) by extension 'colcon_meta'
[0.090s] Level 1:colcon.colcon_core.package_identification:_identify(Mecademic/meca500_description) by extensions ['ros']
[0.090s] Level 1:colcon.colcon_core.package_identification:_identify(Mecademic/meca500_description) by extension 'ros'
[0.090s] DEBUG:colcon.colcon_core.package_identification:Package 'Mecademic/meca500_description' with type 'ros.ament_cmake' and name 'meca500_description'
[0.090s] Level 1:colcon.colcon_core.package_identification:_identify(Mecademic/meca500_hardware) by extensions ['ignore', 'ignore_ament_install']
[0.091s] Level 1:colcon.colcon_core.package_identification:_identify(Mecademic/meca500_hardware) by extension 'ignore'
[0.091s] Level 1:colcon.colcon_core.package_identification:_identify(Mecademic/meca500_hardware) by extension 'ignore_ament_install'
[0.091s] Level 1:colcon.colcon_core.package_identification:_identify(Mecademic/meca500_hardware) by extensions ['colcon_pkg']
[0.091s] Level 1:colcon.colcon_core.package_identification:_identify(Mecademic/meca500_hardware) by extension 'colcon_pkg'
[0.091s] Level 1:colcon.colcon_core.package_identification:_identify(Mecademic/meca500_hardware) by extensions ['colcon_meta']
[0.091s] Level 1:colcon.colcon_core.package_identification:_identify(Mecademic/meca500_hardware) by extension 'colcon_meta'
[0.091s] Level 1:colcon.colcon_core.package_identification:_identify(Mecademic/meca500_hardware) by extensions ['ros']
[0.091s] Level 1:colcon.colcon_core.package_identification:_identify(Mecademic/meca500_hardware) by extension 'ros'
[0.091s] DEBUG:colcon.colcon_core.package_identification:Package 'Mecademic/meca500_hardware' with type 'ros.ament_cmake' and name 'meca500_hardware'
[0.091s] Level 1:colcon.colcon_core.package_identification:_identify(Mecademic/meca500_moveit_config) by extensions ['ignore', 'ignore_ament_install']
[0.091s] Level 1:colcon.colcon_core.package_identification:_identify(Mecademic/meca500_moveit_config) by extension 'ignore'
[0.091s] Level 1:colcon.colcon_core.package_identification:_identify(Mecademic/meca500_moveit_config) by extension 'ignore_ament_install'
[0.091s] Level 1:colcon.colcon_core.package_identification:_identify(Mecademic/meca500_moveit_config) by extensions ['colcon_pkg']
[0.091s] Level 1:colcon.colcon_core.package_identification:_identify(Mecademic/meca500_moveit_config) by extension 'colcon_pkg'
[0.091s] Level 1:colcon.colcon_core.package_identification:_identify(Mecademic/meca500_moveit_config) by extensions ['colcon_meta']
[0.091s] Level 1:colcon.colcon_core.package_identification:_identify(Mecademic/meca500_moveit_config) by extension 'colcon_meta'
[0.091s] Level 1:colcon.colcon_core.package_identification:_identify(Mecademic/meca500_moveit_config) by extensions ['ros']
[0.091s] Level 1:colcon.colcon_core.package_identification:_identify(Mecademic/meca500_moveit_config) by extension 'ros'
[0.091s] DEBUG:colcon.colcon_core.package_identification:Package 'Mecademic/meca500_moveit_config' with type 'ros.ament_cmake' and name 'meca500_moveit_config'
[0.091s] Level 1:colcon.colcon_core.package_identification:_identify(Omron_AMR) by extensions ['ignore', 'ignore_ament_install']
[0.091s] Level 1:colcon.colcon_core.package_identification:_identify(Omron_AMR) by extension 'ignore'
[0.091s] Level 1:colcon.colcon_core.package_identification:_identify(Omron_AMR) by extension 'ignore_ament_install'
[0.091s] Level 1:colcon.colcon_core.package_identification:_identify(Omron_AMR) by extensions ['colcon_pkg']
[0.091s] Level 1:colcon.colcon_core.package_identification:_identify(Omron_AMR) by extension 'colcon_pkg'
[0.091s] Level 1:colcon.colcon_core.package_identification:_identify(Omron_AMR) by extensions ['colcon_meta']
[0.091s] Level 1:colcon.colcon_core.package_identification:_identify(Omron_AMR) by extension 'colcon_meta'
[0.091s] Level 1:colcon.colcon_core.package_identification:_identify(Omron_AMR) by extensions ['ros']
[0.091s] Level 1:colcon.colcon_core.package_identification:_identify(Omron_AMR) by extension 'ros'
[0.092s] Level 1:colcon.colcon_core.package_identification:_identify(Omron_AMR) by extensions ['cmake', 'python']
[0.092s] Level 1:colcon.colcon_core.package_identification:_identify(Omron_AMR) by extension 'cmake'
[0.092s] Level 1:colcon.colcon_core.package_identification:_identify(Omron_AMR) by extension 'python'
[0.092s] Level 1:colcon.colcon_core.package_identification:_identify(Omron_AMR) by extensions ['python_setup_py']
[0.092s] Level 1:colcon.colcon_core.package_identification:_identify(Omron_AMR) by extension 'python_setup_py'
[0.092s] Level 1:colcon.colcon_core.package_identification:_identify(Omron_AMR/build) by extensions ['ignore', 'ignore_ament_install']
[0.092s] Level 1:colcon.colcon_core.package_identification:_identify(Omron_AMR/build) by extension 'ignore'
[0.092s] Level 1:colcon.colcon_core.package_identification:_identify(Omron_AMR/build) ignored
[0.092s] Level 1:colcon.colcon_core.package_identification:_identify(Omron_AMR/docs) by extensions ['ignore', 'ignore_ament_install']
[0.092s] Level 1:colcon.colcon_core.package_identification:_identify(Omron_AMR/docs) by extension 'ignore'
[0.092s] Level 1:colcon.colcon_core.package_identification:_identify(Omron_AMR/docs) by extension 'ignore_ament_install'
[0.092s] Level 1:colcon.colcon_core.package_identification:_identify(Omron_AMR/docs) by extensions ['colcon_pkg']
[0.092s] Level 1:colcon.colcon_core.package_identification:_identify(Omron_AMR/docs) by extension 'colcon_pkg'
[0.092s] Level 1:colcon.colcon_core.package_identification:_identify(Omron_AMR/docs) by extensions ['colcon_meta']
[0.092s] Level 1:colcon.colcon_core.package_identification:_identify(Omron_AMR/docs) by extension 'colcon_meta'
[0.092s] Level 1:colcon.colcon_core.package_identification:_identify(Omron_AMR/docs) by extensions ['ros']
[0.092s] Level 1:colcon.colcon_core.package_identification:_identify(Omron_AMR/docs) by extension 'ros'
[0.092s] Level 1:colcon.colcon_core.package_identification:_identify(Omron_AMR/docs) by extensions ['cmake', 'python']
[0.092s] Level 1:colcon.colcon_core.package_identification:_identify(Omron_AMR/docs) by extension 'cmake'
[0.092s] Level 1:colcon.colcon_core.package_identification:_identify(Omron_AMR/docs) by extension 'python'
[0.092s] Level 1:colcon.colcon_core.package_identification:_identify(Omron_AMR/docs) by extensions ['python_setup_py']
[0.092s] Level 1:colcon.colcon_core.package_identification:_identify(Omron_AMR/docs) by extension 'python_setup_py'
[0.092s] Level 1:colcon.colcon_core.package_identification:_identify(Omron_AMR/docs/dg-images) by extensions ['ignore', 'ignore_ament_install']
[0.092s] Level 1:colcon.colcon_core.package_identification:_identify(Omron_AMR/docs/dg-images) by extension 'ignore'
[0.092s] Level 1:colcon.colcon_core.package_identification:_identify(Omron_AMR/docs/dg-images) by extension 'ignore_ament_install'
[0.092s] Level 1:colcon.colcon_core.package_identification:_identify(Omron_AMR/docs/dg-images) by extensions ['colcon_pkg']
[0.092s] Level 1:colcon.colcon_core.package_identification:_identify(Omron_AMR/docs/dg-images) by extension 'colcon_pkg'
[0.092s] Level 1:colcon.colcon_core.package_identification:_identify(Omron_AMR/docs/dg-images) by extensions ['colcon_meta']
[0.092s] Level 1:colcon.colcon_core.package_identification:_identify(Omron_AMR/docs/dg-images) by extension 'colcon_meta'
[0.092s] Level 1:colcon.colcon_core.package_identification:_identify(Omron_AMR/docs/dg-images) by extensions ['ros']
[0.092s] Level 1:colcon.colcon_core.package_identification:_identify(Omron_AMR/docs/dg-images) by extension 'ros'
[0.092s] Level 1:colcon.colcon_core.package_identification:_identify(Omron_AMR/docs/dg-images) by extensions ['cmake', 'python']
[0.092s] Level 1:colcon.colcon_core.package_identification:_identify(Omron_AMR/docs/dg-images) by extension 'cmake'
[0.092s] Level 1:colcon.colcon_core.package_identification:_identify(Omron_AMR/docs/dg-images) by extension 'python'
[0.092s] Level 1:colcon.colcon_core.package_identification:_identify(Omron_AMR/docs/dg-images) by extensions ['python_setup_py']
[0.092s] Level 1:colcon.colcon_core.package_identification:_identify(Omron_AMR/docs/dg-images) by extension 'python_setup_py'
[0.092s] Level 1:colcon.colcon_core.package_identification:_identify(Omron_AMR/install) by extensions ['ignore', 'ignore_ament_install']
[0.092s] Level 1:colcon.colcon_core.package_identification:_identify(Omron_AMR/install) by extension 'ignore'
[0.092s] Level 1:colcon.colcon_core.package_identification:_identify(Omron_AMR/install) ignored
[0.092s] Level 1:colcon.colcon_core.package_identification:_identify(Omron_AMR/log) by extensions ['ignore', 'ignore_ament_install']
[0.092s] Level 1:colcon.colcon_core.package_identification:_identify(Omron_AMR/log) by extension 'ignore'
[0.093s] Level 1:colcon.colcon_core.package_identification:_identify(Omron_AMR/log) ignored
[0.093s] Level 1:colcon.colcon_core.package_identification:_identify(Omron_AMR/src) by extensions ['ignore', 'ignore_ament_install']
[0.093s] Level 1:colcon.colcon_core.package_identification:_identify(Omron_AMR/src) by extension 'ignore'
[0.093s] Level 1:colcon.colcon_core.package_identification:_identify(Omron_AMR/src) by extension 'ignore_ament_install'
[0.093s] Level 1:colcon.colcon_core.package_identification:_identify(Omron_AMR/src) by extensions ['colcon_pkg']
[0.093s] Level 1:colcon.colcon_core.package_identification:_identify(Omron_AMR/src) by extension 'colcon_pkg'
[0.093s] Level 1:colcon.colcon_core.package_identification:_identify(Omron_AMR/src) by extensions ['colcon_meta']
[0.093s] Level 1:colcon.colcon_core.package_identification:_identify(Omron_AMR/src) by extension 'colcon_meta'
[0.093s] Level 1:colcon.colcon_core.package_identification:_identify(Omron_AMR/src) by extensions ['ros']
[0.093s] Level 1:colcon.colcon_core.package_identification:_identify(Omron_AMR/src) by extension 'ros'
[0.093s] Level 1:colcon.colcon_core.package_identification:_identify(Omron_AMR/src) by extensions ['cmake', 'python']
[0.093s] Level 1:colcon.colcon_core.package_identification:_identify(Omron_AMR/src) by extension 'cmake'
[0.093s] Level 1:colcon.colcon_core.package_identification:_identify(Omron_AMR/src) by extension 'python'
[0.093s] Level 1:colcon.colcon_core.package_identification:_identify(Omron_AMR/src) by extensions ['python_setup_py']
[0.093s] Level 1:colcon.colcon_core.package_identification:_identify(Omron_AMR/src) by extension 'python_setup_py'
[0.093s] Level 1:colcon.colcon_core.package_identification:_identify(Omron_AMR/src/amr_visualisation) by extensions ['ignore', 'ignore_ament_install']
[0.093s] Level 1:colcon.colcon_core.package_identification:_identify(Omron_AMR/src/amr_visualisation) by extension 'ignore'
[0.093s] Level 1:colcon.colcon_core.package_identification:_identify(Omron_AMR/src/amr_visualisation) by extension 'ignore_ament_install'
[0.093s] Level 1:colcon.colcon_core.package_identification:_identify(Omron_AMR/src/amr_visualisation) by extensions ['colcon_pkg']
[0.093s] Level 1:colcon.colcon_core.package_identification:_identify(Omron_AMR/src/amr_visualisation) by extension 'colcon_pkg'
[0.093s] Level 1:colcon.colcon_core.package_identification:_identify(Omron_AMR/src/amr_visualisation) by extensions ['colcon_meta']
[0.093s] Level 1:colcon.colcon_core.package_identification:_identify(Omron_AMR/src/amr_visualisation) by extension 'colcon_meta'
[0.093s] Level 1:colcon.colcon_core.package_identification:_identify(Omron_AMR/src/amr_visualisation) by extensions ['ros']
[0.093s] Level 1:colcon.colcon_core.package_identification:_identify(Omron_AMR/src/amr_visualisation) by extension 'ros'
[0.093s] DEBUG:colcon.colcon_core.package_identification:Package 'Omron_AMR/src/amr_visualisation' with type 'ros.ament_cmake' and name 'amr_visualisation'
[0.093s] Level 1:colcon.colcon_core.package_identification:_identify(Omron_AMR/src/demo) by extensions ['ignore', 'ignore_ament_install']
[0.093s] Level 1:colcon.colcon_core.package_identification:_identify(Omron_AMR/src/demo) by extension 'ignore'
[0.093s] Level 1:colcon.colcon_core.package_identification:_identify(Omron_AMR/src/demo) by extension 'ignore_ament_install'
[0.093s] Level 1:colcon.colcon_core.package_identification:_identify(Omron_AMR/src/demo) by extensions ['colcon_pkg']
[0.093s] Level 1:colcon.colcon_core.package_identification:_identify(Omron_AMR/src/demo) by extension 'colcon_pkg'
[0.093s] Level 1:colcon.colcon_core.package_identification:_identify(Omron_AMR/src/demo) by extensions ['colcon_meta']
[0.093s] Level 1:colcon.colcon_core.package_identification:_identify(Omron_AMR/src/demo) by extension 'colcon_meta'
[0.093s] Level 1:colcon.colcon_core.package_identification:_identify(Omron_AMR/src/demo) by extensions ['ros']
[0.093s] Level 1:colcon.colcon_core.package_identification:_identify(Omron_AMR/src/demo) by extension 'ros'
[0.094s] DEBUG:colcon.colcon_core.package_identification:Package 'Omron_AMR/src/demo' with type 'ros.ament_cmake' and name 'demo'
[0.094s] Level 1:colcon.colcon_core.package_identification:_identify(Omron_AMR/src/om_aiv_msg) by extensions ['ignore', 'ignore_ament_install']
[0.094s] Level 1:colcon.colcon_core.package_identification:_identify(Omron_AMR/src/om_aiv_msg) by extension 'ignore'
[0.094s] Level 1:colcon.colcon_core.package_identification:_identify(Omron_AMR/src/om_aiv_msg) by extension 'ignore_ament_install'
[0.094s] Level 1:colcon.colcon_core.package_identification:_identify(Omron_AMR/src/om_aiv_msg) by extensions ['colcon_pkg']
[0.094s] Level 1:colcon.colcon_core.package_identification:_identify(Omron_AMR/src/om_aiv_msg) by extension 'colcon_pkg'
[0.094s] Level 1:colcon.colcon_core.package_identification:_identify(Omron_AMR/src/om_aiv_msg) by extensions ['colcon_meta']
[0.094s] Level 1:colcon.colcon_core.package_identification:_identify(Omron_AMR/src/om_aiv_msg) by extension 'colcon_meta'
[0.094s] Level 1:colcon.colcon_core.package_identification:_identify(Omron_AMR/src/om_aiv_msg) by extensions ['ros']
[0.094s] Level 1:colcon.colcon_core.package_identification:_identify(Omron_AMR/src/om_aiv_msg) by extension 'ros'
[0.094s] DEBUG:colcon.colcon_core.package_identification:Package 'Omron_AMR/src/om_aiv_msg' with type 'ros.ament_cmake' and name 'om_aiv_msg'
[0.094s] Level 1:colcon.colcon_core.package_identification:_identify(Omron_AMR/src/om_aiv_navigation) by extensions ['ignore', 'ignore_ament_install']
[0.094s] Level 1:colcon.colcon_core.package_identification:_identify(Omron_AMR/src/om_aiv_navigation) by extension 'ignore'
[0.094s] Level 1:colcon.colcon_core.package_identification:_identify(Omron_AMR/src/om_aiv_navigation) by extension 'ignore_ament_install'
[0.094s] Level 1:colcon.colcon_core.package_identification:_identify(Omron_AMR/src/om_aiv_navigation) by extensions ['colcon_pkg']
[0.094s] Level 1:colcon.colcon_core.package_identification:_identify(Omron_AMR/src/om_aiv_navigation) by extension 'colcon_pkg'
[0.094s] Level 1:colcon.colcon_core.package_identification:_identify(Omron_AMR/src/om_aiv_navigation) by extensions ['colcon_meta']
[0.094s] Level 1:colcon.colcon_core.package_identification:_identify(Omron_AMR/src/om_aiv_navigation) by extension 'colcon_meta'
[0.094s] Level 1:colcon.colcon_core.package_identification:_identify(Omron_AMR/src/om_aiv_navigation) by extensions ['ros']
[0.094s] Level 1:colcon.colcon_core.package_identification:_identify(Omron_AMR/src/om_aiv_navigation) by extension 'ros'
[0.095s] DEBUG:colcon.colcon_core.package_identification:Package 'Omron_AMR/src/om_aiv_navigation' with type 'ros.ament_python' and name 'om_aiv_navigation'
[0.095s] Level 1:colcon.colcon_core.package_identification:_identify(Omron_AMR/src/om_aiv_util) by extensions ['ignore', 'ignore_ament_install']
[0.095s] Level 1:colcon.colcon_core.package_identification:_identify(Omron_AMR/src/om_aiv_util) by extension 'ignore'
[0.095s] Level 1:colcon.colcon_core.package_identification:_identify(Omron_AMR/src/om_aiv_util) by extension 'ignore_ament_install'
[0.095s] Level 1:colcon.colcon_core.package_identification:_identify(Omron_AMR/src/om_aiv_util) by extensions ['colcon_pkg']
[0.095s] Level 1:colcon.colcon_core.package_identification:_identify(Omron_AMR/src/om_aiv_util) by extension 'colcon_pkg'
[0.095s] Level 1:colcon.colcon_core.package_identification:_identify(Omron_AMR/src/om_aiv_util) by extensions ['colcon_meta']
[0.095s] Level 1:colcon.colcon_core.package_identification:_identify(Omron_AMR/src/om_aiv_util) by extension 'colcon_meta'
[0.095s] Level 1:colcon.colcon_core.package_identification:_identify(Omron_AMR/src/om_aiv_util) by extensions ['ros']
[0.095s] Level 1:colcon.colcon_core.package_identification:_identify(Omron_AMR/src/om_aiv_util) by extension 'ros'
[0.095s] DEBUG:colcon.colcon_core.package_identification:Package 'Omron_AMR/src/om_aiv_util' with type 'ros.ament_python' and name 'om_aiv_util'
[0.095s] Level 1:colcon.colcon_core.package_identification:_identify(UR_Driver) by extensions ['ignore', 'ignore_ament_install']
[0.095s] Level 1:colcon.colcon_core.package_identification:_identify(UR_Driver) by extension 'ignore'
[0.095s] Level 1:colcon.colcon_core.package_identification:_identify(UR_Driver) by extension 'ignore_ament_install'
[0.095s] Level 1:colcon.colcon_core.package_identification:_identify(UR_Driver) by extensions ['colcon_pkg']
[0.095s] Level 1:colcon.colcon_core.package_identification:_identify(UR_Driver) by extension 'colcon_pkg'
[0.095s] Level 1:colcon.colcon_core.package_identification:_identify(UR_Driver) by extensions ['colcon_meta']
[0.095s] Level 1:colcon.colcon_core.package_identification:_identify(UR_Driver) by extension 'colcon_meta'
[0.095s] Level 1:colcon.colcon_core.package_identification:_identify(UR_Driver) by extensions ['ros']
[0.095s] Level 1:colcon.colcon_core.package_identification:_identify(UR_Driver) by extension 'ros'
[0.095s] Level 1:colcon.colcon_core.package_identification:_identify(UR_Driver) by extensions ['cmake', 'python']
[0.095s] Level 1:colcon.colcon_core.package_identification:_identify(UR_Driver) by extension 'cmake'
[0.095s] Level 1:colcon.colcon_core.package_identification:_identify(UR_Driver) by extension 'python'
[0.095s] Level 1:colcon.colcon_core.package_identification:_identify(UR_Driver) by extensions ['python_setup_py']
[0.095s] Level 1:colcon.colcon_core.package_identification:_identify(UR_Driver) by extension 'python_setup_py'
[0.095s] Level 1:colcon.colcon_core.package_identification:_identify(UR_Driver/ur) by extensions ['ignore', 'ignore_ament_install']
[0.095s] Level 1:colcon.colcon_core.package_identification:_identify(UR_Driver/ur) by extension 'ignore'
[0.095s] Level 1:colcon.colcon_core.package_identification:_identify(UR_Driver/ur) by extension 'ignore_ament_install'
[0.096s] Level 1:colcon.colcon_core.package_identification:_identify(UR_Driver/ur) by extensions ['colcon_pkg']
[0.096s] Level 1:colcon.colcon_core.package_identification:_identify(UR_Driver/ur) by extension 'colcon_pkg'
[0.096s] Level 1:colcon.colcon_core.package_identification:_identify(UR_Driver/ur) by extensions ['colcon_meta']
[0.096s] Level 1:colcon.colcon_core.package_identification:_identify(UR_Driver/ur) by extension 'colcon_meta'
[0.096s] Level 1:colcon.colcon_core.package_identification:_identify(UR_Driver/ur) by extensions ['ros']
[0.096s] Level 1:colcon.colcon_core.package_identification:_identify(UR_Driver/ur) by extension 'ros'
[0.096s] DEBUG:colcon.colcon_core.package_identification:Package 'UR_Driver/ur' with type 'ros.ament_cmake' and name 'ur'
[0.096s] Level 1:colcon.colcon_core.package_identification:_identify(UR_Driver/ur_calibration) by extensions ['ignore', 'ignore_ament_install']
[0.096s] Level 1:colcon.colcon_core.package_identification:_identify(UR_Driver/ur_calibration) by extension 'ignore'
[0.096s] Level 1:colcon.colcon_core.package_identification:_identify(UR_Driver/ur_calibration) by extension 'ignore_ament_install'
[0.096s] Level 1:colcon.colcon_core.package_identification:_identify(UR_Driver/ur_calibration) by extensions ['colcon_pkg']
[0.096s] Level 1:colcon.colcon_core.package_identification:_identify(UR_Driver/ur_calibration) by extension 'colcon_pkg'
[0.096s] Level 1:colcon.colcon_core.package_identification:_identify(UR_Driver/ur_calibration) by extensions ['colcon_meta']
[0.096s] Level 1:colcon.colcon_core.package_identification:_identify(UR_Driver/ur_calibration) by extension 'colcon_meta'
[0.096s] Level 1:colcon.colcon_core.package_identification:_identify(UR_Driver/ur_calibration) by extensions ['ros']
[0.096s] Level 1:colcon.colcon_core.package_identification:_identify(UR_Driver/ur_calibration) by extension 'ros'
[0.096s] DEBUG:colcon.colcon_core.package_identification:Package 'UR_Driver/ur_calibration' with type 'ros.ament_cmake' and name 'ur_calibration'
[0.096s] Level 1:colcon.colcon_core.package_identification:_identify(UR_Driver/ur_controllers) by extensions ['ignore', 'ignore_ament_install']
[0.096s] Level 1:colcon.colcon_core.package_identification:_identify(UR_Driver/ur_controllers) by extension 'ignore'
[0.096s] Level 1:colcon.colcon_core.package_identification:_identify(UR_Driver/ur_controllers) by extension 'ignore_ament_install'
[0.097s] Level 1:colcon.colcon_core.package_identification:_identify(UR_Driver/ur_controllers) by extensions ['colcon_pkg']
[0.097s] Level 1:colcon.colcon_core.package_identification:_identify(UR_Driver/ur_controllers) by extension 'colcon_pkg'
[0.097s] Level 1:colcon.colcon_core.package_identification:_identify(UR_Driver/ur_controllers) by extensions ['colcon_meta']
[0.097s] Level 1:colcon.colcon_core.package_identification:_identify(UR_Driver/ur_controllers) by extension 'colcon_meta'
[0.097s] Level 1:colcon.colcon_core.package_identification:_identify(UR_Driver/ur_controllers) by extensions ['ros']
[0.097s] Level 1:colcon.colcon_core.package_identification:_identify(UR_Driver/ur_controllers) by extension 'ros'
[0.097s] DEBUG:colcon.colcon_core.package_identification:Package 'UR_Driver/ur_controllers' with type 'ros.ament_cmake' and name 'ur_controllers'
[0.097s] Level 1:colcon.colcon_core.package_identification:_identify(UR_Driver/ur_dashboard_msgs) by extensions ['ignore', 'ignore_ament_install']
[0.097s] Level 1:colcon.colcon_core.package_identification:_identify(UR_Driver/ur_dashboard_msgs) by extension 'ignore'
[0.098s] Level 1:colcon.colcon_core.package_identification:_identify(UR_Driver/ur_dashboard_msgs) by extension 'ignore_ament_install'
[0.098s] Level 1:colcon.colcon_core.package_identification:_identify(UR_Driver/ur_dashboard_msgs) by extensions ['colcon_pkg']
[0.098s] Level 1:colcon.colcon_core.package_identification:_identify(UR_Driver/ur_dashboard_msgs) by extension 'colcon_pkg'
[0.098s] Level 1:colcon.colcon_core.package_identification:_identify(UR_Driver/ur_dashboard_msgs) by extensions ['colcon_meta']
[0.098s] Level 1:colcon.colcon_core.package_identification:_identify(UR_Driver/ur_dashboard_msgs) by extension 'colcon_meta'
[0.098s] Level 1:colcon.colcon_core.package_identification:_identify(UR_Driver/ur_dashboard_msgs) by extensions ['ros']
[0.098s] Level 1:colcon.colcon_core.package_identification:_identify(UR_Driver/ur_dashboard_msgs) by extension 'ros'
[0.098s] DEBUG:colcon.colcon_core.package_identification:Package 'UR_Driver/ur_dashboard_msgs' with type 'ros.ament_cmake' and name 'ur_dashboard_msgs'
[0.098s] Level 1:colcon.colcon_core.package_identification:_identify(UR_Driver/ur_moveit_config) by extensions ['ignore', 'ignore_ament_install']
[0.098s] Level 1:colcon.colcon_core.package_identification:_identify(UR_Driver/ur_moveit_config) by extension 'ignore'
[0.098s] Level 1:colcon.colcon_core.package_identification:_identify(UR_Driver/ur_moveit_config) by extension 'ignore_ament_install'
[0.098s] Level 1:colcon.colcon_core.package_identification:_identify(UR_Driver/ur_moveit_config) by extensions ['colcon_pkg']
[0.098s] Level 1:colcon.colcon_core.package_identification:_identify(UR_Driver/ur_moveit_config) by extension 'colcon_pkg'
[0.098s] Level 1:colcon.colcon_core.package_identification:_identify(UR_Driver/ur_moveit_config) by extensions ['colcon_meta']
[0.098s] Level 1:colcon.colcon_core.package_identification:_identify(UR_Driver/ur_moveit_config) by extension 'colcon_meta'
[0.098s] Level 1:colcon.colcon_core.package_identification:_identify(UR_Driver/ur_moveit_config) by extensions ['ros']
[0.098s] Level 1:colcon.colcon_core.package_identification:_identify(UR_Driver/ur_moveit_config) by extension 'ros'
[0.098s] DEBUG:colcon.colcon_core.package_identification:Package 'UR_Driver/ur_moveit_config' with type 'ros.ament_cmake' and name 'ur_moveit_config'
[0.098s] Level 1:colcon.colcon_core.package_identification:_identify(UR_Driver/ur_robot_driver) by extensions ['ignore', 'ignore_ament_install']
[0.098s] Level 1:colcon.colcon_core.package_identification:_identify(UR_Driver/ur_robot_driver) by extension 'ignore'
[0.098s] Level 1:colcon.colcon_core.package_identification:_identify(UR_Driver/ur_robot_driver) by extension 'ignore_ament_install'
[0.099s] Level 1:colcon.colcon_core.package_identification:_identify(UR_Driver/ur_robot_driver) by extensions ['colcon_pkg']
[0.099s] Level 1:colcon.colcon_core.package_identification:_identify(UR_Driver/ur_robot_driver) by extension 'colcon_pkg'
[0.099s] Level 1:colcon.colcon_core.package_identification:_identify(UR_Driver/ur_robot_driver) by extensions ['colcon_meta']
[0.099s] Level 1:colcon.colcon_core.package_identification:_identify(UR_Driver/ur_robot_driver) by extension 'colcon_meta'
[0.099s] Level 1:colcon.colcon_core.package_identification:_identify(UR_Driver/ur_robot_driver) by extensions ['ros']
[0.099s] Level 1:colcon.colcon_core.package_identification:_identify(UR_Driver/ur_robot_driver) by extension 'ros'
[0.099s] DEBUG:colcon.colcon_core.package_identification:Package 'UR_Driver/ur_robot_driver' with type 'ros.ament_cmake' and name 'ur_robot_driver'
[0.099s] Level 1:colcon.colcon_core.package_identification:_identify(build) by extensions ['ignore', 'ignore_ament_install']
[0.099s] Level 1:colcon.colcon_core.package_identification:_identify(build) by extension 'ignore'
[0.100s] Level 1:colcon.colcon_core.package_identification:_identify(build) ignored
[0.100s] Level 1:colcon.colcon_core.package_identification:_identify(install) by extensions ['ignore', 'ignore_ament_install']
[0.100s] Level 1:colcon.colcon_core.package_identification:_identify(install) by extension 'ignore'
[0.100s] Level 1:colcon.colcon_core.package_identification:_identify(install) ignored
[0.100s] Level 1:colcon.colcon_core.package_identification:_identify(log) by extensions ['ignore', 'ignore_ament_install']
[0.100s] Level 1:colcon.colcon_core.package_identification:_identify(log) by extension 'ignore'
[0.100s] Level 1:colcon.colcon_core.package_identification:_identify(log) ignored
[0.100s] Level 1:colcon.colcon_core.package_discovery:discover_packages(recursive) using defaults
[0.100s] Level 1:colcon.colcon_core.package_discovery:discover_packages(ignore) discover
[0.100s] Level 1:colcon.colcon_core.package_discovery:discover_packages(ignore) using defaults
[0.100s] Level 1:colcon.colcon_core.package_discovery:discover_packages(path) discover
[0.100s] Level 1:colcon.colcon_core.package_discovery:discover_packages(path) using defaults
[0.111s] Level 1:colcon.colcon_core.package_discovery:discover_packages(prefix_path) check parameters
[0.111s] Level 1:colcon.colcon_core.package_discovery:discover_packages(prefix_path) discover
[0.113s] DEBUG:colcon.colcon_installed_package_information.package_discovery:Found 298 installed packages in /opt/ros/kilted
[0.113s] Level 1:colcon.colcon_core.package_discovery:discover_packages(prefix_path) using defaults
[0.130s] Level 5:colcon.colcon_core.verb:set package 'meca500_description' build argument 'cmake_args' from command line to 'None'
[0.130s] Level 5:colcon.colcon_core.verb:set package 'meca500_description' build argument 'cmake_target' from command line to 'None'
[0.130s] Level 5:colcon.colcon_core.verb:set package 'meca500_description' build argument 'cmake_target_skip_unavailable' from command line to 'False'
[0.130s] Level 5:colcon.colcon_core.verb:set package 'meca500_description' build argument 'cmake_clean_cache' from command line to 'False'
[0.130s] Level 5:colcon.colcon_core.verb:set package 'meca500_description' build argument 'cmake_clean_first' from command line to 'False'
[0.130s] Level 5:colcon.colcon_core.verb:set package 'meca500_description' build argument 'cmake_force_configure' from command line to 'False'
[0.130s] Level 5:colcon.colcon_core.verb:set package 'meca500_description' build argument 'ament_cmake_args' from command line to 'None'
[0.130s] Level 5:colcon.colcon_core.verb:set package 'meca500_description' build argument 'catkin_cmake_args' from command line to 'None'
[0.130s] Level 5:colcon.colcon_core.verb:set package 'meca500_description' build argument 'catkin_skip_building_tests' from command line to 'False'
[0.130s] DEBUG:colcon.colcon_core.verb:Building package 'meca500_description' with the following arguments: {'ament_cmake_args': None, 'build_base': '/home/administrator/Masterproject2/20_ROS/src/Robots/build/meca500_description', 'catkin_cmake_args': None, 'catkin_skip_building_tests': False, 'cmake_args': None, 'cmake_clean_cache': False, 'cmake_clean_first': False, 'cmake_force_configure': False, 'cmake_target': None, 'cmake_target_skip_unavailable': False, 'install_base': '/home/administrator/Masterproject2/20_ROS/src/Robots/install/meca500_description', 'merge_install': False, 'path': '/home/administrator/Masterproject2/20_ROS/src/Robots/Mecademic/meca500_description', 'symlink_install': False, 'test_result_base': None}
[0.130s] Level 5:colcon.colcon_core.verb:set package 'meca500_hardware' build argument 'cmake_args' from command line to 'None'
[0.130s] Level 5:colcon.colcon_core.verb:set package 'meca500_hardware' build argument 'cmake_target' from command line to 'None'
[0.130s] Level 5:colcon.colcon_core.verb:set package 'meca500_hardware' build argument 'cmake_target_skip_unavailable' from command line to 'False'
[0.130s] Level 5:colcon.colcon_core.verb:set package 'meca500_hardware' build argument 'cmake_clean_cache' from command line to 'False'
[0.130s] Level 5:colcon.colcon_core.verb:set package 'meca500_hardware' build argument 'cmake_clean_first' from command line to 'False'
[0.130s] Level 5:colcon.colcon_core.verb:set package 'meca500_hardware' build argument 'cmake_force_configure' from command line to 'False'
[0.130s] Level 5:colcon.colcon_core.verb:set package 'meca500_hardware' build argument 'ament_cmake_args' from command line to 'None'
[0.130s] Level 5:colcon.colcon_core.verb:set package 'meca500_hardware' build argument 'catkin_cmake_args' from command line to 'None'
[0.130s] Level 5:colcon.colcon_core.verb:set package 'meca500_hardware' build argument 'catkin_skip_building_tests' from command line to 'False'
[0.130s] DEBUG:colcon.colcon_core.verb:Building package 'meca500_hardware' with the following arguments: {'ament_cmake_args': None, 'build_base': '/home/administrator/Masterproject2/20_ROS/src/Robots/build/meca500_hardware', 'catkin_cmake_args': None, 'catkin_skip_building_tests': False, 'cmake_args': None, 'cmake_clean_cache': False, 'cmake_clean_first': False, 'cmake_force_configure': False, 'cmake_target': None, 'cmake_target_skip_unavailable': False, 'install_base': '/home/administrator/Masterproject2/20_ROS/src/Robots/install/meca500_hardware', 'merge_install': False, 'path': '/home/administrator/Masterproject2/20_ROS/src/Robots/Mecademic/meca500_hardware', 'symlink_install': False, 'test_result_base': None}
[0.130s] Level 5:colcon.colcon_core.verb:set package 'meca500_moveit_config' build argument 'cmake_args' from command line to 'None'
[0.130s] Level 5:colcon.colcon_core.verb:set package 'meca500_moveit_config' build argument 'cmake_target' from command line to 'None'
[0.130s] Level 5:colcon.colcon_core.verb:set package 'meca500_moveit_config' build argument 'cmake_target_skip_unavailable' from command line to 'False'
[0.130s] Level 5:colcon.colcon_core.verb:set package 'meca500_moveit_config' build argument 'cmake_clean_cache' from command line to 'False'
[0.130s] Level 5:colcon.colcon_core.verb:set package 'meca500_moveit_config' build argument 'cmake_clean_first' from command line to 'False'
[0.130s] Level 5:colcon.colcon_core.verb:set package 'meca500_moveit_config' build argument 'cmake_force_configure' from command line to 'False'
[0.130s] Level 5:colcon.colcon_core.verb:set package 'meca500_moveit_config' build argument 'ament_cmake_args' from command line to 'None'
[0.130s] Level 5:colcon.colcon_core.verb:set package 'meca500_moveit_config' build argument 'catkin_cmake_args' from command line to 'None'
[0.131s] Level 5:colcon.colcon_core.verb:set package 'meca500_moveit_config' build argument 'catkin_skip_building_tests' from command line to 'False'
[0.131s] DEBUG:colcon.colcon_core.verb:Building package 'meca500_moveit_config' with the following arguments: {'ament_cmake_args': None, 'build_base': '/home/administrator/Masterproject2/20_ROS/src/Robots/build/meca500_moveit_config', 'catkin_cmake_args': None, 'catkin_skip_building_tests': False, 'cmake_args': None, 'cmake_clean_cache': False, 'cmake_clean_first': False, 'cmake_force_configure': False, 'cmake_target': None, 'cmake_target_skip_unavailable': False, 'install_base': '/home/administrator/Masterproject2/20_ROS/src/Robots/install/meca500_moveit_config', 'merge_install': False, 'path': '/home/administrator/Masterproject2/20_ROS/src/Robots/Mecademic/meca500_moveit_config', 'symlink_install': False, 'test_result_base': None}
[0.131s] Level 5:colcon.colcon_core.verb:set package 'mir_actions' build argument 'cmake_args' from command line to 'None'
[0.131s] Level 5:colcon.colcon_core.verb:set package 'mir_actions' build argument 'cmake_target' from command line to 'None'
[0.131s] Level 5:colcon.colcon_core.verb:set package 'mir_actions' build argument 'cmake_target_skip_unavailable' from command line to 'False'
[0.131s] Level 5:colcon.colcon_core.verb:set package 'mir_actions' build argument 'cmake_clean_cache' from command line to 'False'
[0.131s] Level 5:colcon.colcon_core.verb:set package 'mir_actions' build argument 'cmake_clean_first' from command line to 'False'
[0.131s] Level 5:colcon.colcon_core.verb:set package 'mir_actions' build argument 'cmake_force_configure' from command line to 'False'
[0.131s] Level 5:colcon.colcon_core.verb:set package 'mir_actions' build argument 'ament_cmake_args' from command line to 'None'
[0.131s] Level 5:colcon.colcon_core.verb:set package 'mir_actions' build argument 'catkin_cmake_args' from command line to 'None'
[0.131s] Level 5:colcon.colcon_core.verb:set package 'mir_actions' build argument 'catkin_skip_building_tests' from command line to 'False'
[0.131s] DEBUG:colcon.colcon_core.verb:Building package 'mir_actions' with the following arguments: {'ament_cmake_args': None, 'build_base': '/home/administrator/Masterproject2/20_ROS/src/Robots/build/mir_actions', 'catkin_cmake_args': None, 'catkin_skip_building_tests': False, 'cmake_args': None, 'cmake_clean_cache': False, 'cmake_clean_first': False, 'cmake_force_configure': False, 'cmake_target': None, 'cmake_target_skip_unavailable': False, 'install_base': '/home/administrator/Masterproject2/20_ROS/src/Robots/install/mir_actions', 'merge_install': False, 'path': '/home/administrator/Masterproject2/20_ROS/src/Robots/MIR/mir_actions', 'symlink_install': False, 'test_result_base': None}
[0.131s] Level 5:colcon.colcon_core.verb:set package 'mir_description' build argument 'cmake_args' from command line to 'None'
[0.131s] Level 5:colcon.colcon_core.verb:set package 'mir_description' build argument 'cmake_target' from command line to 'None'
[0.131s] Level 5:colcon.colcon_core.verb:set package 'mir_description' build argument 'cmake_target_skip_unavailable' from command line to 'False'
[0.131s] Level 5:colcon.colcon_core.verb:set package 'mir_description' build argument 'cmake_clean_cache' from command line to 'False'
[0.131s] Level 5:colcon.colcon_core.verb:set package 'mir_description' build argument 'cmake_clean_first' from command line to 'False'
[0.131s] Level 5:colcon.colcon_core.verb:set package 'mir_description' build argument 'cmake_force_configure' from command line to 'False'
[0.131s] Level 5:colcon.colcon_core.verb:set package 'mir_description' build argument 'ament_cmake_args' from command line to 'None'
[0.131s] Level 5:colcon.colcon_core.verb:set package 'mir_description' build argument 'catkin_cmake_args' from command line to 'None'
[0.131s] Level 5:colcon.colcon_core.verb:set package 'mir_description' build argument 'catkin_skip_building_tests' from command line to 'False'
[0.131s] DEBUG:colcon.colcon_core.verb:Building package 'mir_description' with the following arguments: {'ament_cmake_args': None, 'build_base': '/home/administrator/Masterproject2/20_ROS/src/Robots/build/mir_description', 'catkin_cmake_args': None, 'catkin_skip_building_tests': False, 'cmake_args': None, 'cmake_clean_cache': False, 'cmake_clean_first': False, 'cmake_force_configure': False, 'cmake_target': None, 'cmake_target_skip_unavailable': False, 'install_base': '/home/administrator/Masterproject2/20_ROS/src/Robots/install/mir_description', 'merge_install': False, 'path': '/home/administrator/Masterproject2/20_ROS/src/Robots/MIR/mir_description', 'symlink_install': False, 'test_result_base': None}
[0.131s] Level 5:colcon.colcon_core.verb:set package 'mir_dwb_critics' build argument 'cmake_args' from command line to 'None'
[0.131s] Level 5:colcon.colcon_core.verb:set package 'mir_dwb_critics' build argument 'cmake_target' from command line to 'None'
[0.131s] Level 5:colcon.colcon_core.verb:set package 'mir_dwb_critics' build argument 'cmake_target_skip_unavailable' from command line to 'False'
[0.131s] Level 5:colcon.colcon_core.verb:set package 'mir_dwb_critics' build argument 'cmake_clean_cache' from command line to 'False'
[0.131s] Level 5:colcon.colcon_core.verb:set package 'mir_dwb_critics' build argument 'cmake_clean_first' from command line to 'False'
[0.131s] Level 5:colcon.colcon_core.verb:set package 'mir_dwb_critics' build argument 'cmake_force_configure' from command line to 'False'
[0.131s] Level 5:colcon.colcon_core.verb:set package 'mir_dwb_critics' build argument 'ament_cmake_args' from command line to 'None'
[0.131s] Level 5:colcon.colcon_core.verb:set package 'mir_dwb_critics' build argument 'catkin_cmake_args' from command line to 'None'
[0.131s] Level 5:colcon.colcon_core.verb:set package 'mir_dwb_critics' build argument 'catkin_skip_building_tests' from command line to 'False'
[0.131s] DEBUG:colcon.colcon_core.verb:Building package 'mir_dwb_critics' with the following arguments: {'ament_cmake_args': None, 'build_base': '/home/administrator/Masterproject2/20_ROS/src/Robots/build/mir_dwb_critics', 'catkin_cmake_args': None, 'catkin_skip_building_tests': False, 'cmake_args': None, 'cmake_clean_cache': False, 'cmake_clean_first': False, 'cmake_force_configure': False, 'cmake_target': None, 'cmake_target_skip_unavailable': False, 'install_base': '/home/administrator/Masterproject2/20_ROS/src/Robots/install/mir_dwb_critics', 'merge_install': False, 'path': '/home/administrator/Masterproject2/20_ROS/src/Robots/MIR/mir_dwb_critics', 'symlink_install': False, 'test_result_base': None}
[0.131s] Level 5:colcon.colcon_core.verb:set package 'mir_msgs' build argument 'cmake_args' from command line to 'None'
[0.131s] Level 5:colcon.colcon_core.verb:set package 'mir_msgs' build argument 'cmake_target' from command line to 'None'
[0.131s] Level 5:colcon.colcon_core.verb:set package 'mir_msgs' build argument 'cmake_target_skip_unavailable' from command line to 'False'
[0.131s] Level 5:colcon.colcon_core.verb:set package 'mir_msgs' build argument 'cmake_clean_cache' from command line to 'False'
[0.131s] Level 5:colcon.colcon_core.verb:set package 'mir_msgs' build argument 'cmake_clean_first' from command line to 'False'
[0.131s] Level 5:colcon.colcon_core.verb:set package 'mir_msgs' build argument 'cmake_force_configure' from command line to 'False'
[0.131s] Level 5:colcon.colcon_core.verb:set package 'mir_msgs' build argument 'ament_cmake_args' from command line to 'None'
[0.131s] Level 5:colcon.colcon_core.verb:set package 'mir_msgs' build argument 'catkin_cmake_args' from command line to 'None'
[0.131s] Level 5:colcon.colcon_core.verb:set package 'mir_msgs' build argument 'catkin_skip_building_tests' from command line to 'False'
[0.131s] DEBUG:colcon.colcon_core.verb:Building package 'mir_msgs' with the following arguments: {'ament_cmake_args': None, 'build_base': '/home/administrator/Masterproject2/20_ROS/src/Robots/build/mir_msgs', 'catkin_cmake_args': None, 'catkin_skip_building_tests': False, 'cmake_args': None, 'cmake_clean_cache': False, 'cmake_clean_first': False, 'cmake_force_configure': False, 'cmake_target': None, 'cmake_target_skip_unavailable': False, 'install_base': '/home/administrator/Masterproject2/20_ROS/src/Robots/install/mir_msgs', 'merge_install': False, 'path': '/home/administrator/Masterproject2/20_ROS/src/Robots/MIR/mir_msgs', 'symlink_install': False, 'test_result_base': None}
[0.131s] Level 5:colcon.colcon_core.verb:set package 'om_aiv_msg' build argument 'cmake_args' from command line to 'None'
[0.131s] Level 5:colcon.colcon_core.verb:set package 'om_aiv_msg' build argument 'cmake_target' from command line to 'None'
[0.131s] Level 5:colcon.colcon_core.verb:set package 'om_aiv_msg' build argument 'cmake_target_skip_unavailable' from command line to 'False'
[0.131s] Level 5:colcon.colcon_core.verb:set package 'om_aiv_msg' build argument 'cmake_clean_cache' from command line to 'False'
[0.131s] Level 5:colcon.colcon_core.verb:set package 'om_aiv_msg' build argument 'cmake_clean_first' from command line to 'False'
[0.131s] Level 5:colcon.colcon_core.verb:set package 'om_aiv_msg' build argument 'cmake_force_configure' from command line to 'False'
[0.131s] Level 5:colcon.colcon_core.verb:set package 'om_aiv_msg' build argument 'ament_cmake_args' from command line to 'None'
[0.131s] Level 5:colcon.colcon_core.verb:set package 'om_aiv_msg' build argument 'catkin_cmake_args' from command line to 'None'
[0.131s] Level 5:colcon.colcon_core.verb:set package 'om_aiv_msg' build argument 'catkin_skip_building_tests' from command line to 'False'
[0.131s] DEBUG:colcon.colcon_core.verb:Building package 'om_aiv_msg' with the following arguments: {'ament_cmake_args': None, 'build_base': '/home/administrator/Masterproject2/20_ROS/src/Robots/build/om_aiv_msg', 'catkin_cmake_args': None, 'catkin_skip_building_tests': False, 'cmake_args': None, 'cmake_clean_cache': False, 'cmake_clean_first': False, 'cmake_force_configure': False, 'cmake_target': None, 'cmake_target_skip_unavailable': False, 'install_base': '/home/administrator/Masterproject2/20_ROS/src/Robots/install/om_aiv_msg', 'merge_install': False, 'path': '/home/administrator/Masterproject2/20_ROS/src/Robots/Omron_AMR/src/om_aiv_msg', 'symlink_install': False, 'test_result_base': None}
[0.132s] Level 5:colcon.colcon_core.verb:set package 'om_aiv_navigation' build argument 'cmake_args' from command line to 'None'
[0.132s] Level 5:colcon.colcon_core.verb:set package 'om_aiv_navigation' build argument 'cmake_target' from command line to 'None'
[0.132s] Level 5:colcon.colcon_core.verb:set package 'om_aiv_navigation' build argument 'cmake_target_skip_unavailable' from command line to 'False'
[0.132s] Level 5:colcon.colcon_core.verb:set package 'om_aiv_navigation' build argument 'cmake_clean_cache' from command line to 'False'
[0.132s] Level 5:colcon.colcon_core.verb:set package 'om_aiv_navigation' build argument 'cmake_clean_first' from command line to 'False'
[0.132s] Level 5:colcon.colcon_core.verb:set package 'om_aiv_navigation' build argument 'cmake_force_configure' from command line to 'False'
[0.132s] Level 5:colcon.colcon_core.verb:set package 'om_aiv_navigation' build argument 'ament_cmake_args' from command line to 'None'
[0.132s] Level 5:colcon.colcon_core.verb:set package 'om_aiv_navigation' build argument 'catkin_cmake_args' from command line to 'None'
[0.132s] Level 5:colcon.colcon_core.verb:set package 'om_aiv_navigation' build argument 'catkin_skip_building_tests' from command line to 'False'
[0.132s] DEBUG:colcon.colcon_core.verb:Building package 'om_aiv_navigation' with the following arguments: {'ament_cmake_args': None, 'build_base': '/home/administrator/Masterproject2/20_ROS/src/Robots/build/om_aiv_navigation', 'catkin_cmake_args': None, 'catkin_skip_building_tests': False, 'cmake_args': None, 'cmake_clean_cache': False, 'cmake_clean_first': False, 'cmake_force_configure': False, 'cmake_target': None, 'cmake_target_skip_unavailable': False, 'install_base': '/home/administrator/Masterproject2/20_ROS/src/Robots/install/om_aiv_navigation', 'merge_install': False, 'path': '/home/administrator/Masterproject2/20_ROS/src/Robots/Omron_AMR/src/om_aiv_navigation', 'symlink_install': False, 'test_result_base': None}
[0.132s] Level 5:colcon.colcon_core.verb:set package 'sdc21x0' build argument 'cmake_args' from command line to 'None'
[0.132s] Level 5:colcon.colcon_core.verb:set package 'sdc21x0' build argument 'cmake_target' from command line to 'None'
[0.132s] Level 5:colcon.colcon_core.verb:set package 'sdc21x0' build argument 'cmake_target_skip_unavailable' from command line to 'False'
[0.132s] Level 5:colcon.colcon_core.verb:set package 'sdc21x0' build argument 'cmake_clean_cache' from command line to 'False'
[0.132s] Level 5:colcon.colcon_core.verb:set package 'sdc21x0' build argument 'cmake_clean_first' from command line to 'False'
[0.132s] Level 5:colcon.colcon_core.verb:set package 'sdc21x0' build argument 'cmake_force_configure' from command line to 'False'
[0.132s] Level 5:colcon.colcon_core.verb:set package 'sdc21x0' build argument 'ament_cmake_args' from command line to 'None'
[0.132s] Level 5:colcon.colcon_core.verb:set package 'sdc21x0' build argument 'catkin_cmake_args' from command line to 'None'
[0.132s] Level 5:colcon.colcon_core.verb:set package 'sdc21x0' build argument 'catkin_skip_building_tests' from command line to 'False'
[0.132s] DEBUG:colcon.colcon_core.verb:Building package 'sdc21x0' with the following arguments: {'ament_cmake_args': None, 'build_base': '/home/administrator/Masterproject2/20_ROS/src/Robots/build/sdc21x0', 'catkin_cmake_args': None, 'catkin_skip_building_tests': False, 'cmake_args': None, 'cmake_clean_cache': False, 'cmake_clean_first': False, 'cmake_force_configure': False, 'cmake_target': None, 'cmake_target_skip_unavailable': False, 'install_base': '/home/administrator/Masterproject2/20_ROS/src/Robots/install/sdc21x0', 'merge_install': False, 'path': '/home/administrator/Masterproject2/20_ROS/src/Robots/MIR/sdc21x0', 'symlink_install': False, 'test_result_base': None}
[0.132s] Level 5:colcon.colcon_core.verb:set package 'ur_dashboard_msgs' build argument 'cmake_args' from command line to 'None'
[0.132s] Level 5:colcon.colcon_core.verb:set package 'ur_dashboard_msgs' build argument 'cmake_target' from command line to 'None'
[0.132s] Level 5:colcon.colcon_core.verb:set package 'ur_dashboard_msgs' build argument 'cmake_target_skip_unavailable' from command line to 'False'
[0.132s] Level 5:colcon.colcon_core.verb:set package 'ur_dashboard_msgs' build argument 'cmake_clean_cache' from command line to 'False'
[0.132s] Level 5:colcon.colcon_core.verb:set package 'ur_dashboard_msgs' build argument 'cmake_clean_first' from command line to 'False'
[0.132s] Level 5:colcon.colcon_core.verb:set package 'ur_dashboard_msgs' build argument 'cmake_force_configure' from command line to 'False'
[0.132s] Level 5:colcon.colcon_core.verb:set package 'ur_dashboard_msgs' build argument 'ament_cmake_args' from command line to 'None'
[0.132s] Level 5:colcon.colcon_core.verb:set package 'ur_dashboard_msgs' build argument 'catkin_cmake_args' from command line to 'None'
[0.132s] Level 5:colcon.colcon_core.verb:set package 'ur_dashboard_msgs' build argument 'catkin_skip_building_tests' from command line to 'False'
[0.132s] DEBUG:colcon.colcon_core.verb:Building package 'ur_dashboard_msgs' with the following arguments: {'ament_cmake_args': None, 'build_base': '/home/administrator/Masterproject2/20_ROS/src/Robots/build/ur_dashboard_msgs', 'catkin_cmake_args': None, 'catkin_skip_building_tests': False, 'cmake_args': None, 'cmake_clean_cache': False, 'cmake_clean_first': False, 'cmake_force_configure': False, 'cmake_target': None, 'cmake_target_skip_unavailable': False, 'install_base': '/home/administrator/Masterproject2/20_ROS/src/Robots/install/ur_dashboard_msgs', 'merge_install': False, 'path': '/home/administrator/Masterproject2/20_ROS/src/Robots/UR_Driver/ur_dashboard_msgs', 'symlink_install': False, 'test_result_base': None}
[0.132s] Level 5:colcon.colcon_core.verb:set package 'ur_moveit_config' build argument 'cmake_args' from command line to 'None'
[0.132s] Level 5:colcon.colcon_core.verb:set package 'ur_moveit_config' build argument 'cmake_target' from command line to 'None'
[0.132s] Level 5:colcon.colcon_core.verb:set package 'ur_moveit_config' build argument 'cmake_target_skip_unavailable' from command line to 'False'
[0.132s] Level 5:colcon.colcon_core.verb:set package 'ur_moveit_config' build argument 'cmake_clean_cache' from command line to 'False'
[0.132s] Level 5:colcon.colcon_core.verb:set package 'ur_moveit_config' build argument 'cmake_clean_first' from command line to 'False'
[0.132s] Level 5:colcon.colcon_core.verb:set package 'ur_moveit_config' build argument 'cmake_force_configure' from command line to 'False'
[0.132s] Level 5:colcon.colcon_core.verb:set package 'ur_moveit_config' build argument 'ament_cmake_args' from command line to 'None'
[0.132s] Level 5:colcon.colcon_core.verb:set package 'ur_moveit_config' build argument 'catkin_cmake_args' from command line to 'None'
[0.132s] Level 5:colcon.colcon_core.verb:set package 'ur_moveit_config' build argument 'catkin_skip_building_tests' from command line to 'False'
[0.132s] DEBUG:colcon.colcon_core.verb:Building package 'ur_moveit_config' with the following arguments: {'ament_cmake_args': None, 'build_base': '/home/administrator/Masterproject2/20_ROS/src/Robots/build/ur_moveit_config', 'catkin_cmake_args': None, 'catkin_skip_building_tests': False, 'cmake_args': None, 'cmake_clean_cache': False, 'cmake_clean_first': False, 'cmake_force_configure': False, 'cmake_target': None, 'cmake_target_skip_unavailable': False, 'install_base': '/home/administrator/Masterproject2/20_ROS/src/Robots/install/ur_moveit_config', 'merge_install': False, 'path': '/home/administrator/Masterproject2/20_ROS/src/Robots/UR_Driver/ur_moveit_config', 'symlink_install': False, 'test_result_base': None}
[0.132s] Level 5:colcon.colcon_core.verb:set package 'amr_visualisation' build argument 'cmake_args' from command line to 'None'
[0.132s] Level 5:colcon.colcon_core.verb:set package 'amr_visualisation' build argument 'cmake_target' from command line to 'None'
[0.132s] Level 5:colcon.colcon_core.verb:set package 'amr_visualisation' build argument 'cmake_target_skip_unavailable' from command line to 'False'
[0.132s] Level 5:colcon.colcon_core.verb:set package 'amr_visualisation' build argument 'cmake_clean_cache' from command line to 'False'
[0.132s] Level 5:colcon.colcon_core.verb:set package 'amr_visualisation' build argument 'cmake_clean_first' from command line to 'False'
[0.132s] Level 5:colcon.colcon_core.verb:set package 'amr_visualisation' build argument 'cmake_force_configure' from command line to 'False'
[0.132s] Level 5:colcon.colcon_core.verb:set package 'amr_visualisation' build argument 'ament_cmake_args' from command line to 'None'
[0.132s] Level 5:colcon.colcon_core.verb:set package 'amr_visualisation' build argument 'catkin_cmake_args' from command line to 'None'
[0.132s] Level 5:colcon.colcon_core.verb:set package 'amr_visualisation' build argument 'catkin_skip_building_tests' from command line to 'False'
[0.132s] DEBUG:colcon.colcon_core.verb:Building package 'amr_visualisation' with the following arguments: {'ament_cmake_args': None, 'build_base': '/home/administrator/Masterproject2/20_ROS/src/Robots/build/amr_visualisation', 'catkin_cmake_args': None, 'catkin_skip_building_tests': False, 'cmake_args': None, 'cmake_clean_cache': False, 'cmake_clean_first': False, 'cmake_force_configure': False, 'cmake_target': None, 'cmake_target_skip_unavailable': False, 'install_base': '/home/administrator/Masterproject2/20_ROS/src/Robots/install/amr_visualisation', 'merge_install': False, 'path': '/home/administrator/Masterproject2/20_ROS/src/Robots/Omron_AMR/src/amr_visualisation', 'symlink_install': False, 'test_result_base': None}
[0.132s] Level 5:colcon.colcon_core.verb:set package 'demo' build argument 'cmake_args' from command line to 'None'
[0.132s] Level 5:colcon.colcon_core.verb:set package 'demo' build argument 'cmake_target' from command line to 'None'
[0.132s] Level 5:colcon.colcon_core.verb:set package 'demo' build argument 'cmake_target_skip_unavailable' from command line to 'False'
[0.132s] Level 5:colcon.colcon_core.verb:set package 'demo' build argument 'cmake_clean_cache' from command line to 'False'
[0.132s] Level 5:colcon.colcon_core.verb:set package 'demo' build argument 'cmake_clean_first' from command line to 'False'
[0.132s] Level 5:colcon.colcon_core.verb:set package 'demo' build argument 'cmake_force_configure' from command line to 'False'
[0.132s] Level 5:colcon.colcon_core.verb:set package 'demo' build argument 'ament_cmake_args' from command line to 'None'
[0.132s] Level 5:colcon.colcon_core.verb:set package 'demo' build argument 'catkin_cmake_args' from command line to 'None'
[0.132s] Level 5:colcon.colcon_core.verb:set package 'demo' build argument 'catkin_skip_building_tests' from command line to 'False'
[0.132s] DEBUG:colcon.colcon_core.verb:Building package 'demo' with the following arguments: {'ament_cmake_args': None, 'build_base': '/home/administrator/Masterproject2/20_ROS/src/Robots/build/demo', 'catkin_cmake_args': None, 'catkin_skip_building_tests': False, 'cmake_args': None, 'cmake_clean_cache': False, 'cmake_clean_first': False, 'cmake_force_configure': False, 'cmake_target': None, 'cmake_target_skip_unavailable': False, 'install_base': '/home/administrator/Masterproject2/20_ROS/src/Robots/install/demo', 'merge_install': False, 'path': '/home/administrator/Masterproject2/20_ROS/src/Robots/Omron_AMR/src/demo', 'symlink_install': False, 'test_result_base': None}
[0.133s] Level 5:colcon.colcon_core.verb:set package 'meca500_bringup' build argument 'cmake_args' from command line to 'None'
[0.133s] Level 5:colcon.colcon_core.verb:set package 'meca500_bringup' build argument 'cmake_target' from command line to 'None'
[0.133s] Level 5:colcon.colcon_core.verb:set package 'meca500_bringup' build argument 'cmake_target_skip_unavailable' from command line to 'False'
[0.133s] Level 5:colcon.colcon_core.verb:set package 'meca500_bringup' build argument 'cmake_clean_cache' from command line to 'False'
[0.133s] Level 5:colcon.colcon_core.verb:set package 'meca500_bringup' build argument 'cmake_clean_first' from command line to 'False'
[0.133s] Level 5:colcon.colcon_core.verb:set package 'meca500_bringup' build argument 'cmake_force_configure' from command line to 'False'
[0.133s] Level 5:colcon.colcon_core.verb:set package 'meca500_bringup' build argument 'ament_cmake_args' from command line to 'None'
[0.133s] Level 5:colcon.colcon_core.verb:set package 'meca500_bringup' build argument 'catkin_cmake_args' from command line to 'None'
[0.133s] Level 5:colcon.colcon_core.verb:set package 'meca500_bringup' build argument 'catkin_skip_building_tests' from command line to 'False'
[0.133s] DEBUG:colcon.colcon_core.verb:Building package 'meca500_bringup' with the following arguments: {'ament_cmake_args': None, 'build_base': '/home/administrator/Masterproject2/20_ROS/src/Robots/build/meca500_bringup', 'catkin_cmake_args': None, 'catkin_skip_building_tests': False, 'cmake_args': None, 'cmake_clean_cache': False, 'cmake_clean_first': False, 'cmake_force_configure': False, 'cmake_target': None, 'cmake_target_skip_unavailable': False, 'install_base': '/home/administrator/Masterproject2/20_ROS/src/Robots/install/meca500_bringup', 'merge_install': False, 'path': '/home/administrator/Masterproject2/20_ROS/src/Robots/Mecademic/meca500_bringup', 'symlink_install': False, 'test_result_base': None}
[0.133s] Level 5:colcon.colcon_core.verb:set package 'mir_driver' build argument 'cmake_args' from command line to 'None'
[0.133s] Level 5:colcon.colcon_core.verb:set package 'mir_driver' build argument 'cmake_target' from command line to 'None'
[0.133s] Level 5:colcon.colcon_core.verb:set package 'mir_driver' build argument 'cmake_target_skip_unavailable' from command line to 'False'
[0.133s] Level 5:colcon.colcon_core.verb:set package 'mir_driver' build argument 'cmake_clean_cache' from command line to 'False'
[0.133s] Level 5:colcon.colcon_core.verb:set package 'mir_driver' build argument 'cmake_clean_first' from command line to 'False'
[0.133s] Level 5:colcon.colcon_core.verb:set package 'mir_driver' build argument 'cmake_force_configure' from command line to 'False'
[0.133s] Level 5:colcon.colcon_core.verb:set package 'mir_driver' build argument 'ament_cmake_args' from command line to 'None'
[0.133s] Level 5:colcon.colcon_core.verb:set package 'mir_driver' build argument 'catkin_cmake_args' from command line to 'None'
[0.133s] Level 5:colcon.colcon_core.verb:set package 'mir_driver' build argument 'catkin_skip_building_tests' from command line to 'False'
[0.133s] DEBUG:colcon.colcon_core.verb:Building package 'mir_driver' with the following arguments: {'ament_cmake_args': None, 'build_base': '/home/administrator/Masterproject2/20_ROS/src/Robots/build/mir_driver', 'catkin_cmake_args': None, 'catkin_skip_building_tests': False, 'cmake_args': None, 'cmake_clean_cache': False, 'cmake_clean_first': False, 'cmake_force_configure': False, 'cmake_target': None, 'cmake_target_skip_unavailable': False, 'install_base': '/home/administrator/Masterproject2/20_ROS/src/Robots/install/mir_driver', 'merge_install': False, 'path': '/home/administrator/Masterproject2/20_ROS/src/Robots/MIR/mir_driver', 'symlink_install': False, 'test_result_base': None}
[0.133s] Level 5:colcon.colcon_core.verb:set package 'om_aiv_util' build argument 'cmake_args' from command line to 'None'
[0.133s] Level 5:colcon.colcon_core.verb:set package 'om_aiv_util' build argument 'cmake_target' from command line to 'None'
[0.133s] Level 5:colcon.colcon_core.verb:set package 'om_aiv_util' build argument 'cmake_target_skip_unavailable' from command line to 'False'
[0.133s] Level 5:colcon.colcon_core.verb:set package 'om_aiv_util' build argument 'cmake_clean_cache' from command line to 'False'
[0.133s] Level 5:colcon.colcon_core.verb:set package 'om_aiv_util' build argument 'cmake_clean_first' from command line to 'False'
[0.133s] Level 5:colcon.colcon_core.verb:set package 'om_aiv_util' build argument 'cmake_force_configure' from command line to 'False'
[0.133s] Level 5:colcon.colcon_core.verb:set package 'om_aiv_util' build argument 'ament_cmake_args' from command line to 'None'
[0.133s] Level 5:colcon.colcon_core.verb:set package 'om_aiv_util' build argument 'catkin_cmake_args' from command line to 'None'
[0.133s] Level 5:colcon.colcon_core.verb:set package 'om_aiv_util' build argument 'catkin_skip_building_tests' from command line to 'False'
[0.133s] DEBUG:colcon.colcon_core.verb:Building package 'om_aiv_util' with the following arguments: {'ament_cmake_args': None, 'build_base': '/home/administrator/Masterproject2/20_ROS/src/Robots/build/om_aiv_util', 'catkin_cmake_args': None, 'catkin_skip_building_tests': False, 'cmake_args': None, 'cmake_clean_cache': False, 'cmake_clean_first': False, 'cmake_force_configure': False, 'cmake_target': None, 'cmake_target_skip_unavailable': False, 'install_base': '/home/administrator/Masterproject2/20_ROS/src/Robots/install/om_aiv_util', 'merge_install': False, 'path': '/home/administrator/Masterproject2/20_ROS/src/Robots/Omron_AMR/src/om_aiv_util', 'symlink_install': False, 'test_result_base': None}
[0.133s] Level 5:colcon.colcon_core.verb:set package 'ur_controllers' build argument 'cmake_args' from command line to 'None'
[0.133s] Level 5:colcon.colcon_core.verb:set package 'ur_controllers' build argument 'cmake_target' from command line to 'None'
[0.133s] Level 5:colcon.colcon_core.verb:set package 'ur_controllers' build argument 'cmake_target_skip_unavailable' from command line to 'False'
[0.133s] Level 5:colcon.colcon_core.verb:set package 'ur_controllers' build argument 'cmake_clean_cache' from command line to 'False'
[0.133s] Level 5:colcon.colcon_core.verb:set package 'ur_controllers' build argument 'cmake_clean_first' from command line to 'False'
[0.133s] Level 5:colcon.colcon_core.verb:set package 'ur_controllers' build argument 'cmake_force_configure' from command line to 'False'
[0.133s] Level 5:colcon.colcon_core.verb:set package 'ur_controllers' build argument 'ament_cmake_args' from command line to 'None'
[0.133s] Level 5:colcon.colcon_core.verb:set package 'ur_controllers' build argument 'catkin_cmake_args' from command line to 'None'
[0.133s] Level 5:colcon.colcon_core.verb:set package 'ur_controllers' build argument 'catkin_skip_building_tests' from command line to 'False'
[0.133s] DEBUG:colcon.colcon_core.verb:Building package 'ur_controllers' with the following arguments: {'ament_cmake_args': None, 'build_base': '/home/administrator/Masterproject2/20_ROS/src/Robots/build/ur_controllers', 'catkin_cmake_args': None, 'catkin_skip_building_tests': False, 'cmake_args': None, 'cmake_clean_cache': False, 'cmake_clean_first': False, 'cmake_force_configure': False, 'cmake_target': None, 'cmake_target_skip_unavailable': False, 'install_base': '/home/administrator/Masterproject2/20_ROS/src/Robots/install/ur_controllers', 'merge_install': False, 'path': '/home/administrator/Masterproject2/20_ROS/src/Robots/UR_Driver/ur_controllers', 'symlink_install': False, 'test_result_base': None}
[0.133s] Level 5:colcon.colcon_core.verb:set package 'mir_gazebo' build argument 'cmake_args' from command line to 'None'
[0.133s] Level 5:colcon.colcon_core.verb:set package 'mir_gazebo' build argument 'cmake_target' from command line to 'None'
[0.133s] Level 5:colcon.colcon_core.verb:set package 'mir_gazebo' build argument 'cmake_target_skip_unavailable' from command line to 'False'
[0.133s] Level 5:colcon.colcon_core.verb:set package 'mir_gazebo' build argument 'cmake_clean_cache' from command line to 'False'
[0.133s] Level 5:colcon.colcon_core.verb:set package 'mir_gazebo' build argument 'cmake_clean_first' from command line to 'False'
[0.133s] Level 5:colcon.colcon_core.verb:set package 'mir_gazebo' build argument 'cmake_force_configure' from command line to 'False'
[0.133s] Level 5:colcon.colcon_core.verb:set package 'mir_gazebo' build argument 'ament_cmake_args' from command line to 'None'
[0.133s] Level 5:colcon.colcon_core.verb:set package 'mir_gazebo' build argument 'catkin_cmake_args' from command line to 'None'
[0.133s] Level 5:colcon.colcon_core.verb:set package 'mir_gazebo' build argument 'catkin_skip_building_tests' from command line to 'False'
[0.133s] DEBUG:colcon.colcon_core.verb:Building package 'mir_gazebo' with the following arguments: {'ament_cmake_args': None, 'build_base': '/home/administrator/Masterproject2/20_ROS/src/Robots/build/mir_gazebo', 'catkin_cmake_args': None, 'catkin_skip_building_tests': False, 'cmake_args': None, 'cmake_clean_cache': False, 'cmake_clean_first': False, 'cmake_force_configure': False, 'cmake_target': None, 'cmake_target_skip_unavailable': False, 'install_base': '/home/administrator/Masterproject2/20_ROS/src/Robots/install/mir_gazebo', 'merge_install': False, 'path': '/home/administrator/Masterproject2/20_ROS/src/Robots/MIR/mir_gazebo', 'symlink_install': False, 'test_result_base': None}
[0.133s] Level 5:colcon.colcon_core.verb:set package 'ur_robot_driver' build argument 'cmake_args' from command line to 'None'
[0.133s] Level 5:colcon.colcon_core.verb:set package 'ur_robot_driver' build argument 'cmake_target' from command line to 'None'
[0.133s] Level 5:colcon.colcon_core.verb:set package 'ur_robot_driver' build argument 'cmake_target_skip_unavailable' from command line to 'False'
[0.133s] Level 5:colcon.colcon_core.verb:set package 'ur_robot_driver' build argument 'cmake_clean_cache' from command line to 'False'
[0.133s] Level 5:colcon.colcon_core.verb:set package 'ur_robot_driver' build argument 'cmake_clean_first' from command line to 'False'
[0.133s] Level 5:colcon.colcon_core.verb:set package 'ur_robot_driver' build argument 'cmake_force_configure' from command line to 'False'
[0.133s] Level 5:colcon.colcon_core.verb:set package 'ur_robot_driver' build argument 'ament_cmake_args' from command line to 'None'
[0.133s] Level 5:colcon.colcon_core.verb:set package 'ur_robot_driver' build argument 'catkin_cmake_args' from command line to 'None'
[0.133s] Level 5:colcon.colcon_core.verb:set package 'ur_robot_driver' build argument 'catkin_skip_building_tests' from command line to 'False'
[0.133s] DEBUG:colcon.colcon_core.verb:Building package 'ur_robot_driver' with the following arguments: {'ament_cmake_args': None, 'build_base': '/home/administrator/Masterproject2/20_ROS/src/Robots/build/ur_robot_driver', 'catkin_cmake_args': None, 'catkin_skip_building_tests': False, 'cmake_args': None, 'cmake_clean_cache': False, 'cmake_clean_first': False, 'cmake_force_configure': False, 'cmake_target': None, 'cmake_target_skip_unavailable': False, 'install_base': '/home/administrator/Masterproject2/20_ROS/src/Robots/install/ur_robot_driver', 'merge_install': False, 'path': '/home/administrator/Masterproject2/20_ROS/src/Robots/UR_Driver/ur_robot_driver', 'symlink_install': False, 'test_result_base': None}
[0.134s] Level 5:colcon.colcon_core.verb:set package 'mir_navigation' build argument 'cmake_args' from command line to 'None'
[0.134s] Level 5:colcon.colcon_core.verb:set package 'mir_navigation' build argument 'cmake_target' from command line to 'None'
[0.134s] Level 5:colcon.colcon_core.verb:set package 'mir_navigation' build argument 'cmake_target_skip_unavailable' from command line to 'False'
[0.134s] Level 5:colcon.colcon_core.verb:set package 'mir_navigation' build argument 'cmake_clean_cache' from command line to 'False'
[0.134s] Level 5:colcon.colcon_core.verb:set package 'mir_navigation' build argument 'cmake_clean_first' from command line to 'False'
[0.134s] Level 5:colcon.colcon_core.verb:set package 'mir_navigation' build argument 'cmake_force_configure' from command line to 'False'
[0.134s] Level 5:colcon.colcon_core.verb:set package 'mir_navigation' build argument 'ament_cmake_args' from command line to 'None'
[0.134s] Level 5:colcon.colcon_core.verb:set package 'mir_navigation' build argument 'catkin_cmake_args' from command line to 'None'
[0.134s] Level 5:colcon.colcon_core.verb:set package 'mir_navigation' build argument 'catkin_skip_building_tests' from command line to 'False'
[0.134s] DEBUG:colcon.colcon_core.verb:Building package 'mir_navigation' with the following arguments: {'ament_cmake_args': None, 'build_base': '/home/administrator/Masterproject2/20_ROS/src/Robots/build/mir_navigation', 'catkin_cmake_args': None, 'catkin_skip_building_tests': False, 'cmake_args': None, 'cmake_clean_cache': False, 'cmake_clean_first': False, 'cmake_force_configure': False, 'cmake_target': None, 'cmake_target_skip_unavailable': False, 'install_base': '/home/administrator/Masterproject2/20_ROS/src/Robots/install/mir_navigation', 'merge_install': False, 'path': '/home/administrator/Masterproject2/20_ROS/src/Robots/MIR/mir_navigation', 'symlink_install': False, 'test_result_base': None}
[0.134s] Level 5:colcon.colcon_core.verb:set package 'ur_calibration' build argument 'cmake_args' from command line to 'None'
[0.134s] Level 5:colcon.colcon_core.verb:set package 'ur_calibration' build argument 'cmake_target' from command line to 'None'
[0.134s] Level 5:colcon.colcon_core.verb:set package 'ur_calibration' build argument 'cmake_target_skip_unavailable' from command line to 'False'
[0.134s] Level 5:colcon.colcon_core.verb:set package 'ur_calibration' build argument 'cmake_clean_cache' from command line to 'False'
[0.134s] Level 5:colcon.colcon_core.verb:set package 'ur_calibration' build argument 'cmake_clean_first' from command line to 'False'
[0.134s] Level 5:colcon.colcon_core.verb:set package 'ur_calibration' build argument 'cmake_force_configure' from command line to 'False'
[0.134s] Level 5:colcon.colcon_core.verb:set package 'ur_calibration' build argument 'ament_cmake_args' from command line to 'None'
[0.134s] Level 5:colcon.colcon_core.verb:set package 'ur_calibration' build argument 'catkin_cmake_args' from command line to 'None'
[0.134s] Level 5:colcon.colcon_core.verb:set package 'ur_calibration' build argument 'catkin_skip_building_tests' from command line to 'False'
[0.134s] DEBUG:colcon.colcon_core.verb:Building package 'ur_calibration' with the following arguments: {'ament_cmake_args': None, 'build_base': '/home/administrator/Masterproject2/20_ROS/src/Robots/build/ur_calibration', 'catkin_cmake_args': None, 'catkin_skip_building_tests': False, 'cmake_args': None, 'cmake_clean_cache': False, 'cmake_clean_first': False, 'cmake_force_configure': False, 'cmake_target': None, 'cmake_target_skip_unavailable': False, 'install_base': '/home/administrator/Masterproject2/20_ROS/src/Robots/install/ur_calibration', 'merge_install': False, 'path': '/home/administrator/Masterproject2/20_ROS/src/Robots/UR_Driver/ur_calibration', 'symlink_install': False, 'test_result_base': None}
[0.134s] Level 5:colcon.colcon_core.verb:set package 'mir_robot' build argument 'cmake_args' from command line to 'None'
[0.134s] Level 5:colcon.colcon_core.verb:set package 'mir_robot' build argument 'cmake_target' from command line to 'None'
[0.134s] Level 5:colcon.colcon_core.verb:set package 'mir_robot' build argument 'cmake_target_skip_unavailable' from command line to 'False'
[0.134s] Level 5:colcon.colcon_core.verb:set package 'mir_robot' build argument 'cmake_clean_cache' from command line to 'False'
[0.134s] Level 5:colcon.colcon_core.verb:set package 'mir_robot' build argument 'cmake_clean_first' from command line to 'False'
[0.134s] Level 5:colcon.colcon_core.verb:set package 'mir_robot' build argument 'cmake_force_configure' from command line to 'False'
[0.134s] Level 5:colcon.colcon_core.verb:set package 'mir_robot' build argument 'ament_cmake_args' from command line to 'None'
[0.134s] Level 5:colcon.colcon_core.verb:set package 'mir_robot' build argument 'catkin_cmake_args' from command line to 'None'
[0.134s] Level 5:colcon.colcon_core.verb:set package 'mir_robot' build argument 'catkin_skip_building_tests' from command line to 'False'
[0.134s] DEBUG:colcon.colcon_core.verb:Building package 'mir_robot' with the following arguments: {'ament_cmake_args': None, 'build_base': '/home/administrator/Masterproject2/20_ROS/src/Robots/build/mir_robot', 'catkin_cmake_args': None, 'catkin_skip_building_tests': False, 'cmake_args': None, 'cmake_clean_cache': False, 'cmake_clean_first': False, 'cmake_force_configure': False, 'cmake_target': None, 'cmake_target_skip_unavailable': False, 'install_base': '/home/administrator/Masterproject2/20_ROS/src/Robots/install/mir_robot', 'merge_install': False, 'path': '/home/administrator/Masterproject2/20_ROS/src/Robots/MIR/mir_robot', 'symlink_install': False, 'test_result_base': None}
[0.134s] Level 5:colcon.colcon_core.verb:set package 'ur' build argument 'cmake_args' from command line to 'None'
[0.134s] Level 5:colcon.colcon_core.verb:set package 'ur' build argument 'cmake_target' from command line to 'None'
[0.134s] Level 5:colcon.colcon_core.verb:set package 'ur' build argument 'cmake_target_skip_unavailable' from command line to 'False'
[0.134s] Level 5:colcon.colcon_core.verb:set package 'ur' build argument 'cmake_clean_cache' from command line to 'False'
[0.134s] Level 5:colcon.colcon_core.verb:set package 'ur' build argument 'cmake_clean_first' from command line to 'False'
[0.134s] Level 5:colcon.colcon_core.verb:set package 'ur' build argument 'cmake_force_configure' from command line to 'False'
[0.134s] Level 5:colcon.colcon_core.verb:set package 'ur' build argument 'ament_cmake_args' from command line to 'None'
[0.134s] Level 5:colcon.colcon_core.verb:set package 'ur' build argument 'catkin_cmake_args' from command line to 'None'
[0.134s] Level 5:colcon.colcon_core.verb:set package 'ur' build argument 'catkin_skip_building_tests' from command line to 'False'
[0.134s] DEBUG:colcon.colcon_core.verb:Building package 'ur' with the following arguments: {'ament_cmake_args': None, 'build_base': '/home/administrator/Masterproject2/20_ROS/src/Robots/build/ur', 'catkin_cmake_args': None, 'catkin_skip_building_tests': False, 'cmake_args': None, 'cmake_clean_cache': False, 'cmake_clean_first': False, 'cmake_force_configure': False, 'cmake_target': None, 'cmake_target_skip_unavailable': False, 'install_base': '/home/administrator/Masterproject2/20_ROS/src/Robots/install/ur', 'merge_install': False, 'path': '/home/administrator/Masterproject2/20_ROS/src/Robots/UR_Driver/ur', 'symlink_install': False, 'test_result_base': None}
[0.134s] INFO:colcon.colcon_core.executor:Executing jobs using 'parallel' executor
[0.135s] DEBUG:colcon.colcon_parallel_executor.executor.parallel:run_until_complete
[0.135s] INFO:colcon.colcon_ros.task.ament_cmake.build:Building ROS package in '/home/administrator/Masterproject2/20_ROS/src/Robots/MIR/mir_actions' with build type 'ament_cmake'
[0.135s] INFO:colcon.colcon_cmake.task.cmake.build:Building CMake package in '/home/administrator/Masterproject2/20_ROS/src/Robots/MIR/mir_actions'
[0.137s] INFO:colcon.colcon_core.plugin_system:Skipping extension 'colcon_core.shell.bat': Not used on non-Windows systems
[0.137s] INFO:colcon.colcon_core.shell:Skip shell extension 'powershell' for command environment: Not usable outside of PowerShell
[0.137s] DEBUG:colcon.colcon_core.shell:Skip shell extension 'dsv' for command environment
[0.138s] INFO:colcon.colcon_ros.task.ament_cmake.build:Building ROS package in '/home/administrator/Masterproject2/20_ROS/src/Robots/MIR/mir_description' with build type 'ament_cmake'
[0.138s] INFO:colcon.colcon_cmake.task.cmake.build:Building CMake package in '/home/administrator/Masterproject2/20_ROS/src/Robots/MIR/mir_description'
[0.138s] INFO:colcon.colcon_core.shell:Skip shell extension 'powershell' for command environment: Not usable outside of PowerShell
[0.138s] DEBUG:colcon.colcon_core.shell:Skip shell extension 'dsv' for command environment
[0.140s] INFO:colcon.colcon_ros.task.ament_cmake.build:Building ROS package in '/home/administrator/Masterproject2/20_ROS/src/Robots/MIR/mir_msgs' with build type 'ament_cmake'
[0.140s] INFO:colcon.colcon_cmake.task.cmake.build:Building CMake package in '/home/administrator/Masterproject2/20_ROS/src/Robots/MIR/mir_msgs'
[0.140s] INFO:colcon.colcon_core.shell:Skip shell extension 'powershell' for command environment: Not usable outside of PowerShell
[0.140s] DEBUG:colcon.colcon_core.shell:Skip shell extension 'dsv' for command environment
[0.141s] INFO:colcon.colcon_ros.task.ament_cmake.build:Building ROS package in '/home/administrator/Masterproject2/20_ROS/src/Robots/UR_Driver/ur_dashboard_msgs' with build type 'ament_cmake'
[0.141s] INFO:colcon.colcon_cmake.task.cmake.build:Building CMake package in '/home/administrator/Masterproject2/20_ROS/src/Robots/UR_Driver/ur_dashboard_msgs'
[0.141s] INFO:colcon.colcon_core.shell:Skip shell extension 'powershell' for command environment: Not usable outside of PowerShell
[0.141s] DEBUG:colcon.colcon_core.shell:Skip shell extension 'dsv' for command environment
[0.143s] INFO:colcon.colcon_ros.task.ament_cmake.build:Building ROS package in '/home/administrator/Masterproject2/20_ROS/src/Robots/Omron_AMR/src/om_aiv_msg' with build type 'ament_cmake'
[0.143s] INFO:colcon.colcon_cmake.task.cmake.build:Building CMake package in '/home/administrator/Masterproject2/20_ROS/src/Robots/Omron_AMR/src/om_aiv_msg'
[0.143s] INFO:colcon.colcon_core.shell:Skip shell extension 'powershell' for command environment: Not usable outside of PowerShell
[0.143s] DEBUG:colcon.colcon_core.shell:Skip shell extension 'dsv' for command environment
[0.144s] INFO:colcon.colcon_ros.task.ament_cmake.build:Building ROS package in '/home/administrator/Masterproject2/20_ROS/src/Robots/MIR/mir_dwb_critics' with build type 'ament_cmake'
[0.144s] INFO:colcon.colcon_cmake.task.cmake.build:Building CMake package in '/home/administrator/Masterproject2/20_ROS/src/Robots/MIR/mir_dwb_critics'
[0.144s] INFO:colcon.colcon_core.shell:Skip shell extension 'powershell' for command environment: Not usable outside of PowerShell
[0.144s] DEBUG:colcon.colcon_core.shell:Skip shell extension 'dsv' for command environment
[0.145s] INFO:colcon.colcon_ros.task.ament_cmake.build:Building ROS package in '/home/administrator/Masterproject2/20_ROS/src/Robots/Mecademic/meca500_description' with build type 'ament_cmake'
[0.145s] INFO:colcon.colcon_cmake.task.cmake.build:Building CMake package in '/home/administrator/Masterproject2/20_ROS/src/Robots/Mecademic/meca500_description'
[0.145s] INFO:colcon.colcon_core.shell:Skip shell extension 'powershell' for command environment: Not usable outside of PowerShell
[0.145s] DEBUG:colcon.colcon_core.shell:Skip shell extension 'dsv' for command environment
[0.147s] INFO:colcon.colcon_ros.task.ament_cmake.build:Building ROS package in '/home/administrator/Masterproject2/20_ROS/src/Robots/Mecademic/meca500_hardware' with build type 'ament_cmake'
[0.147s] INFO:colcon.colcon_cmake.task.cmake.build:Building CMake package in '/home/administrator/Masterproject2/20_ROS/src/Robots/Mecademic/meca500_hardware'
[0.147s] INFO:colcon.colcon_core.shell:Skip shell extension 'powershell' for command environment: Not usable outside of PowerShell
[0.147s] DEBUG:colcon.colcon_core.shell:Skip shell extension 'dsv' for command environment
[0.148s] INFO:colcon.colcon_ros.task.ament_cmake.build:Building ROS package in '/home/administrator/Masterproject2/20_ROS/src/Robots/MIR/sdc21x0' with build type 'ament_cmake'
[0.148s] INFO:colcon.colcon_cmake.task.cmake.build:Building CMake package in '/home/administrator/Masterproject2/20_ROS/src/Robots/MIR/sdc21x0'
[0.148s] INFO:colcon.colcon_core.shell:Skip shell extension 'powershell' for command environment: Not usable outside of PowerShell
[0.148s] DEBUG:colcon.colcon_core.shell:Skip shell extension 'dsv' for command environment
[0.149s] INFO:colcon.colcon_ros.task.ament_cmake.build:Building ROS package in '/home/administrator/Masterproject2/20_ROS/src/Robots/UR_Driver/ur_moveit_config' with build type 'ament_cmake'
[0.150s] INFO:colcon.colcon_cmake.task.cmake.build:Building CMake package in '/home/administrator/Masterproject2/20_ROS/src/Robots/UR_Driver/ur_moveit_config'
[0.150s] INFO:colcon.colcon_core.shell:Skip shell extension 'powershell' for command environment: Not usable outside of PowerShell
[0.150s] DEBUG:colcon.colcon_core.shell:Skip shell extension 'dsv' for command environment
[0.151s] INFO:colcon.colcon_ros.task.ament_cmake.build:Building ROS package in '/home/administrator/Masterproject2/20_ROS/src/Robots/Mecademic/meca500_moveit_config' with build type 'ament_cmake'
[0.151s] INFO:colcon.colcon_cmake.task.cmake.build:Building CMake package in '/home/administrator/Masterproject2/20_ROS/src/Robots/Mecademic/meca500_moveit_config'
[0.151s] INFO:colcon.colcon_core.shell:Skip shell extension 'powershell' for command environment: Not usable outside of PowerShell
[0.151s] DEBUG:colcon.colcon_core.shell:Skip shell extension 'dsv' for command environment
[0.152s] INFO:colcon.colcon_ros.task.ament_python.build:Building ROS package in '/home/administrator/Masterproject2/20_ROS/src/Robots/Omron_AMR/src/om_aiv_navigation' with build type 'ament_python'
[0.152s] Level 1:colcon.colcon_core.shell:create_environment_hook('om_aiv_navigation', 'ament_prefix_path')
[0.152s] INFO:colcon.colcon_core.shell:Creating environment hook '/home/administrator/Masterproject2/20_ROS/src/Robots/install/om_aiv_navigation/share/om_aiv_navigation/hook/ament_prefix_path.ps1'
[0.152s] INFO:colcon.colcon_core.shell:Creating environment descriptor '/home/administrator/Masterproject2/20_ROS/src/Robots/install/om_aiv_navigation/share/om_aiv_navigation/hook/ament_prefix_path.dsv'
[0.153s] INFO:colcon.colcon_core.shell:Creating environment hook '/home/administrator/Masterproject2/20_ROS/src/Robots/install/om_aiv_navigation/share/om_aiv_navigation/hook/ament_prefix_path.sh'
[0.153s] INFO:colcon.colcon_core.shell:Skip shell extension 'powershell' for command environment: Not usable outside of PowerShell
[0.153s] DEBUG:colcon.colcon_core.shell:Skip shell extension 'dsv' for command environment
[0.157s] DEBUG:colcon.colcon_core.event_handler.log_command:Invoking command in '/home/administrator/Masterproject2/20_ROS/src/Robots/build/mir_actions': CMAKE_PREFIX_PATH=${CMAKE_PREFIX_PATH}:/opt/ros/kilted DEBUGINFOD_URLS=https://debuginfod.ubuntu.com /usr/bin/cmake --build /home/administrator/Masterproject2/20_ROS/src/Robots/build/mir_actions -- -j14 -l14
[0.158s] DEBUG:colcon.colcon_core.event_handler.log_command:Invoking command in '/home/administrator/Masterproject2/20_ROS/src/Robots/build/mir_description': CMAKE_PREFIX_PATH=${CMAKE_PREFIX_PATH}:/opt/ros/kilted DEBUGINFOD_URLS=https://debuginfod.ubuntu.com /usr/bin/cmake --build /home/administrator/Masterproject2/20_ROS/src/Robots/build/mir_description -- -j14 -l14
[0.159s] DEBUG:colcon.colcon_core.event_handler.log_command:Invoking command in '/home/administrator/Masterproject2/20_ROS/src/Robots/build/mir_msgs': CMAKE_PREFIX_PATH=${CMAKE_PREFIX_PATH}:/opt/ros/kilted DEBUGINFOD_URLS=https://debuginfod.ubuntu.com /usr/bin/cmake --build /home/administrator/Masterproject2/20_ROS/src/Robots/build/mir_msgs -- -j14 -l14
[0.160s] DEBUG:colcon.colcon_core.event_handler.log_command:Invoking command in '/home/administrator/Masterproject2/20_ROS/src/Robots/build/ur_dashboard_msgs': CMAKE_PREFIX_PATH=${CMAKE_PREFIX_PATH}:/opt/ros/kilted DEBUGINFOD_URLS=https://debuginfod.ubuntu.com /usr/bin/cmake --build /home/administrator/Masterproject2/20_ROS/src/Robots/build/ur_dashboard_msgs -- -j14 -l14
[0.161s] DEBUG:colcon.colcon_core.event_handler.log_command:Invoking command in '/home/administrator/Masterproject2/20_ROS/src/Robots/build/om_aiv_msg': CMAKE_PREFIX_PATH=${CMAKE_PREFIX_PATH}:/opt/ros/kilted DEBUGINFOD_URLS=https://debuginfod.ubuntu.com /usr/bin/cmake --build /home/administrator/Masterproject2/20_ROS/src/Robots/build/om_aiv_msg -- -j14 -l14
[0.161s] DEBUG:colcon.colcon_core.event_handler.log_command:Invoking command in '/home/administrator/Masterproject2/20_ROS/src/Robots/build/mir_dwb_critics': CMAKE_PREFIX_PATH=${CMAKE_PREFIX_PATH}:/opt/ros/kilted DEBUGINFOD_URLS=https://debuginfod.ubuntu.com /usr/bin/cmake --build /home/administrator/Masterproject2/20_ROS/src/Robots/build/mir_dwb_critics -- -j14 -l14
[0.164s] DEBUG:colcon.colcon_core.event_handler.log_command:Invoking command in '/home/administrator/Masterproject2/20_ROS/src/Robots/build/meca500_description': CMAKE_PREFIX_PATH=${CMAKE_PREFIX_PATH}:/opt/ros/kilted DEBUGINFOD_URLS=https://debuginfod.ubuntu.com /usr/bin/cmake --build /home/administrator/Masterproject2/20_ROS/src/Robots/build/meca500_description -- -j14 -l14
[0.165s] DEBUG:colcon.colcon_core.event_handler.log_command:Invoking command in '/home/administrator/Masterproject2/20_ROS/src/Robots/build/meca500_hardware': CMAKE_PREFIX_PATH=${CMAKE_PREFIX_PATH}:/opt/ros/kilted DEBUGINFOD_URLS=https://debuginfod.ubuntu.com /usr/bin/cmake --build /home/administrator/Masterproject2/20_ROS/src/Robots/build/meca500_hardware -- -j14 -l14
[0.166s] DEBUG:colcon.colcon_core.event_handler.log_command:Invoking command in '/home/administrator/Masterproject2/20_ROS/src/Robots/build/sdc21x0': CMAKE_PREFIX_PATH=${CMAKE_PREFIX_PATH}:/opt/ros/kilted DEBUGINFOD_URLS=https://debuginfod.ubuntu.com /usr/bin/cmake --build /home/administrator/Masterproject2/20_ROS/src/Robots/build/sdc21x0 -- -j14 -l14
[0.168s] DEBUG:colcon.colcon_core.event_handler.log_command:Invoking command in '/home/administrator/Masterproject2/20_ROS/src/Robots/build/ur_moveit_config': CMAKE_PREFIX_PATH=${CMAKE_PREFIX_PATH}:/opt/ros/kilted DEBUGINFOD_URLS=https://debuginfod.ubuntu.com /usr/bin/cmake --build /home/administrator/Masterproject2/20_ROS/src/Robots/build/ur_moveit_config -- -j14 -l14
[0.174s] DEBUG:colcon.colcon_core.event_handler.log_command:Invoking command in '/home/administrator/Masterproject2/20_ROS/src/Robots/build/meca500_moveit_config': CMAKE_PREFIX_PATH=${CMAKE_PREFIX_PATH}:/opt/ros/kilted DEBUGINFOD_URLS=https://debuginfod.ubuntu.com /usr/bin/cmake --build /home/administrator/Masterproject2/20_ROS/src/Robots/build/meca500_moveit_config -- -j14 -l14
[0.325s] INFO:colcon.colcon_core.task.python.build:Building Python package in '/home/administrator/Masterproject2/20_ROS/src/Robots/Omron_AMR/src/om_aiv_navigation'
[0.327s] INFO:colcon.colcon_core.shell:Skip shell extension 'powershell' for command environment: Not usable outside of PowerShell
[0.327s] DEBUG:colcon.colcon_core.shell:Skip shell extension 'dsv' for command environment
[0.331s] DEBUG:colcon.colcon_core.event_handler.log_command:Invoked command in '/home/administrator/Masterproject2/20_ROS/src/Robots/build/mir_description' returned '0': CMAKE_PREFIX_PATH=${CMAKE_PREFIX_PATH}:/opt/ros/kilted DEBUGINFOD_URLS=https://debuginfod.ubuntu.com /usr/bin/cmake --build /home/administrator/Masterproject2/20_ROS/src/Robots/build/mir_description -- -j14 -l14
[0.339s] DEBUG:colcon.colcon_core.event_handler.log_command:Invoking command in '/home/administrator/Masterproject2/20_ROS/src/Robots/build/mir_description': CMAKE_PREFIX_PATH=${CMAKE_PREFIX_PATH}:/opt/ros/kilted DEBUGINFOD_URLS=https://debuginfod.ubuntu.com /usr/bin/cmake --install /home/administrator/Masterproject2/20_ROS/src/Robots/build/mir_description
[0.344s] DEBUG:colcon.colcon_core.event_handler.log_command:Invoked command in '/home/administrator/Masterproject2/20_ROS/src/Robots/build/mir_dwb_critics' returned '0': CMAKE_PREFIX_PATH=${CMAKE_PREFIX_PATH}:/opt/ros/kilted DEBUGINFOD_URLS=https://debuginfod.ubuntu.com /usr/bin/cmake --build /home/administrator/Masterproject2/20_ROS/src/Robots/build/mir_dwb_critics -- -j14 -l14
[0.344s] DEBUG:colcon.colcon_core.event_handler.log_command:Invoking command in '/home/administrator/Masterproject2/20_ROS/src/Robots/build/mir_dwb_critics': CMAKE_PREFIX_PATH=${CMAKE_PREFIX_PATH}:/opt/ros/kilted DEBUGINFOD_URLS=https://debuginfod.ubuntu.com /usr/bin/cmake --install /home/administrator/Masterproject2/20_ROS/src/Robots/build/mir_dwb_critics
[0.345s] DEBUG:colcon.colcon_core.event_handler.log_command:Invoked command in '/home/administrator/Masterproject2/20_ROS/src/Robots/build/meca500_hardware' returned '0': CMAKE_PREFIX_PATH=${CMAKE_PREFIX_PATH}:/opt/ros/kilted DEBUGINFOD_URLS=https://debuginfod.ubuntu.com /usr/bin/cmake --build /home/administrator/Masterproject2/20_ROS/src/Robots/build/meca500_hardware -- -j14 -l14
[0.345s] DEBUG:colcon.colcon_core.event_handler.log_command:Invoking command in '/home/administrator/Masterproject2/20_ROS/src/Robots/build/meca500_hardware': CMAKE_PREFIX_PATH=${CMAKE_PREFIX_PATH}:/opt/ros/kilted DEBUGINFOD_URLS=https://debuginfod.ubuntu.com /usr/bin/cmake --install /home/administrator/Masterproject2/20_ROS/src/Robots/build/meca500_hardware
[0.353s] DEBUG:colcon.colcon_core.event_handler.log_command:Invoked command in '/home/administrator/Masterproject2/20_ROS/src/Robots/build/meca500_moveit_config' returned '0': CMAKE_PREFIX_PATH=${CMAKE_PREFIX_PATH}:/opt/ros/kilted DEBUGINFOD_URLS=https://debuginfod.ubuntu.com /usr/bin/cmake --build /home/administrator/Masterproject2/20_ROS/src/Robots/build/meca500_moveit_config -- -j14 -l14
[0.353s] DEBUG:colcon.colcon_core.event_handler.log_command:Invoking command in '/home/administrator/Masterproject2/20_ROS/src/Robots/build/meca500_moveit_config': CMAKE_PREFIX_PATH=${CMAKE_PREFIX_PATH}:/opt/ros/kilted DEBUGINFOD_URLS=https://debuginfod.ubuntu.com /usr/bin/cmake --install /home/administrator/Masterproject2/20_ROS/src/Robots/build/meca500_moveit_config
[0.353s] DEBUG:colcon.colcon_core.event_handler.log_command:Invoked command in '/home/administrator/Masterproject2/20_ROS/src/Robots/build/ur_moveit_config' returned '0': CMAKE_PREFIX_PATH=${CMAKE_PREFIX_PATH}:/opt/ros/kilted DEBUGINFOD_URLS=https://debuginfod.ubuntu.com /usr/bin/cmake --build /home/administrator/Masterproject2/20_ROS/src/Robots/build/ur_moveit_config -- -j14 -l14
[0.353s] DEBUG:colcon.colcon_core.event_handler.log_command:Invoking command in '/home/administrator/Masterproject2/20_ROS/src/Robots/build/ur_moveit_config': CMAKE_PREFIX_PATH=${CMAKE_PREFIX_PATH}:/opt/ros/kilted DEBUGINFOD_URLS=https://debuginfod.ubuntu.com /usr/bin/cmake --install /home/administrator/Masterproject2/20_ROS/src/Robots/build/ur_moveit_config
[0.365s] DEBUG:colcon.colcon_core.event_handler.log_command:Invoked command in '/home/administrator/Masterproject2/20_ROS/src/Robots/build/meca500_description' returned '0': CMAKE_PREFIX_PATH=${CMAKE_PREFIX_PATH}:/opt/ros/kilted DEBUGINFOD_URLS=https://debuginfod.ubuntu.com /usr/bin/cmake --build /home/administrator/Masterproject2/20_ROS/src/Robots/build/meca500_description -- -j14 -l14
[0.365s] DEBUG:colcon.colcon_core.event_handler.log_command:Invoking command in '/home/administrator/Masterproject2/20_ROS/src/Robots/build/meca500_description': CMAKE_PREFIX_PATH=${CMAKE_PREFIX_PATH}:/opt/ros/kilted DEBUGINFOD_URLS=https://debuginfod.ubuntu.com /usr/bin/cmake --install /home/administrator/Masterproject2/20_ROS/src/Robots/build/meca500_description
[0.369s] Level 1:colcon.colcon_core.environment:create_environment_scripts_only(mir_description)
[0.373s] DEBUG:colcon.colcon_core.event_handler.log_command:Invoked command in '/home/administrator/Masterproject2/20_ROS/src/Robots/build/mir_description' returned '0': CMAKE_PREFIX_PATH=${CMAKE_PREFIX_PATH}:/opt/ros/kilted DEBUGINFOD_URLS=https://debuginfod.ubuntu.com /usr/bin/cmake --install /home/administrator/Masterproject2/20_ROS/src/Robots/build/mir_description
[0.376s] Level 1:colcon.colcon_core.environment:checking '/home/administrator/Masterproject2/20_ROS/src/Robots/install/mir_description' for CMake module files
[0.377s] Level 1:colcon.colcon_core.environment:checking '/home/administrator/Masterproject2/20_ROS/src/Robots/install/mir_description' for CMake config files
[0.377s] Level 1:colcon.colcon_core.shell:create_environment_hook('mir_description', 'cmake_prefix_path')
[0.377s] INFO:colcon.colcon_core.shell:Creating environment hook '/home/administrator/Masterproject2/20_ROS/src/Robots/install/mir_description/share/mir_description/hook/cmake_prefix_path.ps1'
[0.377s] INFO:colcon.colcon_core.shell:Creating environment descriptor '/home/administrator/Masterproject2/20_ROS/src/Robots/install/mir_description/share/mir_description/hook/cmake_prefix_path.dsv'
[0.378s] INFO:colcon.colcon_core.shell:Creating environment hook '/home/administrator/Masterproject2/20_ROS/src/Robots/install/mir_description/share/mir_description/hook/cmake_prefix_path.sh'
[0.378s] Level 1:colcon.colcon_core.environment:checking '/home/administrator/Masterproject2/20_ROS/src/Robots/install/mir_description/bin'
[0.378s] Level 1:colcon.colcon_core.environment:checking '/home/administrator/Masterproject2/20_ROS/src/Robots/install/mir_description/lib/pkgconfig/mir_description.pc'
[0.378s] Level 1:colcon.colcon_core.environment:checking '/home/administrator/Masterproject2/20_ROS/src/Robots/install/mir_description/lib/python3.12/site-packages'
[0.379s] Level 1:colcon.colcon_core.environment:checking '/home/administrator/Masterproject2/20_ROS/src/Robots/install/mir_description/bin'
[0.379s] INFO:colcon.colcon_core.shell:Creating package script '/home/administrator/Masterproject2/20_ROS/src/Robots/install/mir_description/share/mir_description/package.ps1'
[0.380s] INFO:colcon.colcon_core.shell:Creating package descriptor '/home/administrator/Masterproject2/20_ROS/src/Robots/install/mir_description/share/mir_description/package.dsv'
[0.380s] INFO:colcon.colcon_core.shell:Creating package script '/home/administrator/Masterproject2/20_ROS/src/Robots/install/mir_description/share/mir_description/package.sh'
[0.381s] INFO:colcon.colcon_core.shell:Creating package script '/home/administrator/Masterproject2/20_ROS/src/Robots/install/mir_description/share/mir_description/package.bash'
[0.382s] INFO:colcon.colcon_core.shell:Creating package script '/home/administrator/Masterproject2/20_ROS/src/Robots/install/mir_description/share/mir_description/package.zsh'
[0.398s] Level 1:colcon.colcon_core.environment:create_file_with_runtime_dependencies(/home/administrator/Masterproject2/20_ROS/src/Robots/install/mir_description/share/colcon-core/packages/mir_description)
[0.399s] Level 1:colcon.colcon_core.environment:create_environment_scripts_only(mir_description)
[0.399s] Level 1:colcon.colcon_core.environment:checking '/home/administrator/Masterproject2/20_ROS/src/Robots/install/mir_description' for CMake module files
[0.400s] Level 1:colcon.colcon_core.environment:checking '/home/administrator/Masterproject2/20_ROS/src/Robots/install/mir_description' for CMake config files
[0.400s] Level 1:colcon.colcon_core.shell:create_environment_hook('mir_description', 'cmake_prefix_path')
[0.400s] INFO:colcon.colcon_core.shell:Creating environment hook '/home/administrator/Masterproject2/20_ROS/src/Robots/install/mir_description/share/mir_description/hook/cmake_prefix_path.ps1'
[0.401s] INFO:colcon.colcon_core.shell:Creating environment descriptor '/home/administrator/Masterproject2/20_ROS/src/Robots/install/mir_description/share/mir_description/hook/cmake_prefix_path.dsv'
[0.401s] INFO:colcon.colcon_core.shell:Creating environment hook '/home/administrator/Masterproject2/20_ROS/src/Robots/install/mir_description/share/mir_description/hook/cmake_prefix_path.sh'
[0.401s] Level 1:colcon.colcon_core.environment:checking '/home/administrator/Masterproject2/20_ROS/src/Robots/install/mir_description/bin'
[0.401s] Level 1:colcon.colcon_core.environment:checking '/home/administrator/Masterproject2/20_ROS/src/Robots/install/mir_description/lib/pkgconfig/mir_description.pc'
[0.404s] Level 1:colcon.colcon_core.environment:checking '/home/administrator/Masterproject2/20_ROS/src/Robots/install/mir_description/lib/python3.12/site-packages'
[0.404s] Level 1:colcon.colcon_core.environment:checking '/home/administrator/Masterproject2/20_ROS/src/Robots/install/mir_description/bin'
[0.404s] INFO:colcon.colcon_core.shell:Creating package script '/home/administrator/Masterproject2/20_ROS/src/Robots/install/mir_description/share/mir_description/package.ps1'
[0.405s] INFO:colcon.colcon_core.shell:Creating package descriptor '/home/administrator/Masterproject2/20_ROS/src/Robots/install/mir_description/share/mir_description/package.dsv'
[0.405s] INFO:colcon.colcon_core.shell:Creating package script '/home/administrator/Masterproject2/20_ROS/src/Robots/install/mir_description/share/mir_description/package.sh'
[0.406s] INFO:colcon.colcon_core.shell:Creating package script '/home/administrator/Masterproject2/20_ROS/src/Robots/install/mir_description/share/mir_description/package.bash'
[0.408s] INFO:colcon.colcon_core.shell:Creating package script '/home/administrator/Masterproject2/20_ROS/src/Robots/install/mir_description/share/mir_description/package.zsh'
[0.408s] Level 1:colcon.colcon_core.environment:create_file_with_runtime_dependencies(/home/administrator/Masterproject2/20_ROS/src/Robots/install/mir_description/share/colcon-core/packages/mir_description)
[0.409s] Level 1:colcon.colcon_core.environment:create_environment_scripts_only(mir_dwb_critics)
[0.409s] Level 1:colcon.colcon_core.environment:checking '/home/administrator/Masterproject2/20_ROS/src/Robots/install/mir_dwb_critics' for CMake module files
[0.409s] Level 1:colcon.colcon_core.environment:checking '/home/administrator/Masterproject2/20_ROS/src/Robots/install/mir_dwb_critics' for CMake config files
[0.409s] Level 1:colcon.colcon_core.shell:create_environment_hook('mir_dwb_critics', 'cmake_prefix_path')
[0.409s] INFO:colcon.colcon_core.shell:Creating environment hook '/home/administrator/Masterproject2/20_ROS/src/Robots/install/mir_dwb_critics/share/mir_dwb_critics/hook/cmake_prefix_path.ps1'
[0.409s] INFO:colcon.colcon_core.shell:Creating environment descriptor '/home/administrator/Masterproject2/20_ROS/src/Robots/install/mir_dwb_critics/share/mir_dwb_critics/hook/cmake_prefix_path.dsv'
[0.410s] DEBUG:colcon.colcon_core.event_handler.log_command:Invoked command in '/home/administrator/Masterproject2/20_ROS/src/Robots/build/mir_dwb_critics' returned '0': CMAKE_PREFIX_PATH=${CMAKE_PREFIX_PATH}:/opt/ros/kilted DEBUGINFOD_URLS=https://debuginfod.ubuntu.com /usr/bin/cmake --install /home/administrator/Masterproject2/20_ROS/src/Robots/build/mir_dwb_critics
[0.410s] INFO:colcon.colcon_core.shell:Creating environment hook '/home/administrator/Masterproject2/20_ROS/src/Robots/install/mir_dwb_critics/share/mir_dwb_critics/hook/cmake_prefix_path.sh'
[0.410s] Level 1:colcon.colcon_core.environment:checking '/home/administrator/Masterproject2/20_ROS/src/Robots/install/mir_dwb_critics/lib'
[0.411s] Level 1:colcon.colcon_core.environment:checking '/home/administrator/Masterproject2/20_ROS/src/Robots/install/mir_dwb_critics/bin'
[0.411s] Level 1:colcon.colcon_core.environment:checking '/home/administrator/Masterproject2/20_ROS/src/Robots/install/mir_dwb_critics/lib/pkgconfig/mir_dwb_critics.pc'
[0.411s] Level 1:colcon.colcon_core.environment:checking '/home/administrator/Masterproject2/20_ROS/src/Robots/install/mir_dwb_critics/lib/python3.12/site-packages'
[0.411s] Level 1:colcon.colcon_core.environment:checking '/home/administrator/Masterproject2/20_ROS/src/Robots/install/mir_dwb_critics/bin'
[0.412s] INFO:colcon.colcon_core.shell:Creating package script '/home/administrator/Masterproject2/20_ROS/src/Robots/install/mir_dwb_critics/share/mir_dwb_critics/package.ps1'
[0.412s] INFO:colcon.colcon_core.shell:Creating package descriptor '/home/administrator/Masterproject2/20_ROS/src/Robots/install/mir_dwb_critics/share/mir_dwb_critics/package.dsv'
[0.413s] INFO:colcon.colcon_core.shell:Creating package script '/home/administrator/Masterproject2/20_ROS/src/Robots/install/mir_dwb_critics/share/mir_dwb_critics/package.sh'
[0.414s] INFO:colcon.colcon_core.shell:Creating package script '/home/administrator/Masterproject2/20_ROS/src/Robots/install/mir_dwb_critics/share/mir_dwb_critics/package.bash'
[0.414s] INFO:colcon.colcon_core.shell:Creating package script '/home/administrator/Masterproject2/20_ROS/src/Robots/install/mir_dwb_critics/share/mir_dwb_critics/package.zsh'
[0.415s] Level 1:colcon.colcon_core.environment:create_file_with_runtime_dependencies(/home/administrator/Masterproject2/20_ROS/src/Robots/install/mir_dwb_critics/share/colcon-core/packages/mir_dwb_critics)
[0.416s] Level 1:colcon.colcon_core.environment:create_environment_scripts_only(mir_dwb_critics)
[0.416s] Level 1:colcon.colcon_core.environment:checking '/home/administrator/Masterproject2/20_ROS/src/Robots/install/mir_dwb_critics' for CMake module files
[0.417s] Level 1:colcon.colcon_core.environment:checking '/home/administrator/Masterproject2/20_ROS/src/Robots/install/mir_dwb_critics' for CMake config files
[0.417s] Level 1:colcon.colcon_core.shell:create_environment_hook('mir_dwb_critics', 'cmake_prefix_path')
[0.417s] INFO:colcon.colcon_core.shell:Creating environment hook '/home/administrator/Masterproject2/20_ROS/src/Robots/install/mir_dwb_critics/share/mir_dwb_critics/hook/cmake_prefix_path.ps1'
[0.417s] INFO:colcon.colcon_core.shell:Creating environment descriptor '/home/administrator/Masterproject2/20_ROS/src/Robots/install/mir_dwb_critics/share/mir_dwb_critics/hook/cmake_prefix_path.dsv'
[0.418s] INFO:colcon.colcon_core.shell:Creating environment hook '/home/administrator/Masterproject2/20_ROS/src/Robots/install/mir_dwb_critics/share/mir_dwb_critics/hook/cmake_prefix_path.sh'
[0.418s] Level 1:colcon.colcon_core.environment:checking '/home/administrator/Masterproject2/20_ROS/src/Robots/install/mir_dwb_critics/lib'
[0.418s] Level 1:colcon.colcon_core.environment:checking '/home/administrator/Masterproject2/20_ROS/src/Robots/install/mir_dwb_critics/bin'
[0.418s] Level 1:colcon.colcon_core.environment:checking '/home/administrator/Masterproject2/20_ROS/src/Robots/install/mir_dwb_critics/lib/pkgconfig/mir_dwb_critics.pc'
[0.418s] Level 1:colcon.colcon_core.environment:checking '/home/administrator/Masterproject2/20_ROS/src/Robots/install/mir_dwb_critics/lib/python3.12/site-packages'
[0.419s] Level 1:colcon.colcon_core.environment:checking '/home/administrator/Masterproject2/20_ROS/src/Robots/install/mir_dwb_critics/bin'
[0.419s] INFO:colcon.colcon_core.shell:Creating package script '/home/administrator/Masterproject2/20_ROS/src/Robots/install/mir_dwb_critics/share/mir_dwb_critics/package.ps1'
[0.419s] INFO:colcon.colcon_core.shell:Creating package descriptor '/home/administrator/Masterproject2/20_ROS/src/Robots/install/mir_dwb_critics/share/mir_dwb_critics/package.dsv'
[0.420s] INFO:colcon.colcon_core.shell:Creating package script '/home/administrator/Masterproject2/20_ROS/src/Robots/install/mir_dwb_critics/share/mir_dwb_critics/package.sh'
[0.420s] INFO:colcon.colcon_core.shell:Creating package script '/home/administrator/Masterproject2/20_ROS/src/Robots/install/mir_dwb_critics/share/mir_dwb_critics/package.bash'
[0.420s] INFO:colcon.colcon_core.shell:Creating package script '/home/administrator/Masterproject2/20_ROS/src/Robots/install/mir_dwb_critics/share/mir_dwb_critics/package.zsh'
[0.420s] Level 1:colcon.colcon_core.environment:create_file_with_runtime_dependencies(/home/administrator/Masterproject2/20_ROS/src/Robots/install/mir_dwb_critics/share/colcon-core/packages/mir_dwb_critics)
[0.421s] Level 1:colcon.colcon_core.environment:create_environment_scripts_only(meca500_hardware)
[0.421s] Level 1:colcon.colcon_core.environment:checking '/home/administrator/Masterproject2/20_ROS/src/Robots/install/meca500_hardware' for CMake module files
[0.422s] DEBUG:colcon.colcon_core.event_handler.log_command:Invoked command in '/home/administrator/Masterproject2/20_ROS/src/Robots/build/meca500_hardware' returned '0': CMAKE_PREFIX_PATH=${CMAKE_PREFIX_PATH}:/opt/ros/kilted DEBUGINFOD_URLS=https://debuginfod.ubuntu.com /usr/bin/cmake --install /home/administrator/Masterproject2/20_ROS/src/Robots/build/meca500_hardware
[0.422s] Level 1:colcon.colcon_core.environment:checking '/home/administrator/Masterproject2/20_ROS/src/Robots/install/meca500_hardware' for CMake config files
[0.422s] Level 1:colcon.colcon_core.shell:create_environment_hook('meca500_hardware', 'cmake_prefix_path')
[0.423s] INFO:colcon.colcon_core.shell:Creating environment hook '/home/administrator/Masterproject2/20_ROS/src/Robots/install/meca500_hardware/share/meca500_hardware/hook/cmake_prefix_path.ps1'
[0.423s] INFO:colcon.colcon_core.shell:Creating environment descriptor '/home/administrator/Masterproject2/20_ROS/src/Robots/install/meca500_hardware/share/meca500_hardware/hook/cmake_prefix_path.dsv'
[0.423s] INFO:colcon.colcon_core.shell:Creating environment hook '/home/administrator/Masterproject2/20_ROS/src/Robots/install/meca500_hardware/share/meca500_hardware/hook/cmake_prefix_path.sh'
[0.424s] Level 1:colcon.colcon_core.environment:checking '/home/administrator/Masterproject2/20_ROS/src/Robots/install/meca500_hardware/lib'
[0.424s] Level 1:colcon.colcon_core.shell:create_environment_hook('meca500_hardware', 'ld_library_path_lib')
[0.424s] INFO:colcon.colcon_core.shell:Creating environment hook '/home/administrator/Masterproject2/20_ROS/src/Robots/install/meca500_hardware/share/meca500_hardware/hook/ld_library_path_lib.ps1'
[0.424s] INFO:colcon.colcon_core.shell:Creating environment descriptor '/home/administrator/Masterproject2/20_ROS/src/Robots/install/meca500_hardware/share/meca500_hardware/hook/ld_library_path_lib.dsv'
[0.424s] INFO:colcon.colcon_core.shell:Creating environment hook '/home/administrator/Masterproject2/20_ROS/src/Robots/install/meca500_hardware/share/meca500_hardware/hook/ld_library_path_lib.sh'
[0.424s] Level 1:colcon.colcon_core.environment:checking '/home/administrator/Masterproject2/20_ROS/src/Robots/install/meca500_hardware/bin'
[0.425s] Level 1:colcon.colcon_core.environment:checking '/home/administrator/Masterproject2/20_ROS/src/Robots/install/meca500_hardware/lib/pkgconfig/meca500_hardware.pc'
[0.425s] Level 1:colcon.colcon_core.environment:checking '/home/administrator/Masterproject2/20_ROS/src/Robots/install/meca500_hardware/lib/python3.12/site-packages'
[0.425s] Level 1:colcon.colcon_core.environment:checking '/home/administrator/Masterproject2/20_ROS/src/Robots/install/meca500_hardware/bin'
[0.425s] INFO:colcon.colcon_core.shell:Creating package script '/home/administrator/Masterproject2/20_ROS/src/Robots/install/meca500_hardware/share/meca500_hardware/package.ps1'
[0.426s] INFO:colcon.colcon_core.shell:Creating package descriptor '/home/administrator/Masterproject2/20_ROS/src/Robots/install/meca500_hardware/share/meca500_hardware/package.dsv'
[0.426s] INFO:colcon.colcon_core.shell:Creating package script '/home/administrator/Masterproject2/20_ROS/src/Robots/install/meca500_hardware/share/meca500_hardware/package.sh'
[0.426s] INFO:colcon.colcon_core.shell:Creating package script '/home/administrator/Masterproject2/20_ROS/src/Robots/install/meca500_hardware/share/meca500_hardware/package.bash'
[0.427s] INFO:colcon.colcon_core.shell:Creating package script '/home/administrator/Masterproject2/20_ROS/src/Robots/install/meca500_hardware/share/meca500_hardware/package.zsh'
[0.427s] Level 1:colcon.colcon_core.environment:create_file_with_runtime_dependencies(/home/administrator/Masterproject2/20_ROS/src/Robots/install/meca500_hardware/share/colcon-core/packages/meca500_hardware)
[0.427s] Level 1:colcon.colcon_core.environment:create_environment_scripts_only(meca500_hardware)
[0.427s] Level 1:colcon.colcon_core.environment:checking '/home/administrator/Masterproject2/20_ROS/src/Robots/install/meca500_hardware' for CMake module files
[0.428s] Level 1:colcon.colcon_core.environment:checking '/home/administrator/Masterproject2/20_ROS/src/Robots/install/meca500_hardware' for CMake config files
[0.428s] Level 1:colcon.colcon_core.shell:create_environment_hook('meca500_hardware', 'cmake_prefix_path')
[0.428s] INFO:colcon.colcon_core.shell:Creating environment hook '/home/administrator/Masterproject2/20_ROS/src/Robots/install/meca500_hardware/share/meca500_hardware/hook/cmake_prefix_path.ps1'
[0.428s] INFO:colcon.colcon_core.shell:Creating environment descriptor '/home/administrator/Masterproject2/20_ROS/src/Robots/install/meca500_hardware/share/meca500_hardware/hook/cmake_prefix_path.dsv'
[0.428s] INFO:colcon.colcon_core.shell:Creating environment hook '/home/administrator/Masterproject2/20_ROS/src/Robots/install/meca500_hardware/share/meca500_hardware/hook/cmake_prefix_path.sh'
[0.429s] Level 1:colcon.colcon_core.environment:checking '/home/administrator/Masterproject2/20_ROS/src/Robots/install/meca500_hardware/lib'
[0.429s] Level 1:colcon.colcon_core.shell:create_environment_hook('meca500_hardware', 'ld_library_path_lib')
[0.429s] INFO:colcon.colcon_core.shell:Creating environment hook '/home/administrator/Masterproject2/20_ROS/src/Robots/install/meca500_hardware/share/meca500_hardware/hook/ld_library_path_lib.ps1'
[0.429s] INFO:colcon.colcon_core.shell:Creating environment descriptor '/home/administrator/Masterproject2/20_ROS/src/Robots/install/meca500_hardware/share/meca500_hardware/hook/ld_library_path_lib.dsv'
[0.430s] INFO:colcon.colcon_core.shell:Creating environment hook '/home/administrator/Masterproject2/20_ROS/src/Robots/install/meca500_hardware/share/meca500_hardware/hook/ld_library_path_lib.sh'
[0.430s] Level 1:colcon.colcon_core.environment:checking '/home/administrator/Masterproject2/20_ROS/src/Robots/install/meca500_hardware/bin'
[0.430s] Level 1:colcon.colcon_core.environment:checking '/home/administrator/Masterproject2/20_ROS/src/Robots/install/meca500_hardware/lib/pkgconfig/meca500_hardware.pc'
[0.430s] Level 1:colcon.colcon_core.environment:checking '/home/administrator/Masterproject2/20_ROS/src/Robots/install/meca500_hardware/lib/python3.12/site-packages'
[0.430s] Level 1:colcon.colcon_core.environment:checking '/home/administrator/Masterproject2/20_ROS/src/Robots/install/meca500_hardware/bin'
[0.430s] INFO:colcon.colcon_core.shell:Creating package script '/home/administrator/Masterproject2/20_ROS/src/Robots/install/meca500_hardware/share/meca500_hardware/package.ps1'
[0.431s] INFO:colcon.colcon_core.shell:Creating package descriptor '/home/administrator/Masterproject2/20_ROS/src/Robots/install/meca500_hardware/share/meca500_hardware/package.dsv'
[0.432s] INFO:colcon.colcon_core.shell:Creating package script '/home/administrator/Masterproject2/20_ROS/src/Robots/install/meca500_hardware/share/meca500_hardware/package.sh'
[0.432s] INFO:colcon.colcon_core.shell:Creating package script '/home/administrator/Masterproject2/20_ROS/src/Robots/install/meca500_hardware/share/meca500_hardware/package.bash'
[0.433s] INFO:colcon.colcon_core.shell:Creating package script '/home/administrator/Masterproject2/20_ROS/src/Robots/install/meca500_hardware/share/meca500_hardware/package.zsh'
[0.433s] Level 1:colcon.colcon_core.environment:create_file_with_runtime_dependencies(/home/administrator/Masterproject2/20_ROS/src/Robots/install/meca500_hardware/share/colcon-core/packages/meca500_hardware)
[0.435s] Level 1:colcon.colcon_core.environment:create_environment_scripts_only(meca500_moveit_config)
[0.435s] Level 1:colcon.colcon_core.environment:checking '/home/administrator/Masterproject2/20_ROS/src/Robots/install/meca500_moveit_config' for CMake module files
[0.435s] DEBUG:colcon.colcon_core.event_handler.log_command:Invoked command in '/home/administrator/Masterproject2/20_ROS/src/Robots/build/meca500_moveit_config' returned '0': CMAKE_PREFIX_PATH=${CMAKE_PREFIX_PATH}:/opt/ros/kilted DEBUGINFOD_URLS=https://debuginfod.ubuntu.com /usr/bin/cmake --install /home/administrator/Masterproject2/20_ROS/src/Robots/build/meca500_moveit_config
[0.436s] Level 1:colcon.colcon_core.environment:checking '/home/administrator/Masterproject2/20_ROS/src/Robots/install/meca500_moveit_config' for CMake config files
[0.436s] Level 1:colcon.colcon_core.shell:create_environment_hook('meca500_moveit_config', 'cmake_prefix_path')
[0.436s] INFO:colcon.colcon_core.shell:Creating environment hook '/home/administrator/Masterproject2/20_ROS/src/Robots/install/meca500_moveit_config/share/meca500_moveit_config/hook/cmake_prefix_path.ps1'
[0.437s] INFO:colcon.colcon_core.shell:Creating environment descriptor '/home/administrator/Masterproject2/20_ROS/src/Robots/install/meca500_moveit_config/share/meca500_moveit_config/hook/cmake_prefix_path.dsv'
[0.437s] INFO:colcon.colcon_core.shell:Creating environment hook '/home/administrator/Masterproject2/20_ROS/src/Robots/install/meca500_moveit_config/share/meca500_moveit_config/hook/cmake_prefix_path.sh'
[0.437s] Level 1:colcon.colcon_core.environment:checking '/home/administrator/Masterproject2/20_ROS/src/Robots/install/meca500_moveit_config/bin'
[0.437s] Level 1:colcon.colcon_core.environment:checking '/home/administrator/Masterproject2/20_ROS/src/Robots/install/meca500_moveit_config/lib/pkgconfig/meca500_moveit_config.pc'
[0.438s] Level 1:colcon.colcon_core.environment:checking '/home/administrator/Masterproject2/20_ROS/src/Robots/install/meca500_moveit_config/lib/python3.12/site-packages'
[0.438s] Level 1:colcon.colcon_core.environment:checking '/home/administrator/Masterproject2/20_ROS/src/Robots/install/meca500_moveit_config/bin'
[0.438s] INFO:colcon.colcon_core.shell:Creating package script '/home/administrator/Masterproject2/20_ROS/src/Robots/install/meca500_moveit_config/share/meca500_moveit_config/package.ps1'
[0.438s] INFO:colcon.colcon_core.shell:Creating package descriptor '/home/administrator/Masterproject2/20_ROS/src/Robots/install/meca500_moveit_config/share/meca500_moveit_config/package.dsv'
[0.439s] INFO:colcon.colcon_core.shell:Creating package script '/home/administrator/Masterproject2/20_ROS/src/Robots/install/meca500_moveit_config/share/meca500_moveit_config/package.sh'
[0.439s] INFO:colcon.colcon_core.shell:Creating package script '/home/administrator/Masterproject2/20_ROS/src/Robots/install/meca500_moveit_config/share/meca500_moveit_config/package.bash'
[0.439s] INFO:colcon.colcon_core.shell:Creating package script '/home/administrator/Masterproject2/20_ROS/src/Robots/install/meca500_moveit_config/share/meca500_moveit_config/package.zsh'
[0.440s] Level 1:colcon.colcon_core.environment:create_file_with_runtime_dependencies(/home/administrator/Masterproject2/20_ROS/src/Robots/install/meca500_moveit_config/share/colcon-core/packages/meca500_moveit_config)
[0.440s] Level 1:colcon.colcon_core.environment:create_environment_scripts_only(meca500_moveit_config)
[0.440s] Level 1:colcon.colcon_core.environment:checking '/home/administrator/Masterproject2/20_ROS/src/Robots/install/meca500_moveit_config' for CMake module files
[0.441s] Level 1:colcon.colcon_core.environment:checking '/home/administrator/Masterproject2/20_ROS/src/Robots/install/meca500_moveit_config' for CMake config files
[0.441s] Level 1:colcon.colcon_core.shell:create_environment_hook('meca500_moveit_config', 'cmake_prefix_path')
[0.441s] INFO:colcon.colcon_core.shell:Creating environment hook '/home/administrator/Masterproject2/20_ROS/src/Robots/install/meca500_moveit_config/share/meca500_moveit_config/hook/cmake_prefix_path.ps1'
[0.441s] INFO:colcon.colcon_core.shell:Creating environment descriptor '/home/administrator/Masterproject2/20_ROS/src/Robots/install/meca500_moveit_config/share/meca500_moveit_config/hook/cmake_prefix_path.dsv'
[0.441s] INFO:colcon.colcon_core.shell:Creating environment hook '/home/administrator/Masterproject2/20_ROS/src/Robots/install/meca500_moveit_config/share/meca500_moveit_config/hook/cmake_prefix_path.sh'
[0.442s] Level 1:colcon.colcon_core.environment:checking '/home/administrator/Masterproject2/20_ROS/src/Robots/install/meca500_moveit_config/bin'
[0.442s] Level 1:colcon.colcon_core.environment:checking '/home/administrator/Masterproject2/20_ROS/src/Robots/install/meca500_moveit_config/lib/pkgconfig/meca500_moveit_config.pc'
[0.442s] Level 1:colcon.colcon_core.environment:checking '/home/administrator/Masterproject2/20_ROS/src/Robots/install/meca500_moveit_config/lib/python3.12/site-packages'
[0.442s] Level 1:colcon.colcon_core.environment:checking '/home/administrator/Masterproject2/20_ROS/src/Robots/install/meca500_moveit_config/bin'
[0.442s] INFO:colcon.colcon_core.shell:Creating package script '/home/administrator/Masterproject2/20_ROS/src/Robots/install/meca500_moveit_config/share/meca500_moveit_config/package.ps1'
[0.443s] INFO:colcon.colcon_core.shell:Creating package descriptor '/home/administrator/Masterproject2/20_ROS/src/Robots/install/meca500_moveit_config/share/meca500_moveit_config/package.dsv'
[0.443s] INFO:colcon.colcon_core.shell:Creating package script '/home/administrator/Masterproject2/20_ROS/src/Robots/install/meca500_moveit_config/share/meca500_moveit_config/package.sh'
[0.443s] INFO:colcon.colcon_core.shell:Creating package script '/home/administrator/Masterproject2/20_ROS/src/Robots/install/meca500_moveit_config/share/meca500_moveit_config/package.bash'
[0.443s] INFO:colcon.colcon_core.shell:Creating package script '/home/administrator/Masterproject2/20_ROS/src/Robots/install/meca500_moveit_config/share/meca500_moveit_config/package.zsh'
[0.444s] Level 1:colcon.colcon_core.environment:create_file_with_runtime_dependencies(/home/administrator/Masterproject2/20_ROS/src/Robots/install/meca500_moveit_config/share/colcon-core/packages/meca500_moveit_config)
[0.444s] Level 1:colcon.colcon_core.environment:create_environment_scripts_only(ur_moveit_config)
[0.444s] Level 1:colcon.colcon_core.environment:checking '/home/administrator/Masterproject2/20_ROS/src/Robots/install/ur_moveit_config' for CMake module files
[0.445s] DEBUG:colcon.colcon_core.event_handler.log_command:Invoked command in '/home/administrator/Masterproject2/20_ROS/src/Robots/build/ur_moveit_config' returned '0': CMAKE_PREFIX_PATH=${CMAKE_PREFIX_PATH}:/opt/ros/kilted DEBUGINFOD_URLS=https://debuginfod.ubuntu.com /usr/bin/cmake --install /home/administrator/Masterproject2/20_ROS/src/Robots/build/ur_moveit_config
[0.445s] Level 1:colcon.colcon_core.environment:checking '/home/administrator/Masterproject2/20_ROS/src/Robots/install/ur_moveit_config' for CMake config files
[0.445s] Level 1:colcon.colcon_core.shell:create_environment_hook('ur_moveit_config', 'cmake_prefix_path')
[0.445s] INFO:colcon.colcon_core.shell:Creating environment hook '/home/administrator/Masterproject2/20_ROS/src/Robots/install/ur_moveit_config/share/ur_moveit_config/hook/cmake_prefix_path.ps1'
[0.446s] INFO:colcon.colcon_core.shell:Creating environment descriptor '/home/administrator/Masterproject2/20_ROS/src/Robots/install/ur_moveit_config/share/ur_moveit_config/hook/cmake_prefix_path.dsv'
[0.446s] INFO:colcon.colcon_core.shell:Creating environment hook '/home/administrator/Masterproject2/20_ROS/src/Robots/install/ur_moveit_config/share/ur_moveit_config/hook/cmake_prefix_path.sh'
[0.446s] Level 1:colcon.colcon_core.environment:checking '/home/administrator/Masterproject2/20_ROS/src/Robots/install/ur_moveit_config/bin'
[0.447s] Level 1:colcon.colcon_core.environment:checking '/home/administrator/Masterproject2/20_ROS/src/Robots/install/ur_moveit_config/lib/pkgconfig/ur_moveit_config.pc'
[0.447s] Level 1:colcon.colcon_core.environment:checking '/home/administrator/Masterproject2/20_ROS/src/Robots/install/ur_moveit_config/lib/python3.12/site-packages'
[0.447s] Level 1:colcon.colcon_core.environment:checking '/home/administrator/Masterproject2/20_ROS/src/Robots/install/ur_moveit_config/bin'
[0.447s] INFO:colcon.colcon_core.shell:Creating package script '/home/administrator/Masterproject2/20_ROS/src/Robots/install/ur_moveit_config/share/ur_moveit_config/package.ps1'
[0.448s] INFO:colcon.colcon_core.shell:Creating package descriptor '/home/administrator/Masterproject2/20_ROS/src/Robots/install/ur_moveit_config/share/ur_moveit_config/package.dsv'
[0.448s] INFO:colcon.colcon_core.shell:Creating package script '/home/administrator/Masterproject2/20_ROS/src/Robots/install/ur_moveit_config/share/ur_moveit_config/package.sh'
[0.449s] INFO:colcon.colcon_core.shell:Creating package script '/home/administrator/Masterproject2/20_ROS/src/Robots/install/ur_moveit_config/share/ur_moveit_config/package.bash'
[0.449s] INFO:colcon.colcon_core.shell:Creating package script '/home/administrator/Masterproject2/20_ROS/src/Robots/install/ur_moveit_config/share/ur_moveit_config/package.zsh'
[0.449s] Level 1:colcon.colcon_core.environment:create_file_with_runtime_dependencies(/home/administrator/Masterproject2/20_ROS/src/Robots/install/ur_moveit_config/share/colcon-core/packages/ur_moveit_config)
[0.450s] Level 1:colcon.colcon_core.environment:create_environment_scripts_only(ur_moveit_config)
[0.450s] Level 1:colcon.colcon_core.environment:checking '/home/administrator/Masterproject2/20_ROS/src/Robots/install/ur_moveit_config' for CMake module files
[0.450s] Level 1:colcon.colcon_core.environment:checking '/home/administrator/Masterproject2/20_ROS/src/Robots/install/ur_moveit_config' for CMake config files
[0.451s] Level 1:colcon.colcon_core.shell:create_environment_hook('ur_moveit_config', 'cmake_prefix_path')
[0.451s] INFO:colcon.colcon_core.shell:Creating environment hook '/home/administrator/Masterproject2/20_ROS/src/Robots/install/ur_moveit_config/share/ur_moveit_config/hook/cmake_prefix_path.ps1'
[0.451s] INFO:colcon.colcon_core.shell:Creating environment descriptor '/home/administrator/Masterproject2/20_ROS/src/Robots/install/ur_moveit_config/share/ur_moveit_config/hook/cmake_prefix_path.dsv'
[0.451s] INFO:colcon.colcon_core.shell:Creating environment hook '/home/administrator/Masterproject2/20_ROS/src/Robots/install/ur_moveit_config/share/ur_moveit_config/hook/cmake_prefix_path.sh'
[0.452s] Level 1:colcon.colcon_core.environment:checking '/home/administrator/Masterproject2/20_ROS/src/Robots/install/ur_moveit_config/bin'
[0.452s] Level 1:colcon.colcon_core.environment:checking '/home/administrator/Masterproject2/20_ROS/src/Robots/install/ur_moveit_config/lib/pkgconfig/ur_moveit_config.pc'
[0.452s] Level 1:colcon.colcon_core.environment:checking '/home/administrator/Masterproject2/20_ROS/src/Robots/install/ur_moveit_config/lib/python3.12/site-packages'
[0.452s] Level 1:colcon.colcon_core.environment:checking '/home/administrator/Masterproject2/20_ROS/src/Robots/install/ur_moveit_config/bin'
[0.452s] INFO:colcon.colcon_core.shell:Creating package script '/home/administrator/Masterproject2/20_ROS/src/Robots/install/ur_moveit_config/share/ur_moveit_config/package.ps1'
[0.453s] INFO:colcon.colcon_core.shell:Creating package descriptor '/home/administrator/Masterproject2/20_ROS/src/Robots/install/ur_moveit_config/share/ur_moveit_config/package.dsv'
[0.453s] INFO:colcon.colcon_core.shell:Creating package script '/home/administrator/Masterproject2/20_ROS/src/Robots/install/ur_moveit_config/share/ur_moveit_config/package.sh'
[0.453s] INFO:colcon.colcon_core.shell:Creating package script '/home/administrator/Masterproject2/20_ROS/src/Robots/install/ur_moveit_config/share/ur_moveit_config/package.bash'
[0.454s] INFO:colcon.colcon_core.shell:Creating package script '/home/administrator/Masterproject2/20_ROS/src/Robots/install/ur_moveit_config/share/ur_moveit_config/package.zsh'
[0.454s] Level 1:colcon.colcon_core.environment:create_file_with_runtime_dependencies(/home/administrator/Masterproject2/20_ROS/src/Robots/install/ur_moveit_config/share/colcon-core/packages/ur_moveit_config)
[0.454s] Level 1:colcon.colcon_core.environment:create_environment_scripts_only(meca500_description)
[0.454s] Level 1:colcon.colcon_core.environment:checking '/home/administrator/Masterproject2/20_ROS/src/Robots/install/meca500_description' for CMake module files
[0.455s] DEBUG:colcon.colcon_core.event_handler.log_command:Invoked command in '/home/administrator/Masterproject2/20_ROS/src/Robots/build/meca500_description' returned '0': CMAKE_PREFIX_PATH=${CMAKE_PREFIX_PATH}:/opt/ros/kilted DEBUGINFOD_URLS=https://debuginfod.ubuntu.com /usr/bin/cmake --install /home/administrator/Masterproject2/20_ROS/src/Robots/build/meca500_description
[0.455s] Level 1:colcon.colcon_core.environment:checking '/home/administrator/Masterproject2/20_ROS/src/Robots/install/meca500_description' for CMake config files
[0.455s] Level 1:colcon.colcon_core.shell:create_environment_hook('meca500_description', 'cmake_prefix_path')
[0.455s] INFO:colcon.colcon_core.shell:Creating environment hook '/home/administrator/Masterproject2/20_ROS/src/Robots/install/meca500_description/share/meca500_description/hook/cmake_prefix_path.ps1'
[0.456s] INFO:colcon.colcon_core.shell:Creating environment descriptor '/home/administrator/Masterproject2/20_ROS/src/Robots/install/meca500_description/share/meca500_description/hook/cmake_prefix_path.dsv'
[0.456s] INFO:colcon.colcon_core.shell:Creating environment hook '/home/administrator/Masterproject2/20_ROS/src/Robots/install/meca500_description/share/meca500_description/hook/cmake_prefix_path.sh'
[0.456s] Level 1:colcon.colcon_core.environment:checking '/home/administrator/Masterproject2/20_ROS/src/Robots/install/meca500_description/bin'
[0.456s] Level 1:colcon.colcon_core.environment:checking '/home/administrator/Masterproject2/20_ROS/src/Robots/install/meca500_description/lib/pkgconfig/meca500_description.pc'
[0.456s] Level 1:colcon.colcon_core.environment:checking '/home/administrator/Masterproject2/20_ROS/src/Robots/install/meca500_description/lib/python3.12/site-packages'
[0.457s] Level 1:colcon.colcon_core.environment:checking '/home/administrator/Masterproject2/20_ROS/src/Robots/install/meca500_description/bin'
[0.457s] INFO:colcon.colcon_core.shell:Creating package script '/home/administrator/Masterproject2/20_ROS/src/Robots/install/meca500_description/share/meca500_description/package.ps1'
[0.457s] INFO:colcon.colcon_core.shell:Creating package descriptor '/home/administrator/Masterproject2/20_ROS/src/Robots/install/meca500_description/share/meca500_description/package.dsv'
[0.457s] INFO:colcon.colcon_core.shell:Creating package script '/home/administrator/Masterproject2/20_ROS/src/Robots/install/meca500_description/share/meca500_description/package.sh'
[0.458s] INFO:colcon.colcon_core.shell:Creating package script '/home/administrator/Masterproject2/20_ROS/src/Robots/install/meca500_description/share/meca500_description/package.bash'
[0.458s] INFO:colcon.colcon_core.shell:Creating package script '/home/administrator/Masterproject2/20_ROS/src/Robots/install/meca500_description/share/meca500_description/package.zsh'
[0.458s] Level 1:colcon.colcon_core.environment:create_file_with_runtime_dependencies(/home/administrator/Masterproject2/20_ROS/src/Robots/install/meca500_description/share/colcon-core/packages/meca500_description)
[0.459s] Level 1:colcon.colcon_core.environment:create_environment_scripts_only(meca500_description)
[0.459s] Level 1:colcon.colcon_core.environment:checking '/home/administrator/Masterproject2/20_ROS/src/Robots/install/meca500_description' for CMake module files
[0.459s] Level 1:colcon.colcon_core.environment:checking '/home/administrator/Masterproject2/20_ROS/src/Robots/install/meca500_description' for CMake config files
[0.459s] Level 1:colcon.colcon_core.shell:create_environment_hook('meca500_description', 'cmake_prefix_path')
[0.459s] INFO:colcon.colcon_core.shell:Creating environment hook '/home/administrator/Masterproject2/20_ROS/src/Robots/install/meca500_description/share/meca500_description/hook/cmake_prefix_path.ps1'
[0.460s] INFO:colcon.colcon_core.shell:Creating environment descriptor '/home/administrator/Masterproject2/20_ROS/src/Robots/install/meca500_description/share/meca500_description/hook/cmake_prefix_path.dsv'
[0.460s] INFO:colcon.colcon_core.shell:Creating environment hook '/home/administrator/Masterproject2/20_ROS/src/Robots/install/meca500_description/share/meca500_description/hook/cmake_prefix_path.sh'
[0.460s] Level 1:colcon.colcon_core.environment:checking '/home/administrator/Masterproject2/20_ROS/src/Robots/install/meca500_description/bin'
[0.460s] Level 1:colcon.colcon_core.environment:checking '/home/administrator/Masterproject2/20_ROS/src/Robots/install/meca500_description/lib/pkgconfig/meca500_description.pc'
[0.461s] Level 1:colcon.colcon_core.environment:checking '/home/administrator/Masterproject2/20_ROS/src/Robots/install/meca500_description/lib/python3.12/site-packages'
[0.461s] Level 1:colcon.colcon_core.environment:checking '/home/administrator/Masterproject2/20_ROS/src/Robots/install/meca500_description/bin'
[0.461s] INFO:colcon.colcon_core.shell:Creating package script '/home/administrator/Masterproject2/20_ROS/src/Robots/install/meca500_description/share/meca500_description/package.ps1'
[0.461s] INFO:colcon.colcon_core.shell:Creating package descriptor '/home/administrator/Masterproject2/20_ROS/src/Robots/install/meca500_description/share/meca500_description/package.dsv'
[0.462s] INFO:colcon.colcon_core.shell:Creating package script '/home/administrator/Masterproject2/20_ROS/src/Robots/install/meca500_description/share/meca500_description/package.sh'
[0.462s] INFO:colcon.colcon_core.shell:Creating package script '/home/administrator/Masterproject2/20_ROS/src/Robots/install/meca500_description/share/meca500_description/package.bash'
[0.462s] INFO:colcon.colcon_core.shell:Creating package script '/home/administrator/Masterproject2/20_ROS/src/Robots/install/meca500_description/share/meca500_description/package.zsh'
[0.463s] Level 1:colcon.colcon_core.environment:create_file_with_runtime_dependencies(/home/administrator/Masterproject2/20_ROS/src/Robots/install/meca500_description/share/colcon-core/packages/meca500_description)
[0.464s] INFO:colcon.colcon_ros.task.ament_cmake.build:Building ROS package in '/home/administrator/Masterproject2/20_ROS/src/Robots/Mecademic/meca500_bringup' with build type 'ament_cmake'
[0.464s] DEBUG:colcon.colcon_core.event_handler.log_command:Invoked command in '/home/administrator/Masterproject2/20_ROS/src/Robots/build/sdc21x0' returned '0': CMAKE_PREFIX_PATH=${CMAKE_PREFIX_PATH}:/opt/ros/kilted DEBUGINFOD_URLS=https://debuginfod.ubuntu.com /usr/bin/cmake --build /home/administrator/Masterproject2/20_ROS/src/Robots/build/sdc21x0 -- -j14 -l14
[0.465s] INFO:colcon.colcon_cmake.task.cmake.build:Building CMake package in '/home/administrator/Masterproject2/20_ROS/src/Robots/Mecademic/meca500_bringup'
[0.465s] INFO:colcon.colcon_core.shell:Skip shell extension 'powershell' for command environment: Not usable outside of PowerShell
[0.465s] DEBUG:colcon.colcon_core.shell:Skip shell extension 'dsv' for command environment
[0.465s] DEBUG:colcon.colcon_core.event_handler.log_command:Invoking command in '/home/administrator/Masterproject2/20_ROS/src/Robots/build/sdc21x0': CMAKE_PREFIX_PATH=${CMAKE_PREFIX_PATH}:/opt/ros/kilted DEBUGINFOD_URLS=https://debuginfod.ubuntu.com /usr/bin/cmake --install /home/administrator/Masterproject2/20_ROS/src/Robots/build/sdc21x0
[0.469s] DEBUG:colcon.colcon_core.event_handler.log_command:Invoked command in '/home/administrator/Masterproject2/20_ROS/src/Robots/build/om_aiv_msg' returned '0': CMAKE_PREFIX_PATH=${CMAKE_PREFIX_PATH}:/opt/ros/kilted DEBUGINFOD_URLS=https://debuginfod.ubuntu.com /usr/bin/cmake --build /home/administrator/Masterproject2/20_ROS/src/Robots/build/om_aiv_msg -- -j14 -l14
[0.470s] DEBUG:colcon.colcon_core.event_handler.log_command:Invoking command in '/home/administrator/Masterproject2/20_ROS/src/Robots/build/om_aiv_msg': CMAKE_PREFIX_PATH=${CMAKE_PREFIX_PATH}:/opt/ros/kilted DEBUGINFOD_URLS=https://debuginfod.ubuntu.com /usr/bin/cmake --install /home/administrator/Masterproject2/20_ROS/src/Robots/build/om_aiv_msg
[0.470s] DEBUG:colcon.colcon_core.event_handler.log_command:Invoked command in '/home/administrator/Masterproject2/20_ROS/src/Robots/build/mir_actions' returned '0': CMAKE_PREFIX_PATH=${CMAKE_PREFIX_PATH}:/opt/ros/kilted DEBUGINFOD_URLS=https://debuginfod.ubuntu.com /usr/bin/cmake --build /home/administrator/Masterproject2/20_ROS/src/Robots/build/mir_actions -- -j14 -l14
[0.471s] DEBUG:colcon.colcon_core.event_handler.log_command:Invoking command in '/home/administrator/Masterproject2/20_ROS/src/Robots/build/mir_actions': CMAKE_PREFIX_PATH=${CMAKE_PREFIX_PATH}:/opt/ros/kilted DEBUGINFOD_URLS=https://debuginfod.ubuntu.com /usr/bin/cmake --install /home/administrator/Masterproject2/20_ROS/src/Robots/build/mir_actions
[0.481s] DEBUG:colcon.colcon_core.event_handler.log_command:Invoking command in '/home/administrator/Masterproject2/20_ROS/src/Robots/build/meca500_bringup': AMENT_PREFIX_PATH=/home/administrator/Masterproject2/20_ROS/src/Robots/install/meca500_hardware:/home/administrator/Masterproject2/20_ROS/src/Robots/install/meca500_description:${AMENT_PREFIX_PATH} CMAKE_PREFIX_PATH=/home/administrator/Masterproject2/20_ROS/src/Robots/install/meca500_hardware:/home/administrator/Masterproject2/20_ROS/src/Robots/install/meca500_description:/opt/ros/kilted/opt/sdformat_vendor:/opt/ros/kilted/opt/gz_math_vendor:/opt/ros/kilted/opt/gz_utils_vendor:/opt/ros/kilted/opt/gz_tools_vendor:/opt/ros/kilted/opt/gz_cmake_vendor:/opt/ros/kilted DEBUGINFOD_URLS=https://debuginfod.ubuntu.com LD_LIBRARY_PATH=/home/administrator/Masterproject2/20_ROS/src/Robots/install/meca500_hardware/lib:${LD_LIBRARY_PATH} /usr/bin/cmake --build /home/administrator/Masterproject2/20_ROS/src/Robots/build/meca500_bringup -- -j14 -l14
[0.497s] DEBUG:colcon.colcon_core.event_handler.log_command:Invoked command in '/home/administrator/Masterproject2/20_ROS/src/Robots/build/ur_dashboard_msgs' returned '0': CMAKE_PREFIX_PATH=${CMAKE_PREFIX_PATH}:/opt/ros/kilted DEBUGINFOD_URLS=https://debuginfod.ubuntu.com /usr/bin/cmake --build /home/administrator/Masterproject2/20_ROS/src/Robots/build/ur_dashboard_msgs -- -j14 -l14
[0.498s] DEBUG:colcon.colcon_core.event_handler.log_command:Invoking command in '/home/administrator/Masterproject2/20_ROS/src/Robots/build/ur_dashboard_msgs': CMAKE_PREFIX_PATH=${CMAKE_PREFIX_PATH}:/opt/ros/kilted DEBUGINFOD_URLS=https://debuginfod.ubuntu.com /usr/bin/cmake --install /home/administrator/Masterproject2/20_ROS/src/Robots/build/ur_dashboard_msgs
[0.503s] DEBUG:colcon.colcon_core.event_handler.log_command:Invoked command in '/home/administrator/Masterproject2/20_ROS/src/Robots/build/meca500_bringup' returned '0': AMENT_PREFIX_PATH=/home/administrator/Masterproject2/20_ROS/src/Robots/install/meca500_hardware:/home/administrator/Masterproject2/20_ROS/src/Robots/install/meca500_description:${AMENT_PREFIX_PATH} CMAKE_PREFIX_PATH=/home/administrator/Masterproject2/20_ROS/src/Robots/install/meca500_hardware:/home/administrator/Masterproject2/20_ROS/src/Robots/install/meca500_description:/opt/ros/kilted/opt/sdformat_vendor:/opt/ros/kilted/opt/gz_math_vendor:/opt/ros/kilted/opt/gz_utils_vendor:/opt/ros/kilted/opt/gz_tools_vendor:/opt/ros/kilted/opt/gz_cmake_vendor:/opt/ros/kilted DEBUGINFOD_URLS=https://debuginfod.ubuntu.com LD_LIBRARY_PATH=/home/administrator/Masterproject2/20_ROS/src/Robots/install/meca500_hardware/lib:${LD_LIBRARY_PATH} /usr/bin/cmake --build /home/administrator/Masterproject2/20_ROS/src/Robots/build/meca500_bringup -- -j14 -l14
[0.504s] DEBUG:colcon.colcon_core.event_handler.log_command:Invoking command in '/home/administrator/Masterproject2/20_ROS/src/Robots/build/meca500_bringup': AMENT_PREFIX_PATH=/home/administrator/Masterproject2/20_ROS/src/Robots/install/meca500_hardware:/home/administrator/Masterproject2/20_ROS/src/Robots/install/meca500_description:${AMENT_PREFIX_PATH} CMAKE_PREFIX_PATH=/home/administrator/Masterproject2/20_ROS/src/Robots/install/meca500_hardware:/home/administrator/Masterproject2/20_ROS/src/Robots/install/meca500_description:/opt/ros/kilted/opt/sdformat_vendor:/opt/ros/kilted/opt/gz_math_vendor:/opt/ros/kilted/opt/gz_utils_vendor:/opt/ros/kilted/opt/gz_tools_vendor:/opt/ros/kilted/opt/gz_cmake_vendor:/opt/ros/kilted DEBUGINFOD_URLS=https://debuginfod.ubuntu.com LD_LIBRARY_PATH=/home/administrator/Masterproject2/20_ROS/src/Robots/install/meca500_hardware/lib:${LD_LIBRARY_PATH} /usr/bin/cmake --install /home/administrator/Masterproject2/20_ROS/src/Robots/build/meca500_bringup
[0.511s] Level 1:colcon.colcon_core.environment:create_environment_scripts_only(meca500_bringup)
[0.512s] Level 1:colcon.colcon_core.environment:checking '/home/administrator/Masterproject2/20_ROS/src/Robots/install/meca500_bringup' for CMake module files
[0.515s] Level 1:colcon.colcon_core.environment:checking '/home/administrator/Masterproject2/20_ROS/src/Robots/install/meca500_bringup' for CMake config files
[0.516s] DEBUG:colcon.colcon_core.event_handler.log_command:Invoked command in '/home/administrator/Masterproject2/20_ROS/src/Robots/build/meca500_bringup' returned '0': AMENT_PREFIX_PATH=/home/administrator/Masterproject2/20_ROS/src/Robots/install/meca500_hardware:/home/administrator/Masterproject2/20_ROS/src/Robots/install/meca500_description:${AMENT_PREFIX_PATH} CMAKE_PREFIX_PATH=/home/administrator/Masterproject2/20_ROS/src/Robots/install/meca500_hardware:/home/administrator/Masterproject2/20_ROS/src/Robots/install/meca500_description:/opt/ros/kilted/opt/sdformat_vendor:/opt/ros/kilted/opt/gz_math_vendor:/opt/ros/kilted/opt/gz_utils_vendor:/opt/ros/kilted/opt/gz_tools_vendor:/opt/ros/kilted/opt/gz_cmake_vendor:/opt/ros/kilted DEBUGINFOD_URLS=https://debuginfod.ubuntu.com LD_LIBRARY_PATH=/home/administrator/Masterproject2/20_ROS/src/Robots/install/meca500_hardware/lib:${LD_LIBRARY_PATH} /usr/bin/cmake --install /home/administrator/Masterproject2/20_ROS/src/Robots/build/meca500_bringup
[0.518s] Level 1:colcon.colcon_core.shell:create_environment_hook('meca500_bringup', 'cmake_prefix_path')
[0.518s] INFO:colcon.colcon_core.shell:Creating environment hook '/home/administrator/Masterproject2/20_ROS/src/Robots/install/meca500_bringup/share/meca500_bringup/hook/cmake_prefix_path.ps1'
[0.520s] INFO:colcon.colcon_core.shell:Creating environment descriptor '/home/administrator/Masterproject2/20_ROS/src/Robots/install/meca500_bringup/share/meca500_bringup/hook/cmake_prefix_path.dsv'
[0.523s] INFO:colcon.colcon_core.shell:Creating environment hook '/home/administrator/Masterproject2/20_ROS/src/Robots/install/meca500_bringup/share/meca500_bringup/hook/cmake_prefix_path.sh'
[0.526s] Level 1:colcon.colcon_core.environment:checking '/home/administrator/Masterproject2/20_ROS/src/Robots/install/meca500_bringup/bin'
[0.526s] Level 1:colcon.colcon_core.environment:checking '/home/administrator/Masterproject2/20_ROS/src/Robots/install/meca500_bringup/lib/pkgconfig/meca500_bringup.pc'
[0.526s] Level 1:colcon.colcon_core.environment:checking '/home/administrator/Masterproject2/20_ROS/src/Robots/install/meca500_bringup/lib/python3.12/site-packages'
[0.527s] Level 1:colcon.colcon_core.environment:checking '/home/administrator/Masterproject2/20_ROS/src/Robots/install/meca500_bringup/bin'
[0.527s] INFO:colcon.colcon_core.shell:Creating package script '/home/administrator/Masterproject2/20_ROS/src/Robots/install/meca500_bringup/share/meca500_bringup/package.ps1'
[0.527s] INFO:colcon.colcon_core.shell:Creating package descriptor '/home/administrator/Masterproject2/20_ROS/src/Robots/install/meca500_bringup/share/meca500_bringup/package.dsv'
[0.528s] INFO:colcon.colcon_core.shell:Creating package script '/home/administrator/Masterproject2/20_ROS/src/Robots/install/meca500_bringup/share/meca500_bringup/package.sh'
[0.528s] INFO:colcon.colcon_core.shell:Creating package script '/home/administrator/Masterproject2/20_ROS/src/Robots/install/meca500_bringup/share/meca500_bringup/package.bash'
[0.529s] INFO:colcon.colcon_core.shell:Creating package script '/home/administrator/Masterproject2/20_ROS/src/Robots/install/meca500_bringup/share/meca500_bringup/package.zsh'
[0.529s] Level 1:colcon.colcon_core.environment:create_file_with_runtime_dependencies(/home/administrator/Masterproject2/20_ROS/src/Robots/install/meca500_bringup/share/colcon-core/packages/meca500_bringup)
[0.531s] Level 1:colcon.colcon_core.environment:create_environment_scripts_only(meca500_bringup)
[0.531s] Level 1:colcon.colcon_core.environment:checking '/home/administrator/Masterproject2/20_ROS/src/Robots/install/meca500_bringup' for CMake module files
[0.536s] Level 1:colcon.colcon_core.environment:checking '/home/administrator/Masterproject2/20_ROS/src/Robots/install/meca500_bringup' for CMake config files
[0.537s] Level 1:colcon.colcon_core.shell:create_environment_hook('meca500_bringup', 'cmake_prefix_path')
[0.538s] INFO:colcon.colcon_core.shell:Creating environment hook '/home/administrator/Masterproject2/20_ROS/src/Robots/install/meca500_bringup/share/meca500_bringup/hook/cmake_prefix_path.ps1'
[0.539s] INFO:colcon.colcon_core.shell:Creating environment descriptor '/home/administrator/Masterproject2/20_ROS/src/Robots/install/meca500_bringup/share/meca500_bringup/hook/cmake_prefix_path.dsv'
[0.541s] INFO:colcon.colcon_core.shell:Creating environment hook '/home/administrator/Masterproject2/20_ROS/src/Robots/install/meca500_bringup/share/meca500_bringup/hook/cmake_prefix_path.sh'
[0.543s] Level 1:colcon.colcon_core.environment:checking '/home/administrator/Masterproject2/20_ROS/src/Robots/install/meca500_bringup/bin'
[0.543s] Level 1:colcon.colcon_core.environment:checking '/home/administrator/Masterproject2/20_ROS/src/Robots/install/meca500_bringup/lib/pkgconfig/meca500_bringup.pc'
[0.543s] Level 1:colcon.colcon_core.environment:checking '/home/administrator/Masterproject2/20_ROS/src/Robots/install/meca500_bringup/lib/python3.12/site-packages'
[0.544s] Level 1:colcon.colcon_core.environment:checking '/home/administrator/Masterproject2/20_ROS/src/Robots/install/meca500_bringup/bin'
[0.544s] INFO:colcon.colcon_core.shell:Creating package script '/home/administrator/Masterproject2/20_ROS/src/Robots/install/meca500_bringup/share/meca500_bringup/package.ps1'
[0.545s] INFO:colcon.colcon_core.shell:Creating package descriptor '/home/administrator/Masterproject2/20_ROS/src/Robots/install/meca500_bringup/share/meca500_bringup/package.dsv'
[0.546s] INFO:colcon.colcon_core.shell:Creating package script '/home/administrator/Masterproject2/20_ROS/src/Robots/install/meca500_bringup/share/meca500_bringup/package.sh'
[0.547s] INFO:colcon.colcon_core.shell:Creating package script '/home/administrator/Masterproject2/20_ROS/src/Robots/install/meca500_bringup/share/meca500_bringup/package.bash'
[0.547s] INFO:colcon.colcon_core.shell:Creating package script '/home/administrator/Masterproject2/20_ROS/src/Robots/install/meca500_bringup/share/meca500_bringup/package.zsh'
[0.549s] Level 1:colcon.colcon_core.environment:create_file_with_runtime_dependencies(/home/administrator/Masterproject2/20_ROS/src/Robots/install/meca500_bringup/share/colcon-core/packages/meca500_bringup)
[0.551s] Level 1:colcon.colcon_core.environment:create_environment_scripts_only(sdc21x0)
[0.552s] Level 1:colcon.colcon_core.environment:checking '/home/administrator/Masterproject2/20_ROS/src/Robots/install/sdc21x0' for CMake module files
[0.554s] Level 1:colcon.colcon_core.environment:checking '/home/administrator/Masterproject2/20_ROS/src/Robots/install/sdc21x0' for CMake config files
[0.556s] Level 1:colcon.colcon_core.shell:create_environment_hook('sdc21x0', 'cmake_prefix_path')
[0.556s] INFO:colcon.colcon_core.shell:Creating environment hook '/home/administrator/Masterproject2/20_ROS/src/Robots/install/sdc21x0/share/sdc21x0/hook/cmake_prefix_path.ps1'
[0.556s] INFO:colcon.colcon_core.shell:Creating environment descriptor '/home/administrator/Masterproject2/20_ROS/src/Robots/install/sdc21x0/share/sdc21x0/hook/cmake_prefix_path.dsv'
[0.557s] INFO:colcon.colcon_core.shell:Creating environment hook '/home/administrator/Masterproject2/20_ROS/src/Robots/install/sdc21x0/share/sdc21x0/hook/cmake_prefix_path.sh'
[0.557s] Level 1:colcon.colcon_core.environment:checking '/home/administrator/Masterproject2/20_ROS/src/Robots/install/sdc21x0/lib'
[0.557s] Level 1:colcon.colcon_core.shell:create_environment_hook('sdc21x0', 'ld_library_path_lib')
[0.557s] INFO:colcon.colcon_core.shell:Creating environment hook '/home/administrator/Masterproject2/20_ROS/src/Robots/install/sdc21x0/share/sdc21x0/hook/ld_library_path_lib.ps1'
[0.558s] INFO:colcon.colcon_core.shell:Creating environment descriptor '/home/administrator/Masterproject2/20_ROS/src/Robots/install/sdc21x0/share/sdc21x0/hook/ld_library_path_lib.dsv'
[0.558s] INFO:colcon.colcon_core.shell:Creating environment hook '/home/administrator/Masterproject2/20_ROS/src/Robots/install/sdc21x0/share/sdc21x0/hook/ld_library_path_lib.sh'
[0.558s] Level 1:colcon.colcon_core.environment:checking '/home/administrator/Masterproject2/20_ROS/src/Robots/install/sdc21x0/bin'
[0.558s] Level 1:colcon.colcon_core.environment:checking '/home/administrator/Masterproject2/20_ROS/src/Robots/install/sdc21x0/lib/pkgconfig/sdc21x0.pc'
[0.559s] Level 1:colcon.colcon_core.environment:checking '/home/administrator/Masterproject2/20_ROS/src/Robots/install/sdc21x0/lib/python3.12/site-packages'
[0.559s] Level 1:colcon.colcon_core.shell:create_environment_hook('sdc21x0', 'pythonpath')
[0.559s] INFO:colcon.colcon_core.shell:Creating environment hook '/home/administrator/Masterproject2/20_ROS/src/Robots/install/sdc21x0/share/sdc21x0/hook/pythonpath.ps1'
[0.559s] INFO:colcon.colcon_core.shell:Creating environment descriptor '/home/administrator/Masterproject2/20_ROS/src/Robots/install/sdc21x0/share/sdc21x0/hook/pythonpath.dsv'
[0.559s] INFO:colcon.colcon_core.shell:Creating environment hook '/home/administrator/Masterproject2/20_ROS/src/Robots/install/sdc21x0/share/sdc21x0/hook/pythonpath.sh'
[0.560s] Level 1:colcon.colcon_core.environment:checking '/home/administrator/Masterproject2/20_ROS/src/Robots/install/sdc21x0/bin'
[0.560s] INFO:colcon.colcon_core.shell:Creating package script '/home/administrator/Masterproject2/20_ROS/src/Robots/install/sdc21x0/share/sdc21x0/package.ps1'
[0.561s] INFO:colcon.colcon_core.shell:Creating package descriptor '/home/administrator/Masterproject2/20_ROS/src/Robots/install/sdc21x0/share/sdc21x0/package.dsv'
[0.561s] INFO:colcon.colcon_core.shell:Creating package script '/home/administrator/Masterproject2/20_ROS/src/Robots/install/sdc21x0/share/sdc21x0/package.sh'
[0.561s] INFO:colcon.colcon_core.shell:Creating package script '/home/administrator/Masterproject2/20_ROS/src/Robots/install/sdc21x0/share/sdc21x0/package.bash'
[0.561s] INFO:colcon.colcon_core.shell:Creating package script '/home/administrator/Masterproject2/20_ROS/src/Robots/install/sdc21x0/share/sdc21x0/package.zsh'
[0.562s] Level 1:colcon.colcon_core.environment:create_file_with_runtime_dependencies(/home/administrator/Masterproject2/20_ROS/src/Robots/install/sdc21x0/share/colcon-core/packages/sdc21x0)
[0.562s] Level 1:colcon.colcon_core.environment:create_environment_scripts_only(sdc21x0)
[0.562s] Level 1:colcon.colcon_core.environment:checking '/home/administrator/Masterproject2/20_ROS/src/Robots/install/sdc21x0' for CMake module files
[0.563s] DEBUG:colcon.colcon_core.event_handler.log_command:Invoked command in '/home/administrator/Masterproject2/20_ROS/src/Robots/build/sdc21x0' returned '0': CMAKE_PREFIX_PATH=${CMAKE_PREFIX_PATH}:/opt/ros/kilted DEBUGINFOD_URLS=https://debuginfod.ubuntu.com /usr/bin/cmake --install /home/administrator/Masterproject2/20_ROS/src/Robots/build/sdc21x0
[0.563s] Level 1:colcon.colcon_core.environment:checking '/home/administrator/Masterproject2/20_ROS/src/Robots/install/sdc21x0' for CMake config files
[0.564s] Level 1:colcon.colcon_core.shell:create_environment_hook('sdc21x0', 'cmake_prefix_path')
[0.564s] INFO:colcon.colcon_core.shell:Creating environment hook '/home/administrator/Masterproject2/20_ROS/src/Robots/install/sdc21x0/share/sdc21x0/hook/cmake_prefix_path.ps1'
[0.564s] INFO:colcon.colcon_core.shell:Creating environment descriptor '/home/administrator/Masterproject2/20_ROS/src/Robots/install/sdc21x0/share/sdc21x0/hook/cmake_prefix_path.dsv'
[0.564s] INFO:colcon.colcon_core.shell:Creating environment hook '/home/administrator/Masterproject2/20_ROS/src/Robots/install/sdc21x0/share/sdc21x0/hook/cmake_prefix_path.sh'
[0.565s] Level 1:colcon.colcon_core.environment:checking '/home/administrator/Masterproject2/20_ROS/src/Robots/install/sdc21x0/lib'
[0.565s] Level 1:colcon.colcon_core.shell:create_environment_hook('sdc21x0', 'ld_library_path_lib')
[0.565s] INFO:colcon.colcon_core.shell:Creating environment hook '/home/administrator/Masterproject2/20_ROS/src/Robots/install/sdc21x0/share/sdc21x0/hook/ld_library_path_lib.ps1'
[0.565s] INFO:colcon.colcon_core.shell:Creating environment descriptor '/home/administrator/Masterproject2/20_ROS/src/Robots/install/sdc21x0/share/sdc21x0/hook/ld_library_path_lib.dsv'
[0.565s] INFO:colcon.colcon_core.shell:Creating environment hook '/home/administrator/Masterproject2/20_ROS/src/Robots/install/sdc21x0/share/sdc21x0/hook/ld_library_path_lib.sh'
[0.565s] Level 1:colcon.colcon_core.environment:checking '/home/administrator/Masterproject2/20_ROS/src/Robots/install/sdc21x0/bin'
[0.565s] Level 1:colcon.colcon_core.environment:checking '/home/administrator/Masterproject2/20_ROS/src/Robots/install/sdc21x0/lib/pkgconfig/sdc21x0.pc'
[0.565s] Level 1:colcon.colcon_core.environment:checking '/home/administrator/Masterproject2/20_ROS/src/Robots/install/sdc21x0/lib/python3.12/site-packages'
[0.565s] Level 1:colcon.colcon_core.shell:create_environment_hook('sdc21x0', 'pythonpath')
[0.565s] INFO:colcon.colcon_core.shell:Creating environment hook '/home/administrator/Masterproject2/20_ROS/src/Robots/install/sdc21x0/share/sdc21x0/hook/pythonpath.ps1'
[0.566s] INFO:colcon.colcon_core.shell:Creating environment descriptor '/home/administrator/Masterproject2/20_ROS/src/Robots/install/sdc21x0/share/sdc21x0/hook/pythonpath.dsv'
[0.566s] INFO:colcon.colcon_core.shell:Creating environment hook '/home/administrator/Masterproject2/20_ROS/src/Robots/install/sdc21x0/share/sdc21x0/hook/pythonpath.sh'
[0.566s] Level 1:colcon.colcon_core.environment:checking '/home/administrator/Masterproject2/20_ROS/src/Robots/install/sdc21x0/bin'
[0.566s] INFO:colcon.colcon_core.shell:Creating package script '/home/administrator/Masterproject2/20_ROS/src/Robots/install/sdc21x0/share/sdc21x0/package.ps1'
[0.567s] INFO:colcon.colcon_core.shell:Creating package descriptor '/home/administrator/Masterproject2/20_ROS/src/Robots/install/sdc21x0/share/sdc21x0/package.dsv'
[0.567s] INFO:colcon.colcon_core.shell:Creating package script '/home/administrator/Masterproject2/20_ROS/src/Robots/install/sdc21x0/share/sdc21x0/package.sh'
[0.567s] INFO:colcon.colcon_core.shell:Creating package script '/home/administrator/Masterproject2/20_ROS/src/Robots/install/sdc21x0/share/sdc21x0/package.bash'
[0.567s] INFO:colcon.colcon_core.shell:Creating package script '/home/administrator/Masterproject2/20_ROS/src/Robots/install/sdc21x0/share/sdc21x0/package.zsh'
[0.567s] Level 1:colcon.colcon_core.environment:create_file_with_runtime_dependencies(/home/administrator/Masterproject2/20_ROS/src/Robots/install/sdc21x0/share/colcon-core/packages/sdc21x0)
[0.569s] Level 1:colcon.colcon_core.environment:create_environment_scripts_only(mir_actions)
[0.569s] Level 1:colcon.colcon_core.environment:checking '/home/administrator/Masterproject2/20_ROS/src/Robots/install/mir_actions' for CMake module files
[0.569s] DEBUG:colcon.colcon_core.event_handler.log_command:Invoked command in '/home/administrator/Masterproject2/20_ROS/src/Robots/build/mir_msgs' returned '0': CMAKE_PREFIX_PATH=${CMAKE_PREFIX_PATH}:/opt/ros/kilted DEBUGINFOD_URLS=https://debuginfod.ubuntu.com /usr/bin/cmake --build /home/administrator/Masterproject2/20_ROS/src/Robots/build/mir_msgs -- -j14 -l14
[0.569s] DEBUG:colcon.colcon_core.event_handler.log_command:Invoking command in '/home/administrator/Masterproject2/20_ROS/src/Robots/build/mir_msgs': CMAKE_PREFIX_PATH=${CMAKE_PREFIX_PATH}:/opt/ros/kilted DEBUGINFOD_URLS=https://debuginfod.ubuntu.com /usr/bin/cmake --install /home/administrator/Masterproject2/20_ROS/src/Robots/build/mir_msgs
[0.570s] DEBUG:colcon.colcon_core.event_handler.log_command:Invoked command in '/home/administrator/Masterproject2/20_ROS/src/Robots/build/mir_actions' returned '0': CMAKE_PREFIX_PATH=${CMAKE_PREFIX_PATH}:/opt/ros/kilted DEBUGINFOD_URLS=https://debuginfod.ubuntu.com /usr/bin/cmake --install /home/administrator/Masterproject2/20_ROS/src/Robots/build/mir_actions
[0.570s] Level 1:colcon.colcon_core.environment:checking '/home/administrator/Masterproject2/20_ROS/src/Robots/install/mir_actions' for CMake config files
[0.570s] Level 1:colcon.colcon_core.shell:create_environment_hook('mir_actions', 'cmake_prefix_path')
[0.570s] INFO:colcon.colcon_core.shell:Creating environment hook '/home/administrator/Masterproject2/20_ROS/src/Robots/install/mir_actions/share/mir_actions/hook/cmake_prefix_path.ps1'
[0.570s] INFO:colcon.colcon_core.shell:Creating environment descriptor '/home/administrator/Masterproject2/20_ROS/src/Robots/install/mir_actions/share/mir_actions/hook/cmake_prefix_path.dsv'
[0.571s] INFO:colcon.colcon_core.shell:Creating environment hook '/home/administrator/Masterproject2/20_ROS/src/Robots/install/mir_actions/share/mir_actions/hook/cmake_prefix_path.sh'
[0.571s] Level 1:colcon.colcon_core.environment:checking '/home/administrator/Masterproject2/20_ROS/src/Robots/install/mir_actions/lib'
[0.571s] Level 1:colcon.colcon_core.shell:create_environment_hook('mir_actions', 'ld_library_path_lib')
[0.571s] INFO:colcon.colcon_core.shell:Creating environment hook '/home/administrator/Masterproject2/20_ROS/src/Robots/install/mir_actions/share/mir_actions/hook/ld_library_path_lib.ps1'
[0.571s] INFO:colcon.colcon_core.shell:Creating environment descriptor '/home/administrator/Masterproject2/20_ROS/src/Robots/install/mir_actions/share/mir_actions/hook/ld_library_path_lib.dsv'
[0.572s] INFO:colcon.colcon_core.shell:Creating environment hook '/home/administrator/Masterproject2/20_ROS/src/Robots/install/mir_actions/share/mir_actions/hook/ld_library_path_lib.sh'
[0.572s] Level 1:colcon.colcon_core.environment:checking '/home/administrator/Masterproject2/20_ROS/src/Robots/install/mir_actions/bin'
[0.572s] Level 1:colcon.colcon_core.environment:checking '/home/administrator/Masterproject2/20_ROS/src/Robots/install/mir_actions/lib/pkgconfig/mir_actions.pc'
[0.572s] Level 1:colcon.colcon_core.environment:checking '/home/administrator/Masterproject2/20_ROS/src/Robots/install/mir_actions/lib/python3.12/site-packages'
[0.572s] Level 1:colcon.colcon_core.shell:create_environment_hook('mir_actions', 'pythonpath')
[0.572s] INFO:colcon.colcon_core.shell:Creating environment hook '/home/administrator/Masterproject2/20_ROS/src/Robots/install/mir_actions/share/mir_actions/hook/pythonpath.ps1'
[0.572s] INFO:colcon.colcon_core.shell:Creating environment descriptor '/home/administrator/Masterproject2/20_ROS/src/Robots/install/mir_actions/share/mir_actions/hook/pythonpath.dsv'
[0.573s] INFO:colcon.colcon_core.shell:Creating environment hook '/home/administrator/Masterproject2/20_ROS/src/Robots/install/mir_actions/share/mir_actions/hook/pythonpath.sh'
[0.573s] Level 1:colcon.colcon_core.environment:checking '/home/administrator/Masterproject2/20_ROS/src/Robots/install/mir_actions/bin'
[0.573s] INFO:colcon.colcon_core.shell:Creating package script '/home/administrator/Masterproject2/20_ROS/src/Robots/install/mir_actions/share/mir_actions/package.ps1'
[0.574s] INFO:colcon.colcon_core.shell:Creating package descriptor '/home/administrator/Masterproject2/20_ROS/src/Robots/install/mir_actions/share/mir_actions/package.dsv'
[0.574s] INFO:colcon.colcon_core.shell:Creating package script '/home/administrator/Masterproject2/20_ROS/src/Robots/install/mir_actions/share/mir_actions/package.sh'
[0.574s] INFO:colcon.colcon_core.shell:Creating package script '/home/administrator/Masterproject2/20_ROS/src/Robots/install/mir_actions/share/mir_actions/package.bash'
[0.574s] INFO:colcon.colcon_core.shell:Creating package script '/home/administrator/Masterproject2/20_ROS/src/Robots/install/mir_actions/share/mir_actions/package.zsh'
[0.574s] Level 1:colcon.colcon_core.environment:create_file_with_runtime_dependencies(/home/administrator/Masterproject2/20_ROS/src/Robots/install/mir_actions/share/colcon-core/packages/mir_actions)
[0.575s] Level 1:colcon.colcon_core.environment:create_environment_scripts_only(mir_actions)
[0.575s] Level 1:colcon.colcon_core.environment:checking '/home/administrator/Masterproject2/20_ROS/src/Robots/install/mir_actions' for CMake module files
[0.575s] Level 1:colcon.colcon_core.environment:checking '/home/administrator/Masterproject2/20_ROS/src/Robots/install/mir_actions' for CMake config files
[0.576s] Level 1:colcon.colcon_core.shell:create_environment_hook('mir_actions', 'cmake_prefix_path')
[0.576s] INFO:colcon.colcon_core.shell:Creating environment hook '/home/administrator/Masterproject2/20_ROS/src/Robots/install/mir_actions/share/mir_actions/hook/cmake_prefix_path.ps1'
[0.576s] INFO:colcon.colcon_core.shell:Creating environment descriptor '/home/administrator/Masterproject2/20_ROS/src/Robots/install/mir_actions/share/mir_actions/hook/cmake_prefix_path.dsv'
[0.576s] INFO:colcon.colcon_core.shell:Creating environment hook '/home/administrator/Masterproject2/20_ROS/src/Robots/install/mir_actions/share/mir_actions/hook/cmake_prefix_path.sh'
[0.577s] Level 1:colcon.colcon_core.environment:checking '/home/administrator/Masterproject2/20_ROS/src/Robots/install/mir_actions/lib'
[0.577s] Level 1:colcon.colcon_core.shell:create_environment_hook('mir_actions', 'ld_library_path_lib')
[0.577s] INFO:colcon.colcon_core.shell:Creating environment hook '/home/administrator/Masterproject2/20_ROS/src/Robots/install/mir_actions/share/mir_actions/hook/ld_library_path_lib.ps1'
[0.577s] INFO:colcon.colcon_core.shell:Creating environment descriptor '/home/administrator/Masterproject2/20_ROS/src/Robots/install/mir_actions/share/mir_actions/hook/ld_library_path_lib.dsv'
[0.577s] INFO:colcon.colcon_core.shell:Creating environment hook '/home/administrator/Masterproject2/20_ROS/src/Robots/install/mir_actions/share/mir_actions/hook/ld_library_path_lib.sh'
[0.577s] Level 1:colcon.colcon_core.environment:checking '/home/administrator/Masterproject2/20_ROS/src/Robots/install/mir_actions/bin'
[0.577s] Level 1:colcon.colcon_core.environment:checking '/home/administrator/Masterproject2/20_ROS/src/Robots/install/mir_actions/lib/pkgconfig/mir_actions.pc'
[0.578s] Level 1:colcon.colcon_core.environment:checking '/home/administrator/Masterproject2/20_ROS/src/Robots/install/mir_actions/lib/python3.12/site-packages'
[0.578s] Level 1:colcon.colcon_core.shell:create_environment_hook('mir_actions', 'pythonpath')
[0.578s] INFO:colcon.colcon_core.shell:Creating environment hook '/home/administrator/Masterproject2/20_ROS/src/Robots/install/mir_actions/share/mir_actions/hook/pythonpath.ps1'
[0.578s] INFO:colcon.colcon_core.shell:Creating environment descriptor '/home/administrator/Masterproject2/20_ROS/src/Robots/install/mir_actions/share/mir_actions/hook/pythonpath.dsv'
[0.578s] INFO:colcon.colcon_core.shell:Creating environment hook '/home/administrator/Masterproject2/20_ROS/src/Robots/install/mir_actions/share/mir_actions/hook/pythonpath.sh'
[0.579s] Level 1:colcon.colcon_core.environment:checking '/home/administrator/Masterproject2/20_ROS/src/Robots/install/mir_actions/bin'
[0.579s] INFO:colcon.colcon_core.shell:Creating package script '/home/administrator/Masterproject2/20_ROS/src/Robots/install/mir_actions/share/mir_actions/package.ps1'
[0.579s] INFO:colcon.colcon_core.shell:Creating package descriptor '/home/administrator/Masterproject2/20_ROS/src/Robots/install/mir_actions/share/mir_actions/package.dsv'
[0.579s] INFO:colcon.colcon_core.shell:Creating package script '/home/administrator/Masterproject2/20_ROS/src/Robots/install/mir_actions/share/mir_actions/package.sh'
[0.580s] INFO:colcon.colcon_core.shell:Creating package script '/home/administrator/Masterproject2/20_ROS/src/Robots/install/mir_actions/share/mir_actions/package.bash'
[0.580s] INFO:colcon.colcon_core.shell:Creating package script '/home/administrator/Masterproject2/20_ROS/src/Robots/install/mir_actions/share/mir_actions/package.zsh'
[0.580s] Level 1:colcon.colcon_core.environment:create_file_with_runtime_dependencies(/home/administrator/Masterproject2/20_ROS/src/Robots/install/mir_actions/share/colcon-core/packages/mir_actions)
[0.580s] Level 1:colcon.colcon_core.environment:create_environment_scripts_only(om_aiv_msg)
[0.580s] Level 1:colcon.colcon_core.environment:checking '/home/administrator/Masterproject2/20_ROS/src/Robots/install/om_aiv_msg' for CMake module files
[0.581s] DEBUG:colcon.colcon_core.event_handler.log_command:Invoked command in '/home/administrator/Masterproject2/20_ROS/src/Robots/build/om_aiv_msg' returned '0': CMAKE_PREFIX_PATH=${CMAKE_PREFIX_PATH}:/opt/ros/kilted DEBUGINFOD_URLS=https://debuginfod.ubuntu.com /usr/bin/cmake --install /home/administrator/Masterproject2/20_ROS/src/Robots/build/om_aiv_msg
[0.582s] Level 1:colcon.colcon_core.environment:checking '/home/administrator/Masterproject2/20_ROS/src/Robots/install/om_aiv_msg' for CMake config files
[0.583s] Level 1:colcon.colcon_core.shell:create_environment_hook('om_aiv_msg', 'cmake_prefix_path')
[0.583s] INFO:colcon.colcon_core.shell:Creating environment hook '/home/administrator/Masterproject2/20_ROS/src/Robots/install/om_aiv_msg/share/om_aiv_msg/hook/cmake_prefix_path.ps1'
[0.583s] INFO:colcon.colcon_core.shell:Creating environment descriptor '/home/administrator/Masterproject2/20_ROS/src/Robots/install/om_aiv_msg/share/om_aiv_msg/hook/cmake_prefix_path.dsv'
[0.583s] INFO:colcon.colcon_core.shell:Creating environment hook '/home/administrator/Masterproject2/20_ROS/src/Robots/install/om_aiv_msg/share/om_aiv_msg/hook/cmake_prefix_path.sh'
[0.584s] Level 1:colcon.colcon_core.environment:checking '/home/administrator/Masterproject2/20_ROS/src/Robots/install/om_aiv_msg/lib'
[0.584s] Level 1:colcon.colcon_core.shell:create_environment_hook('om_aiv_msg', 'ld_library_path_lib')
[0.584s] INFO:colcon.colcon_core.shell:Creating environment hook '/home/administrator/Masterproject2/20_ROS/src/Robots/install/om_aiv_msg/share/om_aiv_msg/hook/ld_library_path_lib.ps1'
[0.584s] INFO:colcon.colcon_core.shell:Creating environment descriptor '/home/administrator/Masterproject2/20_ROS/src/Robots/install/om_aiv_msg/share/om_aiv_msg/hook/ld_library_path_lib.dsv'
[0.584s] INFO:colcon.colcon_core.shell:Creating environment hook '/home/administrator/Masterproject2/20_ROS/src/Robots/install/om_aiv_msg/share/om_aiv_msg/hook/ld_library_path_lib.sh'
[0.584s] Level 1:colcon.colcon_core.environment:checking '/home/administrator/Masterproject2/20_ROS/src/Robots/install/om_aiv_msg/bin'
[0.584s] Level 1:colcon.colcon_core.environment:checking '/home/administrator/Masterproject2/20_ROS/src/Robots/install/om_aiv_msg/lib/pkgconfig/om_aiv_msg.pc'
[0.585s] Level 1:colcon.colcon_core.environment:checking '/home/administrator/Masterproject2/20_ROS/src/Robots/install/om_aiv_msg/lib/python3.12/site-packages'
[0.585s] Level 1:colcon.colcon_core.shell:create_environment_hook('om_aiv_msg', 'pythonpath')
[0.585s] INFO:colcon.colcon_core.shell:Creating environment hook '/home/administrator/Masterproject2/20_ROS/src/Robots/install/om_aiv_msg/share/om_aiv_msg/hook/pythonpath.ps1'
[0.585s] INFO:colcon.colcon_core.shell:Creating environment descriptor '/home/administrator/Masterproject2/20_ROS/src/Robots/install/om_aiv_msg/share/om_aiv_msg/hook/pythonpath.dsv'
[0.585s] INFO:colcon.colcon_core.shell:Creating environment hook '/home/administrator/Masterproject2/20_ROS/src/Robots/install/om_aiv_msg/share/om_aiv_msg/hook/pythonpath.sh'
[0.585s] Level 1:colcon.colcon_core.environment:checking '/home/administrator/Masterproject2/20_ROS/src/Robots/install/om_aiv_msg/bin'
[0.585s] INFO:colcon.colcon_core.shell:Creating package script '/home/administrator/Masterproject2/20_ROS/src/Robots/install/om_aiv_msg/share/om_aiv_msg/package.ps1'
[0.586s] INFO:colcon.colcon_core.shell:Creating package descriptor '/home/administrator/Masterproject2/20_ROS/src/Robots/install/om_aiv_msg/share/om_aiv_msg/package.dsv'
[0.586s] INFO:colcon.colcon_core.shell:Creating package script '/home/administrator/Masterproject2/20_ROS/src/Robots/install/om_aiv_msg/share/om_aiv_msg/package.sh'
[0.586s] INFO:colcon.colcon_core.shell:Creating package script '/home/administrator/Masterproject2/20_ROS/src/Robots/install/om_aiv_msg/share/om_aiv_msg/package.bash'
[0.587s] INFO:colcon.colcon_core.shell:Creating package script '/home/administrator/Masterproject2/20_ROS/src/Robots/install/om_aiv_msg/share/om_aiv_msg/package.zsh'
[0.587s] Level 1:colcon.colcon_core.environment:create_file_with_runtime_dependencies(/home/administrator/Masterproject2/20_ROS/src/Robots/install/om_aiv_msg/share/colcon-core/packages/om_aiv_msg)
[0.587s] Level 1:colcon.colcon_core.environment:create_environment_scripts_only(om_aiv_msg)
[0.587s] Level 1:colcon.colcon_core.environment:checking '/home/administrator/Masterproject2/20_ROS/src/Robots/install/om_aiv_msg' for CMake module files
[0.588s] Level 1:colcon.colcon_core.environment:checking '/home/administrator/Masterproject2/20_ROS/src/Robots/install/om_aiv_msg' for CMake config files
[0.588s] Level 1:colcon.colcon_core.shell:create_environment_hook('om_aiv_msg', 'cmake_prefix_path')
[0.588s] INFO:colcon.colcon_core.shell:Creating environment hook '/home/administrator/Masterproject2/20_ROS/src/Robots/install/om_aiv_msg/share/om_aiv_msg/hook/cmake_prefix_path.ps1'
[0.589s] INFO:colcon.colcon_core.shell:Creating environment descriptor '/home/administrator/Masterproject2/20_ROS/src/Robots/install/om_aiv_msg/share/om_aiv_msg/hook/cmake_prefix_path.dsv'
[0.589s] INFO:colcon.colcon_core.shell:Creating environment hook '/home/administrator/Masterproject2/20_ROS/src/Robots/install/om_aiv_msg/share/om_aiv_msg/hook/cmake_prefix_path.sh'
[0.589s] Level 1:colcon.colcon_core.environment:checking '/home/administrator/Masterproject2/20_ROS/src/Robots/install/om_aiv_msg/lib'
[0.589s] Level 1:colcon.colcon_core.shell:create_environment_hook('om_aiv_msg', 'ld_library_path_lib')
[0.589s] INFO:colcon.colcon_core.shell:Creating environment hook '/home/administrator/Masterproject2/20_ROS/src/Robots/install/om_aiv_msg/share/om_aiv_msg/hook/ld_library_path_lib.ps1'
[0.589s] INFO:colcon.colcon_core.shell:Creating environment descriptor '/home/administrator/Masterproject2/20_ROS/src/Robots/install/om_aiv_msg/share/om_aiv_msg/hook/ld_library_path_lib.dsv'
[0.590s] INFO:colcon.colcon_core.shell:Creating environment hook '/home/administrator/Masterproject2/20_ROS/src/Robots/install/om_aiv_msg/share/om_aiv_msg/hook/ld_library_path_lib.sh'
[0.590s] Level 1:colcon.colcon_core.environment:checking '/home/administrator/Masterproject2/20_ROS/src/Robots/install/om_aiv_msg/bin'
[0.590s] Level 1:colcon.colcon_core.environment:checking '/home/administrator/Masterproject2/20_ROS/src/Robots/install/om_aiv_msg/lib/pkgconfig/om_aiv_msg.pc'
[0.590s] Level 1:colcon.colcon_core.environment:checking '/home/administrator/Masterproject2/20_ROS/src/Robots/install/om_aiv_msg/lib/python3.12/site-packages'
[0.590s] Level 1:colcon.colcon_core.shell:create_environment_hook('om_aiv_msg', 'pythonpath')
[0.590s] INFO:colcon.colcon_core.shell:Creating environment hook '/home/administrator/Masterproject2/20_ROS/src/Robots/install/om_aiv_msg/share/om_aiv_msg/hook/pythonpath.ps1'
[0.590s] INFO:colcon.colcon_core.shell:Creating environment descriptor '/home/administrator/Masterproject2/20_ROS/src/Robots/install/om_aiv_msg/share/om_aiv_msg/hook/pythonpath.dsv'
[0.590s] INFO:colcon.colcon_core.shell:Creating environment hook '/home/administrator/Masterproject2/20_ROS/src/Robots/install/om_aiv_msg/share/om_aiv_msg/hook/pythonpath.sh'
[0.591s] Level 1:colcon.colcon_core.environment:checking '/home/administrator/Masterproject2/20_ROS/src/Robots/install/om_aiv_msg/bin'
[0.591s] INFO:colcon.colcon_core.shell:Creating package script '/home/administrator/Masterproject2/20_ROS/src/Robots/install/om_aiv_msg/share/om_aiv_msg/package.ps1'
[0.591s] INFO:colcon.colcon_core.shell:Creating package descriptor '/home/administrator/Masterproject2/20_ROS/src/Robots/install/om_aiv_msg/share/om_aiv_msg/package.dsv'
[0.592s] INFO:colcon.colcon_core.shell:Creating package script '/home/administrator/Masterproject2/20_ROS/src/Robots/install/om_aiv_msg/share/om_aiv_msg/package.sh'
[0.592s] INFO:colcon.colcon_core.shell:Creating package script '/home/administrator/Masterproject2/20_ROS/src/Robots/install/om_aiv_msg/share/om_aiv_msg/package.bash'
[0.592s] INFO:colcon.colcon_core.shell:Creating package script '/home/administrator/Masterproject2/20_ROS/src/Robots/install/om_aiv_msg/share/om_aiv_msg/package.zsh'
[0.592s] Level 1:colcon.colcon_core.environment:create_file_with_runtime_dependencies(/home/administrator/Masterproject2/20_ROS/src/Robots/install/om_aiv_msg/share/colcon-core/packages/om_aiv_msg)
[0.593s] INFO:colcon.colcon_ros.task.ament_cmake.build:Building ROS package in '/home/administrator/Masterproject2/20_ROS/src/Robots/Omron_AMR/src/amr_visualisation' with build type 'ament_cmake'
[0.593s] INFO:colcon.colcon_cmake.task.cmake.build:Building CMake package in '/home/administrator/Masterproject2/20_ROS/src/Robots/Omron_AMR/src/amr_visualisation'
[0.593s] INFO:colcon.colcon_core.shell:Skip shell extension 'powershell' for command environment: Not usable outside of PowerShell
[0.593s] DEBUG:colcon.colcon_core.shell:Skip shell extension 'dsv' for command environment
[0.600s] INFO:colcon.colcon_ros.task.ament_cmake.build:Building ROS package in '/home/administrator/Masterproject2/20_ROS/src/Robots/Omron_AMR/src/demo' with build type 'ament_cmake'
[0.600s] INFO:colcon.colcon_cmake.task.cmake.build:Building CMake package in '/home/administrator/Masterproject2/20_ROS/src/Robots/Omron_AMR/src/demo'
[0.600s] INFO:colcon.colcon_core.shell:Skip shell extension 'powershell' for command environment: Not usable outside of PowerShell
[0.600s] DEBUG:colcon.colcon_core.shell:Skip shell extension 'dsv' for command environment
[0.607s] INFO:colcon.colcon_ros.task.ament_python.build:Building ROS package in '/home/administrator/Masterproject2/20_ROS/src/Robots/Omron_AMR/src/om_aiv_util' with build type 'ament_python'
[0.607s] Level 1:colcon.colcon_core.shell:create_environment_hook('om_aiv_util', 'ament_prefix_path')
[0.608s] INFO:colcon.colcon_core.shell:Creating environment hook '/home/administrator/Masterproject2/20_ROS/src/Robots/install/om_aiv_util/share/om_aiv_util/hook/ament_prefix_path.ps1'
[0.610s] INFO:colcon.colcon_core.shell:Creating environment descriptor '/home/administrator/Masterproject2/20_ROS/src/Robots/install/om_aiv_util/share/om_aiv_util/hook/ament_prefix_path.dsv'
[0.611s] INFO:colcon.colcon_core.shell:Creating environment hook '/home/administrator/Masterproject2/20_ROS/src/Robots/install/om_aiv_util/share/om_aiv_util/hook/ament_prefix_path.sh'
[0.614s] INFO:colcon.colcon_core.shell:Skip shell extension 'powershell' for command environment: Not usable outside of PowerShell
[0.614s] DEBUG:colcon.colcon_core.shell:Skip shell extension 'dsv' for command environment
[0.624s] Level 1:colcon.colcon_core.environment:create_environment_scripts_only(ur_dashboard_msgs)
[0.624s] Level 1:colcon.colcon_core.environment:checking '/home/administrator/Masterproject2/20_ROS/src/Robots/install/ur_dashboard_msgs' for CMake module files
[0.626s] Level 1:colcon.colcon_core.environment:checking '/home/administrator/Masterproject2/20_ROS/src/Robots/install/ur_dashboard_msgs' for CMake config files
[0.635s] Level 1:colcon.colcon_core.shell:create_environment_hook('ur_dashboard_msgs', 'cmake_prefix_path')
[0.635s] INFO:colcon.colcon_core.shell:Creating environment hook '/home/administrator/Masterproject2/20_ROS/src/Robots/install/ur_dashboard_msgs/share/ur_dashboard_msgs/hook/cmake_prefix_path.ps1'
[0.636s] INFO:colcon.colcon_core.shell:Creating environment descriptor '/home/administrator/Masterproject2/20_ROS/src/Robots/install/ur_dashboard_msgs/share/ur_dashboard_msgs/hook/cmake_prefix_path.dsv'
[0.636s] INFO:colcon.colcon_core.shell:Creating environment hook '/home/administrator/Masterproject2/20_ROS/src/Robots/install/ur_dashboard_msgs/share/ur_dashboard_msgs/hook/cmake_prefix_path.sh'
[0.637s] Level 1:colcon.colcon_core.environment:checking '/home/administrator/Masterproject2/20_ROS/src/Robots/install/ur_dashboard_msgs/lib'
[0.637s] Level 1:colcon.colcon_core.shell:create_environment_hook('ur_dashboard_msgs', 'ld_library_path_lib')
[0.637s] INFO:colcon.colcon_core.shell:Creating environment hook '/home/administrator/Masterproject2/20_ROS/src/Robots/install/ur_dashboard_msgs/share/ur_dashboard_msgs/hook/ld_library_path_lib.ps1'
[0.638s] INFO:colcon.colcon_core.shell:Creating environment descriptor '/home/administrator/Masterproject2/20_ROS/src/Robots/install/ur_dashboard_msgs/share/ur_dashboard_msgs/hook/ld_library_path_lib.dsv'
[0.638s] INFO:colcon.colcon_core.shell:Creating environment hook '/home/administrator/Masterproject2/20_ROS/src/Robots/install/ur_dashboard_msgs/share/ur_dashboard_msgs/hook/ld_library_path_lib.sh'
[0.638s] Level 1:colcon.colcon_core.environment:checking '/home/administrator/Masterproject2/20_ROS/src/Robots/install/ur_dashboard_msgs/bin'
[0.638s] Level 1:colcon.colcon_core.environment:checking '/home/administrator/Masterproject2/20_ROS/src/Robots/install/ur_dashboard_msgs/lib/pkgconfig/ur_dashboard_msgs.pc'
[0.638s] Level 1:colcon.colcon_core.environment:checking '/home/administrator/Masterproject2/20_ROS/src/Robots/install/ur_dashboard_msgs/lib/python3.12/site-packages'
[0.638s] Level 1:colcon.colcon_core.shell:create_environment_hook('ur_dashboard_msgs', 'pythonpath')
[0.639s] INFO:colcon.colcon_core.shell:Creating environment hook '/home/administrator/Masterproject2/20_ROS/src/Robots/install/ur_dashboard_msgs/share/ur_dashboard_msgs/hook/pythonpath.ps1'
[0.639s] INFO:colcon.colcon_core.shell:Creating environment descriptor '/home/administrator/Masterproject2/20_ROS/src/Robots/install/ur_dashboard_msgs/share/ur_dashboard_msgs/hook/pythonpath.dsv'
[0.639s] INFO:colcon.colcon_core.shell:Creating environment hook '/home/administrator/Masterproject2/20_ROS/src/Robots/install/ur_dashboard_msgs/share/ur_dashboard_msgs/hook/pythonpath.sh'
[0.640s] Level 1:colcon.colcon_core.environment:checking '/home/administrator/Masterproject2/20_ROS/src/Robots/install/ur_dashboard_msgs/bin'
[0.640s] INFO:colcon.colcon_core.shell:Creating package script '/home/administrator/Masterproject2/20_ROS/src/Robots/install/ur_dashboard_msgs/share/ur_dashboard_msgs/package.ps1'
[0.640s] INFO:colcon.colcon_core.shell:Creating package descriptor '/home/administrator/Masterproject2/20_ROS/src/Robots/install/ur_dashboard_msgs/share/ur_dashboard_msgs/package.dsv'
[0.641s] INFO:colcon.colcon_core.shell:Creating package script '/home/administrator/Masterproject2/20_ROS/src/Robots/install/ur_dashboard_msgs/share/ur_dashboard_msgs/package.sh'
[0.641s] INFO:colcon.colcon_core.shell:Creating package script '/home/administrator/Masterproject2/20_ROS/src/Robots/install/ur_dashboard_msgs/share/ur_dashboard_msgs/package.bash'
[0.641s] INFO:colcon.colcon_core.shell:Creating package script '/home/administrator/Masterproject2/20_ROS/src/Robots/install/ur_dashboard_msgs/share/ur_dashboard_msgs/package.zsh'
[0.642s] Level 1:colcon.colcon_core.environment:create_file_with_runtime_dependencies(/home/administrator/Masterproject2/20_ROS/src/Robots/install/ur_dashboard_msgs/share/colcon-core/packages/ur_dashboard_msgs)
[0.643s] Level 1:colcon.colcon_core.environment:create_environment_scripts_only(ur_dashboard_msgs)
[0.643s] Level 1:colcon.colcon_core.environment:checking '/home/administrator/Masterproject2/20_ROS/src/Robots/install/ur_dashboard_msgs' for CMake module files
[0.644s] Level 1:colcon.colcon_core.environment:checking '/home/administrator/Masterproject2/20_ROS/src/Robots/install/ur_dashboard_msgs' for CMake config files
[0.652s] Level 1:colcon.colcon_core.shell:create_environment_hook('ur_dashboard_msgs', 'cmake_prefix_path')
[0.652s] INFO:colcon.colcon_core.shell:Creating environment hook '/home/administrator/Masterproject2/20_ROS/src/Robots/install/ur_dashboard_msgs/share/ur_dashboard_msgs/hook/cmake_prefix_path.ps1'
[0.654s] INFO:colcon.colcon_core.shell:Creating environment descriptor '/home/administrator/Masterproject2/20_ROS/src/Robots/install/ur_dashboard_msgs/share/ur_dashboard_msgs/hook/cmake_prefix_path.dsv'
[0.654s] INFO:colcon.colcon_core.shell:Creating environment hook '/home/administrator/Masterproject2/20_ROS/src/Robots/install/ur_dashboard_msgs/share/ur_dashboard_msgs/hook/cmake_prefix_path.sh'
[0.655s] Level 1:colcon.colcon_core.environment:checking '/home/administrator/Masterproject2/20_ROS/src/Robots/install/ur_dashboard_msgs/lib'
[0.655s] Level 1:colcon.colcon_core.shell:create_environment_hook('ur_dashboard_msgs', 'ld_library_path_lib')
[0.655s] INFO:colcon.colcon_core.shell:Creating environment hook '/home/administrator/Masterproject2/20_ROS/src/Robots/install/ur_dashboard_msgs/share/ur_dashboard_msgs/hook/ld_library_path_lib.ps1'
[0.656s] INFO:colcon.colcon_core.shell:Creating environment descriptor '/home/administrator/Masterproject2/20_ROS/src/Robots/install/ur_dashboard_msgs/share/ur_dashboard_msgs/hook/ld_library_path_lib.dsv'
[0.657s] INFO:colcon.colcon_core.shell:Creating environment hook '/home/administrator/Masterproject2/20_ROS/src/Robots/install/ur_dashboard_msgs/share/ur_dashboard_msgs/hook/ld_library_path_lib.sh'
[0.658s] Level 1:colcon.colcon_core.environment:checking '/home/administrator/Masterproject2/20_ROS/src/Robots/install/ur_dashboard_msgs/bin'
[0.658s] Level 1:colcon.colcon_core.environment:checking '/home/administrator/Masterproject2/20_ROS/src/Robots/install/ur_dashboard_msgs/lib/pkgconfig/ur_dashboard_msgs.pc'
[0.658s] Level 1:colcon.colcon_core.environment:checking '/home/administrator/Masterproject2/20_ROS/src/Robots/install/ur_dashboard_msgs/lib/python3.12/site-packages'
[0.658s] Level 1:colcon.colcon_core.shell:create_environment_hook('ur_dashboard_msgs', 'pythonpath')
[0.658s] INFO:colcon.colcon_core.shell:Creating environment hook '/home/administrator/Masterproject2/20_ROS/src/Robots/install/ur_dashboard_msgs/share/ur_dashboard_msgs/hook/pythonpath.ps1'
[0.659s] INFO:colcon.colcon_core.shell:Creating environment descriptor '/home/administrator/Masterproject2/20_ROS/src/Robots/install/ur_dashboard_msgs/share/ur_dashboard_msgs/hook/pythonpath.dsv'
[0.660s] INFO:colcon.colcon_core.shell:Creating environment hook '/home/administrator/Masterproject2/20_ROS/src/Robots/install/ur_dashboard_msgs/share/ur_dashboard_msgs/hook/pythonpath.sh'
[0.660s] Level 1:colcon.colcon_core.environment:checking '/home/administrator/Masterproject2/20_ROS/src/Robots/install/ur_dashboard_msgs/bin'
[0.661s] INFO:colcon.colcon_core.shell:Creating package script '/home/administrator/Masterproject2/20_ROS/src/Robots/install/ur_dashboard_msgs/share/ur_dashboard_msgs/package.ps1'
[0.661s] INFO:colcon.colcon_core.shell:Creating package descriptor '/home/administrator/Masterproject2/20_ROS/src/Robots/install/ur_dashboard_msgs/share/ur_dashboard_msgs/package.dsv'
[0.662s] INFO:colcon.colcon_core.shell:Creating package script '/home/administrator/Masterproject2/20_ROS/src/Robots/install/ur_dashboard_msgs/share/ur_dashboard_msgs/package.sh'
[0.662s] INFO:colcon.colcon_core.shell:Creating package script '/home/administrator/Masterproject2/20_ROS/src/Robots/install/ur_dashboard_msgs/share/ur_dashboard_msgs/package.bash'
[0.663s] INFO:colcon.colcon_core.shell:Creating package script '/home/administrator/Masterproject2/20_ROS/src/Robots/install/ur_dashboard_msgs/share/ur_dashboard_msgs/package.zsh'
[0.663s] Level 1:colcon.colcon_core.environment:create_file_with_runtime_dependencies(/home/administrator/Masterproject2/20_ROS/src/Robots/install/ur_dashboard_msgs/share/colcon-core/packages/ur_dashboard_msgs)
[0.664s] INFO:colcon.colcon_ros.task.ament_cmake.build:Building ROS package in '/home/administrator/Masterproject2/20_ROS/src/Robots/UR_Driver/ur_controllers' with build type 'ament_cmake'
[0.664s] INFO:colcon.colcon_cmake.task.cmake.build:Building CMake package in '/home/administrator/Masterproject2/20_ROS/src/Robots/UR_Driver/ur_controllers'
[0.664s] INFO:colcon.colcon_core.shell:Skip shell extension 'powershell' for command environment: Not usable outside of PowerShell
[0.664s] DEBUG:colcon.colcon_core.shell:Skip shell extension 'dsv' for command environment
[0.694s] DEBUG:colcon.colcon_core.event_handler.log_command:Invoked command in '/home/administrator/Masterproject2/20_ROS/src/Robots/build/ur_dashboard_msgs' returned '0': CMAKE_PREFIX_PATH=${CMAKE_PREFIX_PATH}:/opt/ros/kilted DEBUGINFOD_URLS=https://debuginfod.ubuntu.com /usr/bin/cmake --install /home/administrator/Masterproject2/20_ROS/src/Robots/build/ur_dashboard_msgs
[0.702s] DEBUG:colcon.colcon_core.event_handler.log_command:Invoking command in '/home/administrator/Masterproject2/20_ROS/src/Robots/build/amr_visualisation': AMENT_PREFIX_PATH=/home/administrator/Masterproject2/20_ROS/src/Robots/install/om_aiv_msg:${AMENT_PREFIX_PATH} CMAKE_PREFIX_PATH=/home/administrator/Masterproject2/20_ROS/src/Robots/install/om_aiv_msg:/opt/ros/kilted/opt/sdformat_vendor:/opt/ros/kilted/opt/gz_math_vendor:/opt/ros/kilted/opt/gz_utils_vendor:/opt/ros/kilted/opt/gz_tools_vendor:/opt/ros/kilted/opt/gz_cmake_vendor:/opt/ros/kilted DEBUGINFOD_URLS=https://debuginfod.ubuntu.com LD_LIBRARY_PATH=/home/administrator/Masterproject2/20_ROS/src/Robots/install/om_aiv_msg/lib:${LD_LIBRARY_PATH} PYTHONPATH=/home/administrator/Masterproject2/20_ROS/src/Robots/install/om_aiv_msg/lib/python3.12/site-packages:${PYTHONPATH} /usr/bin/cmake --build /home/administrator/Masterproject2/20_ROS/src/Robots/build/amr_visualisation -- -j14 -l14
[0.702s] DEBUG:colcon.colcon_core.event_handler.log_command:Invoking command in '/home/administrator/Masterproject2/20_ROS/src/Robots/build/demo': AMENT_PREFIX_PATH=/home/administrator/Masterproject2/20_ROS/src/Robots/install/om_aiv_msg:${AMENT_PREFIX_PATH} CMAKE_PREFIX_PATH=/home/administrator/Masterproject2/20_ROS/src/Robots/install/om_aiv_msg:/opt/ros/kilted/opt/sdformat_vendor:/opt/ros/kilted/opt/gz_math_vendor:/opt/ros/kilted/opt/gz_utils_vendor:/opt/ros/kilted/opt/gz_tools_vendor:/opt/ros/kilted/opt/gz_cmake_vendor:/opt/ros/kilted DEBUGINFOD_URLS=https://debuginfod.ubuntu.com LD_LIBRARY_PATH=/home/administrator/Masterproject2/20_ROS/src/Robots/install/om_aiv_msg/lib:${LD_LIBRARY_PATH} PYTHONPATH=/home/administrator/Masterproject2/20_ROS/src/Robots/install/om_aiv_msg/lib/python3.12/site-packages:${PYTHONPATH} /usr/bin/cmake --build /home/administrator/Masterproject2/20_ROS/src/Robots/build/demo -- -j14 -l14
[0.797s] INFO:colcon.colcon_core.task.python.build:Building Python package in '/home/administrator/Masterproject2/20_ROS/src/Robots/Omron_AMR/src/om_aiv_util'
[0.797s] INFO:colcon.colcon_core.shell:Skip shell extension 'powershell' for command environment: Not usable outside of PowerShell
[0.797s] DEBUG:colcon.colcon_core.shell:Skip shell extension 'dsv' for command environment
[0.802s] Level 1:colcon.colcon_core.environment:create_environment_scripts_only(mir_msgs)
[0.802s] Level 1:colcon.colcon_core.environment:checking '/home/administrator/Masterproject2/20_ROS/src/Robots/install/mir_msgs' for CMake module files
[0.803s] DEBUG:colcon.colcon_core.event_handler.log_command:Invoked command in '/home/administrator/Masterproject2/20_ROS/src/Robots/build/mir_msgs' returned '0': CMAKE_PREFIX_PATH=${CMAKE_PREFIX_PATH}:/opt/ros/kilted DEBUGINFOD_URLS=https://debuginfod.ubuntu.com /usr/bin/cmake --install /home/administrator/Masterproject2/20_ROS/src/Robots/build/mir_msgs
[0.803s] Level 1:colcon.colcon_core.environment:checking '/home/administrator/Masterproject2/20_ROS/src/Robots/install/mir_msgs' for CMake config files
[0.804s] Level 1:colcon.colcon_core.shell:create_environment_hook('mir_msgs', 'cmake_prefix_path')
[0.804s] INFO:colcon.colcon_core.shell:Creating environment hook '/home/administrator/Masterproject2/20_ROS/src/Robots/install/mir_msgs/share/mir_msgs/hook/cmake_prefix_path.ps1'
[0.804s] INFO:colcon.colcon_core.shell:Creating environment descriptor '/home/administrator/Masterproject2/20_ROS/src/Robots/install/mir_msgs/share/mir_msgs/hook/cmake_prefix_path.dsv'
[0.805s] INFO:colcon.colcon_core.shell:Creating environment hook '/home/administrator/Masterproject2/20_ROS/src/Robots/install/mir_msgs/share/mir_msgs/hook/cmake_prefix_path.sh'
[0.805s] Level 1:colcon.colcon_core.environment:checking '/home/administrator/Masterproject2/20_ROS/src/Robots/install/mir_msgs/lib'
[0.805s] Level 1:colcon.colcon_core.shell:create_environment_hook('mir_msgs', 'ld_library_path_lib')
[0.805s] INFO:colcon.colcon_core.shell:Creating environment hook '/home/administrator/Masterproject2/20_ROS/src/Robots/install/mir_msgs/share/mir_msgs/hook/ld_library_path_lib.ps1'
[0.805s] INFO:colcon.colcon_core.shell:Creating environment descriptor '/home/administrator/Masterproject2/20_ROS/src/Robots/install/mir_msgs/share/mir_msgs/hook/ld_library_path_lib.dsv'
[0.805s] INFO:colcon.colcon_core.shell:Creating environment hook '/home/administrator/Masterproject2/20_ROS/src/Robots/install/mir_msgs/share/mir_msgs/hook/ld_library_path_lib.sh'
[0.805s] Level 1:colcon.colcon_core.environment:checking '/home/administrator/Masterproject2/20_ROS/src/Robots/install/mir_msgs/bin'
[0.805s] Level 1:colcon.colcon_core.environment:checking '/home/administrator/Masterproject2/20_ROS/src/Robots/install/mir_msgs/lib/pkgconfig/mir_msgs.pc'
[0.806s] Level 1:colcon.colcon_core.environment:checking '/home/administrator/Masterproject2/20_ROS/src/Robots/install/mir_msgs/lib/python3.12/site-packages'
[0.806s] Level 1:colcon.colcon_core.shell:create_environment_hook('mir_msgs', 'pythonpath')
[0.806s] INFO:colcon.colcon_core.shell:Creating environment hook '/home/administrator/Masterproject2/20_ROS/src/Robots/install/mir_msgs/share/mir_msgs/hook/pythonpath.ps1'
[0.806s] INFO:colcon.colcon_core.shell:Creating environment descriptor '/home/administrator/Masterproject2/20_ROS/src/Robots/install/mir_msgs/share/mir_msgs/hook/pythonpath.dsv'
[0.806s] INFO:colcon.colcon_core.shell:Creating environment hook '/home/administrator/Masterproject2/20_ROS/src/Robots/install/mir_msgs/share/mir_msgs/hook/pythonpath.sh'
[0.806s] Level 1:colcon.colcon_core.environment:checking '/home/administrator/Masterproject2/20_ROS/src/Robots/install/mir_msgs/bin'
[0.806s] INFO:colcon.colcon_core.shell:Creating package script '/home/administrator/Masterproject2/20_ROS/src/Robots/install/mir_msgs/share/mir_msgs/package.ps1'
[0.807s] INFO:colcon.colcon_core.shell:Creating package descriptor '/home/administrator/Masterproject2/20_ROS/src/Robots/install/mir_msgs/share/mir_msgs/package.dsv'
[0.807s] INFO:colcon.colcon_core.shell:Creating package script '/home/administrator/Masterproject2/20_ROS/src/Robots/install/mir_msgs/share/mir_msgs/package.sh'
[0.807s] INFO:colcon.colcon_core.shell:Creating package script '/home/administrator/Masterproject2/20_ROS/src/Robots/install/mir_msgs/share/mir_msgs/package.bash'
[0.807s] INFO:colcon.colcon_core.shell:Creating package script '/home/administrator/Masterproject2/20_ROS/src/Robots/install/mir_msgs/share/mir_msgs/package.zsh'
[0.807s] Level 1:colcon.colcon_core.environment:create_file_with_runtime_dependencies(/home/administrator/Masterproject2/20_ROS/src/Robots/install/mir_msgs/share/colcon-core/packages/mir_msgs)
[0.808s] Level 1:colcon.colcon_core.environment:create_environment_scripts_only(mir_msgs)
[0.808s] Level 1:colcon.colcon_core.environment:checking '/home/administrator/Masterproject2/20_ROS/src/Robots/install/mir_msgs' for CMake module files
[0.808s] Level 1:colcon.colcon_core.environment:checking '/home/administrator/Masterproject2/20_ROS/src/Robots/install/mir_msgs' for CMake config files
[0.809s] Level 1:colcon.colcon_core.shell:create_environment_hook('mir_msgs', 'cmake_prefix_path')
[0.809s] INFO:colcon.colcon_core.shell:Creating environment hook '/home/administrator/Masterproject2/20_ROS/src/Robots/install/mir_msgs/share/mir_msgs/hook/cmake_prefix_path.ps1'
[0.809s] INFO:colcon.colcon_core.shell:Creating environment descriptor '/home/administrator/Masterproject2/20_ROS/src/Robots/install/mir_msgs/share/mir_msgs/hook/cmake_prefix_path.dsv'
[0.809s] INFO:colcon.colcon_core.shell:Creating environment hook '/home/administrator/Masterproject2/20_ROS/src/Robots/install/mir_msgs/share/mir_msgs/hook/cmake_prefix_path.sh'
[0.809s] Level 1:colcon.colcon_core.environment:checking '/home/administrator/Masterproject2/20_ROS/src/Robots/install/mir_msgs/lib'
[0.809s] Level 1:colcon.colcon_core.shell:create_environment_hook('mir_msgs', 'ld_library_path_lib')
[0.809s] INFO:colcon.colcon_core.shell:Creating environment hook '/home/administrator/Masterproject2/20_ROS/src/Robots/install/mir_msgs/share/mir_msgs/hook/ld_library_path_lib.ps1'
[0.809s] INFO:colcon.colcon_core.shell:Creating environment descriptor '/home/administrator/Masterproject2/20_ROS/src/Robots/install/mir_msgs/share/mir_msgs/hook/ld_library_path_lib.dsv'
[0.810s] INFO:colcon.colcon_core.shell:Creating environment hook '/home/administrator/Masterproject2/20_ROS/src/Robots/install/mir_msgs/share/mir_msgs/hook/ld_library_path_lib.sh'
[0.810s] Level 1:colcon.colcon_core.environment:checking '/home/administrator/Masterproject2/20_ROS/src/Robots/install/mir_msgs/bin'
[0.810s] Level 1:colcon.colcon_core.environment:checking '/home/administrator/Masterproject2/20_ROS/src/Robots/install/mir_msgs/lib/pkgconfig/mir_msgs.pc'
[0.810s] Level 1:colcon.colcon_core.environment:checking '/home/administrator/Masterproject2/20_ROS/src/Robots/install/mir_msgs/lib/python3.12/site-packages'
[0.810s] Level 1:colcon.colcon_core.shell:create_environment_hook('mir_msgs', 'pythonpath')
[0.810s] INFO:colcon.colcon_core.shell:Creating environment hook '/home/administrator/Masterproject2/20_ROS/src/Robots/install/mir_msgs/share/mir_msgs/hook/pythonpath.ps1'
[0.810s] INFO:colcon.colcon_core.shell:Creating environment descriptor '/home/administrator/Masterproject2/20_ROS/src/Robots/install/mir_msgs/share/mir_msgs/hook/pythonpath.dsv'
[0.810s] INFO:colcon.colcon_core.shell:Creating environment hook '/home/administrator/Masterproject2/20_ROS/src/Robots/install/mir_msgs/share/mir_msgs/hook/pythonpath.sh'
[0.811s] Level 1:colcon.colcon_core.environment:checking '/home/administrator/Masterproject2/20_ROS/src/Robots/install/mir_msgs/bin'
[0.811s] INFO:colcon.colcon_core.shell:Creating package script '/home/administrator/Masterproject2/20_ROS/src/Robots/install/mir_msgs/share/mir_msgs/package.ps1'
[0.811s] INFO:colcon.colcon_core.shell:Creating package descriptor '/home/administrator/Masterproject2/20_ROS/src/Robots/install/mir_msgs/share/mir_msgs/package.dsv'
[0.812s] INFO:colcon.colcon_core.shell:Creating package script '/home/administrator/Masterproject2/20_ROS/src/Robots/install/mir_msgs/share/mir_msgs/package.sh'
[0.812s] INFO:colcon.colcon_core.shell:Creating package script '/home/administrator/Masterproject2/20_ROS/src/Robots/install/mir_msgs/share/mir_msgs/package.bash'
[0.812s] INFO:colcon.colcon_core.shell:Creating package script '/home/administrator/Masterproject2/20_ROS/src/Robots/install/mir_msgs/share/mir_msgs/package.zsh'
[0.812s] Level 1:colcon.colcon_core.environment:create_file_with_runtime_dependencies(/home/administrator/Masterproject2/20_ROS/src/Robots/install/mir_msgs/share/colcon-core/packages/mir_msgs)
[0.812s] INFO:colcon.colcon_ros.task.ament_cmake.build:Building ROS package in '/home/administrator/Masterproject2/20_ROS/src/Robots/MIR/mir_driver' with build type 'ament_cmake'
[0.813s] INFO:colcon.colcon_cmake.task.cmake.build:Building CMake package in '/home/administrator/Masterproject2/20_ROS/src/Robots/MIR/mir_driver'
[0.813s] INFO:colcon.colcon_core.shell:Skip shell extension 'powershell' for command environment: Not usable outside of PowerShell
[0.813s] DEBUG:colcon.colcon_core.shell:Skip shell extension 'dsv' for command environment
[0.816s] DEBUG:colcon.colcon_core.task.python.build:Available setuptools commands: setopt, bdist_rpm, install_headers, check, develop, build_ext, bdist_egg, compile_catalog, easy_install, sdist, init_catalog, extract_messages, build, upload_docs, install_egg_info, upload, install_scripts, register, update_catalog, editable_wheel, test, dist_info, bdist_dumb, rotate, build_clib, install_data, build_scripts, egg_info, bdist, saveopts, clean, symlink_data, install_lib, alias, build_py, install
[0.817s] DEBUG:colcon.colcon_core.event_handler.log_command:Invoking command in '/home/administrator/Masterproject2/20_ROS/src/Robots/build/ur_controllers': AMENT_PREFIX_PATH=/home/administrator/Masterproject2/20_ROS/src/Robots/install/ur_dashboard_msgs:${AMENT_PREFIX_PATH} CMAKE_PREFIX_PATH=/home/administrator/Masterproject2/20_ROS/src/Robots/install/ur_dashboard_msgs:/opt/ros/kilted/opt/sdformat_vendor:/opt/ros/kilted/opt/gz_math_vendor:/opt/ros/kilted/opt/gz_utils_vendor:/opt/ros/kilted/opt/gz_tools_vendor:/opt/ros/kilted/opt/gz_cmake_vendor:/opt/ros/kilted DEBUGINFOD_URLS=https://debuginfod.ubuntu.com LD_LIBRARY_PATH=/home/administrator/Masterproject2/20_ROS/src/Robots/install/ur_dashboard_msgs/lib:${LD_LIBRARY_PATH} PYTHONPATH=/home/administrator/Masterproject2/20_ROS/src/Robots/install/ur_dashboard_msgs/lib/python3.12/site-packages:${PYTHONPATH} /usr/bin/cmake /home/administrator/Masterproject2/20_ROS/src/Robots/UR_Driver/ur_controllers -DCMAKE_INSTALL_PREFIX=/home/administrator/Masterproject2/20_ROS/src/Robots/install/ur_controllers
[0.818s] DEBUG:colcon.colcon_core.event_handler.log_command:Invoking command in '/home/administrator/Masterproject2/20_ROS/src/Robots/Omron_AMR/src/om_aiv_navigation': DEBUGINFOD_URLS=https://debuginfod.ubuntu.com PYTHONPATH=/home/administrator/Masterproject2/20_ROS/src/Robots/build/om_aiv_navigation/prefix_override:/usr/lib/python3/dist-packages/colcon_core/task/python/colcon_distutils_commands:/home/administrator/Masterproject2/20_ROS/src/Robots/install/om_aiv_navigation/lib/python3.12/site-packages:${PYTHONPATH} /usr/bin/python3 -W ignore:setup.py install is deprecated -W ignore:easy_install command is deprecated setup.py egg_info --egg-base ../../../build/om_aiv_navigation build --build-base /home/administrator/Masterproject2/20_ROS/src/Robots/build/om_aiv_navigation/build install --record /home/administrator/Masterproject2/20_ROS/src/Robots/build/om_aiv_navigation/install.log --install-scripts $base/lib/om_aiv_navigation --single-version-externally-managed install_data
[0.822s] DEBUG:colcon.colcon_core.event_handler.log_command:Invoking command in '/home/administrator/Masterproject2/20_ROS/src/Robots/build/mir_driver': AMENT_PREFIX_PATH=/home/administrator/Masterproject2/20_ROS/src/Robots/install/mir_msgs:/home/administrator/Masterproject2/20_ROS/src/Robots/install/mir_description:/home/administrator/Masterproject2/20_ROS/src/Robots/install/mir_actions:${AMENT_PREFIX_PATH} CMAKE_PREFIX_PATH=/home/administrator/Masterproject2/20_ROS/src/Robots/install/mir_msgs:/home/administrator/Masterproject2/20_ROS/src/Robots/install/mir_description:/home/administrator/Masterproject2/20_ROS/src/Robots/install/mir_actions:/opt/ros/kilted/opt/sdformat_vendor:/opt/ros/kilted/opt/gz_math_vendor:/opt/ros/kilted/opt/gz_utils_vendor:/opt/ros/kilted/opt/gz_tools_vendor:/opt/ros/kilted/opt/gz_cmake_vendor:/opt/ros/kilted DEBUGINFOD_URLS=https://debuginfod.ubuntu.com LD_LIBRARY_PATH=/home/administrator/Masterproject2/20_ROS/src/Robots/install/mir_msgs/lib:/home/administrator/Masterproject2/20_ROS/src/Robots/install/mir_actions/lib:${LD_LIBRARY_PATH} PYTHONPATH=/home/administrator/Masterproject2/20_ROS/src/Robots/install/mir_msgs/lib/python3.12/site-packages:/home/administrator/Masterproject2/20_ROS/src/Robots/install/mir_actions/lib/python3.12/site-packages:${PYTHONPATH} /usr/bin/cmake /home/administrator/Masterproject2/20_ROS/src/Robots/MIR/mir_driver -DCMAKE_INSTALL_PREFIX=/home/administrator/Masterproject2/20_ROS/src/Robots/install/mir_driver
[1.113s] Level 1:colcon.colcon_core.environment:checking '/home/administrator/Masterproject2/20_ROS/src/Robots/install/om_aiv_navigation' for CMake module files
[1.114s] DEBUG:colcon.colcon_core.event_handler.log_command:Invoked command in '/home/administrator/Masterproject2/20_ROS/src/Robots/Omron_AMR/src/om_aiv_navigation' returned '0': DEBUGINFOD_URLS=https://debuginfod.ubuntu.com PYTHONPATH=/home/administrator/Masterproject2/20_ROS/src/Robots/build/om_aiv_navigation/prefix_override:/usr/lib/python3/dist-packages/colcon_core/task/python/colcon_distutils_commands:/home/administrator/Masterproject2/20_ROS/src/Robots/install/om_aiv_navigation/lib/python3.12/site-packages:${PYTHONPATH} /usr/bin/python3 -W ignore:setup.py install is deprecated -W ignore:easy_install command is deprecated setup.py egg_info --egg-base ../../../build/om_aiv_navigation build --build-base /home/administrator/Masterproject2/20_ROS/src/Robots/build/om_aiv_navigation/build install --record /home/administrator/Masterproject2/20_ROS/src/Robots/build/om_aiv_navigation/install.log --install-scripts $base/lib/om_aiv_navigation --single-version-externally-managed install_data
[1.115s] Level 1:colcon.colcon_core.environment:checking '/home/administrator/Masterproject2/20_ROS/src/Robots/install/om_aiv_navigation' for CMake config files
[1.116s] Level 1:colcon.colcon_core.environment:checking '/home/administrator/Masterproject2/20_ROS/src/Robots/install/om_aiv_navigation/lib'
[1.116s] Level 1:colcon.colcon_core.environment:checking '/home/administrator/Masterproject2/20_ROS/src/Robots/install/om_aiv_navigation/bin'
[1.116s] Level 1:colcon.colcon_core.environment:checking '/home/administrator/Masterproject2/20_ROS/src/Robots/install/om_aiv_navigation/lib/pkgconfig/om_aiv_navigation.pc'
[1.116s] Level 1:colcon.colcon_core.environment:checking '/home/administrator/Masterproject2/20_ROS/src/Robots/install/om_aiv_navigation/lib/python3.12/site-packages'
[1.116s] Level 1:colcon.colcon_core.shell:create_environment_hook('om_aiv_navigation', 'pythonpath')
[1.116s] INFO:colcon.colcon_core.shell:Creating environment hook '/home/administrator/Masterproject2/20_ROS/src/Robots/install/om_aiv_navigation/share/om_aiv_navigation/hook/pythonpath.ps1'
[1.117s] INFO:colcon.colcon_core.shell:Creating environment descriptor '/home/administrator/Masterproject2/20_ROS/src/Robots/install/om_aiv_navigation/share/om_aiv_navigation/hook/pythonpath.dsv'
[1.117s] INFO:colcon.colcon_core.shell:Creating environment hook '/home/administrator/Masterproject2/20_ROS/src/Robots/install/om_aiv_navigation/share/om_aiv_navigation/hook/pythonpath.sh'
[1.117s] Level 1:colcon.colcon_core.environment:checking '/home/administrator/Masterproject2/20_ROS/src/Robots/install/om_aiv_navigation/bin'
[1.117s] Level 1:colcon.colcon_core.environment:create_environment_scripts_only(om_aiv_navigation)
[1.118s] INFO:colcon.colcon_core.shell:Creating package script '/home/administrator/Masterproject2/20_ROS/src/Robots/install/om_aiv_navigation/share/om_aiv_navigation/package.ps1'
[1.118s] INFO:colcon.colcon_core.shell:Creating package descriptor '/home/administrator/Masterproject2/20_ROS/src/Robots/install/om_aiv_navigation/share/om_aiv_navigation/package.dsv'
[1.118s] INFO:colcon.colcon_core.shell:Creating package script '/home/administrator/Masterproject2/20_ROS/src/Robots/install/om_aiv_navigation/share/om_aiv_navigation/package.sh'
[1.119s] INFO:colcon.colcon_core.shell:Creating package script '/home/administrator/Masterproject2/20_ROS/src/Robots/install/om_aiv_navigation/share/om_aiv_navigation/package.bash'
[1.119s] INFO:colcon.colcon_core.shell:Creating package script '/home/administrator/Masterproject2/20_ROS/src/Robots/install/om_aiv_navigation/share/om_aiv_navigation/package.zsh'
[1.119s] Level 1:colcon.colcon_core.environment:create_file_with_runtime_dependencies(/home/administrator/Masterproject2/20_ROS/src/Robots/install/om_aiv_navigation/share/colcon-core/packages/om_aiv_navigation)
[1.138s] DEBUG:colcon.colcon_core.task.python.build:Available setuptools commands: setopt, bdist_rpm, install_headers, check, develop, build_ext, bdist_egg, compile_catalog, easy_install, sdist, init_catalog, extract_messages, build, upload_docs, install_egg_info, upload, install_scripts, register, update_catalog, editable_wheel, test, dist_info, bdist_dumb, rotate, build_clib, install_data, build_scripts, egg_info, bdist, saveopts, clean, symlink_data, install_lib, alias, build_py, install
[1.141s] DEBUG:colcon.colcon_core.event_handler.log_command:Invoking command in '/home/administrator/Masterproject2/20_ROS/src/Robots/Omron_AMR/src/om_aiv_util': AMENT_PREFIX_PATH=/home/administrator/Masterproject2/20_ROS/src/Robots/install/om_aiv_msg:${AMENT_PREFIX_PATH} CMAKE_PREFIX_PATH=/home/administrator/Masterproject2/20_ROS/src/Robots/install/om_aiv_msg:${CMAKE_PREFIX_PATH} DEBUGINFOD_URLS=https://debuginfod.ubuntu.com LD_LIBRARY_PATH=/home/administrator/Masterproject2/20_ROS/src/Robots/install/om_aiv_msg/lib:${LD_LIBRARY_PATH} PYTHONPATH=/home/administrator/Masterproject2/20_ROS/src/Robots/build/om_aiv_util/prefix_override:/usr/lib/python3/dist-packages/colcon_core/task/python/colcon_distutils_commands:/home/administrator/Masterproject2/20_ROS/src/Robots/install/om_aiv_util/lib/python3.12/site-packages:/home/administrator/Masterproject2/20_ROS/src/Robots/install/om_aiv_msg/lib/python3.12/site-packages:${PYTHONPATH} /usr/bin/python3 -W ignore:setup.py install is deprecated -W ignore:easy_install command is deprecated setup.py egg_info --egg-base ../../../build/om_aiv_util build --build-base /home/administrator/Masterproject2/20_ROS/src/Robots/build/om_aiv_util/build install --record /home/administrator/Masterproject2/20_ROS/src/Robots/build/om_aiv_util/install.log --install-scripts $base/lib/om_aiv_util --single-version-externally-managed install_data
[1.273s] DEBUG:colcon.colcon_core.event_handler.log_command:Invoked command in '/home/administrator/Masterproject2/20_ROS/src/Robots/build/ur_controllers' returned '1': AMENT_PREFIX_PATH=/home/administrator/Masterproject2/20_ROS/src/Robots/install/ur_dashboard_msgs:${AMENT_PREFIX_PATH} CMAKE_PREFIX_PATH=/home/administrator/Masterproject2/20_ROS/src/Robots/install/ur_dashboard_msgs:/opt/ros/kilted/opt/sdformat_vendor:/opt/ros/kilted/opt/gz_math_vendor:/opt/ros/kilted/opt/gz_utils_vendor:/opt/ros/kilted/opt/gz_tools_vendor:/opt/ros/kilted/opt/gz_cmake_vendor:/opt/ros/kilted DEBUGINFOD_URLS=https://debuginfod.ubuntu.com LD_LIBRARY_PATH=/home/administrator/Masterproject2/20_ROS/src/Robots/install/ur_dashboard_msgs/lib:${LD_LIBRARY_PATH} PYTHONPATH=/home/administrator/Masterproject2/20_ROS/src/Robots/install/ur_dashboard_msgs/lib/python3.12/site-packages:${PYTHONPATH} /usr/bin/cmake /home/administrator/Masterproject2/20_ROS/src/Robots/UR_Driver/ur_controllers -DCMAKE_INSTALL_PREFIX=/home/administrator/Masterproject2/20_ROS/src/Robots/install/ur_controllers
[1.282s] Level 1:colcon.colcon_core.environment:create_environment_scripts_only(ur_controllers)
[1.282s] Level 1:colcon.colcon_core.environment:checking '/home/administrator/Masterproject2/20_ROS/src/Robots/install/ur_controllers' for CMake module files
[1.282s] Level 1:colcon.colcon_core.environment:checking '/home/administrator/Masterproject2/20_ROS/src/Robots/install/ur_controllers' for CMake config files
[1.283s] Level 1:colcon.colcon_core.environment:checking '/home/administrator/Masterproject2/20_ROS/src/Robots/install/ur_controllers/bin'
[1.283s] Level 1:colcon.colcon_core.environment:checking '/home/administrator/Masterproject2/20_ROS/src/Robots/install/ur_controllers/lib/pkgconfig/ur_controllers.pc'
[1.283s] Level 1:colcon.colcon_core.environment:checking '/home/administrator/Masterproject2/20_ROS/src/Robots/install/ur_controllers/lib/python3.12/site-packages'
[1.283s] Level 1:colcon.colcon_core.environment:checking '/home/administrator/Masterproject2/20_ROS/src/Robots/install/ur_controllers/bin'
[1.283s] INFO:colcon.colcon_core.shell:Creating package script '/home/administrator/Masterproject2/20_ROS/src/Robots/install/ur_controllers/share/ur_controllers/package.ps1'
[1.283s] INFO:colcon.colcon_core.shell:Creating package descriptor '/home/administrator/Masterproject2/20_ROS/src/Robots/install/ur_controllers/share/ur_controllers/package.dsv'
[1.284s] INFO:colcon.colcon_core.shell:Creating package script '/home/administrator/Masterproject2/20_ROS/src/Robots/install/ur_controllers/share/ur_controllers/package.sh'
[1.284s] INFO:colcon.colcon_core.shell:Creating package script '/home/administrator/Masterproject2/20_ROS/src/Robots/install/ur_controllers/share/ur_controllers/package.bash'
[1.284s] INFO:colcon.colcon_core.shell:Creating package script '/home/administrator/Masterproject2/20_ROS/src/Robots/install/ur_controllers/share/ur_controllers/package.zsh'
[1.284s] Level 1:colcon.colcon_core.environment:create_file_with_runtime_dependencies(/home/administrator/Masterproject2/20_ROS/src/Robots/install/ur_controllers/share/colcon-core/packages/ur_controllers)
[6.436s] DEBUG:colcon.colcon_parallel_executor.executor.parallel:closing loop
[6.436s] DEBUG:colcon.colcon_parallel_executor.executor.parallel:loop closed
[6.437s] DEBUG:colcon.colcon_parallel_executor.executor.parallel:run_until_complete finished with '1'
[6.437s] DEBUG:colcon.colcon_core.event_reactor:joining thread
[6.442s] INFO:colcon.colcon_core.plugin_system:Skipping extension 'colcon_notification.desktop_notification.terminal_notifier': Not used on non-Darwin systems
[6.442s] INFO:colcon.colcon_core.plugin_system:Skipping extension 'colcon_notification.desktop_notification.win32': Not used on non-Windows systems
[6.442s] INFO:colcon.colcon_notification.desktop_notification:Sending desktop notification using 'notify2'
[6.451s] DEBUG:colcon.colcon_core.event_reactor:joined thread
[6.451s] INFO:colcon.colcon_core.shell:Creating prefix script '/home/administrator/Masterproject2/20_ROS/src/Robots/install/local_setup.ps1'
[6.452s] INFO:colcon.colcon_core.shell:Creating prefix util module '/home/administrator/Masterproject2/20_ROS/src/Robots/install/_local_setup_util_ps1.py'
[6.453s] INFO:colcon.colcon_core.shell:Creating prefix chain script '/home/administrator/Masterproject2/20_ROS/src/Robots/install/setup.ps1'
[6.454s] INFO:colcon.colcon_core.shell:Creating prefix script '/home/administrator/Masterproject2/20_ROS/src/Robots/install/local_setup.sh'
[6.454s] INFO:colcon.colcon_core.shell:Creating prefix util module '/home/administrator/Masterproject2/20_ROS/src/Robots/install/_local_setup_util_sh.py'
[6.454s] INFO:colcon.colcon_core.shell:Creating prefix chain script '/home/administrator/Masterproject2/20_ROS/src/Robots/install/setup.sh'
[6.455s] INFO:colcon.colcon_core.shell:Creating prefix script '/home/administrator/Masterproject2/20_ROS/src/Robots/install/local_setup.bash'
[6.455s] INFO:colcon.colcon_core.shell:Creating prefix chain script '/home/administrator/Masterproject2/20_ROS/src/Robots/install/setup.bash'
[6.455s] INFO:colcon.colcon_core.shell:Creating prefix script '/home/administrator/Masterproject2/20_ROS/src/Robots/install/local_setup.zsh'
[6.455s] INFO:colcon.colcon_core.shell:Creating prefix chain script '/home/administrator/Masterproject2/20_ROS/src/Robots/install/setup.zsh'
