[  0%] Built target ur_dashboard_msgs__rosidl_generator_type_description
[  0%] Built target ament_cmake_python_symlink_ur_dashboard_msgs
[  0%] Built target ur_dashboard_msgs__rs
[  0%] Built target ur_dashboard_msgs__cpp
[ 29%] Built target ur_dashboard_msgs__rosidl_generator_c
[ 39%] Built target ur_dashboard_msgs__rosidl_typesupport_cpp
[ 49%] Built target ur_dashboard_msgs__rosidl_typesupport_introspection_c
[ 59%] Built target ur_dashboard_msgs__rosidl_typesupport_fastrtps_c
[ 69%] Built target ur_dashboard_msgs__rosidl_typesupport_introspection_cpp
[ 79%] Built target ur_dashboard_msgs__rosidl_typesupport_fastrtps_cpp
[ 89%] Built target ur_dashboard_msgs__rosidl_typesupport_c
[ 89%] Built target ur_dashboard_msgs
[ 89%] Built target ur_dashboard_msgs__py
running egg_info
[ 98%] Built target ur_dashboard_msgs__rosidl_generator_py
writing ur_dashboard_msgs.egg-info/PKG-INFO
writing dependency_links to ur_dashboard_msgs.egg-info/dependency_links.txt
writing top-level names to ur_dashboard_msgs.egg-info/top_level.txt
[100%] Built target ur_dashboard_msgs_s__rosidl_typesupport_fastrtps_c
[100%] Built target ur_dashboard_msgs_s__rosidl_typesupport_c
[100%] Built target ur_dashboard_msgs_s__rosidl_typesupport_introspection_c
reading manifest file 'ur_dashboard_msgs.egg-info/SOURCES.txt'
writing manifest file 'ur_dashboard_msgs.egg-info/SOURCES.txt'
[100%] Built target ament_cmake_python_build_ur_dashboard_msgs_egg
-- Install configuration: ""
-- Execute custom install script
-- Up-to-date symlink: /home/administrator/Masterproject2/20_ROS/src/Robots/install/ur_dashboard_msgs/share/ament_index/resource_index/rosidl_interfaces/ur_dashboard_msgs
-- Up-to-date symlink: /home/administrator/Masterproject2/20_ROS/src/Robots/install/ur_dashboard_msgs/share/ur_dashboard_msgs/msg/ProgramInformation.json
-- Up-to-date symlink: /home/administrator/Masterproject2/20_ROS/src/Robots/install/ur_dashboard_msgs/share/ur_dashboard_msgs/msg/ProgramState.json
-- Up-to-date symlink: /home/administrator/Masterproject2/20_ROS/src/Robots/install/ur_dashboard_msgs/share/ur_dashboard_msgs/msg/RobotMode.json
-- Up-to-date symlink: /home/administrator/Masterproject2/20_ROS/src/Robots/install/ur_dashboard_msgs/share/ur_dashboard_msgs/msg/SafetyMode.json
-- Up-to-date symlink: /home/administrator/Masterproject2/20_ROS/src/Robots/install/ur_dashboard_msgs/share/ur_dashboard_msgs/msg/OperationalMode.json
-- Up-to-date symlink: /home/administrator/Masterproject2/20_ROS/src/Robots/install/ur_dashboard_msgs/share/ur_dashboard_msgs/msg/UserRole.json
-- Up-to-date symlink: /home/administrator/Masterproject2/20_ROS/src/Robots/install/ur_dashboard_msgs/share/ur_dashboard_msgs/msg/VersionInformation.json
-- Up-to-date symlink: /home/administrator/Masterproject2/20_ROS/src/Robots/install/ur_dashboard_msgs/share/ur_dashboard_msgs/msg/SafetyStatus.json
-- Up-to-date symlink: /home/administrator/Masterproject2/20_ROS/src/Robots/install/ur_dashboard_msgs/share/ur_dashboard_msgs/srv/AddToLog.json
-- Up-to-date symlink: /home/administrator/Masterproject2/20_ROS/src/Robots/install/ur_dashboard_msgs/share/ur_dashboard_msgs/srv/DownloadProgram.json
-- Up-to-date symlink: /home/administrator/Masterproject2/20_ROS/src/Robots/install/ur_dashboard_msgs/share/ur_dashboard_msgs/srv/GetLoadedProgram.json
-- Up-to-date symlink: /home/administrator/Masterproject2/20_ROS/src/Robots/install/ur_dashboard_msgs/share/ur_dashboard_msgs/srv/GetPrograms.json
-- Up-to-date symlink: /home/administrator/Masterproject2/20_ROS/src/Robots/install/ur_dashboard_msgs/share/ur_dashboard_msgs/srv/GetProgramState.json
-- Up-to-date symlink: /home/administrator/Masterproject2/20_ROS/src/Robots/install/ur_dashboard_msgs/share/ur_dashboard_msgs/srv/GetRobotMode.json
-- Up-to-date symlink: /home/administrator/Masterproject2/20_ROS/src/Robots/install/ur_dashboard_msgs/share/ur_dashboard_msgs/srv/GetSafetyMode.json
-- Up-to-date symlink: /home/administrator/Masterproject2/20_ROS/src/Robots/install/ur_dashboard_msgs/share/ur_dashboard_msgs/srv/IsProgramRunning.json
-- Up-to-date symlink: /home/administrator/Masterproject2/20_ROS/src/Robots/install/ur_dashboard_msgs/share/ur_dashboard_msgs/srv/IsProgramSaved.json
-- Up-to-date symlink: /home/administrator/Masterproject2/20_ROS/src/Robots/install/ur_dashboard_msgs/share/ur_dashboard_msgs/srv/Load.json
-- Up-to-date symlink: /home/administrator/Masterproject2/20_ROS/src/Robots/install/ur_dashboard_msgs/share/ur_dashboard_msgs/srv/Popup.json
-- Up-to-date symlink: /home/administrator/Masterproject2/20_ROS/src/Robots/install/ur_dashboard_msgs/share/ur_dashboard_msgs/srv/RawRequest.json
-- Up-to-date symlink: /home/administrator/Masterproject2/20_ROS/src/Robots/install/ur_dashboard_msgs/share/ur_dashboard_msgs/srv/IsInRemoteControl.json
-- Up-to-date symlink: /home/administrator/Masterproject2/20_ROS/src/Robots/install/ur_dashboard_msgs/share/ur_dashboard_msgs/srv/UploadProgram.json
-- Up-to-date symlink: /home/administrator/Masterproject2/20_ROS/src/Robots/install/ur_dashboard_msgs/share/ur_dashboard_msgs/srv/GetPolyScopeVersion.json
-- Up-to-date symlink: /home/administrator/Masterproject2/20_ROS/src/Robots/install/ur_dashboard_msgs/share/ur_dashboard_msgs/srv/GetSerialNumber.json
-- Up-to-date symlink: /home/administrator/Masterproject2/20_ROS/src/Robots/install/ur_dashboard_msgs/share/ur_dashboard_msgs/srv/GetUserRole.json
-- Up-to-date symlink: /home/administrator/Masterproject2/20_ROS/src/Robots/install/ur_dashboard_msgs/share/ur_dashboard_msgs/srv/SetUserRole.json
-- Up-to-date symlink: /home/administrator/Masterproject2/20_ROS/src/Robots/install/ur_dashboard_msgs/share/ur_dashboard_msgs/srv/SetOperationalMode.json
-- Up-to-date symlink: /home/administrator/Masterproject2/20_ROS/src/Robots/install/ur_dashboard_msgs/share/ur_dashboard_msgs/srv/GetOperationalMode.json
-- Up-to-date symlink: /home/administrator/Masterproject2/20_ROS/src/Robots/install/ur_dashboard_msgs/share/ur_dashboard_msgs/srv/GetRobotModel.json
-- Up-to-date symlink: /home/administrator/Masterproject2/20_ROS/src/Robots/install/ur_dashboard_msgs/share/ur_dashboard_msgs/srv/GetSafetyStatus.json
-- Up-to-date symlink: /home/administrator/Masterproject2/20_ROS/src/Robots/install/ur_dashboard_msgs/share/ur_dashboard_msgs/srv/GenerateFlightReport.json
-- Up-to-date symlink: /home/administrator/Masterproject2/20_ROS/src/Robots/install/ur_dashboard_msgs/share/ur_dashboard_msgs/srv/GenerateSupportFile.json
-- Up-to-date symlink: /home/administrator/Masterproject2/20_ROS/src/Robots/install/ur_dashboard_msgs/share/ur_dashboard_msgs/action/SetMode.json
-- Up-to-date symlink: /home/administrator/Masterproject2/20_ROS/src/Robots/install/ur_dashboard_msgs/include/ur_dashboard_msgs/ur_dashboard_msgs/action/detail/set_mode__functions.h
-- Up-to-date symlink: /home/administrator/Masterproject2/20_ROS/src/Robots/install/ur_dashboard_msgs/include/ur_dashboard_msgs/ur_dashboard_msgs/action/detail/set_mode__struct.h
-- Up-to-date symlink: /home/administrator/Masterproject2/20_ROS/src/Robots/install/ur_dashboard_msgs/include/ur_dashboard_msgs/ur_dashboard_msgs/action/detail/set_mode__type_support.h
-- Up-to-date symlink: /home/administrator/Masterproject2/20_ROS/src/Robots/install/ur_dashboard_msgs/include/ur_dashboard_msgs/ur_dashboard_msgs/action/set_mode.h
-- Up-to-date symlink: /home/administrator/Masterproject2/20_ROS/src/Robots/install/ur_dashboard_msgs/include/ur_dashboard_msgs/ur_dashboard_msgs/msg/detail/operational_mode__functions.h
-- Up-to-date symlink: /home/administrator/Masterproject2/20_ROS/src/Robots/install/ur_dashboard_msgs/include/ur_dashboard_msgs/ur_dashboard_msgs/msg/detail/operational_mode__struct.h
-- Up-to-date symlink: /home/administrator/Masterproject2/20_ROS/src/Robots/install/ur_dashboard_msgs/include/ur_dashboard_msgs/ur_dashboard_msgs/msg/detail/operational_mode__type_support.h
-- Up-to-date symlink: /home/administrator/Masterproject2/20_ROS/src/Robots/install/ur_dashboard_msgs/include/ur_dashboard_msgs/ur_dashboard_msgs/msg/detail/program_information__functions.h
-- Up-to-date symlink: /home/administrator/Masterproject2/20_ROS/src/Robots/install/ur_dashboard_msgs/include/ur_dashboard_msgs/ur_dashboard_msgs/msg/detail/program_information__struct.h
-- Up-to-date symlink: /home/administrator/Masterproject2/20_ROS/src/Robots/install/ur_dashboard_msgs/include/ur_dashboard_msgs/ur_dashboard_msgs/msg/detail/program_information__type_support.h
-- Up-to-date symlink: /home/administrator/Masterproject2/20_ROS/src/Robots/install/ur_dashboard_msgs/include/ur_dashboard_msgs/ur_dashboard_msgs/msg/detail/program_state__functions.h
-- Up-to-date symlink: /home/administrator/Masterproject2/20_ROS/src/Robots/install/ur_dashboard_msgs/include/ur_dashboard_msgs/ur_dashboard_msgs/msg/detail/program_state__struct.h
-- Up-to-date symlink: /home/administrator/Masterproject2/20_ROS/src/Robots/install/ur_dashboard_msgs/include/ur_dashboard_msgs/ur_dashboard_msgs/msg/detail/program_state__type_support.h
-- Up-to-date symlink: /home/administrator/Masterproject2/20_ROS/src/Robots/install/ur_dashboard_msgs/include/ur_dashboard_msgs/ur_dashboard_msgs/msg/detail/robot_mode__functions.h
-- Up-to-date symlink: /home/administrator/Masterproject2/20_ROS/src/Robots/install/ur_dashboard_msgs/include/ur_dashboard_msgs/ur_dashboard_msgs/msg/detail/robot_mode__struct.h
-- Up-to-date symlink: /home/administrator/Masterproject2/20_ROS/src/Robots/install/ur_dashboard_msgs/include/ur_dashboard_msgs/ur_dashboard_msgs/msg/detail/robot_mode__type_support.h
-- Up-to-date symlink: /home/administrator/Masterproject2/20_ROS/src/Robots/install/ur_dashboard_msgs/include/ur_dashboard_msgs/ur_dashboard_msgs/msg/detail/safety_mode__functions.h
-- Up-to-date symlink: /home/administrator/Masterproject2/20_ROS/src/Robots/install/ur_dashboard_msgs/include/ur_dashboard_msgs/ur_dashboard_msgs/msg/detail/safety_mode__struct.h
-- Up-to-date symlink: /home/administrator/Masterproject2/20_ROS/src/Robots/install/ur_dashboard_msgs/include/ur_dashboard_msgs/ur_dashboard_msgs/msg/detail/safety_mode__type_support.h
-- Up-to-date symlink: /home/administrator/Masterproject2/20_ROS/src/Robots/install/ur_dashboard_msgs/include/ur_dashboard_msgs/ur_dashboard_msgs/msg/detail/safety_status__functions.h
-- Up-to-date symlink: /home/administrator/Masterproject2/20_ROS/src/Robots/install/ur_dashboard_msgs/include/ur_dashboard_msgs/ur_dashboard_msgs/msg/detail/safety_status__struct.h
-- Up-to-date symlink: /home/administrator/Masterproject2/20_ROS/src/Robots/install/ur_dashboard_msgs/include/ur_dashboard_msgs/ur_dashboard_msgs/msg/detail/safety_status__type_support.h
-- Up-to-date symlink: /home/administrator/Masterproject2/20_ROS/src/Robots/install/ur_dashboard_msgs/include/ur_dashboard_msgs/ur_dashboard_msgs/msg/detail/user_role__functions.h
-- Up-to-date symlink: /home/administrator/Masterproject2/20_ROS/src/Robots/install/ur_dashboard_msgs/include/ur_dashboard_msgs/ur_dashboard_msgs/msg/detail/user_role__struct.h
-- Up-to-date symlink: /home/administrator/Masterproject2/20_ROS/src/Robots/install/ur_dashboard_msgs/include/ur_dashboard_msgs/ur_dashboard_msgs/msg/detail/user_role__type_support.h
-- Up-to-date symlink: /home/administrator/Masterproject2/20_ROS/src/Robots/install/ur_dashboard_msgs/include/ur_dashboard_msgs/ur_dashboard_msgs/msg/detail/version_information__functions.h
-- Up-to-date symlink: /home/administrator/Masterproject2/20_ROS/src/Robots/install/ur_dashboard_msgs/include/ur_dashboard_msgs/ur_dashboard_msgs/msg/detail/version_information__struct.h
-- Up-to-date symlink: /home/administrator/Masterproject2/20_ROS/src/Robots/install/ur_dashboard_msgs/include/ur_dashboard_msgs/ur_dashboard_msgs/msg/detail/version_information__type_support.h
-- Up-to-date symlink: /home/administrator/Masterproject2/20_ROS/src/Robots/install/ur_dashboard_msgs/include/ur_dashboard_msgs/ur_dashboard_msgs/msg/operational_mode.h
-- Up-to-date symlink: /home/administrator/Masterproject2/20_ROS/src/Robots/install/ur_dashboard_msgs/include/ur_dashboard_msgs/ur_dashboard_msgs/msg/program_information.h
-- Up-to-date symlink: /home/administrator/Masterproject2/20_ROS/src/Robots/install/ur_dashboard_msgs/include/ur_dashboard_msgs/ur_dashboard_msgs/msg/program_state.h
-- Up-to-date symlink: /home/administrator/Masterproject2/20_ROS/src/Robots/install/ur_dashboard_msgs/include/ur_dashboard_msgs/ur_dashboard_msgs/msg/robot_mode.h
-- Up-to-date symlink: /home/administrator/Masterproject2/20_ROS/src/Robots/install/ur_dashboard_msgs/include/ur_dashboard_msgs/ur_dashboard_msgs/msg/rosidl_generator_c__visibility_control.h
-- Up-to-date symlink: /home/administrator/Masterproject2/20_ROS/src/Robots/install/ur_dashboard_msgs/include/ur_dashboard_msgs/ur_dashboard_msgs/msg/safety_mode.h
-- Up-to-date symlink: /home/administrator/Masterproject2/20_ROS/src/Robots/install/ur_dashboard_msgs/include/ur_dashboard_msgs/ur_dashboard_msgs/msg/safety_status.h
-- Up-to-date symlink: /home/administrator/Masterproject2/20_ROS/src/Robots/install/ur_dashboard_msgs/include/ur_dashboard_msgs/ur_dashboard_msgs/msg/user_role.h
-- Up-to-date symlink: /home/administrator/Masterproject2/20_ROS/src/Robots/install/ur_dashboard_msgs/include/ur_dashboard_msgs/ur_dashboard_msgs/msg/version_information.h
-- Up-to-date symlink: /home/administrator/Masterproject2/20_ROS/src/Robots/install/ur_dashboard_msgs/include/ur_dashboard_msgs/ur_dashboard_msgs/srv/add_to_log.h
-- Up-to-date symlink: /home/administrator/Masterproject2/20_ROS/src/Robots/install/ur_dashboard_msgs/include/ur_dashboard_msgs/ur_dashboard_msgs/srv/detail/add_to_log__functions.h
-- Up-to-date symlink: /home/administrator/Masterproject2/20_ROS/src/Robots/install/ur_dashboard_msgs/include/ur_dashboard_msgs/ur_dashboard_msgs/srv/detail/add_to_log__struct.h
-- Up-to-date symlink: /home/administrator/Masterproject2/20_ROS/src/Robots/install/ur_dashboard_msgs/include/ur_dashboard_msgs/ur_dashboard_msgs/srv/detail/add_to_log__type_support.h
-- Up-to-date symlink: /home/administrator/Masterproject2/20_ROS/src/Robots/install/ur_dashboard_msgs/include/ur_dashboard_msgs/ur_dashboard_msgs/srv/detail/download_program__functions.h
-- Up-to-date symlink: /home/administrator/Masterproject2/20_ROS/src/Robots/install/ur_dashboard_msgs/include/ur_dashboard_msgs/ur_dashboard_msgs/srv/detail/download_program__struct.h
-- Up-to-date symlink: /home/administrator/Masterproject2/20_ROS/src/Robots/install/ur_dashboard_msgs/include/ur_dashboard_msgs/ur_dashboard_msgs/srv/detail/download_program__type_support.h
-- Up-to-date symlink: /home/administrator/Masterproject2/20_ROS/src/Robots/install/ur_dashboard_msgs/include/ur_dashboard_msgs/ur_dashboard_msgs/srv/detail/generate_flight_report__functions.h
-- Up-to-date symlink: /home/administrator/Masterproject2/20_ROS/src/Robots/install/ur_dashboard_msgs/include/ur_dashboard_msgs/ur_dashboard_msgs/srv/detail/generate_flight_report__struct.h
-- Up-to-date symlink: /home/administrator/Masterproject2/20_ROS/src/Robots/install/ur_dashboard_msgs/include/ur_dashboard_msgs/ur_dashboard_msgs/srv/detail/generate_flight_report__type_support.h
-- Up-to-date symlink: /home/administrator/Masterproject2/20_ROS/src/Robots/install/ur_dashboard_msgs/include/ur_dashboard_msgs/ur_dashboard_msgs/srv/detail/generate_support_file__functions.h
-- Up-to-date symlink: /home/administrator/Masterproject2/20_ROS/src/Robots/install/ur_dashboard_msgs/include/ur_dashboard_msgs/ur_dashboard_msgs/srv/detail/generate_support_file__struct.h
-- Up-to-date symlink: /home/administrator/Masterproject2/20_ROS/src/Robots/install/ur_dashboard_msgs/include/ur_dashboard_msgs/ur_dashboard_msgs/srv/detail/generate_support_file__type_support.h
-- Up-to-date symlink: /home/administrator/Masterproject2/20_ROS/src/Robots/install/ur_dashboard_msgs/include/ur_dashboard_msgs/ur_dashboard_msgs/srv/detail/get_loaded_program__functions.h
-- Up-to-date symlink: /home/administrator/Masterproject2/20_ROS/src/Robots/install/ur_dashboard_msgs/include/ur_dashboard_msgs/ur_dashboard_msgs/srv/detail/get_loaded_program__struct.h
-- Up-to-date symlink: /home/administrator/Masterproject2/20_ROS/src/Robots/install/ur_dashboard_msgs/include/ur_dashboard_msgs/ur_dashboard_msgs/srv/detail/get_loaded_program__type_support.h
-- Up-to-date symlink: /home/administrator/Masterproject2/20_ROS/src/Robots/install/ur_dashboard_msgs/include/ur_dashboard_msgs/ur_dashboard_msgs/srv/detail/get_operational_mode__functions.h
-- Up-to-date symlink: /home/administrator/Masterproject2/20_ROS/src/Robots/install/ur_dashboard_msgs/include/ur_dashboard_msgs/ur_dashboard_msgs/srv/detail/get_operational_mode__struct.h
-- Up-to-date symlink: /home/administrator/Masterproject2/20_ROS/src/Robots/install/ur_dashboard_msgs/include/ur_dashboard_msgs/ur_dashboard_msgs/srv/detail/get_operational_mode__type_support.h
-- Up-to-date symlink: /home/administrator/Masterproject2/20_ROS/src/Robots/install/ur_dashboard_msgs/include/ur_dashboard_msgs/ur_dashboard_msgs/srv/detail/get_poly_scope_version__functions.h
-- Up-to-date symlink: /home/administrator/Masterproject2/20_ROS/src/Robots/install/ur_dashboard_msgs/include/ur_dashboard_msgs/ur_dashboard_msgs/srv/detail/get_poly_scope_version__struct.h
-- Up-to-date symlink: /home/administrator/Masterproject2/20_ROS/src/Robots/install/ur_dashboard_msgs/include/ur_dashboard_msgs/ur_dashboard_msgs/srv/detail/get_poly_scope_version__type_support.h
-- Up-to-date symlink: /home/administrator/Masterproject2/20_ROS/src/Robots/install/ur_dashboard_msgs/include/ur_dashboard_msgs/ur_dashboard_msgs/srv/detail/get_program_state__functions.h
-- Up-to-date symlink: /home/administrator/Masterproject2/20_ROS/src/Robots/install/ur_dashboard_msgs/include/ur_dashboard_msgs/ur_dashboard_msgs/srv/detail/get_program_state__struct.h
-- Up-to-date symlink: /home/administrator/Masterproject2/20_ROS/src/Robots/install/ur_dashboard_msgs/include/ur_dashboard_msgs/ur_dashboard_msgs/srv/detail/get_program_state__type_support.h
-- Up-to-date symlink: /home/administrator/Masterproject2/20_ROS/src/Robots/install/ur_dashboard_msgs/include/ur_dashboard_msgs/ur_dashboard_msgs/srv/detail/get_programs__functions.h
-- Up-to-date symlink: /home/administrator/Masterproject2/20_ROS/src/Robots/install/ur_dashboard_msgs/include/ur_dashboard_msgs/ur_dashboard_msgs/srv/detail/get_programs__struct.h
-- Up-to-date symlink: /home/administrator/Masterproject2/20_ROS/src/Robots/install/ur_dashboard_msgs/include/ur_dashboard_msgs/ur_dashboard_msgs/srv/detail/get_programs__type_support.h
-- Up-to-date symlink: /home/administrator/Masterproject2/20_ROS/src/Robots/install/ur_dashboard_msgs/include/ur_dashboard_msgs/ur_dashboard_msgs/srv/detail/get_robot_mode__functions.h
-- Up-to-date symlink: /home/administrator/Masterproject2/20_ROS/src/Robots/install/ur_dashboard_msgs/include/ur_dashboard_msgs/ur_dashboard_msgs/srv/detail/get_robot_mode__struct.h
-- Up-to-date symlink: /home/administrator/Masterproject2/20_ROS/src/Robots/install/ur_dashboard_msgs/include/ur_dashboard_msgs/ur_dashboard_msgs/srv/detail/get_robot_mode__type_support.h
-- Up-to-date symlink: /home/administrator/Masterproject2/20_ROS/src/Robots/install/ur_dashboard_msgs/include/ur_dashboard_msgs/ur_dashboard_msgs/srv/detail/get_robot_model__functions.h
-- Up-to-date symlink: /home/administrator/Masterproject2/20_ROS/src/Robots/install/ur_dashboard_msgs/include/ur_dashboard_msgs/ur_dashboard_msgs/srv/detail/get_robot_model__struct.h
-- Up-to-date symlink: /home/administrator/Masterproject2/20_ROS/src/Robots/install/ur_dashboard_msgs/include/ur_dashboard_msgs/ur_dashboard_msgs/srv/detail/get_robot_model__type_support.h
-- Up-to-date symlink: /home/administrator/Masterproject2/20_ROS/src/Robots/install/ur_dashboard_msgs/include/ur_dashboard_msgs/ur_dashboard_msgs/srv/detail/get_safety_mode__functions.h
-- Up-to-date symlink: /home/administrator/Masterproject2/20_ROS/src/Robots/install/ur_dashboard_msgs/include/ur_dashboard_msgs/ur_dashboard_msgs/srv/detail/get_safety_mode__struct.h
-- Up-to-date symlink: /home/administrator/Masterproject2/20_ROS/src/Robots/install/ur_dashboard_msgs/include/ur_dashboard_msgs/ur_dashboard_msgs/srv/detail/get_safety_mode__type_support.h
-- Up-to-date symlink: /home/administrator/Masterproject2/20_ROS/src/Robots/install/ur_dashboard_msgs/include/ur_dashboard_msgs/ur_dashboard_msgs/srv/detail/get_safety_status__functions.h
-- Up-to-date symlink: /home/administrator/Masterproject2/20_ROS/src/Robots/install/ur_dashboard_msgs/include/ur_dashboard_msgs/ur_dashboard_msgs/srv/detail/get_safety_status__struct.h
-- Up-to-date symlink: /home/administrator/Masterproject2/20_ROS/src/Robots/install/ur_dashboard_msgs/include/ur_dashboard_msgs/ur_dashboard_msgs/srv/detail/get_safety_status__type_support.h
-- Up-to-date symlink: /home/administrator/Masterproject2/20_ROS/src/Robots/install/ur_dashboard_msgs/include/ur_dashboard_msgs/ur_dashboard_msgs/srv/detail/get_serial_number__functions.h
-- Up-to-date symlink: /home/administrator/Masterproject2/20_ROS/src/Robots/install/ur_dashboard_msgs/include/ur_dashboard_msgs/ur_dashboard_msgs/srv/detail/get_serial_number__struct.h
-- Up-to-date symlink: /home/administrator/Masterproject2/20_ROS/src/Robots/install/ur_dashboard_msgs/include/ur_dashboard_msgs/ur_dashboard_msgs/srv/detail/get_serial_number__type_support.h
-- Up-to-date symlink: /home/administrator/Masterproject2/20_ROS/src/Robots/install/ur_dashboard_msgs/include/ur_dashboard_msgs/ur_dashboard_msgs/srv/detail/get_user_role__functions.h
-- Up-to-date symlink: /home/administrator/Masterproject2/20_ROS/src/Robots/install/ur_dashboard_msgs/include/ur_dashboard_msgs/ur_dashboard_msgs/srv/detail/get_user_role__struct.h
-- Up-to-date symlink: /home/administrator/Masterproject2/20_ROS/src/Robots/install/ur_dashboard_msgs/include/ur_dashboard_msgs/ur_dashboard_msgs/srv/detail/get_user_role__type_support.h
-- Up-to-date symlink: /home/administrator/Masterproject2/20_ROS/src/Robots/install/ur_dashboard_msgs/include/ur_dashboard_msgs/ur_dashboard_msgs/srv/detail/is_in_remote_control__functions.h
-- Up-to-date symlink: /home/administrator/Masterproject2/20_ROS/src/Robots/install/ur_dashboard_msgs/include/ur_dashboard_msgs/ur_dashboard_msgs/srv/detail/is_in_remote_control__struct.h
-- Up-to-date symlink: /home/administrator/Masterproject2/20_ROS/src/Robots/install/ur_dashboard_msgs/include/ur_dashboard_msgs/ur_dashboard_msgs/srv/detail/is_in_remote_control__type_support.h
-- Up-to-date symlink: /home/administrator/Masterproject2/20_ROS/src/Robots/install/ur_dashboard_msgs/include/ur_dashboard_msgs/ur_dashboard_msgs/srv/detail/is_program_running__functions.h
-- Up-to-date symlink: /home/administrator/Masterproject2/20_ROS/src/Robots/install/ur_dashboard_msgs/include/ur_dashboard_msgs/ur_dashboard_msgs/srv/detail/is_program_running__struct.h
-- Up-to-date symlink: /home/administrator/Masterproject2/20_ROS/src/Robots/install/ur_dashboard_msgs/include/ur_dashboard_msgs/ur_dashboard_msgs/srv/detail/is_program_running__type_support.h
-- Up-to-date symlink: /home/administrator/Masterproject2/20_ROS/src/Robots/install/ur_dashboard_msgs/include/ur_dashboard_msgs/ur_dashboard_msgs/srv/detail/is_program_saved__functions.h
-- Up-to-date symlink: /home/administrator/Masterproject2/20_ROS/src/Robots/install/ur_dashboard_msgs/include/ur_dashboard_msgs/ur_dashboard_msgs/srv/detail/is_program_saved__struct.h
-- Up-to-date symlink: /home/administrator/Masterproject2/20_ROS/src/Robots/install/ur_dashboard_msgs/include/ur_dashboard_msgs/ur_dashboard_msgs/srv/detail/is_program_saved__type_support.h
-- Up-to-date symlink: /home/administrator/Masterproject2/20_ROS/src/Robots/install/ur_dashboard_msgs/include/ur_dashboard_msgs/ur_dashboard_msgs/srv/detail/load__functions.h
-- Up-to-date symlink: /home/administrator/Masterproject2/20_ROS/src/Robots/install/ur_dashboard_msgs/include/ur_dashboard_msgs/ur_dashboard_msgs/srv/detail/load__struct.h
-- Up-to-date symlink: /home/administrator/Masterproject2/20_ROS/src/Robots/install/ur_dashboard_msgs/include/ur_dashboard_msgs/ur_dashboard_msgs/srv/detail/load__type_support.h
-- Up-to-date symlink: /home/administrator/Masterproject2/20_ROS/src/Robots/install/ur_dashboard_msgs/include/ur_dashboard_msgs/ur_dashboard_msgs/srv/detail/popup__functions.h
-- Up-to-date symlink: /home/administrator/Masterproject2/20_ROS/src/Robots/install/ur_dashboard_msgs/include/ur_dashboard_msgs/ur_dashboard_msgs/srv/detail/popup__struct.h
-- Up-to-date symlink: /home/administrator/Masterproject2/20_ROS/src/Robots/install/ur_dashboard_msgs/include/ur_dashboard_msgs/ur_dashboard_msgs/srv/detail/popup__type_support.h
-- Up-to-date symlink: /home/administrator/Masterproject2/20_ROS/src/Robots/install/ur_dashboard_msgs/include/ur_dashboard_msgs/ur_dashboard_msgs/srv/detail/raw_request__functions.h
-- Up-to-date symlink: /home/administrator/Masterproject2/20_ROS/src/Robots/install/ur_dashboard_msgs/include/ur_dashboard_msgs/ur_dashboard_msgs/srv/detail/raw_request__struct.h
-- Up-to-date symlink: /home/administrator/Masterproject2/20_ROS/src/Robots/install/ur_dashboard_msgs/include/ur_dashboard_msgs/ur_dashboard_msgs/srv/detail/raw_request__type_support.h
-- Up-to-date symlink: /home/administrator/Masterproject2/20_ROS/src/Robots/install/ur_dashboard_msgs/include/ur_dashboard_msgs/ur_dashboard_msgs/srv/detail/set_operational_mode__functions.h
-- Up-to-date symlink: /home/administrator/Masterproject2/20_ROS/src/Robots/install/ur_dashboard_msgs/include/ur_dashboard_msgs/ur_dashboard_msgs/srv/detail/set_operational_mode__struct.h
-- Up-to-date symlink: /home/administrator/Masterproject2/20_ROS/src/Robots/install/ur_dashboard_msgs/include/ur_dashboard_msgs/ur_dashboard_msgs/srv/detail/set_operational_mode__type_support.h
-- Up-to-date symlink: /home/administrator/Masterproject2/20_ROS/src/Robots/install/ur_dashboard_msgs/include/ur_dashboard_msgs/ur_dashboard_msgs/srv/detail/set_user_role__functions.h
-- Up-to-date symlink: /home/administrator/Masterproject2/20_ROS/src/Robots/install/ur_dashboard_msgs/include/ur_dashboard_msgs/ur_dashboard_msgs/srv/detail/set_user_role__struct.h
-- Up-to-date symlink: /home/administrator/Masterproject2/20_ROS/src/Robots/install/ur_dashboard_msgs/include/ur_dashboard_msgs/ur_dashboard_msgs/srv/detail/set_user_role__type_support.h
-- Up-to-date symlink: /home/administrator/Masterproject2/20_ROS/src/Robots/install/ur_dashboard_msgs/include/ur_dashboard_msgs/ur_dashboard_msgs/srv/detail/upload_program__functions.h
-- Up-to-date symlink: /home/administrator/Masterproject2/20_ROS/src/Robots/install/ur_dashboard_msgs/include/ur_dashboard_msgs/ur_dashboard_msgs/srv/detail/upload_program__struct.h
-- Up-to-date symlink: /home/administrator/Masterproject2/20_ROS/src/Robots/install/ur_dashboard_msgs/include/ur_dashboard_msgs/ur_dashboard_msgs/srv/detail/upload_program__type_support.h
-- Up-to-date symlink: /home/administrator/Masterproject2/20_ROS/src/Robots/install/ur_dashboard_msgs/include/ur_dashboard_msgs/ur_dashboard_msgs/srv/download_program.h
-- Up-to-date symlink: /home/administrator/Masterproject2/20_ROS/src/Robots/install/ur_dashboard_msgs/include/ur_dashboard_msgs/ur_dashboard_msgs/srv/generate_flight_report.h
-- Up-to-date symlink: /home/administrator/Masterproject2/20_ROS/src/Robots/install/ur_dashboard_msgs/include/ur_dashboard_msgs/ur_dashboard_msgs/srv/generate_support_file.h
-- Up-to-date symlink: /home/administrator/Masterproject2/20_ROS/src/Robots/install/ur_dashboard_msgs/include/ur_dashboard_msgs/ur_dashboard_msgs/srv/get_loaded_program.h
-- Up-to-date symlink: /home/administrator/Masterproject2/20_ROS/src/Robots/install/ur_dashboard_msgs/include/ur_dashboard_msgs/ur_dashboard_msgs/srv/get_operational_mode.h
-- Up-to-date symlink: /home/administrator/Masterproject2/20_ROS/src/Robots/install/ur_dashboard_msgs/include/ur_dashboard_msgs/ur_dashboard_msgs/srv/get_poly_scope_version.h
-- Up-to-date symlink: /home/administrator/Masterproject2/20_ROS/src/Robots/install/ur_dashboard_msgs/include/ur_dashboard_msgs/ur_dashboard_msgs/srv/get_program_state.h
-- Up-to-date symlink: /home/administrator/Masterproject2/20_ROS/src/Robots/install/ur_dashboard_msgs/include/ur_dashboard_msgs/ur_dashboard_msgs/srv/get_programs.h
-- Up-to-date symlink: /home/administrator/Masterproject2/20_ROS/src/Robots/install/ur_dashboard_msgs/include/ur_dashboard_msgs/ur_dashboard_msgs/srv/get_robot_mode.h
-- Up-to-date symlink: /home/administrator/Masterproject2/20_ROS/src/Robots/install/ur_dashboard_msgs/include/ur_dashboard_msgs/ur_dashboard_msgs/srv/get_robot_model.h
-- Up-to-date symlink: /home/administrator/Masterproject2/20_ROS/src/Robots/install/ur_dashboard_msgs/include/ur_dashboard_msgs/ur_dashboard_msgs/srv/get_safety_mode.h
-- Up-to-date symlink: /home/administrator/Masterproject2/20_ROS/src/Robots/install/ur_dashboard_msgs/include/ur_dashboard_msgs/ur_dashboard_msgs/srv/get_safety_status.h
-- Up-to-date symlink: /home/administrator/Masterproject2/20_ROS/src/Robots/install/ur_dashboard_msgs/include/ur_dashboard_msgs/ur_dashboard_msgs/srv/get_serial_number.h
-- Up-to-date symlink: /home/administrator/Masterproject2/20_ROS/src/Robots/install/ur_dashboard_msgs/include/ur_dashboard_msgs/ur_dashboard_msgs/srv/get_user_role.h
-- Up-to-date symlink: /home/administrator/Masterproject2/20_ROS/src/Robots/install/ur_dashboard_msgs/include/ur_dashboard_msgs/ur_dashboard_msgs/srv/is_in_remote_control.h
-- Up-to-date symlink: /home/administrator/Masterproject2/20_ROS/src/Robots/install/ur_dashboard_msgs/include/ur_dashboard_msgs/ur_dashboard_msgs/srv/is_program_running.h
-- Up-to-date symlink: /home/administrator/Masterproject2/20_ROS/src/Robots/install/ur_dashboard_msgs/include/ur_dashboard_msgs/ur_dashboard_msgs/srv/is_program_saved.h
-- Up-to-date symlink: /home/administrator/Masterproject2/20_ROS/src/Robots/install/ur_dashboard_msgs/include/ur_dashboard_msgs/ur_dashboard_msgs/srv/load.h
-- Up-to-date symlink: /home/administrator/Masterproject2/20_ROS/src/Robots/install/ur_dashboard_msgs/include/ur_dashboard_msgs/ur_dashboard_msgs/srv/popup.h
-- Up-to-date symlink: /home/administrator/Masterproject2/20_ROS/src/Robots/install/ur_dashboard_msgs/include/ur_dashboard_msgs/ur_dashboard_msgs/srv/raw_request.h
-- Up-to-date symlink: /home/administrator/Masterproject2/20_ROS/src/Robots/install/ur_dashboard_msgs/include/ur_dashboard_msgs/ur_dashboard_msgs/srv/set_operational_mode.h
-- Up-to-date symlink: /home/administrator/Masterproject2/20_ROS/src/Robots/install/ur_dashboard_msgs/include/ur_dashboard_msgs/ur_dashboard_msgs/srv/set_user_role.h
-- Up-to-date symlink: /home/administrator/Masterproject2/20_ROS/src/Robots/install/ur_dashboard_msgs/include/ur_dashboard_msgs/ur_dashboard_msgs/srv/upload_program.h
-- Up-to-date symlink: /home/administrator/Masterproject2/20_ROS/src/Robots/install/ur_dashboard_msgs/share/ur_dashboard_msgs/environment/library_path.sh
-- Up-to-date symlink: /home/administrator/Masterproject2/20_ROS/src/Robots/install/ur_dashboard_msgs/share/ur_dashboard_msgs/environment/library_path.dsv
-- Up-to-date symlink: /home/administrator/Masterproject2/20_ROS/src/Robots/install/ur_dashboard_msgs/include/ur_dashboard_msgs/ur_dashboard_msgs/action/detail/set_mode__rosidl_typesupport_fastrtps_c.h
-- Up-to-date symlink: /home/administrator/Masterproject2/20_ROS/src/Robots/install/ur_dashboard_msgs/include/ur_dashboard_msgs/ur_dashboard_msgs/msg/detail/operational_mode__rosidl_typesupport_fastrtps_c.h
-- Up-to-date symlink: /home/administrator/Masterproject2/20_ROS/src/Robots/install/ur_dashboard_msgs/include/ur_dashboard_msgs/ur_dashboard_msgs/msg/detail/program_information__rosidl_typesupport_fastrtps_c.h
-- Up-to-date symlink: /home/administrator/Masterproject2/20_ROS/src/Robots/install/ur_dashboard_msgs/include/ur_dashboard_msgs/ur_dashboard_msgs/msg/detail/program_state__rosidl_typesupport_fastrtps_c.h
-- Up-to-date symlink: /home/administrator/Masterproject2/20_ROS/src/Robots/install/ur_dashboard_msgs/include/ur_dashboard_msgs/ur_dashboard_msgs/msg/detail/robot_mode__rosidl_typesupport_fastrtps_c.h
-- Up-to-date symlink: /home/administrator/Masterproject2/20_ROS/src/Robots/install/ur_dashboard_msgs/include/ur_dashboard_msgs/ur_dashboard_msgs/msg/detail/safety_mode__rosidl_typesupport_fastrtps_c.h
-- Up-to-date symlink: /home/administrator/Masterproject2/20_ROS/src/Robots/install/ur_dashboard_msgs/include/ur_dashboard_msgs/ur_dashboard_msgs/msg/detail/safety_status__rosidl_typesupport_fastrtps_c.h
-- Up-to-date symlink: /home/administrator/Masterproject2/20_ROS/src/Robots/install/ur_dashboard_msgs/include/ur_dashboard_msgs/ur_dashboard_msgs/msg/detail/user_role__rosidl_typesupport_fastrtps_c.h
-- Up-to-date symlink: /home/administrator/Masterproject2/20_ROS/src/Robots/install/ur_dashboard_msgs/include/ur_dashboard_msgs/ur_dashboard_msgs/msg/detail/version_information__rosidl_typesupport_fastrtps_c.h
-- Up-to-date symlink: /home/administrator/Masterproject2/20_ROS/src/Robots/install/ur_dashboard_msgs/include/ur_dashboard_msgs/ur_dashboard_msgs/msg/rosidl_typesupport_fastrtps_c__visibility_control.h
-- Up-to-date symlink: /home/administrator/Masterproject2/20_ROS/src/Robots/install/ur_dashboard_msgs/include/ur_dashboard_msgs/ur_dashboard_msgs/srv/detail/add_to_log__rosidl_typesupport_fastrtps_c.h
-- Up-to-date symlink: /home/administrator/Masterproject2/20_ROS/src/Robots/install/ur_dashboard_msgs/include/ur_dashboard_msgs/ur_dashboard_msgs/srv/detail/download_program__rosidl_typesupport_fastrtps_c.h
-- Up-to-date symlink: /home/administrator/Masterproject2/20_ROS/src/Robots/install/ur_dashboard_msgs/include/ur_dashboard_msgs/ur_dashboard_msgs/srv/detail/generate_flight_report__rosidl_typesupport_fastrtps_c.h
-- Up-to-date symlink: /home/administrator/Masterproject2/20_ROS/src/Robots/install/ur_dashboard_msgs/include/ur_dashboard_msgs/ur_dashboard_msgs/srv/detail/generate_support_file__rosidl_typesupport_fastrtps_c.h
-- Up-to-date symlink: /home/administrator/Masterproject2/20_ROS/src/Robots/install/ur_dashboard_msgs/include/ur_dashboard_msgs/ur_dashboard_msgs/srv/detail/get_loaded_program__rosidl_typesupport_fastrtps_c.h
-- Up-to-date symlink: /home/administrator/Masterproject2/20_ROS/src/Robots/install/ur_dashboard_msgs/include/ur_dashboard_msgs/ur_dashboard_msgs/srv/detail/get_operational_mode__rosidl_typesupport_fastrtps_c.h
-- Up-to-date symlink: /home/administrator/Masterproject2/20_ROS/src/Robots/install/ur_dashboard_msgs/include/ur_dashboard_msgs/ur_dashboard_msgs/srv/detail/get_poly_scope_version__rosidl_typesupport_fastrtps_c.h
-- Up-to-date symlink: /home/administrator/Masterproject2/20_ROS/src/Robots/install/ur_dashboard_msgs/include/ur_dashboard_msgs/ur_dashboard_msgs/srv/detail/get_program_state__rosidl_typesupport_fastrtps_c.h
-- Up-to-date symlink: /home/administrator/Masterproject2/20_ROS/src/Robots/install/ur_dashboard_msgs/include/ur_dashboard_msgs/ur_dashboard_msgs/srv/detail/get_programs__rosidl_typesupport_fastrtps_c.h
-- Up-to-date symlink: /home/administrator/Masterproject2/20_ROS/src/Robots/install/ur_dashboard_msgs/include/ur_dashboard_msgs/ur_dashboard_msgs/srv/detail/get_robot_mode__rosidl_typesupport_fastrtps_c.h
-- Up-to-date symlink: /home/administrator/Masterproject2/20_ROS/src/Robots/install/ur_dashboard_msgs/include/ur_dashboard_msgs/ur_dashboard_msgs/srv/detail/get_robot_model__rosidl_typesupport_fastrtps_c.h
-- Up-to-date symlink: /home/administrator/Masterproject2/20_ROS/src/Robots/install/ur_dashboard_msgs/include/ur_dashboard_msgs/ur_dashboard_msgs/srv/detail/get_safety_mode__rosidl_typesupport_fastrtps_c.h
-- Up-to-date symlink: /home/administrator/Masterproject2/20_ROS/src/Robots/install/ur_dashboard_msgs/include/ur_dashboard_msgs/ur_dashboard_msgs/srv/detail/get_safety_status__rosidl_typesupport_fastrtps_c.h
-- Up-to-date symlink: /home/administrator/Masterproject2/20_ROS/src/Robots/install/ur_dashboard_msgs/include/ur_dashboard_msgs/ur_dashboard_msgs/srv/detail/get_serial_number__rosidl_typesupport_fastrtps_c.h
-- Up-to-date symlink: /home/administrator/Masterproject2/20_ROS/src/Robots/install/ur_dashboard_msgs/include/ur_dashboard_msgs/ur_dashboard_msgs/srv/detail/get_user_role__rosidl_typesupport_fastrtps_c.h
-- Up-to-date symlink: /home/administrator/Masterproject2/20_ROS/src/Robots/install/ur_dashboard_msgs/include/ur_dashboard_msgs/ur_dashboard_msgs/srv/detail/is_in_remote_control__rosidl_typesupport_fastrtps_c.h
-- Up-to-date symlink: /home/administrator/Masterproject2/20_ROS/src/Robots/install/ur_dashboard_msgs/include/ur_dashboard_msgs/ur_dashboard_msgs/srv/detail/is_program_running__rosidl_typesupport_fastrtps_c.h
-- Up-to-date symlink: /home/administrator/Masterproject2/20_ROS/src/Robots/install/ur_dashboard_msgs/include/ur_dashboard_msgs/ur_dashboard_msgs/srv/detail/is_program_saved__rosidl_typesupport_fastrtps_c.h
-- Up-to-date symlink: /home/administrator/Masterproject2/20_ROS/src/Robots/install/ur_dashboard_msgs/include/ur_dashboard_msgs/ur_dashboard_msgs/srv/detail/load__rosidl_typesupport_fastrtps_c.h
-- Up-to-date symlink: /home/administrator/Masterproject2/20_ROS/src/Robots/install/ur_dashboard_msgs/include/ur_dashboard_msgs/ur_dashboard_msgs/srv/detail/popup__rosidl_typesupport_fastrtps_c.h
-- Up-to-date symlink: /home/administrator/Masterproject2/20_ROS/src/Robots/install/ur_dashboard_msgs/include/ur_dashboard_msgs/ur_dashboard_msgs/srv/detail/raw_request__rosidl_typesupport_fastrtps_c.h
-- Up-to-date symlink: /home/administrator/Masterproject2/20_ROS/src/Robots/install/ur_dashboard_msgs/include/ur_dashboard_msgs/ur_dashboard_msgs/srv/detail/set_operational_mode__rosidl_typesupport_fastrtps_c.h
-- Up-to-date symlink: /home/administrator/Masterproject2/20_ROS/src/Robots/install/ur_dashboard_msgs/include/ur_dashboard_msgs/ur_dashboard_msgs/srv/detail/set_user_role__rosidl_typesupport_fastrtps_c.h
-- Up-to-date symlink: /home/administrator/Masterproject2/20_ROS/src/Robots/install/ur_dashboard_msgs/include/ur_dashboard_msgs/ur_dashboard_msgs/srv/detail/upload_program__rosidl_typesupport_fastrtps_c.h
-- Up-to-date symlink: /home/administrator/Masterproject2/20_ROS/src/Robots/install/ur_dashboard_msgs/include/ur_dashboard_msgs/ur_dashboard_msgs/action/detail/set_mode__rosidl_typesupport_introspection_c.h
-- Up-to-date symlink: /home/administrator/Masterproject2/20_ROS/src/Robots/install/ur_dashboard_msgs/include/ur_dashboard_msgs/ur_dashboard_msgs/msg/detail/operational_mode__rosidl_typesupport_introspection_c.h
-- Up-to-date symlink: /home/administrator/Masterproject2/20_ROS/src/Robots/install/ur_dashboard_msgs/include/ur_dashboard_msgs/ur_dashboard_msgs/msg/detail/program_information__rosidl_typesupport_introspection_c.h
-- Up-to-date symlink: /home/administrator/Masterproject2/20_ROS/src/Robots/install/ur_dashboard_msgs/include/ur_dashboard_msgs/ur_dashboard_msgs/msg/detail/program_state__rosidl_typesupport_introspection_c.h
-- Up-to-date symlink: /home/administrator/Masterproject2/20_ROS/src/Robots/install/ur_dashboard_msgs/include/ur_dashboard_msgs/ur_dashboard_msgs/msg/detail/robot_mode__rosidl_typesupport_introspection_c.h
-- Up-to-date symlink: /home/administrator/Masterproject2/20_ROS/src/Robots/install/ur_dashboard_msgs/include/ur_dashboard_msgs/ur_dashboard_msgs/msg/detail/safety_mode__rosidl_typesupport_introspection_c.h
-- Up-to-date symlink: /home/administrator/Masterproject2/20_ROS/src/Robots/install/ur_dashboard_msgs/include/ur_dashboard_msgs/ur_dashboard_msgs/msg/detail/safety_status__rosidl_typesupport_introspection_c.h
-- Up-to-date symlink: /home/administrator/Masterproject2/20_ROS/src/Robots/install/ur_dashboard_msgs/include/ur_dashboard_msgs/ur_dashboard_msgs/msg/detail/user_role__rosidl_typesupport_introspection_c.h
-- Up-to-date symlink: /home/administrator/Masterproject2/20_ROS/src/Robots/install/ur_dashboard_msgs/include/ur_dashboard_msgs/ur_dashboard_msgs/msg/detail/version_information__rosidl_typesupport_introspection_c.h
-- Up-to-date symlink: /home/administrator/Masterproject2/20_ROS/src/Robots/install/ur_dashboard_msgs/include/ur_dashboard_msgs/ur_dashboard_msgs/msg/rosidl_typesupport_introspection_c__visibility_control.h
-- Up-to-date symlink: /home/administrator/Masterproject2/20_ROS/src/Robots/install/ur_dashboard_msgs/include/ur_dashboard_msgs/ur_dashboard_msgs/srv/detail/add_to_log__rosidl_typesupport_introspection_c.h
-- Up-to-date symlink: /home/administrator/Masterproject2/20_ROS/src/Robots/install/ur_dashboard_msgs/include/ur_dashboard_msgs/ur_dashboard_msgs/srv/detail/download_program__rosidl_typesupport_introspection_c.h
-- Up-to-date symlink: /home/administrator/Masterproject2/20_ROS/src/Robots/install/ur_dashboard_msgs/include/ur_dashboard_msgs/ur_dashboard_msgs/srv/detail/generate_flight_report__rosidl_typesupport_introspection_c.h
-- Up-to-date symlink: /home/administrator/Masterproject2/20_ROS/src/Robots/install/ur_dashboard_msgs/include/ur_dashboard_msgs/ur_dashboard_msgs/srv/detail/generate_support_file__rosidl_typesupport_introspection_c.h
-- Up-to-date symlink: /home/administrator/Masterproject2/20_ROS/src/Robots/install/ur_dashboard_msgs/include/ur_dashboard_msgs/ur_dashboard_msgs/srv/detail/get_loaded_program__rosidl_typesupport_introspection_c.h
-- Up-to-date symlink: /home/administrator/Masterproject2/20_ROS/src/Robots/install/ur_dashboard_msgs/include/ur_dashboard_msgs/ur_dashboard_msgs/srv/detail/get_operational_mode__rosidl_typesupport_introspection_c.h
-- Up-to-date symlink: /home/administrator/Masterproject2/20_ROS/src/Robots/install/ur_dashboard_msgs/include/ur_dashboard_msgs/ur_dashboard_msgs/srv/detail/get_poly_scope_version__rosidl_typesupport_introspection_c.h
-- Up-to-date symlink: /home/administrator/Masterproject2/20_ROS/src/Robots/install/ur_dashboard_msgs/include/ur_dashboard_msgs/ur_dashboard_msgs/srv/detail/get_program_state__rosidl_typesupport_introspection_c.h
-- Up-to-date symlink: /home/administrator/Masterproject2/20_ROS/src/Robots/install/ur_dashboard_msgs/include/ur_dashboard_msgs/ur_dashboard_msgs/srv/detail/get_programs__rosidl_typesupport_introspection_c.h
-- Up-to-date symlink: /home/administrator/Masterproject2/20_ROS/src/Robots/install/ur_dashboard_msgs/include/ur_dashboard_msgs/ur_dashboard_msgs/srv/detail/get_robot_mode__rosidl_typesupport_introspection_c.h
-- Up-to-date symlink: /home/administrator/Masterproject2/20_ROS/src/Robots/install/ur_dashboard_msgs/include/ur_dashboard_msgs/ur_dashboard_msgs/srv/detail/get_robot_model__rosidl_typesupport_introspection_c.h
-- Up-to-date symlink: /home/administrator/Masterproject2/20_ROS/src/Robots/install/ur_dashboard_msgs/include/ur_dashboard_msgs/ur_dashboard_msgs/srv/detail/get_safety_mode__rosidl_typesupport_introspection_c.h
-- Up-to-date symlink: /home/administrator/Masterproject2/20_ROS/src/Robots/install/ur_dashboard_msgs/include/ur_dashboard_msgs/ur_dashboard_msgs/srv/detail/get_safety_status__rosidl_typesupport_introspection_c.h
-- Up-to-date symlink: /home/administrator/Masterproject2/20_ROS/src/Robots/install/ur_dashboard_msgs/include/ur_dashboard_msgs/ur_dashboard_msgs/srv/detail/get_serial_number__rosidl_typesupport_introspection_c.h
-- Up-to-date symlink: /home/administrator/Masterproject2/20_ROS/src/Robots/install/ur_dashboard_msgs/include/ur_dashboard_msgs/ur_dashboard_msgs/srv/detail/get_user_role__rosidl_typesupport_introspection_c.h
-- Up-to-date symlink: /home/administrator/Masterproject2/20_ROS/src/Robots/install/ur_dashboard_msgs/include/ur_dashboard_msgs/ur_dashboard_msgs/srv/detail/is_in_remote_control__rosidl_typesupport_introspection_c.h
-- Up-to-date symlink: /home/administrator/Masterproject2/20_ROS/src/Robots/install/ur_dashboard_msgs/include/ur_dashboard_msgs/ur_dashboard_msgs/srv/detail/is_program_running__rosidl_typesupport_introspection_c.h
-- Up-to-date symlink: /home/administrator/Masterproject2/20_ROS/src/Robots/install/ur_dashboard_msgs/include/ur_dashboard_msgs/ur_dashboard_msgs/srv/detail/is_program_saved__rosidl_typesupport_introspection_c.h
-- Up-to-date symlink: /home/administrator/Masterproject2/20_ROS/src/Robots/install/ur_dashboard_msgs/include/ur_dashboard_msgs/ur_dashboard_msgs/srv/detail/load__rosidl_typesupport_introspection_c.h
-- Up-to-date symlink: /home/administrator/Masterproject2/20_ROS/src/Robots/install/ur_dashboard_msgs/include/ur_dashboard_msgs/ur_dashboard_msgs/srv/detail/popup__rosidl_typesupport_introspection_c.h
-- Up-to-date symlink: /home/administrator/Masterproject2/20_ROS/src/Robots/install/ur_dashboard_msgs/include/ur_dashboard_msgs/ur_dashboard_msgs/srv/detail/raw_request__rosidl_typesupport_introspection_c.h
-- Up-to-date symlink: /home/administrator/Masterproject2/20_ROS/src/Robots/install/ur_dashboard_msgs/include/ur_dashboard_msgs/ur_dashboard_msgs/srv/detail/set_operational_mode__rosidl_typesupport_introspection_c.h
-- Up-to-date symlink: /home/administrator/Masterproject2/20_ROS/src/Robots/install/ur_dashboard_msgs/include/ur_dashboard_msgs/ur_dashboard_msgs/srv/detail/set_user_role__rosidl_typesupport_introspection_c.h
-- Up-to-date symlink: /home/administrator/Masterproject2/20_ROS/src/Robots/install/ur_dashboard_msgs/include/ur_dashboard_msgs/ur_dashboard_msgs/srv/detail/upload_program__rosidl_typesupport_introspection_c.h
-- Up-to-date symlink: /home/administrator/Masterproject2/20_ROS/src/Robots/install/ur_dashboard_msgs/include/ur_dashboard_msgs/ur_dashboard_msgs/action/detail/set_mode__builder.hpp
-- Up-to-date symlink: /home/administrator/Masterproject2/20_ROS/src/Robots/install/ur_dashboard_msgs/include/ur_dashboard_msgs/ur_dashboard_msgs/action/detail/set_mode__struct.hpp
-- Up-to-date symlink: /home/administrator/Masterproject2/20_ROS/src/Robots/install/ur_dashboard_msgs/include/ur_dashboard_msgs/ur_dashboard_msgs/action/detail/set_mode__traits.hpp
-- Up-to-date symlink: /home/administrator/Masterproject2/20_ROS/src/Robots/install/ur_dashboard_msgs/include/ur_dashboard_msgs/ur_dashboard_msgs/action/detail/set_mode__type_support.hpp
-- Up-to-date symlink: /home/administrator/Masterproject2/20_ROS/src/Robots/install/ur_dashboard_msgs/include/ur_dashboard_msgs/ur_dashboard_msgs/action/set_mode.hpp
-- Up-to-date symlink: /home/administrator/Masterproject2/20_ROS/src/Robots/install/ur_dashboard_msgs/include/ur_dashboard_msgs/ur_dashboard_msgs/msg/detail/operational_mode__builder.hpp
-- Up-to-date symlink: /home/administrator/Masterproject2/20_ROS/src/Robots/install/ur_dashboard_msgs/include/ur_dashboard_msgs/ur_dashboard_msgs/msg/detail/operational_mode__struct.hpp
-- Up-to-date symlink: /home/administrator/Masterproject2/20_ROS/src/Robots/install/ur_dashboard_msgs/include/ur_dashboard_msgs/ur_dashboard_msgs/msg/detail/operational_mode__traits.hpp
-- Up-to-date symlink: /home/administrator/Masterproject2/20_ROS/src/Robots/install/ur_dashboard_msgs/include/ur_dashboard_msgs/ur_dashboard_msgs/msg/detail/operational_mode__type_support.hpp
-- Up-to-date symlink: /home/administrator/Masterproject2/20_ROS/src/Robots/install/ur_dashboard_msgs/include/ur_dashboard_msgs/ur_dashboard_msgs/msg/detail/program_information__builder.hpp
-- Up-to-date symlink: /home/administrator/Masterproject2/20_ROS/src/Robots/install/ur_dashboard_msgs/include/ur_dashboard_msgs/ur_dashboard_msgs/msg/detail/program_information__struct.hpp
-- Up-to-date symlink: /home/administrator/Masterproject2/20_ROS/src/Robots/install/ur_dashboard_msgs/include/ur_dashboard_msgs/ur_dashboard_msgs/msg/detail/program_information__traits.hpp
-- Up-to-date symlink: /home/administrator/Masterproject2/20_ROS/src/Robots/install/ur_dashboard_msgs/include/ur_dashboard_msgs/ur_dashboard_msgs/msg/detail/program_information__type_support.hpp
-- Up-to-date symlink: /home/administrator/Masterproject2/20_ROS/src/Robots/install/ur_dashboard_msgs/include/ur_dashboard_msgs/ur_dashboard_msgs/msg/detail/program_state__builder.hpp
-- Up-to-date symlink: /home/administrator/Masterproject2/20_ROS/src/Robots/install/ur_dashboard_msgs/include/ur_dashboard_msgs/ur_dashboard_msgs/msg/detail/program_state__struct.hpp
-- Up-to-date symlink: /home/administrator/Masterproject2/20_ROS/src/Robots/install/ur_dashboard_msgs/include/ur_dashboard_msgs/ur_dashboard_msgs/msg/detail/program_state__traits.hpp
-- Up-to-date symlink: /home/administrator/Masterproject2/20_ROS/src/Robots/install/ur_dashboard_msgs/include/ur_dashboard_msgs/ur_dashboard_msgs/msg/detail/program_state__type_support.hpp
-- Up-to-date symlink: /home/administrator/Masterproject2/20_ROS/src/Robots/install/ur_dashboard_msgs/include/ur_dashboard_msgs/ur_dashboard_msgs/msg/detail/robot_mode__builder.hpp
-- Up-to-date symlink: /home/administrator/Masterproject2/20_ROS/src/Robots/install/ur_dashboard_msgs/include/ur_dashboard_msgs/ur_dashboard_msgs/msg/detail/robot_mode__struct.hpp
-- Up-to-date symlink: /home/administrator/Masterproject2/20_ROS/src/Robots/install/ur_dashboard_msgs/include/ur_dashboard_msgs/ur_dashboard_msgs/msg/detail/robot_mode__traits.hpp
-- Up-to-date symlink: /home/administrator/Masterproject2/20_ROS/src/Robots/install/ur_dashboard_msgs/include/ur_dashboard_msgs/ur_dashboard_msgs/msg/detail/robot_mode__type_support.hpp
-- Up-to-date symlink: /home/administrator/Masterproject2/20_ROS/src/Robots/install/ur_dashboard_msgs/include/ur_dashboard_msgs/ur_dashboard_msgs/msg/detail/safety_mode__builder.hpp
-- Up-to-date symlink: /home/administrator/Masterproject2/20_ROS/src/Robots/install/ur_dashboard_msgs/include/ur_dashboard_msgs/ur_dashboard_msgs/msg/detail/safety_mode__struct.hpp
-- Up-to-date symlink: /home/administrator/Masterproject2/20_ROS/src/Robots/install/ur_dashboard_msgs/include/ur_dashboard_msgs/ur_dashboard_msgs/msg/detail/safety_mode__traits.hpp
-- Up-to-date symlink: /home/administrator/Masterproject2/20_ROS/src/Robots/install/ur_dashboard_msgs/include/ur_dashboard_msgs/ur_dashboard_msgs/msg/detail/safety_mode__type_support.hpp
-- Up-to-date symlink: /home/administrator/Masterproject2/20_ROS/src/Robots/install/ur_dashboard_msgs/include/ur_dashboard_msgs/ur_dashboard_msgs/msg/detail/safety_status__builder.hpp
-- Up-to-date symlink: /home/administrator/Masterproject2/20_ROS/src/Robots/install/ur_dashboard_msgs/include/ur_dashboard_msgs/ur_dashboard_msgs/msg/detail/safety_status__struct.hpp
-- Up-to-date symlink: /home/administrator/Masterproject2/20_ROS/src/Robots/install/ur_dashboard_msgs/include/ur_dashboard_msgs/ur_dashboard_msgs/msg/detail/safety_status__traits.hpp
-- Up-to-date symlink: /home/administrator/Masterproject2/20_ROS/src/Robots/install/ur_dashboard_msgs/include/ur_dashboard_msgs/ur_dashboard_msgs/msg/detail/safety_status__type_support.hpp
-- Up-to-date symlink: /home/administrator/Masterproject2/20_ROS/src/Robots/install/ur_dashboard_msgs/include/ur_dashboard_msgs/ur_dashboard_msgs/msg/detail/user_role__builder.hpp
-- Up-to-date symlink: /home/administrator/Masterproject2/20_ROS/src/Robots/install/ur_dashboard_msgs/include/ur_dashboard_msgs/ur_dashboard_msgs/msg/detail/user_role__struct.hpp
-- Up-to-date symlink: /home/administrator/Masterproject2/20_ROS/src/Robots/install/ur_dashboard_msgs/include/ur_dashboard_msgs/ur_dashboard_msgs/msg/detail/user_role__traits.hpp
-- Up-to-date symlink: /home/administrator/Masterproject2/20_ROS/src/Robots/install/ur_dashboard_msgs/include/ur_dashboard_msgs/ur_dashboard_msgs/msg/detail/user_role__type_support.hpp
-- Up-to-date symlink: /home/administrator/Masterproject2/20_ROS/src/Robots/install/ur_dashboard_msgs/include/ur_dashboard_msgs/ur_dashboard_msgs/msg/detail/version_information__builder.hpp
-- Up-to-date symlink: /home/administrator/Masterproject2/20_ROS/src/Robots/install/ur_dashboard_msgs/include/ur_dashboard_msgs/ur_dashboard_msgs/msg/detail/version_information__struct.hpp
-- Up-to-date symlink: /home/administrator/Masterproject2/20_ROS/src/Robots/install/ur_dashboard_msgs/include/ur_dashboard_msgs/ur_dashboard_msgs/msg/detail/version_information__traits.hpp
-- Up-to-date symlink: /home/administrator/Masterproject2/20_ROS/src/Robots/install/ur_dashboard_msgs/include/ur_dashboard_msgs/ur_dashboard_msgs/msg/detail/version_information__type_support.hpp
-- Up-to-date symlink: /home/administrator/Masterproject2/20_ROS/src/Robots/install/ur_dashboard_msgs/include/ur_dashboard_msgs/ur_dashboard_msgs/msg/operational_mode.hpp
-- Up-to-date symlink: /home/administrator/Masterproject2/20_ROS/src/Robots/install/ur_dashboard_msgs/include/ur_dashboard_msgs/ur_dashboard_msgs/msg/program_information.hpp
-- Up-to-date symlink: /home/administrator/Masterproject2/20_ROS/src/Robots/install/ur_dashboard_msgs/include/ur_dashboard_msgs/ur_dashboard_msgs/msg/program_state.hpp
-- Up-to-date symlink: /home/administrator/Masterproject2/20_ROS/src/Robots/install/ur_dashboard_msgs/include/ur_dashboard_msgs/ur_dashboard_msgs/msg/robot_mode.hpp
-- Up-to-date symlink: /home/administrator/Masterproject2/20_ROS/src/Robots/install/ur_dashboard_msgs/include/ur_dashboard_msgs/ur_dashboard_msgs/msg/rosidl_generator_cpp__visibility_control.hpp
-- Up-to-date symlink: /home/administrator/Masterproject2/20_ROS/src/Robots/install/ur_dashboard_msgs/include/ur_dashboard_msgs/ur_dashboard_msgs/msg/safety_mode.hpp
-- Up-to-date symlink: /home/administrator/Masterproject2/20_ROS/src/Robots/install/ur_dashboard_msgs/include/ur_dashboard_msgs/ur_dashboard_msgs/msg/safety_status.hpp
-- Up-to-date symlink: /home/administrator/Masterproject2/20_ROS/src/Robots/install/ur_dashboard_msgs/include/ur_dashboard_msgs/ur_dashboard_msgs/msg/user_role.hpp
-- Up-to-date symlink: /home/administrator/Masterproject2/20_ROS/src/Robots/install/ur_dashboard_msgs/include/ur_dashboard_msgs/ur_dashboard_msgs/msg/version_information.hpp
-- Up-to-date symlink: /home/administrator/Masterproject2/20_ROS/src/Robots/install/ur_dashboard_msgs/include/ur_dashboard_msgs/ur_dashboard_msgs/srv/add_to_log.hpp
-- Up-to-date symlink: /home/administrator/Masterproject2/20_ROS/src/Robots/install/ur_dashboard_msgs/include/ur_dashboard_msgs/ur_dashboard_msgs/srv/detail/add_to_log__builder.hpp
-- Up-to-date symlink: /home/administrator/Masterproject2/20_ROS/src/Robots/install/ur_dashboard_msgs/include/ur_dashboard_msgs/ur_dashboard_msgs/srv/detail/add_to_log__struct.hpp
-- Up-to-date symlink: /home/administrator/Masterproject2/20_ROS/src/Robots/install/ur_dashboard_msgs/include/ur_dashboard_msgs/ur_dashboard_msgs/srv/detail/add_to_log__traits.hpp
-- Up-to-date symlink: /home/administrator/Masterproject2/20_ROS/src/Robots/install/ur_dashboard_msgs/include/ur_dashboard_msgs/ur_dashboard_msgs/srv/detail/add_to_log__type_support.hpp
-- Up-to-date symlink: /home/administrator/Masterproject2/20_ROS/src/Robots/install/ur_dashboard_msgs/include/ur_dashboard_msgs/ur_dashboard_msgs/srv/detail/download_program__builder.hpp
-- Up-to-date symlink: /home/administrator/Masterproject2/20_ROS/src/Robots/install/ur_dashboard_msgs/include/ur_dashboard_msgs/ur_dashboard_msgs/srv/detail/download_program__struct.hpp
-- Up-to-date symlink: /home/administrator/Masterproject2/20_ROS/src/Robots/install/ur_dashboard_msgs/include/ur_dashboard_msgs/ur_dashboard_msgs/srv/detail/download_program__traits.hpp
-- Up-to-date symlink: /home/administrator/Masterproject2/20_ROS/src/Robots/install/ur_dashboard_msgs/include/ur_dashboard_msgs/ur_dashboard_msgs/srv/detail/download_program__type_support.hpp
-- Up-to-date symlink: /home/administrator/Masterproject2/20_ROS/src/Robots/install/ur_dashboard_msgs/include/ur_dashboard_msgs/ur_dashboard_msgs/srv/detail/generate_flight_report__builder.hpp
-- Up-to-date symlink: /home/administrator/Masterproject2/20_ROS/src/Robots/install/ur_dashboard_msgs/include/ur_dashboard_msgs/ur_dashboard_msgs/srv/detail/generate_flight_report__struct.hpp
-- Up-to-date symlink: /home/administrator/Masterproject2/20_ROS/src/Robots/install/ur_dashboard_msgs/include/ur_dashboard_msgs/ur_dashboard_msgs/srv/detail/generate_flight_report__traits.hpp
-- Up-to-date symlink: /home/administrator/Masterproject2/20_ROS/src/Robots/install/ur_dashboard_msgs/include/ur_dashboard_msgs/ur_dashboard_msgs/srv/detail/generate_flight_report__type_support.hpp
-- Up-to-date symlink: /home/administrator/Masterproject2/20_ROS/src/Robots/install/ur_dashboard_msgs/include/ur_dashboard_msgs/ur_dashboard_msgs/srv/detail/generate_support_file__builder.hpp
-- Up-to-date symlink: /home/administrator/Masterproject2/20_ROS/src/Robots/install/ur_dashboard_msgs/include/ur_dashboard_msgs/ur_dashboard_msgs/srv/detail/generate_support_file__struct.hpp
-- Up-to-date symlink: /home/administrator/Masterproject2/20_ROS/src/Robots/install/ur_dashboard_msgs/include/ur_dashboard_msgs/ur_dashboard_msgs/srv/detail/generate_support_file__traits.hpp
-- Up-to-date symlink: /home/administrator/Masterproject2/20_ROS/src/Robots/install/ur_dashboard_msgs/include/ur_dashboard_msgs/ur_dashboard_msgs/srv/detail/generate_support_file__type_support.hpp
-- Up-to-date symlink: /home/administrator/Masterproject2/20_ROS/src/Robots/install/ur_dashboard_msgs/include/ur_dashboard_msgs/ur_dashboard_msgs/srv/detail/get_loaded_program__builder.hpp
-- Up-to-date symlink: /home/administrator/Masterproject2/20_ROS/src/Robots/install/ur_dashboard_msgs/include/ur_dashboard_msgs/ur_dashboard_msgs/srv/detail/get_loaded_program__struct.hpp
-- Up-to-date symlink: /home/administrator/Masterproject2/20_ROS/src/Robots/install/ur_dashboard_msgs/include/ur_dashboard_msgs/ur_dashboard_msgs/srv/detail/get_loaded_program__traits.hpp
-- Up-to-date symlink: /home/administrator/Masterproject2/20_ROS/src/Robots/install/ur_dashboard_msgs/include/ur_dashboard_msgs/ur_dashboard_msgs/srv/detail/get_loaded_program__type_support.hpp
-- Up-to-date symlink: /home/administrator/Masterproject2/20_ROS/src/Robots/install/ur_dashboard_msgs/include/ur_dashboard_msgs/ur_dashboard_msgs/srv/detail/get_operational_mode__builder.hpp
-- Up-to-date symlink: /home/administrator/Masterproject2/20_ROS/src/Robots/install/ur_dashboard_msgs/include/ur_dashboard_msgs/ur_dashboard_msgs/srv/detail/get_operational_mode__struct.hpp
-- Up-to-date symlink: /home/administrator/Masterproject2/20_ROS/src/Robots/install/ur_dashboard_msgs/include/ur_dashboard_msgs/ur_dashboard_msgs/srv/detail/get_operational_mode__traits.hpp
-- Up-to-date symlink: /home/administrator/Masterproject2/20_ROS/src/Robots/install/ur_dashboard_msgs/include/ur_dashboard_msgs/ur_dashboard_msgs/srv/detail/get_operational_mode__type_support.hpp
-- Up-to-date symlink: /home/administrator/Masterproject2/20_ROS/src/Robots/install/ur_dashboard_msgs/include/ur_dashboard_msgs/ur_dashboard_msgs/srv/detail/get_poly_scope_version__builder.hpp
-- Up-to-date symlink: /home/administrator/Masterproject2/20_ROS/src/Robots/install/ur_dashboard_msgs/include/ur_dashboard_msgs/ur_dashboard_msgs/srv/detail/get_poly_scope_version__struct.hpp
-- Up-to-date symlink: /home/administrator/Masterproject2/20_ROS/src/Robots/install/ur_dashboard_msgs/include/ur_dashboard_msgs/ur_dashboard_msgs/srv/detail/get_poly_scope_version__traits.hpp
-- Up-to-date symlink: /home/administrator/Masterproject2/20_ROS/src/Robots/install/ur_dashboard_msgs/include/ur_dashboard_msgs/ur_dashboard_msgs/srv/detail/get_poly_scope_version__type_support.hpp
-- Up-to-date symlink: /home/administrator/Masterproject2/20_ROS/src/Robots/install/ur_dashboard_msgs/include/ur_dashboard_msgs/ur_dashboard_msgs/srv/detail/get_program_state__builder.hpp
-- Up-to-date symlink: /home/administrator/Masterproject2/20_ROS/src/Robots/install/ur_dashboard_msgs/include/ur_dashboard_msgs/ur_dashboard_msgs/srv/detail/get_program_state__struct.hpp
-- Up-to-date symlink: /home/administrator/Masterproject2/20_ROS/src/Robots/install/ur_dashboard_msgs/include/ur_dashboard_msgs/ur_dashboard_msgs/srv/detail/get_program_state__traits.hpp
-- Up-to-date symlink: /home/administrator/Masterproject2/20_ROS/src/Robots/install/ur_dashboard_msgs/include/ur_dashboard_msgs/ur_dashboard_msgs/srv/detail/get_program_state__type_support.hpp
-- Up-to-date symlink: /home/administrator/Masterproject2/20_ROS/src/Robots/install/ur_dashboard_msgs/include/ur_dashboard_msgs/ur_dashboard_msgs/srv/detail/get_programs__builder.hpp
-- Up-to-date symlink: /home/administrator/Masterproject2/20_ROS/src/Robots/install/ur_dashboard_msgs/include/ur_dashboard_msgs/ur_dashboard_msgs/srv/detail/get_programs__struct.hpp
-- Up-to-date symlink: /home/administrator/Masterproject2/20_ROS/src/Robots/install/ur_dashboard_msgs/include/ur_dashboard_msgs/ur_dashboard_msgs/srv/detail/get_programs__traits.hpp
-- Up-to-date symlink: /home/administrator/Masterproject2/20_ROS/src/Robots/install/ur_dashboard_msgs/include/ur_dashboard_msgs/ur_dashboard_msgs/srv/detail/get_programs__type_support.hpp
-- Up-to-date symlink: /home/administrator/Masterproject2/20_ROS/src/Robots/install/ur_dashboard_msgs/include/ur_dashboard_msgs/ur_dashboard_msgs/srv/detail/get_robot_mode__builder.hpp
-- Up-to-date symlink: /home/administrator/Masterproject2/20_ROS/src/Robots/install/ur_dashboard_msgs/include/ur_dashboard_msgs/ur_dashboard_msgs/srv/detail/get_robot_mode__struct.hpp
-- Up-to-date symlink: /home/administrator/Masterproject2/20_ROS/src/Robots/install/ur_dashboard_msgs/include/ur_dashboard_msgs/ur_dashboard_msgs/srv/detail/get_robot_mode__traits.hpp
-- Up-to-date symlink: /home/administrator/Masterproject2/20_ROS/src/Robots/install/ur_dashboard_msgs/include/ur_dashboard_msgs/ur_dashboard_msgs/srv/detail/get_robot_mode__type_support.hpp
-- Up-to-date symlink: /home/administrator/Masterproject2/20_ROS/src/Robots/install/ur_dashboard_msgs/include/ur_dashboard_msgs/ur_dashboard_msgs/srv/detail/get_robot_model__builder.hpp
-- Up-to-date symlink: /home/administrator/Masterproject2/20_ROS/src/Robots/install/ur_dashboard_msgs/include/ur_dashboard_msgs/ur_dashboard_msgs/srv/detail/get_robot_model__struct.hpp
-- Up-to-date symlink: /home/administrator/Masterproject2/20_ROS/src/Robots/install/ur_dashboard_msgs/include/ur_dashboard_msgs/ur_dashboard_msgs/srv/detail/get_robot_model__traits.hpp
-- Up-to-date symlink: /home/administrator/Masterproject2/20_ROS/src/Robots/install/ur_dashboard_msgs/include/ur_dashboard_msgs/ur_dashboard_msgs/srv/detail/get_robot_model__type_support.hpp
-- Up-to-date symlink: /home/administrator/Masterproject2/20_ROS/src/Robots/install/ur_dashboard_msgs/include/ur_dashboard_msgs/ur_dashboard_msgs/srv/detail/get_safety_mode__builder.hpp
-- Up-to-date symlink: /home/administrator/Masterproject2/20_ROS/src/Robots/install/ur_dashboard_msgs/include/ur_dashboard_msgs/ur_dashboard_msgs/srv/detail/get_safety_mode__struct.hpp
-- Up-to-date symlink: /home/administrator/Masterproject2/20_ROS/src/Robots/install/ur_dashboard_msgs/include/ur_dashboard_msgs/ur_dashboard_msgs/srv/detail/get_safety_mode__traits.hpp
-- Up-to-date symlink: /home/administrator/Masterproject2/20_ROS/src/Robots/install/ur_dashboard_msgs/include/ur_dashboard_msgs/ur_dashboard_msgs/srv/detail/get_safety_mode__type_support.hpp
-- Up-to-date symlink: /home/administrator/Masterproject2/20_ROS/src/Robots/install/ur_dashboard_msgs/include/ur_dashboard_msgs/ur_dashboard_msgs/srv/detail/get_safety_status__builder.hpp
-- Up-to-date symlink: /home/administrator/Masterproject2/20_ROS/src/Robots/install/ur_dashboard_msgs/include/ur_dashboard_msgs/ur_dashboard_msgs/srv/detail/get_safety_status__struct.hpp
-- Up-to-date symlink: /home/administrator/Masterproject2/20_ROS/src/Robots/install/ur_dashboard_msgs/include/ur_dashboard_msgs/ur_dashboard_msgs/srv/detail/get_safety_status__traits.hpp
-- Up-to-date symlink: /home/administrator/Masterproject2/20_ROS/src/Robots/install/ur_dashboard_msgs/include/ur_dashboard_msgs/ur_dashboard_msgs/srv/detail/get_safety_status__type_support.hpp
-- Up-to-date symlink: /home/administrator/Masterproject2/20_ROS/src/Robots/install/ur_dashboard_msgs/include/ur_dashboard_msgs/ur_dashboard_msgs/srv/detail/get_serial_number__builder.hpp
-- Up-to-date symlink: /home/administrator/Masterproject2/20_ROS/src/Robots/install/ur_dashboard_msgs/include/ur_dashboard_msgs/ur_dashboard_msgs/srv/detail/get_serial_number__struct.hpp
-- Up-to-date symlink: /home/administrator/Masterproject2/20_ROS/src/Robots/install/ur_dashboard_msgs/include/ur_dashboard_msgs/ur_dashboard_msgs/srv/detail/get_serial_number__traits.hpp
-- Up-to-date symlink: /home/administrator/Masterproject2/20_ROS/src/Robots/install/ur_dashboard_msgs/include/ur_dashboard_msgs/ur_dashboard_msgs/srv/detail/get_serial_number__type_support.hpp
-- Up-to-date symlink: /home/administrator/Masterproject2/20_ROS/src/Robots/install/ur_dashboard_msgs/include/ur_dashboard_msgs/ur_dashboard_msgs/srv/detail/get_user_role__builder.hpp
-- Up-to-date symlink: /home/administrator/Masterproject2/20_ROS/src/Robots/install/ur_dashboard_msgs/include/ur_dashboard_msgs/ur_dashboard_msgs/srv/detail/get_user_role__struct.hpp
-- Up-to-date symlink: /home/administrator/Masterproject2/20_ROS/src/Robots/install/ur_dashboard_msgs/include/ur_dashboard_msgs/ur_dashboard_msgs/srv/detail/get_user_role__traits.hpp
-- Up-to-date symlink: /home/administrator/Masterproject2/20_ROS/src/Robots/install/ur_dashboard_msgs/include/ur_dashboard_msgs/ur_dashboard_msgs/srv/detail/get_user_role__type_support.hpp
-- Up-to-date symlink: /home/administrator/Masterproject2/20_ROS/src/Robots/install/ur_dashboard_msgs/include/ur_dashboard_msgs/ur_dashboard_msgs/srv/detail/is_in_remote_control__builder.hpp
-- Up-to-date symlink: /home/administrator/Masterproject2/20_ROS/src/Robots/install/ur_dashboard_msgs/include/ur_dashboard_msgs/ur_dashboard_msgs/srv/detail/is_in_remote_control__struct.hpp
-- Up-to-date symlink: /home/administrator/Masterproject2/20_ROS/src/Robots/install/ur_dashboard_msgs/include/ur_dashboard_msgs/ur_dashboard_msgs/srv/detail/is_in_remote_control__traits.hpp
-- Up-to-date symlink: /home/administrator/Masterproject2/20_ROS/src/Robots/install/ur_dashboard_msgs/include/ur_dashboard_msgs/ur_dashboard_msgs/srv/detail/is_in_remote_control__type_support.hpp
-- Up-to-date symlink: /home/administrator/Masterproject2/20_ROS/src/Robots/install/ur_dashboard_msgs/include/ur_dashboard_msgs/ur_dashboard_msgs/srv/detail/is_program_running__builder.hpp
-- Up-to-date symlink: /home/administrator/Masterproject2/20_ROS/src/Robots/install/ur_dashboard_msgs/include/ur_dashboard_msgs/ur_dashboard_msgs/srv/detail/is_program_running__struct.hpp
-- Up-to-date symlink: /home/administrator/Masterproject2/20_ROS/src/Robots/install/ur_dashboard_msgs/include/ur_dashboard_msgs/ur_dashboard_msgs/srv/detail/is_program_running__traits.hpp
-- Up-to-date symlink: /home/administrator/Masterproject2/20_ROS/src/Robots/install/ur_dashboard_msgs/include/ur_dashboard_msgs/ur_dashboard_msgs/srv/detail/is_program_running__type_support.hpp
-- Up-to-date symlink: /home/administrator/Masterproject2/20_ROS/src/Robots/install/ur_dashboard_msgs/include/ur_dashboard_msgs/ur_dashboard_msgs/srv/detail/is_program_saved__builder.hpp
-- Up-to-date symlink: /home/administrator/Masterproject2/20_ROS/src/Robots/install/ur_dashboard_msgs/include/ur_dashboard_msgs/ur_dashboard_msgs/srv/detail/is_program_saved__struct.hpp
-- Up-to-date symlink: /home/administrator/Masterproject2/20_ROS/src/Robots/install/ur_dashboard_msgs/include/ur_dashboard_msgs/ur_dashboard_msgs/srv/detail/is_program_saved__traits.hpp
-- Up-to-date symlink: /home/administrator/Masterproject2/20_ROS/src/Robots/install/ur_dashboard_msgs/include/ur_dashboard_msgs/ur_dashboard_msgs/srv/detail/is_program_saved__type_support.hpp
-- Up-to-date symlink: /home/administrator/Masterproject2/20_ROS/src/Robots/install/ur_dashboard_msgs/include/ur_dashboard_msgs/ur_dashboard_msgs/srv/detail/load__builder.hpp
-- Up-to-date symlink: /home/administrator/Masterproject2/20_ROS/src/Robots/install/ur_dashboard_msgs/include/ur_dashboard_msgs/ur_dashboard_msgs/srv/detail/load__struct.hpp
-- Up-to-date symlink: /home/administrator/Masterproject2/20_ROS/src/Robots/install/ur_dashboard_msgs/include/ur_dashboard_msgs/ur_dashboard_msgs/srv/detail/load__traits.hpp
-- Up-to-date symlink: /home/administrator/Masterproject2/20_ROS/src/Robots/install/ur_dashboard_msgs/include/ur_dashboard_msgs/ur_dashboard_msgs/srv/detail/load__type_support.hpp
-- Up-to-date symlink: /home/administrator/Masterproject2/20_ROS/src/Robots/install/ur_dashboard_msgs/include/ur_dashboard_msgs/ur_dashboard_msgs/srv/detail/popup__builder.hpp
-- Up-to-date symlink: /home/administrator/Masterproject2/20_ROS/src/Robots/install/ur_dashboard_msgs/include/ur_dashboard_msgs/ur_dashboard_msgs/srv/detail/popup__struct.hpp
-- Up-to-date symlink: /home/administrator/Masterproject2/20_ROS/src/Robots/install/ur_dashboard_msgs/include/ur_dashboard_msgs/ur_dashboard_msgs/srv/detail/popup__traits.hpp
-- Up-to-date symlink: /home/administrator/Masterproject2/20_ROS/src/Robots/install/ur_dashboard_msgs/include/ur_dashboard_msgs/ur_dashboard_msgs/srv/detail/popup__type_support.hpp
-- Up-to-date symlink: /home/administrator/Masterproject2/20_ROS/src/Robots/install/ur_dashboard_msgs/include/ur_dashboard_msgs/ur_dashboard_msgs/srv/detail/raw_request__builder.hpp
-- Up-to-date symlink: /home/administrator/Masterproject2/20_ROS/src/Robots/install/ur_dashboard_msgs/include/ur_dashboard_msgs/ur_dashboard_msgs/srv/detail/raw_request__struct.hpp
-- Up-to-date symlink: /home/administrator/Masterproject2/20_ROS/src/Robots/install/ur_dashboard_msgs/include/ur_dashboard_msgs/ur_dashboard_msgs/srv/detail/raw_request__traits.hpp
-- Up-to-date symlink: /home/administrator/Masterproject2/20_ROS/src/Robots/install/ur_dashboard_msgs/include/ur_dashboard_msgs/ur_dashboard_msgs/srv/detail/raw_request__type_support.hpp
-- Up-to-date symlink: /home/administrator/Masterproject2/20_ROS/src/Robots/install/ur_dashboard_msgs/include/ur_dashboard_msgs/ur_dashboard_msgs/srv/detail/set_operational_mode__builder.hpp
-- Up-to-date symlink: /home/administrator/Masterproject2/20_ROS/src/Robots/install/ur_dashboard_msgs/include/ur_dashboard_msgs/ur_dashboard_msgs/srv/detail/set_operational_mode__struct.hpp
-- Up-to-date symlink: /home/administrator/Masterproject2/20_ROS/src/Robots/install/ur_dashboard_msgs/include/ur_dashboard_msgs/ur_dashboard_msgs/srv/detail/set_operational_mode__traits.hpp
-- Up-to-date symlink: /home/administrator/Masterproject2/20_ROS/src/Robots/install/ur_dashboard_msgs/include/ur_dashboard_msgs/ur_dashboard_msgs/srv/detail/set_operational_mode__type_support.hpp
-- Up-to-date symlink: /home/administrator/Masterproject2/20_ROS/src/Robots/install/ur_dashboard_msgs/include/ur_dashboard_msgs/ur_dashboard_msgs/srv/detail/set_user_role__builder.hpp
-- Up-to-date symlink: /home/administrator/Masterproject2/20_ROS/src/Robots/install/ur_dashboard_msgs/include/ur_dashboard_msgs/ur_dashboard_msgs/srv/detail/set_user_role__struct.hpp
-- Up-to-date symlink: /home/administrator/Masterproject2/20_ROS/src/Robots/install/ur_dashboard_msgs/include/ur_dashboard_msgs/ur_dashboard_msgs/srv/detail/set_user_role__traits.hpp
-- Up-to-date symlink: /home/administrator/Masterproject2/20_ROS/src/Robots/install/ur_dashboard_msgs/include/ur_dashboard_msgs/ur_dashboard_msgs/srv/detail/set_user_role__type_support.hpp
-- Up-to-date symlink: /home/administrator/Masterproject2/20_ROS/src/Robots/install/ur_dashboard_msgs/include/ur_dashboard_msgs/ur_dashboard_msgs/srv/detail/upload_program__builder.hpp
-- Up-to-date symlink: /home/administrator/Masterproject2/20_ROS/src/Robots/install/ur_dashboard_msgs/include/ur_dashboard_msgs/ur_dashboard_msgs/srv/detail/upload_program__struct.hpp
-- Up-to-date symlink: /home/administrator/Masterproject2/20_ROS/src/Robots/install/ur_dashboard_msgs/include/ur_dashboard_msgs/ur_dashboard_msgs/srv/detail/upload_program__traits.hpp
-- Up-to-date symlink: /home/administrator/Masterproject2/20_ROS/src/Robots/install/ur_dashboard_msgs/include/ur_dashboard_msgs/ur_dashboard_msgs/srv/detail/upload_program__type_support.hpp
-- Up-to-date symlink: /home/administrator/Masterproject2/20_ROS/src/Robots/install/ur_dashboard_msgs/include/ur_dashboard_msgs/ur_dashboard_msgs/srv/download_program.hpp
-- Up-to-date symlink: /home/administrator/Masterproject2/20_ROS/src/Robots/install/ur_dashboard_msgs/include/ur_dashboard_msgs/ur_dashboard_msgs/srv/generate_flight_report.hpp
-- Up-to-date symlink: /home/administrator/Masterproject2/20_ROS/src/Robots/install/ur_dashboard_msgs/include/ur_dashboard_msgs/ur_dashboard_msgs/srv/generate_support_file.hpp
-- Up-to-date symlink: /home/administrator/Masterproject2/20_ROS/src/Robots/install/ur_dashboard_msgs/include/ur_dashboard_msgs/ur_dashboard_msgs/srv/get_loaded_program.hpp
-- Up-to-date symlink: /home/administrator/Masterproject2/20_ROS/src/Robots/install/ur_dashboard_msgs/include/ur_dashboard_msgs/ur_dashboard_msgs/srv/get_operational_mode.hpp
-- Up-to-date symlink: /home/administrator/Masterproject2/20_ROS/src/Robots/install/ur_dashboard_msgs/include/ur_dashboard_msgs/ur_dashboard_msgs/srv/get_poly_scope_version.hpp
-- Up-to-date symlink: /home/administrator/Masterproject2/20_ROS/src/Robots/install/ur_dashboard_msgs/include/ur_dashboard_msgs/ur_dashboard_msgs/srv/get_program_state.hpp
-- Up-to-date symlink: /home/administrator/Masterproject2/20_ROS/src/Robots/install/ur_dashboard_msgs/include/ur_dashboard_msgs/ur_dashboard_msgs/srv/get_programs.hpp
-- Up-to-date symlink: /home/administrator/Masterproject2/20_ROS/src/Robots/install/ur_dashboard_msgs/include/ur_dashboard_msgs/ur_dashboard_msgs/srv/get_robot_mode.hpp
-- Up-to-date symlink: /home/administrator/Masterproject2/20_ROS/src/Robots/install/ur_dashboard_msgs/include/ur_dashboard_msgs/ur_dashboard_msgs/srv/get_robot_model.hpp
-- Up-to-date symlink: /home/administrator/Masterproject2/20_ROS/src/Robots/install/ur_dashboard_msgs/include/ur_dashboard_msgs/ur_dashboard_msgs/srv/get_safety_mode.hpp
-- Up-to-date symlink: /home/administrator/Masterproject2/20_ROS/src/Robots/install/ur_dashboard_msgs/include/ur_dashboard_msgs/ur_dashboard_msgs/srv/get_safety_status.hpp
-- Up-to-date symlink: /home/administrator/Masterproject2/20_ROS/src/Robots/install/ur_dashboard_msgs/include/ur_dashboard_msgs/ur_dashboard_msgs/srv/get_serial_number.hpp
-- Up-to-date symlink: /home/administrator/Masterproject2/20_ROS/src/Robots/install/ur_dashboard_msgs/include/ur_dashboard_msgs/ur_dashboard_msgs/srv/get_user_role.hpp
-- Up-to-date symlink: /home/administrator/Masterproject2/20_ROS/src/Robots/install/ur_dashboard_msgs/include/ur_dashboard_msgs/ur_dashboard_msgs/srv/is_in_remote_control.hpp
-- Up-to-date symlink: /home/administrator/Masterproject2/20_ROS/src/Robots/install/ur_dashboard_msgs/include/ur_dashboard_msgs/ur_dashboard_msgs/srv/is_program_running.hpp
-- Up-to-date symlink: /home/administrator/Masterproject2/20_ROS/src/Robots/install/ur_dashboard_msgs/include/ur_dashboard_msgs/ur_dashboard_msgs/srv/is_program_saved.hpp
-- Up-to-date symlink: /home/administrator/Masterproject2/20_ROS/src/Robots/install/ur_dashboard_msgs/include/ur_dashboard_msgs/ur_dashboard_msgs/srv/load.hpp
-- Up-to-date symlink: /home/administrator/Masterproject2/20_ROS/src/Robots/install/ur_dashboard_msgs/include/ur_dashboard_msgs/ur_dashboard_msgs/srv/popup.hpp
-- Up-to-date symlink: /home/administrator/Masterproject2/20_ROS/src/Robots/install/ur_dashboard_msgs/include/ur_dashboard_msgs/ur_dashboard_msgs/srv/raw_request.hpp
-- Up-to-date symlink: /home/administrator/Masterproject2/20_ROS/src/Robots/install/ur_dashboard_msgs/include/ur_dashboard_msgs/ur_dashboard_msgs/srv/set_operational_mode.hpp
-- Up-to-date symlink: /home/administrator/Masterproject2/20_ROS/src/Robots/install/ur_dashboard_msgs/include/ur_dashboard_msgs/ur_dashboard_msgs/srv/set_user_role.hpp
-- Up-to-date symlink: /home/administrator/Masterproject2/20_ROS/src/Robots/install/ur_dashboard_msgs/include/ur_dashboard_msgs/ur_dashboard_msgs/srv/upload_program.hpp
-- Up-to-date symlink: /home/administrator/Masterproject2/20_ROS/src/Robots/install/ur_dashboard_msgs/include/ur_dashboard_msgs/ur_dashboard_msgs/action/detail/set_mode__rosidl_typesupport_fastrtps_cpp.hpp
-- Up-to-date symlink: /home/administrator/Masterproject2/20_ROS/src/Robots/install/ur_dashboard_msgs/include/ur_dashboard_msgs/ur_dashboard_msgs/msg/detail/operational_mode__rosidl_typesupport_fastrtps_cpp.hpp
-- Up-to-date symlink: /home/administrator/Masterproject2/20_ROS/src/Robots/install/ur_dashboard_msgs/include/ur_dashboard_msgs/ur_dashboard_msgs/msg/detail/program_information__rosidl_typesupport_fastrtps_cpp.hpp
-- Up-to-date symlink: /home/administrator/Masterproject2/20_ROS/src/Robots/install/ur_dashboard_msgs/include/ur_dashboard_msgs/ur_dashboard_msgs/msg/detail/program_state__rosidl_typesupport_fastrtps_cpp.hpp
-- Up-to-date symlink: /home/administrator/Masterproject2/20_ROS/src/Robots/install/ur_dashboard_msgs/include/ur_dashboard_msgs/ur_dashboard_msgs/msg/detail/robot_mode__rosidl_typesupport_fastrtps_cpp.hpp
-- Up-to-date symlink: /home/administrator/Masterproject2/20_ROS/src/Robots/install/ur_dashboard_msgs/include/ur_dashboard_msgs/ur_dashboard_msgs/msg/detail/safety_mode__rosidl_typesupport_fastrtps_cpp.hpp
-- Up-to-date symlink: /home/administrator/Masterproject2/20_ROS/src/Robots/install/ur_dashboard_msgs/include/ur_dashboard_msgs/ur_dashboard_msgs/msg/detail/safety_status__rosidl_typesupport_fastrtps_cpp.hpp
-- Up-to-date symlink: /home/administrator/Masterproject2/20_ROS/src/Robots/install/ur_dashboard_msgs/include/ur_dashboard_msgs/ur_dashboard_msgs/msg/detail/user_role__rosidl_typesupport_fastrtps_cpp.hpp
-- Up-to-date symlink: /home/administrator/Masterproject2/20_ROS/src/Robots/install/ur_dashboard_msgs/include/ur_dashboard_msgs/ur_dashboard_msgs/msg/detail/version_information__rosidl_typesupport_fastrtps_cpp.hpp
-- Up-to-date symlink: /home/administrator/Masterproject2/20_ROS/src/Robots/install/ur_dashboard_msgs/include/ur_dashboard_msgs/ur_dashboard_msgs/msg/rosidl_typesupport_fastrtps_cpp__visibility_control.h
-- Up-to-date symlink: /home/administrator/Masterproject2/20_ROS/src/Robots/install/ur_dashboard_msgs/include/ur_dashboard_msgs/ur_dashboard_msgs/srv/detail/add_to_log__rosidl_typesupport_fastrtps_cpp.hpp
-- Up-to-date symlink: /home/administrator/Masterproject2/20_ROS/src/Robots/install/ur_dashboard_msgs/include/ur_dashboard_msgs/ur_dashboard_msgs/srv/detail/download_program__rosidl_typesupport_fastrtps_cpp.hpp
-- Up-to-date symlink: /home/administrator/Masterproject2/20_ROS/src/Robots/install/ur_dashboard_msgs/include/ur_dashboard_msgs/ur_dashboard_msgs/srv/detail/generate_flight_report__rosidl_typesupport_fastrtps_cpp.hpp
-- Up-to-date symlink: /home/administrator/Masterproject2/20_ROS/src/Robots/install/ur_dashboard_msgs/include/ur_dashboard_msgs/ur_dashboard_msgs/srv/detail/generate_support_file__rosidl_typesupport_fastrtps_cpp.hpp
-- Up-to-date symlink: /home/administrator/Masterproject2/20_ROS/src/Robots/install/ur_dashboard_msgs/include/ur_dashboard_msgs/ur_dashboard_msgs/srv/detail/get_loaded_program__rosidl_typesupport_fastrtps_cpp.hpp
-- Up-to-date symlink: /home/administrator/Masterproject2/20_ROS/src/Robots/install/ur_dashboard_msgs/include/ur_dashboard_msgs/ur_dashboard_msgs/srv/detail/get_operational_mode__rosidl_typesupport_fastrtps_cpp.hpp
-- Up-to-date symlink: /home/administrator/Masterproject2/20_ROS/src/Robots/install/ur_dashboard_msgs/include/ur_dashboard_msgs/ur_dashboard_msgs/srv/detail/get_poly_scope_version__rosidl_typesupport_fastrtps_cpp.hpp
-- Up-to-date symlink: /home/administrator/Masterproject2/20_ROS/src/Robots/install/ur_dashboard_msgs/include/ur_dashboard_msgs/ur_dashboard_msgs/srv/detail/get_program_state__rosidl_typesupport_fastrtps_cpp.hpp
-- Up-to-date symlink: /home/administrator/Masterproject2/20_ROS/src/Robots/install/ur_dashboard_msgs/include/ur_dashboard_msgs/ur_dashboard_msgs/srv/detail/get_programs__rosidl_typesupport_fastrtps_cpp.hpp
-- Up-to-date symlink: /home/administrator/Masterproject2/20_ROS/src/Robots/install/ur_dashboard_msgs/include/ur_dashboard_msgs/ur_dashboard_msgs/srv/detail/get_robot_mode__rosidl_typesupport_fastrtps_cpp.hpp
-- Up-to-date symlink: /home/administrator/Masterproject2/20_ROS/src/Robots/install/ur_dashboard_msgs/include/ur_dashboard_msgs/ur_dashboard_msgs/srv/detail/get_robot_model__rosidl_typesupport_fastrtps_cpp.hpp
-- Up-to-date symlink: /home/administrator/Masterproject2/20_ROS/src/Robots/install/ur_dashboard_msgs/include/ur_dashboard_msgs/ur_dashboard_msgs/srv/detail/get_safety_mode__rosidl_typesupport_fastrtps_cpp.hpp
-- Up-to-date symlink: /home/administrator/Masterproject2/20_ROS/src/Robots/install/ur_dashboard_msgs/include/ur_dashboard_msgs/ur_dashboard_msgs/srv/detail/get_safety_status__rosidl_typesupport_fastrtps_cpp.hpp
-- Up-to-date symlink: /home/administrator/Masterproject2/20_ROS/src/Robots/install/ur_dashboard_msgs/include/ur_dashboard_msgs/ur_dashboard_msgs/srv/detail/get_serial_number__rosidl_typesupport_fastrtps_cpp.hpp
-- Up-to-date symlink: /home/administrator/Masterproject2/20_ROS/src/Robots/install/ur_dashboard_msgs/include/ur_dashboard_msgs/ur_dashboard_msgs/srv/detail/get_user_role__rosidl_typesupport_fastrtps_cpp.hpp
-- Up-to-date symlink: /home/administrator/Masterproject2/20_ROS/src/Robots/install/ur_dashboard_msgs/include/ur_dashboard_msgs/ur_dashboard_msgs/srv/detail/is_in_remote_control__rosidl_typesupport_fastrtps_cpp.hpp
-- Up-to-date symlink: /home/administrator/Masterproject2/20_ROS/src/Robots/install/ur_dashboard_msgs/include/ur_dashboard_msgs/ur_dashboard_msgs/srv/detail/is_program_running__rosidl_typesupport_fastrtps_cpp.hpp
-- Up-to-date symlink: /home/administrator/Masterproject2/20_ROS/src/Robots/install/ur_dashboard_msgs/include/ur_dashboard_msgs/ur_dashboard_msgs/srv/detail/is_program_saved__rosidl_typesupport_fastrtps_cpp.hpp
-- Up-to-date symlink: /home/administrator/Masterproject2/20_ROS/src/Robots/install/ur_dashboard_msgs/include/ur_dashboard_msgs/ur_dashboard_msgs/srv/detail/load__rosidl_typesupport_fastrtps_cpp.hpp
-- Up-to-date symlink: /home/administrator/Masterproject2/20_ROS/src/Robots/install/ur_dashboard_msgs/include/ur_dashboard_msgs/ur_dashboard_msgs/srv/detail/popup__rosidl_typesupport_fastrtps_cpp.hpp
-- Up-to-date symlink: /home/administrator/Masterproject2/20_ROS/src/Robots/install/ur_dashboard_msgs/include/ur_dashboard_msgs/ur_dashboard_msgs/srv/detail/raw_request__rosidl_typesupport_fastrtps_cpp.hpp
-- Up-to-date symlink: /home/administrator/Masterproject2/20_ROS/src/Robots/install/ur_dashboard_msgs/include/ur_dashboard_msgs/ur_dashboard_msgs/srv/detail/set_operational_mode__rosidl_typesupport_fastrtps_cpp.hpp
-- Up-to-date symlink: /home/administrator/Masterproject2/20_ROS/src/Robots/install/ur_dashboard_msgs/include/ur_dashboard_msgs/ur_dashboard_msgs/srv/detail/set_user_role__rosidl_typesupport_fastrtps_cpp.hpp
-- Up-to-date symlink: /home/administrator/Masterproject2/20_ROS/src/Robots/install/ur_dashboard_msgs/include/ur_dashboard_msgs/ur_dashboard_msgs/srv/detail/upload_program__rosidl_typesupport_fastrtps_cpp.hpp
-- Up-to-date symlink: /home/administrator/Masterproject2/20_ROS/src/Robots/install/ur_dashboard_msgs/include/ur_dashboard_msgs/ur_dashboard_msgs/action/detail/set_mode__rosidl_typesupport_introspection_cpp.hpp
-- Up-to-date symlink: /home/administrator/Masterproject2/20_ROS/src/Robots/install/ur_dashboard_msgs/include/ur_dashboard_msgs/ur_dashboard_msgs/msg/detail/operational_mode__rosidl_typesupport_introspection_cpp.hpp
-- Up-to-date symlink: /home/administrator/Masterproject2/20_ROS/src/Robots/install/ur_dashboard_msgs/include/ur_dashboard_msgs/ur_dashboard_msgs/msg/detail/program_information__rosidl_typesupport_introspection_cpp.hpp
-- Up-to-date symlink: /home/administrator/Masterproject2/20_ROS/src/Robots/install/ur_dashboard_msgs/include/ur_dashboard_msgs/ur_dashboard_msgs/msg/detail/program_state__rosidl_typesupport_introspection_cpp.hpp
-- Up-to-date symlink: /home/administrator/Masterproject2/20_ROS/src/Robots/install/ur_dashboard_msgs/include/ur_dashboard_msgs/ur_dashboard_msgs/msg/detail/robot_mode__rosidl_typesupport_introspection_cpp.hpp
-- Up-to-date symlink: /home/administrator/Masterproject2/20_ROS/src/Robots/install/ur_dashboard_msgs/include/ur_dashboard_msgs/ur_dashboard_msgs/msg/detail/safety_mode__rosidl_typesupport_introspection_cpp.hpp
-- Up-to-date symlink: /home/administrator/Masterproject2/20_ROS/src/Robots/install/ur_dashboard_msgs/include/ur_dashboard_msgs/ur_dashboard_msgs/msg/detail/safety_status__rosidl_typesupport_introspection_cpp.hpp
-- Up-to-date symlink: /home/administrator/Masterproject2/20_ROS/src/Robots/install/ur_dashboard_msgs/include/ur_dashboard_msgs/ur_dashboard_msgs/msg/detail/user_role__rosidl_typesupport_introspection_cpp.hpp
-- Up-to-date symlink: /home/administrator/Masterproject2/20_ROS/src/Robots/install/ur_dashboard_msgs/include/ur_dashboard_msgs/ur_dashboard_msgs/msg/detail/version_information__rosidl_typesupport_introspection_cpp.hpp
-- Up-to-date symlink: /home/administrator/Masterproject2/20_ROS/src/Robots/install/ur_dashboard_msgs/include/ur_dashboard_msgs/ur_dashboard_msgs/srv/detail/add_to_log__rosidl_typesupport_introspection_cpp.hpp
-- Up-to-date symlink: /home/administrator/Masterproject2/20_ROS/src/Robots/install/ur_dashboard_msgs/include/ur_dashboard_msgs/ur_dashboard_msgs/srv/detail/download_program__rosidl_typesupport_introspection_cpp.hpp
-- Up-to-date symlink: /home/administrator/Masterproject2/20_ROS/src/Robots/install/ur_dashboard_msgs/include/ur_dashboard_msgs/ur_dashboard_msgs/srv/detail/generate_flight_report__rosidl_typesupport_introspection_cpp.hpp
-- Up-to-date symlink: /home/administrator/Masterproject2/20_ROS/src/Robots/install/ur_dashboard_msgs/include/ur_dashboard_msgs/ur_dashboard_msgs/srv/detail/generate_support_file__rosidl_typesupport_introspection_cpp.hpp
-- Up-to-date symlink: /home/administrator/Masterproject2/20_ROS/src/Robots/install/ur_dashboard_msgs/include/ur_dashboard_msgs/ur_dashboard_msgs/srv/detail/get_loaded_program__rosidl_typesupport_introspection_cpp.hpp
-- Up-to-date symlink: /home/administrator/Masterproject2/20_ROS/src/Robots/install/ur_dashboard_msgs/include/ur_dashboard_msgs/ur_dashboard_msgs/srv/detail/get_operational_mode__rosidl_typesupport_introspection_cpp.hpp
-- Up-to-date symlink: /home/administrator/Masterproject2/20_ROS/src/Robots/install/ur_dashboard_msgs/include/ur_dashboard_msgs/ur_dashboard_msgs/srv/detail/get_poly_scope_version__rosidl_typesupport_introspection_cpp.hpp
-- Up-to-date symlink: /home/administrator/Masterproject2/20_ROS/src/Robots/install/ur_dashboard_msgs/include/ur_dashboard_msgs/ur_dashboard_msgs/srv/detail/get_program_state__rosidl_typesupport_introspection_cpp.hpp
-- Up-to-date symlink: /home/administrator/Masterproject2/20_ROS/src/Robots/install/ur_dashboard_msgs/include/ur_dashboard_msgs/ur_dashboard_msgs/srv/detail/get_programs__rosidl_typesupport_introspection_cpp.hpp
-- Up-to-date symlink: /home/administrator/Masterproject2/20_ROS/src/Robots/install/ur_dashboard_msgs/include/ur_dashboard_msgs/ur_dashboard_msgs/srv/detail/get_robot_mode__rosidl_typesupport_introspection_cpp.hpp
-- Up-to-date symlink: /home/administrator/Masterproject2/20_ROS/src/Robots/install/ur_dashboard_msgs/include/ur_dashboard_msgs/ur_dashboard_msgs/srv/detail/get_robot_model__rosidl_typesupport_introspection_cpp.hpp
-- Up-to-date symlink: /home/administrator/Masterproject2/20_ROS/src/Robots/install/ur_dashboard_msgs/include/ur_dashboard_msgs/ur_dashboard_msgs/srv/detail/get_safety_mode__rosidl_typesupport_introspection_cpp.hpp
-- Up-to-date symlink: /home/administrator/Masterproject2/20_ROS/src/Robots/install/ur_dashboard_msgs/include/ur_dashboard_msgs/ur_dashboard_msgs/srv/detail/get_safety_status__rosidl_typesupport_introspection_cpp.hpp
-- Up-to-date symlink: /home/administrator/Masterproject2/20_ROS/src/Robots/install/ur_dashboard_msgs/include/ur_dashboard_msgs/ur_dashboard_msgs/srv/detail/get_serial_number__rosidl_typesupport_introspection_cpp.hpp
-- Up-to-date symlink: /home/administrator/Masterproject2/20_ROS/src/Robots/install/ur_dashboard_msgs/include/ur_dashboard_msgs/ur_dashboard_msgs/srv/detail/get_user_role__rosidl_typesupport_introspection_cpp.hpp
-- Up-to-date symlink: /home/administrator/Masterproject2/20_ROS/src/Robots/install/ur_dashboard_msgs/include/ur_dashboard_msgs/ur_dashboard_msgs/srv/detail/is_in_remote_control__rosidl_typesupport_introspection_cpp.hpp
-- Up-to-date symlink: /home/administrator/Masterproject2/20_ROS/src/Robots/install/ur_dashboard_msgs/include/ur_dashboard_msgs/ur_dashboard_msgs/srv/detail/is_program_running__rosidl_typesupport_introspection_cpp.hpp
-- Up-to-date symlink: /home/administrator/Masterproject2/20_ROS/src/Robots/install/ur_dashboard_msgs/include/ur_dashboard_msgs/ur_dashboard_msgs/srv/detail/is_program_saved__rosidl_typesupport_introspection_cpp.hpp
-- Up-to-date symlink: /home/administrator/Masterproject2/20_ROS/src/Robots/install/ur_dashboard_msgs/include/ur_dashboard_msgs/ur_dashboard_msgs/srv/detail/load__rosidl_typesupport_introspection_cpp.hpp
-- Up-to-date symlink: /home/administrator/Masterproject2/20_ROS/src/Robots/install/ur_dashboard_msgs/include/ur_dashboard_msgs/ur_dashboard_msgs/srv/detail/popup__rosidl_typesupport_introspection_cpp.hpp
-- Up-to-date symlink: /home/administrator/Masterproject2/20_ROS/src/Robots/install/ur_dashboard_msgs/include/ur_dashboard_msgs/ur_dashboard_msgs/srv/detail/raw_request__rosidl_typesupport_introspection_cpp.hpp
-- Up-to-date symlink: /home/administrator/Masterproject2/20_ROS/src/Robots/install/ur_dashboard_msgs/include/ur_dashboard_msgs/ur_dashboard_msgs/srv/detail/set_operational_mode__rosidl_typesupport_introspection_cpp.hpp
-- Up-to-date symlink: /home/administrator/Masterproject2/20_ROS/src/Robots/install/ur_dashboard_msgs/include/ur_dashboard_msgs/ur_dashboard_msgs/srv/detail/set_user_role__rosidl_typesupport_introspection_cpp.hpp
-- Up-to-date symlink: /home/administrator/Masterproject2/20_ROS/src/Robots/install/ur_dashboard_msgs/include/ur_dashboard_msgs/ur_dashboard_msgs/srv/detail/upload_program__rosidl_typesupport_introspection_cpp.hpp
-- Up-to-date symlink: /home/administrator/Masterproject2/20_ROS/src/Robots/install/ur_dashboard_msgs/share/ur_dashboard_msgs/environment/pythonpath.sh
-- Up-to-date symlink: /home/administrator/Masterproject2/20_ROS/src/Robots/install/ur_dashboard_msgs/share/ur_dashboard_msgs/environment/pythonpath.dsv
-- Up-to-date symlink: /home/administrator/Masterproject2/20_ROS/src/Robots/install/ur_dashboard_msgs/lib/python3.12/site-packages/ur_dashboard_msgs-4.8.0-py3.12.egg-info/PKG-INFO
-- Up-to-date symlink: /home/administrator/Masterproject2/20_ROS/src/Robots/install/ur_dashboard_msgs/lib/python3.12/site-packages/ur_dashboard_msgs-4.8.0-py3.12.egg-info/SOURCES.txt
-- Up-to-date symlink: /home/administrator/Masterproject2/20_ROS/src/Robots/install/ur_dashboard_msgs/lib/python3.12/site-packages/ur_dashboard_msgs-4.8.0-py3.12.egg-info/dependency_links.txt
-- Up-to-date symlink: /home/administrator/Masterproject2/20_ROS/src/Robots/install/ur_dashboard_msgs/lib/python3.12/site-packages/ur_dashboard_msgs-4.8.0-py3.12.egg-info/top_level.txt
-- Up-to-date symlink: /home/administrator/Masterproject2/20_ROS/src/Robots/install/ur_dashboard_msgs/lib/python3.12/site-packages/ur_dashboard_msgs/__init__.py
-- Up-to-date symlink: /home/administrator/Masterproject2/20_ROS/src/Robots/install/ur_dashboard_msgs/lib/python3.12/site-packages/ur_dashboard_msgs/_ur_dashboard_msgs_s.ep.rosidl_typesupport_c.c
-- Up-to-date symlink: /home/administrator/Masterproject2/20_ROS/src/Robots/install/ur_dashboard_msgs/lib/python3.12/site-packages/ur_dashboard_msgs/_ur_dashboard_msgs_s.ep.rosidl_typesupport_fastrtps_c.c
-- Up-to-date symlink: /home/administrator/Masterproject2/20_ROS/src/Robots/install/ur_dashboard_msgs/lib/python3.12/site-packages/ur_dashboard_msgs/_ur_dashboard_msgs_s.ep.rosidl_typesupport_introspection_c.c
-- Up-to-date symlink: /home/administrator/Masterproject2/20_ROS/src/Robots/install/ur_dashboard_msgs/lib/python3.12/site-packages/ur_dashboard_msgs/action/__init__.py
-- Up-to-date symlink: /home/administrator/Masterproject2/20_ROS/src/Robots/install/ur_dashboard_msgs/lib/python3.12/site-packages/ur_dashboard_msgs/action/_set_mode.py
-- Up-to-date symlink: /home/administrator/Masterproject2/20_ROS/src/Robots/install/ur_dashboard_msgs/lib/python3.12/site-packages/ur_dashboard_msgs/action/_set_mode_s.c
-- Up-to-date symlink: /home/administrator/Masterproject2/20_ROS/src/Robots/install/ur_dashboard_msgs/lib/python3.12/site-packages/ur_dashboard_msgs/msg/__init__.py
-- Up-to-date symlink: /home/administrator/Masterproject2/20_ROS/src/Robots/install/ur_dashboard_msgs/lib/python3.12/site-packages/ur_dashboard_msgs/msg/_operational_mode.py
-- Up-to-date symlink: /home/administrator/Masterproject2/20_ROS/src/Robots/install/ur_dashboard_msgs/lib/python3.12/site-packages/ur_dashboard_msgs/msg/_operational_mode_s.c
-- Up-to-date symlink: /home/administrator/Masterproject2/20_ROS/src/Robots/install/ur_dashboard_msgs/lib/python3.12/site-packages/ur_dashboard_msgs/msg/_program_information.py
-- Up-to-date symlink: /home/administrator/Masterproject2/20_ROS/src/Robots/install/ur_dashboard_msgs/lib/python3.12/site-packages/ur_dashboard_msgs/msg/_program_information_s.c
-- Up-to-date symlink: /home/administrator/Masterproject2/20_ROS/src/Robots/install/ur_dashboard_msgs/lib/python3.12/site-packages/ur_dashboard_msgs/msg/_program_state.py
-- Up-to-date symlink: /home/administrator/Masterproject2/20_ROS/src/Robots/install/ur_dashboard_msgs/lib/python3.12/site-packages/ur_dashboard_msgs/msg/_program_state_s.c
-- Up-to-date symlink: /home/administrator/Masterproject2/20_ROS/src/Robots/install/ur_dashboard_msgs/lib/python3.12/site-packages/ur_dashboard_msgs/msg/_robot_mode.py
-- Up-to-date symlink: /home/administrator/Masterproject2/20_ROS/src/Robots/install/ur_dashboard_msgs/lib/python3.12/site-packages/ur_dashboard_msgs/msg/_robot_mode_s.c
-- Up-to-date symlink: /home/administrator/Masterproject2/20_ROS/src/Robots/install/ur_dashboard_msgs/lib/python3.12/site-packages/ur_dashboard_msgs/msg/_safety_mode.py
-- Up-to-date symlink: /home/administrator/Masterproject2/20_ROS/src/Robots/install/ur_dashboard_msgs/lib/python3.12/site-packages/ur_dashboard_msgs/msg/_safety_mode_s.c
-- Up-to-date symlink: /home/administrator/Masterproject2/20_ROS/src/Robots/install/ur_dashboard_msgs/lib/python3.12/site-packages/ur_dashboard_msgs/msg/_safety_status.py
-- Up-to-date symlink: /home/administrator/Masterproject2/20_ROS/src/Robots/install/ur_dashboard_msgs/lib/python3.12/site-packages/ur_dashboard_msgs/msg/_safety_status_s.c
-- Up-to-date symlink: /home/administrator/Masterproject2/20_ROS/src/Robots/install/ur_dashboard_msgs/lib/python3.12/site-packages/ur_dashboard_msgs/msg/_user_role.py
-- Up-to-date symlink: /home/administrator/Masterproject2/20_ROS/src/Robots/install/ur_dashboard_msgs/lib/python3.12/site-packages/ur_dashboard_msgs/msg/_user_role_s.c
-- Up-to-date symlink: /home/administrator/Masterproject2/20_ROS/src/Robots/install/ur_dashboard_msgs/lib/python3.12/site-packages/ur_dashboard_msgs/msg/_version_information.py
-- Up-to-date symlink: /home/administrator/Masterproject2/20_ROS/src/Robots/install/ur_dashboard_msgs/lib/python3.12/site-packages/ur_dashboard_msgs/msg/_version_information_s.c
-- Up-to-date symlink: /home/administrator/Masterproject2/20_ROS/src/Robots/install/ur_dashboard_msgs/lib/python3.12/site-packages/ur_dashboard_msgs/srv/__init__.py
-- Up-to-date symlink: /home/administrator/Masterproject2/20_ROS/src/Robots/install/ur_dashboard_msgs/lib/python3.12/site-packages/ur_dashboard_msgs/srv/_add_to_log.py
-- Up-to-date symlink: /home/administrator/Masterproject2/20_ROS/src/Robots/install/ur_dashboard_msgs/lib/python3.12/site-packages/ur_dashboard_msgs/srv/_add_to_log_s.c
-- Up-to-date symlink: /home/administrator/Masterproject2/20_ROS/src/Robots/install/ur_dashboard_msgs/lib/python3.12/site-packages/ur_dashboard_msgs/srv/_download_program.py
-- Up-to-date symlink: /home/administrator/Masterproject2/20_ROS/src/Robots/install/ur_dashboard_msgs/lib/python3.12/site-packages/ur_dashboard_msgs/srv/_download_program_s.c
-- Up-to-date symlink: /home/administrator/Masterproject2/20_ROS/src/Robots/install/ur_dashboard_msgs/lib/python3.12/site-packages/ur_dashboard_msgs/srv/_generate_flight_report.py
-- Up-to-date symlink: /home/administrator/Masterproject2/20_ROS/src/Robots/install/ur_dashboard_msgs/lib/python3.12/site-packages/ur_dashboard_msgs/srv/_generate_flight_report_s.c
-- Up-to-date symlink: /home/administrator/Masterproject2/20_ROS/src/Robots/install/ur_dashboard_msgs/lib/python3.12/site-packages/ur_dashboard_msgs/srv/_generate_support_file.py
-- Up-to-date symlink: /home/administrator/Masterproject2/20_ROS/src/Robots/install/ur_dashboard_msgs/lib/python3.12/site-packages/ur_dashboard_msgs/srv/_generate_support_file_s.c
-- Up-to-date symlink: /home/administrator/Masterproject2/20_ROS/src/Robots/install/ur_dashboard_msgs/lib/python3.12/site-packages/ur_dashboard_msgs/srv/_get_loaded_program.py
-- Up-to-date symlink: /home/administrator/Masterproject2/20_ROS/src/Robots/install/ur_dashboard_msgs/lib/python3.12/site-packages/ur_dashboard_msgs/srv/_get_loaded_program_s.c
-- Up-to-date symlink: /home/administrator/Masterproject2/20_ROS/src/Robots/install/ur_dashboard_msgs/lib/python3.12/site-packages/ur_dashboard_msgs/srv/_get_operational_mode.py
-- Up-to-date symlink: /home/administrator/Masterproject2/20_ROS/src/Robots/install/ur_dashboard_msgs/lib/python3.12/site-packages/ur_dashboard_msgs/srv/_get_operational_mode_s.c
-- Up-to-date symlink: /home/administrator/Masterproject2/20_ROS/src/Robots/install/ur_dashboard_msgs/lib/python3.12/site-packages/ur_dashboard_msgs/srv/_get_poly_scope_version.py
-- Up-to-date symlink: /home/administrator/Masterproject2/20_ROS/src/Robots/install/ur_dashboard_msgs/lib/python3.12/site-packages/ur_dashboard_msgs/srv/_get_poly_scope_version_s.c
-- Up-to-date symlink: /home/administrator/Masterproject2/20_ROS/src/Robots/install/ur_dashboard_msgs/lib/python3.12/site-packages/ur_dashboard_msgs/srv/_get_program_state.py
-- Up-to-date symlink: /home/administrator/Masterproject2/20_ROS/src/Robots/install/ur_dashboard_msgs/lib/python3.12/site-packages/ur_dashboard_msgs/srv/_get_program_state_s.c
-- Up-to-date symlink: /home/administrator/Masterproject2/20_ROS/src/Robots/install/ur_dashboard_msgs/lib/python3.12/site-packages/ur_dashboard_msgs/srv/_get_programs.py
-- Up-to-date symlink: /home/administrator/Masterproject2/20_ROS/src/Robots/install/ur_dashboard_msgs/lib/python3.12/site-packages/ur_dashboard_msgs/srv/_get_programs_s.c
-- Up-to-date symlink: /home/administrator/Masterproject2/20_ROS/src/Robots/install/ur_dashboard_msgs/lib/python3.12/site-packages/ur_dashboard_msgs/srv/_get_robot_mode.py
-- Up-to-date symlink: /home/administrator/Masterproject2/20_ROS/src/Robots/install/ur_dashboard_msgs/lib/python3.12/site-packages/ur_dashboard_msgs/srv/_get_robot_mode_s.c
-- Up-to-date symlink: /home/administrator/Masterproject2/20_ROS/src/Robots/install/ur_dashboard_msgs/lib/python3.12/site-packages/ur_dashboard_msgs/srv/_get_robot_model.py
-- Up-to-date symlink: /home/administrator/Masterproject2/20_ROS/src/Robots/install/ur_dashboard_msgs/lib/python3.12/site-packages/ur_dashboard_msgs/srv/_get_robot_model_s.c
-- Up-to-date symlink: /home/administrator/Masterproject2/20_ROS/src/Robots/install/ur_dashboard_msgs/lib/python3.12/site-packages/ur_dashboard_msgs/srv/_get_safety_mode.py
-- Up-to-date symlink: /home/administrator/Masterproject2/20_ROS/src/Robots/install/ur_dashboard_msgs/lib/python3.12/site-packages/ur_dashboard_msgs/srv/_get_safety_mode_s.c
-- Up-to-date symlink: /home/administrator/Masterproject2/20_ROS/src/Robots/install/ur_dashboard_msgs/lib/python3.12/site-packages/ur_dashboard_msgs/srv/_get_safety_status.py
-- Up-to-date symlink: /home/administrator/Masterproject2/20_ROS/src/Robots/install/ur_dashboard_msgs/lib/python3.12/site-packages/ur_dashboard_msgs/srv/_get_safety_status_s.c
-- Up-to-date symlink: /home/administrator/Masterproject2/20_ROS/src/Robots/install/ur_dashboard_msgs/lib/python3.12/site-packages/ur_dashboard_msgs/srv/_get_serial_number.py
-- Up-to-date symlink: /home/administrator/Masterproject2/20_ROS/src/Robots/install/ur_dashboard_msgs/lib/python3.12/site-packages/ur_dashboard_msgs/srv/_get_serial_number_s.c
-- Up-to-date symlink: /home/administrator/Masterproject2/20_ROS/src/Robots/install/ur_dashboard_msgs/lib/python3.12/site-packages/ur_dashboard_msgs/srv/_get_user_role.py
-- Up-to-date symlink: /home/administrator/Masterproject2/20_ROS/src/Robots/install/ur_dashboard_msgs/lib/python3.12/site-packages/ur_dashboard_msgs/srv/_get_user_role_s.c
-- Up-to-date symlink: /home/administrator/Masterproject2/20_ROS/src/Robots/install/ur_dashboard_msgs/lib/python3.12/site-packages/ur_dashboard_msgs/srv/_is_in_remote_control.py
-- Up-to-date symlink: /home/administrator/Masterproject2/20_ROS/src/Robots/install/ur_dashboard_msgs/lib/python3.12/site-packages/ur_dashboard_msgs/srv/_is_in_remote_control_s.c
-- Up-to-date symlink: /home/administrator/Masterproject2/20_ROS/src/Robots/install/ur_dashboard_msgs/lib/python3.12/site-packages/ur_dashboard_msgs/srv/_is_program_running.py
-- Up-to-date symlink: /home/administrator/Masterproject2/20_ROS/src/Robots/install/ur_dashboard_msgs/lib/python3.12/site-packages/ur_dashboard_msgs/srv/_is_program_running_s.c
-- Up-to-date symlink: /home/administrator/Masterproject2/20_ROS/src/Robots/install/ur_dashboard_msgs/lib/python3.12/site-packages/ur_dashboard_msgs/srv/_is_program_saved.py
-- Up-to-date symlink: /home/administrator/Masterproject2/20_ROS/src/Robots/install/ur_dashboard_msgs/lib/python3.12/site-packages/ur_dashboard_msgs/srv/_is_program_saved_s.c
-- Up-to-date symlink: /home/administrator/Masterproject2/20_ROS/src/Robots/install/ur_dashboard_msgs/lib/python3.12/site-packages/ur_dashboard_msgs/srv/_load.py
-- Up-to-date symlink: /home/administrator/Masterproject2/20_ROS/src/Robots/install/ur_dashboard_msgs/lib/python3.12/site-packages/ur_dashboard_msgs/srv/_load_s.c
-- Up-to-date symlink: /home/administrator/Masterproject2/20_ROS/src/Robots/install/ur_dashboard_msgs/lib/python3.12/site-packages/ur_dashboard_msgs/srv/_popup.py
-- Up-to-date symlink: /home/administrator/Masterproject2/20_ROS/src/Robots/install/ur_dashboard_msgs/lib/python3.12/site-packages/ur_dashboard_msgs/srv/_popup_s.c
-- Up-to-date symlink: /home/administrator/Masterproject2/20_ROS/src/Robots/install/ur_dashboard_msgs/lib/python3.12/site-packages/ur_dashboard_msgs/srv/_raw_request.py
-- Up-to-date symlink: /home/administrator/Masterproject2/20_ROS/src/Robots/install/ur_dashboard_msgs/lib/python3.12/site-packages/ur_dashboard_msgs/srv/_raw_request_s.c
-- Up-to-date symlink: /home/administrator/Masterproject2/20_ROS/src/Robots/install/ur_dashboard_msgs/lib/python3.12/site-packages/ur_dashboard_msgs/srv/_set_operational_mode.py
-- Up-to-date symlink: /home/administrator/Masterproject2/20_ROS/src/Robots/install/ur_dashboard_msgs/lib/python3.12/site-packages/ur_dashboard_msgs/srv/_set_operational_mode_s.c
-- Up-to-date symlink: /home/administrator/Masterproject2/20_ROS/src/Robots/install/ur_dashboard_msgs/lib/python3.12/site-packages/ur_dashboard_msgs/srv/_set_user_role.py
-- Up-to-date symlink: /home/administrator/Masterproject2/20_ROS/src/Robots/install/ur_dashboard_msgs/lib/python3.12/site-packages/ur_dashboard_msgs/srv/_set_user_role_s.c
-- Up-to-date symlink: /home/administrator/Masterproject2/20_ROS/src/Robots/install/ur_dashboard_msgs/lib/python3.12/site-packages/ur_dashboard_msgs/srv/_upload_program.py
-- Up-to-date symlink: /home/administrator/Masterproject2/20_ROS/src/Robots/install/ur_dashboard_msgs/lib/python3.12/site-packages/ur_dashboard_msgs/srv/_upload_program_s.c
-- Up-to-date symlink: /home/administrator/Masterproject2/20_ROS/src/Robots/install/ur_dashboard_msgs/lib/python3.12/site-packages/ur_dashboard_msgs/ur_dashboard_msgs_s__rosidl_typesupport_c.so
-- Up-to-date symlink: /home/administrator/Masterproject2/20_ROS/src/Robots/install/ur_dashboard_msgs/lib/python3.12/site-packages/ur_dashboard_msgs/ur_dashboard_msgs_s__rosidl_typesupport_fastrtps_c.so
-- Up-to-date symlink: /home/administrator/Masterproject2/20_ROS/src/Robots/install/ur_dashboard_msgs/lib/python3.12/site-packages/ur_dashboard_msgs/ur_dashboard_msgs_s__rosidl_typesupport_introspection_c.so
-- Up-to-date symlink: /home/administrator/Masterproject2/20_ROS/src/Robots/install/ur_dashboard_msgs/lib/python3.12/site-packages/ur_dashboard_msgs/ur_dashboard_msgs_s__rosidl_typesupport_fastrtps_c.so
-- Up-to-date symlink: /home/administrator/Masterproject2/20_ROS/src/Robots/install/ur_dashboard_msgs/lib/python3.12/site-packages/ur_dashboard_msgs/ur_dashboard_msgs_s__rosidl_typesupport_introspection_c.so
-- Up-to-date symlink: /home/administrator/Masterproject2/20_ROS/src/Robots/install/ur_dashboard_msgs/lib/python3.12/site-packages/ur_dashboard_msgs/ur_dashboard_msgs_s__rosidl_typesupport_c.so
-- Up-to-date symlink: /home/administrator/Masterproject2/20_ROS/src/Robots/install/ur_dashboard_msgs/share/ament_index/resource_index/rust_packages/ur_dashboard_msgs
-- Up-to-date symlink: /home/administrator/Masterproject2/20_ROS/src/Robots/install/ur_dashboard_msgs/share/ur_dashboard_msgs/rust/Cargo.toml
-- Up-to-date symlink: /home/administrator/Masterproject2/20_ROS/src/Robots/install/ur_dashboard_msgs/share/ur_dashboard_msgs/rust/build.rs
-- Up-to-date symlink: /home/administrator/Masterproject2/20_ROS/src/Robots/install/ur_dashboard_msgs/share/ur_dashboard_msgs/rust/src/action.rs
-- Up-to-date symlink: /home/administrator/Masterproject2/20_ROS/src/Robots/install/ur_dashboard_msgs/share/ur_dashboard_msgs/rust/src/action/rmw.rs
-- Up-to-date symlink: /home/administrator/Masterproject2/20_ROS/src/Robots/install/ur_dashboard_msgs/share/ur_dashboard_msgs/rust/src/lib.rs
-- Up-to-date symlink: /home/administrator/Masterproject2/20_ROS/src/Robots/install/ur_dashboard_msgs/share/ur_dashboard_msgs/rust/src/msg.rs
-- Up-to-date symlink: /home/administrator/Masterproject2/20_ROS/src/Robots/install/ur_dashboard_msgs/share/ur_dashboard_msgs/rust/src/msg/rmw.rs
-- Up-to-date symlink: /home/administrator/Masterproject2/20_ROS/src/Robots/install/ur_dashboard_msgs/share/ur_dashboard_msgs/rust/src/srv.rs
-- Up-to-date symlink: /home/administrator/Masterproject2/20_ROS/src/Robots/install/ur_dashboard_msgs/share/ur_dashboard_msgs/rust/src/srv/rmw.rs
-- Up-to-date symlink: /home/administrator/Masterproject2/20_ROS/src/Robots/install/ur_dashboard_msgs/share/ur_dashboard_msgs/msg/ProgramInformation.idl
-- Up-to-date symlink: /home/administrator/Masterproject2/20_ROS/src/Robots/install/ur_dashboard_msgs/share/ur_dashboard_msgs/msg/ProgramState.idl
-- Up-to-date symlink: /home/administrator/Masterproject2/20_ROS/src/Robots/install/ur_dashboard_msgs/share/ur_dashboard_msgs/msg/RobotMode.idl
-- Up-to-date symlink: /home/administrator/Masterproject2/20_ROS/src/Robots/install/ur_dashboard_msgs/share/ur_dashboard_msgs/msg/SafetyMode.idl
-- Up-to-date symlink: /home/administrator/Masterproject2/20_ROS/src/Robots/install/ur_dashboard_msgs/share/ur_dashboard_msgs/msg/OperationalMode.idl
-- Up-to-date symlink: /home/administrator/Masterproject2/20_ROS/src/Robots/install/ur_dashboard_msgs/share/ur_dashboard_msgs/msg/UserRole.idl
-- Up-to-date symlink: /home/administrator/Masterproject2/20_ROS/src/Robots/install/ur_dashboard_msgs/share/ur_dashboard_msgs/msg/VersionInformation.idl
-- Up-to-date symlink: /home/administrator/Masterproject2/20_ROS/src/Robots/install/ur_dashboard_msgs/share/ur_dashboard_msgs/msg/SafetyStatus.idl
-- Up-to-date symlink: /home/administrator/Masterproject2/20_ROS/src/Robots/install/ur_dashboard_msgs/share/ur_dashboard_msgs/srv/AddToLog.idl
-- Up-to-date symlink: /home/administrator/Masterproject2/20_ROS/src/Robots/install/ur_dashboard_msgs/share/ur_dashboard_msgs/srv/DownloadProgram.idl
-- Up-to-date symlink: /home/administrator/Masterproject2/20_ROS/src/Robots/install/ur_dashboard_msgs/share/ur_dashboard_msgs/srv/GetLoadedProgram.idl
-- Up-to-date symlink: /home/administrator/Masterproject2/20_ROS/src/Robots/install/ur_dashboard_msgs/share/ur_dashboard_msgs/srv/GetPrograms.idl
-- Up-to-date symlink: /home/administrator/Masterproject2/20_ROS/src/Robots/install/ur_dashboard_msgs/share/ur_dashboard_msgs/srv/GetProgramState.idl
-- Up-to-date symlink: /home/administrator/Masterproject2/20_ROS/src/Robots/install/ur_dashboard_msgs/share/ur_dashboard_msgs/srv/GetRobotMode.idl
-- Up-to-date symlink: /home/administrator/Masterproject2/20_ROS/src/Robots/install/ur_dashboard_msgs/share/ur_dashboard_msgs/srv/GetSafetyMode.idl
-- Up-to-date symlink: /home/administrator/Masterproject2/20_ROS/src/Robots/install/ur_dashboard_msgs/share/ur_dashboard_msgs/srv/IsProgramRunning.idl
-- Up-to-date symlink: /home/administrator/Masterproject2/20_ROS/src/Robots/install/ur_dashboard_msgs/share/ur_dashboard_msgs/srv/IsProgramSaved.idl
-- Up-to-date symlink: /home/administrator/Masterproject2/20_ROS/src/Robots/install/ur_dashboard_msgs/share/ur_dashboard_msgs/srv/Load.idl
-- Up-to-date symlink: /home/administrator/Masterproject2/20_ROS/src/Robots/install/ur_dashboard_msgs/share/ur_dashboard_msgs/srv/Popup.idl
-- Up-to-date symlink: /home/administrator/Masterproject2/20_ROS/src/Robots/install/ur_dashboard_msgs/share/ur_dashboard_msgs/srv/RawRequest.idl
-- Up-to-date symlink: /home/administrator/Masterproject2/20_ROS/src/Robots/install/ur_dashboard_msgs/share/ur_dashboard_msgs/srv/IsInRemoteControl.idl
-- Up-to-date symlink: /home/administrator/Masterproject2/20_ROS/src/Robots/install/ur_dashboard_msgs/share/ur_dashboard_msgs/srv/UploadProgram.idl
-- Up-to-date symlink: /home/administrator/Masterproject2/20_ROS/src/Robots/install/ur_dashboard_msgs/share/ur_dashboard_msgs/srv/GetPolyScopeVersion.idl
-- Up-to-date symlink: /home/administrator/Masterproject2/20_ROS/src/Robots/install/ur_dashboard_msgs/share/ur_dashboard_msgs/srv/GetSerialNumber.idl
-- Up-to-date symlink: /home/administrator/Masterproject2/20_ROS/src/Robots/install/ur_dashboard_msgs/share/ur_dashboard_msgs/srv/GetUserRole.idl
-- Up-to-date symlink: /home/administrator/Masterproject2/20_ROS/src/Robots/install/ur_dashboard_msgs/share/ur_dashboard_msgs/srv/SetUserRole.idl
-- Up-to-date symlink: /home/administrator/Masterproject2/20_ROS/src/Robots/install/ur_dashboard_msgs/share/ur_dashboard_msgs/srv/SetOperationalMode.idl
-- Up-to-date symlink: /home/administrator/Masterproject2/20_ROS/src/Robots/install/ur_dashboard_msgs/share/ur_dashboard_msgs/srv/GetOperationalMode.idl
-- Up-to-date symlink: /home/administrator/Masterproject2/20_ROS/src/Robots/install/ur_dashboard_msgs/share/ur_dashboard_msgs/srv/GetRobotModel.idl
-- Up-to-date symlink: /home/administrator/Masterproject2/20_ROS/src/Robots/install/ur_dashboard_msgs/share/ur_dashboard_msgs/srv/GetSafetyStatus.idl
-- Up-to-date symlink: /home/administrator/Masterproject2/20_ROS/src/Robots/install/ur_dashboard_msgs/share/ur_dashboard_msgs/srv/GenerateFlightReport.idl
-- Up-to-date symlink: /home/administrator/Masterproject2/20_ROS/src/Robots/install/ur_dashboard_msgs/share/ur_dashboard_msgs/srv/GenerateSupportFile.idl
-- Up-to-date symlink: /home/administrator/Masterproject2/20_ROS/src/Robots/install/ur_dashboard_msgs/share/ur_dashboard_msgs/action/SetMode.idl
-- Up-to-date symlink: /home/administrator/Masterproject2/20_ROS/src/Robots/install/ur_dashboard_msgs/share/ur_dashboard_msgs/msg/ProgramInformation.msg
-- Up-to-date symlink: /home/administrator/Masterproject2/20_ROS/src/Robots/install/ur_dashboard_msgs/share/ur_dashboard_msgs/msg/ProgramState.msg
-- Up-to-date symlink: /home/administrator/Masterproject2/20_ROS/src/Robots/install/ur_dashboard_msgs/share/ur_dashboard_msgs/msg/RobotMode.msg
-- Up-to-date symlink: /home/administrator/Masterproject2/20_ROS/src/Robots/install/ur_dashboard_msgs/share/ur_dashboard_msgs/msg/SafetyMode.msg
-- Up-to-date symlink: /home/administrator/Masterproject2/20_ROS/src/Robots/install/ur_dashboard_msgs/share/ur_dashboard_msgs/msg/OperationalMode.msg
-- Up-to-date symlink: /home/administrator/Masterproject2/20_ROS/src/Robots/install/ur_dashboard_msgs/share/ur_dashboard_msgs/msg/UserRole.msg
-- Up-to-date symlink: /home/administrator/Masterproject2/20_ROS/src/Robots/install/ur_dashboard_msgs/share/ur_dashboard_msgs/msg/VersionInformation.msg
-- Up-to-date symlink: /home/administrator/Masterproject2/20_ROS/src/Robots/install/ur_dashboard_msgs/share/ur_dashboard_msgs/msg/SafetyStatus.msg
-- Up-to-date symlink: /home/administrator/Masterproject2/20_ROS/src/Robots/install/ur_dashboard_msgs/share/ur_dashboard_msgs/srv/AddToLog.srv
-- Up-to-date symlink: /home/administrator/Masterproject2/20_ROS/src/Robots/install/ur_dashboard_msgs/share/ur_dashboard_msgs/srv/DownloadProgram.srv
-- Up-to-date symlink: /home/administrator/Masterproject2/20_ROS/src/Robots/install/ur_dashboard_msgs/share/ur_dashboard_msgs/srv/GetLoadedProgram.srv
-- Up-to-date symlink: /home/administrator/Masterproject2/20_ROS/src/Robots/install/ur_dashboard_msgs/share/ur_dashboard_msgs/srv/GetPrograms.srv
-- Up-to-date symlink: /home/administrator/Masterproject2/20_ROS/src/Robots/install/ur_dashboard_msgs/share/ur_dashboard_msgs/srv/GetProgramState.srv
-- Up-to-date symlink: /home/administrator/Masterproject2/20_ROS/src/Robots/install/ur_dashboard_msgs/share/ur_dashboard_msgs/srv/GetRobotMode.srv
-- Up-to-date symlink: /home/administrator/Masterproject2/20_ROS/src/Robots/install/ur_dashboard_msgs/share/ur_dashboard_msgs/srv/GetSafetyMode.srv
-- Up-to-date symlink: /home/administrator/Masterproject2/20_ROS/src/Robots/install/ur_dashboard_msgs/share/ur_dashboard_msgs/srv/IsProgramRunning.srv
-- Up-to-date symlink: /home/administrator/Masterproject2/20_ROS/src/Robots/install/ur_dashboard_msgs/share/ur_dashboard_msgs/srv/IsProgramSaved.srv
-- Up-to-date symlink: /home/administrator/Masterproject2/20_ROS/src/Robots/install/ur_dashboard_msgs/share/ur_dashboard_msgs/srv/Load.srv
-- Up-to-date symlink: /home/administrator/Masterproject2/20_ROS/src/Robots/install/ur_dashboard_msgs/share/ur_dashboard_msgs/srv/Popup.srv
-- Up-to-date symlink: /home/administrator/Masterproject2/20_ROS/src/Robots/install/ur_dashboard_msgs/share/ur_dashboard_msgs/srv/RawRequest.srv
-- Up-to-date symlink: /home/administrator/Masterproject2/20_ROS/src/Robots/install/ur_dashboard_msgs/share/ur_dashboard_msgs/srv/IsInRemoteControl.srv
-- Up-to-date symlink: /home/administrator/Masterproject2/20_ROS/src/Robots/install/ur_dashboard_msgs/share/ur_dashboard_msgs/srv/UploadProgram.srv
-- Up-to-date symlink: /home/administrator/Masterproject2/20_ROS/src/Robots/install/ur_dashboard_msgs/share/ur_dashboard_msgs/srv/GetPolyScopeVersion.srv
-- Up-to-date symlink: /home/administrator/Masterproject2/20_ROS/src/Robots/install/ur_dashboard_msgs/share/ur_dashboard_msgs/srv/GetSerialNumber.srv
-- Up-to-date symlink: /home/administrator/Masterproject2/20_ROS/src/Robots/install/ur_dashboard_msgs/share/ur_dashboard_msgs/srv/GetUserRole.srv
-- Up-to-date symlink: /home/administrator/Masterproject2/20_ROS/src/Robots/install/ur_dashboard_msgs/share/ur_dashboard_msgs/srv/SetUserRole.srv
-- Up-to-date symlink: /home/administrator/Masterproject2/20_ROS/src/Robots/install/ur_dashboard_msgs/share/ur_dashboard_msgs/srv/SetOperationalMode.srv
-- Up-to-date symlink: /home/administrator/Masterproject2/20_ROS/src/Robots/install/ur_dashboard_msgs/share/ur_dashboard_msgs/srv/GetOperationalMode.srv
-- Up-to-date symlink: /home/administrator/Masterproject2/20_ROS/src/Robots/install/ur_dashboard_msgs/share/ur_dashboard_msgs/srv/GetRobotModel.srv
-- Up-to-date symlink: /home/administrator/Masterproject2/20_ROS/src/Robots/install/ur_dashboard_msgs/share/ur_dashboard_msgs/srv/GetSafetyStatus.srv
-- Up-to-date symlink: /home/administrator/Masterproject2/20_ROS/src/Robots/install/ur_dashboard_msgs/share/ur_dashboard_msgs/srv/GenerateFlightReport.srv
-- Up-to-date symlink: /home/administrator/Masterproject2/20_ROS/src/Robots/install/ur_dashboard_msgs/share/ur_dashboard_msgs/srv/GenerateSupportFile.srv
-- Up-to-date symlink: /home/administrator/Masterproject2/20_ROS/src/Robots/install/ur_dashboard_msgs/share/ur_dashboard_msgs/action/SetMode.action
-- Up-to-date symlink: /home/administrator/Masterproject2/20_ROS/src/Robots/install/ur_dashboard_msgs/share/ament_index/resource_index/package_run_dependencies/ur_dashboard_msgs
-- Up-to-date symlink: /home/administrator/Masterproject2/20_ROS/src/Robots/install/ur_dashboard_msgs/share/ament_index/resource_index/parent_prefix_path/ur_dashboard_msgs
-- Up-to-date symlink: /home/administrator/Masterproject2/20_ROS/src/Robots/install/ur_dashboard_msgs/share/ur_dashboard_msgs/environment/ament_prefix_path.sh
-- Up-to-date symlink: /home/administrator/Masterproject2/20_ROS/src/Robots/install/ur_dashboard_msgs/share/ur_dashboard_msgs/environment/ament_prefix_path.dsv
-- Up-to-date symlink: /home/administrator/Masterproject2/20_ROS/src/Robots/install/ur_dashboard_msgs/share/ur_dashboard_msgs/environment/path.sh
-- Up-to-date symlink: /home/administrator/Masterproject2/20_ROS/src/Robots/install/ur_dashboard_msgs/share/ur_dashboard_msgs/environment/path.dsv
-- Up-to-date symlink: /home/administrator/Masterproject2/20_ROS/src/Robots/install/ur_dashboard_msgs/share/ur_dashboard_msgs/local_setup.bash
-- Up-to-date symlink: /home/administrator/Masterproject2/20_ROS/src/Robots/install/ur_dashboard_msgs/share/ur_dashboard_msgs/local_setup.sh
-- Up-to-date symlink: /home/administrator/Masterproject2/20_ROS/src/Robots/install/ur_dashboard_msgs/share/ur_dashboard_msgs/local_setup.zsh
-- Up-to-date symlink: /home/administrator/Masterproject2/20_ROS/src/Robots/install/ur_dashboard_msgs/share/ur_dashboard_msgs/local_setup.dsv
-- Up-to-date symlink: /home/administrator/Masterproject2/20_ROS/src/Robots/install/ur_dashboard_msgs/share/ur_dashboard_msgs/package.dsv
-- Up-to-date symlink: /home/administrator/Masterproject2/20_ROS/src/Robots/install/ur_dashboard_msgs/share/ament_index/resource_index/packages/ur_dashboard_msgs
-- Up-to-date symlink: /home/administrator/Masterproject2/20_ROS/src/Robots/install/ur_dashboard_msgs/share/ur_dashboard_msgs/cmake/rosidl_cmake-extras.cmake
-- Up-to-date symlink: /home/administrator/Masterproject2/20_ROS/src/Robots/install/ur_dashboard_msgs/share/ur_dashboard_msgs/cmake/ament_cmake_export_dependencies-extras.cmake
-- Up-to-date symlink: /home/administrator/Masterproject2/20_ROS/src/Robots/install/ur_dashboard_msgs/share/ur_dashboard_msgs/cmake/ament_cmake_export_include_directories-extras.cmake
-- Up-to-date symlink: /home/administrator/Masterproject2/20_ROS/src/Robots/install/ur_dashboard_msgs/share/ur_dashboard_msgs/cmake/ament_cmake_export_libraries-extras.cmake
-- Up-to-date symlink: /home/administrator/Masterproject2/20_ROS/src/Robots/install/ur_dashboard_msgs/share/ur_dashboard_msgs/cmake/ament_cmake_export_targets-extras.cmake
-- Up-to-date symlink: /home/administrator/Masterproject2/20_ROS/src/Robots/install/ur_dashboard_msgs/share/ur_dashboard_msgs/cmake/rosidl_cmake_export_typesupport_targets-extras.cmake
-- Up-to-date symlink: /home/administrator/Masterproject2/20_ROS/src/Robots/install/ur_dashboard_msgs/share/ur_dashboard_msgs/cmake/rosidl_cmake_export_typesupport_libraries-extras.cmake
-- Up-to-date symlink: /home/administrator/Masterproject2/20_ROS/src/Robots/install/ur_dashboard_msgs/share/ur_dashboard_msgs/cmake/ur_dashboard_msgsConfig.cmake
-- Up-to-date symlink: /home/administrator/Masterproject2/20_ROS/src/Robots/install/ur_dashboard_msgs/share/ur_dashboard_msgs/cmake/ur_dashboard_msgsConfig-version.cmake
-- Up-to-date symlink: /home/administrator/Masterproject2/20_ROS/src/Robots/install/ur_dashboard_msgs/share/ur_dashboard_msgs/package.xml
-- Up-to-date: /home/administrator/Masterproject2/20_ROS/src/Robots/install/ur_dashboard_msgs/lib/libur_dashboard_msgs__rosidl_generator_c.so
-- Up-to-date: /home/administrator/Masterproject2/20_ROS/src/Robots/install/ur_dashboard_msgs/lib/libur_dashboard_msgs__rosidl_typesupport_fastrtps_c.so
-- Up-to-date: /home/administrator/Masterproject2/20_ROS/src/Robots/install/ur_dashboard_msgs/lib/libur_dashboard_msgs__rosidl_typesupport_introspection_c.so
-- Up-to-date: /home/administrator/Masterproject2/20_ROS/src/Robots/install/ur_dashboard_msgs/lib/libur_dashboard_msgs__rosidl_typesupport_c.so
-- Up-to-date: /home/administrator/Masterproject2/20_ROS/src/Robots/install/ur_dashboard_msgs/lib/libur_dashboard_msgs__rosidl_typesupport_fastrtps_cpp.so
-- Up-to-date: /home/administrator/Masterproject2/20_ROS/src/Robots/install/ur_dashboard_msgs/lib/libur_dashboard_msgs__rosidl_typesupport_introspection_cpp.so
-- Up-to-date: /home/administrator/Masterproject2/20_ROS/src/Robots/install/ur_dashboard_msgs/lib/libur_dashboard_msgs__rosidl_typesupport_cpp.so
Listing '/home/administrator/Masterproject2/20_ROS/src/Robots/install/ur_dashboard_msgs/lib/python3.12/site-packages/ur_dashboard_msgs'...
Listing '/home/administrator/Masterproject2/20_ROS/src/Robots/install/ur_dashboard_msgs/lib/python3.12/site-packages/ur_dashboard_msgs/action'...
Listing '/home/administrator/Masterproject2/20_ROS/src/Robots/install/ur_dashboard_msgs/lib/python3.12/site-packages/ur_dashboard_msgs/msg'...
Listing '/home/administrator/Masterproject2/20_ROS/src/Robots/install/ur_dashboard_msgs/lib/python3.12/site-packages/ur_dashboard_msgs/srv'...
-- Up-to-date: /home/administrator/Masterproject2/20_ROS/src/Robots/install/ur_dashboard_msgs/lib/libur_dashboard_msgs__rosidl_generator_py.so
-- Up-to-date: /home/administrator/Masterproject2/20_ROS/src/Robots/install/ur_dashboard_msgs/share/ur_dashboard_msgs/cmake/export_ur_dashboard_msgs__rosidl_generator_cExport.cmake
-- Up-to-date: /home/administrator/Masterproject2/20_ROS/src/Robots/install/ur_dashboard_msgs/share/ur_dashboard_msgs/cmake/export_ur_dashboard_msgs__rosidl_generator_cExport-noconfig.cmake
-- Up-to-date: /home/administrator/Masterproject2/20_ROS/src/Robots/install/ur_dashboard_msgs/share/ur_dashboard_msgs/cmake/export_ur_dashboard_msgs__rosidl_typesupport_fastrtps_cExport.cmake
-- Up-to-date: /home/administrator/Masterproject2/20_ROS/src/Robots/install/ur_dashboard_msgs/share/ur_dashboard_msgs/cmake/export_ur_dashboard_msgs__rosidl_typesupport_fastrtps_cExport-noconfig.cmake
-- Up-to-date: /home/administrator/Masterproject2/20_ROS/src/Robots/install/ur_dashboard_msgs/share/ur_dashboard_msgs/cmake/ur_dashboard_msgs__rosidl_typesupport_introspection_cExport.cmake
-- Up-to-date: /home/administrator/Masterproject2/20_ROS/src/Robots/install/ur_dashboard_msgs/share/ur_dashboard_msgs/cmake/ur_dashboard_msgs__rosidl_typesupport_introspection_cExport-noconfig.cmake
-- Up-to-date: /home/administrator/Masterproject2/20_ROS/src/Robots/install/ur_dashboard_msgs/share/ur_dashboard_msgs/cmake/ur_dashboard_msgs__rosidl_typesupport_cExport.cmake
-- Up-to-date: /home/administrator/Masterproject2/20_ROS/src/Robots/install/ur_dashboard_msgs/share/ur_dashboard_msgs/cmake/ur_dashboard_msgs__rosidl_typesupport_cExport-noconfig.cmake
-- Up-to-date: /home/administrator/Masterproject2/20_ROS/src/Robots/install/ur_dashboard_msgs/share/ur_dashboard_msgs/cmake/export_ur_dashboard_msgs__rosidl_generator_cppExport.cmake
-- Up-to-date: /home/administrator/Masterproject2/20_ROS/src/Robots/install/ur_dashboard_msgs/share/ur_dashboard_msgs/cmake/export_ur_dashboard_msgs__rosidl_typesupport_fastrtps_cppExport.cmake
-- Up-to-date: /home/administrator/Masterproject2/20_ROS/src/Robots/install/ur_dashboard_msgs/share/ur_dashboard_msgs/cmake/export_ur_dashboard_msgs__rosidl_typesupport_fastrtps_cppExport-noconfig.cmake
-- Up-to-date: /home/administrator/Masterproject2/20_ROS/src/Robots/install/ur_dashboard_msgs/share/ur_dashboard_msgs/cmake/ur_dashboard_msgs__rosidl_typesupport_introspection_cppExport.cmake
-- Up-to-date: /home/administrator/Masterproject2/20_ROS/src/Robots/install/ur_dashboard_msgs/share/ur_dashboard_msgs/cmake/ur_dashboard_msgs__rosidl_typesupport_introspection_cppExport-noconfig.cmake
-- Up-to-date: /home/administrator/Masterproject2/20_ROS/src/Robots/install/ur_dashboard_msgs/share/ur_dashboard_msgs/cmake/ur_dashboard_msgs__rosidl_typesupport_cppExport.cmake
-- Up-to-date: /home/administrator/Masterproject2/20_ROS/src/Robots/install/ur_dashboard_msgs/share/ur_dashboard_msgs/cmake/ur_dashboard_msgs__rosidl_typesupport_cppExport-noconfig.cmake
-- Up-to-date: /home/administrator/Masterproject2/20_ROS/src/Robots/install/ur_dashboard_msgs/share/ur_dashboard_msgs/cmake/export_ur_dashboard_msgs__rosidl_generator_pyExport.cmake
-- Up-to-date: /home/administrator/Masterproject2/20_ROS/src/Robots/install/ur_dashboard_msgs/share/ur_dashboard_msgs/cmake/export_ur_dashboard_msgs__rosidl_generator_pyExport-noconfig.cmake
