-- The C compiler identification is GNU 13.3.0
-- The CXX compiler identification is GNU 13.3.0
-- Detecting C compiler ABI info
-- Detecting C compiler ABI info - done
-- Check for working C compiler: /usr/bin/cc - skipped
-- Detecting C compile features
-- Detecting C compile features - done
-- Detecting CXX compiler ABI info
-- Detecting CXX compiler ABI info - done
-- Check for working CXX compiler: /usr/bin/c++ - skipped
-- Detecting CXX compile features
-- Detecting CXX compile features - done
-- Found ament_cmake: 2.7.5 (/opt/ros/kilted/share/ament_cmake/cmake)
-- Found Python3: /usr/bin/python3 (found version "3.12.3") found components: Interpreter 
-- Found builtin_interfaces: 2.3.2 (/opt/ros/kilted/share/builtin_interfaces/cmake)
-- Found rosidl_generator_c: 4.9.6 (/opt/ros/kilted/share/rosidl_generator_c/cmake)
-- Found rosidl_generator_cpp: 4.9.6 (/opt/ros/kilted/share/rosidl_generator_cpp/cmake)
-- Using all available rosidl_typesupport_c: rosidl_typesupport_fastrtps_c;rosidl_typesupport_introspection_c
-- Using all available rosidl_typesupport_cpp: rosidl_typesupport_fastrtps_cpp;rosidl_typesupport_introspection_cpp
-- Found rosidl_default_generators: 1.7.2 (/opt/ros/kilted/share/rosidl_default_generators/cmake)
-- Found rosidl_adapter: 4.9.6 (/opt/ros/kilted/share/rosidl_adapter/cmake)
-- Found geometry_msgs: 5.5.2 (/opt/ros/kilted/share/geometry_msgs/cmake)
-- Found control_msgs: 6.9.0 (/opt/ros/kilted/share/control_msgs/cmake)
-- Found ament_lint_auto: 0.19.3 (/opt/ros/kilted/share/ament_lint_auto/cmake)
-- Found ament_cmake_ros_core: 0.14.7 (/opt/ros/kilted/share/ament_cmake_ros_core/cmake)
-- Using all available rosidl_typesupport_c: rosidl_typesupport_fastrtps_c;rosidl_typesupport_introspection_c
-- Using all available rosidl_typesupport_cpp: rosidl_typesupport_fastrtps_cpp;rosidl_typesupport_introspection_cpp
-- Found Python3: /usr/bin/python3 (found version "3.12.3") found components: Interpreter Development NumPy Development.Module Development.Embed 
-- Found Python3: /usr/bin/python3 (found version "3.12.3") found components: Interpreter 
-- Added test 'copyright' to check source files copyright and LICENSE
-- Added test 'lint_cmake' to check CMake code style
-- Added test 'xmllint' to check XML markup files
-- Configuring done (2.8s)
-- Generating done (0.0s)
-- Build files have been written to: /home/administrator/Masterproject2/20_ROS/src/Robots/build/ur_msgs
[  1%] [34m[1mGenerating type hashes for ROS interfaces[0m
[  2%] [34m[1mGenerating Rust code for ROS interfaces[0m
[  2%] Built target ament_cmake_python_copy_ur_msgs
running egg_info
creating ur_msgs.egg-info
writing ur_msgs.egg-info/PKG-INFO
writing dependency_links to ur_msgs.egg-info/dependency_links.txt
writing top-level names to ur_msgs.egg-info/top_level.txt
writing manifest file 'ur_msgs.egg-info/SOURCES.txt'
reading manifest file 'ur_msgs.egg-info/SOURCES.txt'
writing manifest file 'ur_msgs.egg-info/SOURCES.txt'
[  2%] Built target ament_cmake_python_build_ur_msgs_egg
[  2%] Built target ur_msgs__rosidl_generator_type_description
[  3%] [34m[1mGenerating C code for ROS interfaces[0m
[  3%] [34m[1mGenerating C++ code for ROS interfaces[0m
[  3%] Built target ur_msgs__rs
[  3%] Built target ur_msgs__cpp
[  4%] [32mBuilding C object CMakeFiles/ur_msgs__rosidl_generator_c.dir/rosidl_generator_c/ur_msgs/msg/detail/analog__description.c.o[0m
[  4%] [32mBuilding C object CMakeFiles/ur_msgs__rosidl_generator_c.dir/rosidl_generator_c/ur_msgs/msg/detail/analog__functions.c.o[0m
[  5%] [32mBuilding C object CMakeFiles/ur_msgs__rosidl_generator_c.dir/rosidl_generator_c/ur_msgs/msg/detail/analog__type_support.c.o[0m
[  5%] [32mBuilding C object CMakeFiles/ur_msgs__rosidl_generator_c.dir/rosidl_generator_c/ur_msgs/msg/detail/digital__functions.c.o[0m
[  5%] [32mBuilding C object CMakeFiles/ur_msgs__rosidl_generator_c.dir/rosidl_generator_c/ur_msgs/msg/detail/digital__description.c.o[0m
[  6%] [32mBuilding C object CMakeFiles/ur_msgs__rosidl_generator_c.dir/rosidl_generator_c/ur_msgs/msg/detail/digital__type_support.c.o[0m
[  6%] [32mBuilding C object CMakeFiles/ur_msgs__rosidl_generator_c.dir/rosidl_generator_c/ur_msgs/msg/detail/io_states__description.c.o[0m
[  7%] [32mBuilding C object CMakeFiles/ur_msgs__rosidl_generator_c.dir/rosidl_generator_c/ur_msgs/msg/detail/io_states__functions.c.o[0m
[  8%] [32mBuilding C object CMakeFiles/ur_msgs__rosidl_generator_c.dir/rosidl_generator_c/ur_msgs/msg/detail/io_states__type_support.c.o[0m
[  8%] [32mBuilding C object CMakeFiles/ur_msgs__rosidl_generator_c.dir/rosidl_generator_c/ur_msgs/msg/detail/robot_state_rt_msg__description.c.o[0m
[  9%] [32mBuilding C object CMakeFiles/ur_msgs__rosidl_generator_c.dir/rosidl_generator_c/ur_msgs/msg/detail/masterboard_data_msg__description.c.o[0m
[  9%] [32mBuilding C object CMakeFiles/ur_msgs__rosidl_generator_c.dir/rosidl_generator_c/ur_msgs/msg/detail/masterboard_data_msg__functions.c.o[0m
[  9%] [32mBuilding C object CMakeFiles/ur_msgs__rosidl_generator_c.dir/rosidl_generator_c/ur_msgs/msg/detail/robot_state_rt_msg__functions.c.o[0m
[  9%] [32mBuilding C object CMakeFiles/ur_msgs__rosidl_generator_c.dir/rosidl_generator_c/ur_msgs/msg/detail/robot_state_rt_msg__type_support.c.o[0m
[ 10%] [32mBuilding C object CMakeFiles/ur_msgs__rosidl_generator_c.dir/rosidl_generator_c/ur_msgs/msg/detail/masterboard_data_msg__type_support.c.o[0m
[ 10%] [32mBuilding C object CMakeFiles/ur_msgs__rosidl_generator_c.dir/rosidl_generator_c/ur_msgs/msg/detail/robot_mode_data_msg__type_support.c.o[0m
[ 10%] [32mBuilding C object CMakeFiles/ur_msgs__rosidl_generator_c.dir/rosidl_generator_c/ur_msgs/msg/detail/robot_mode_data_msg__description.c.o[0m
[ 10%] [32mBuilding C object CMakeFiles/ur_msgs__rosidl_generator_c.dir/rosidl_generator_c/ur_msgs/msg/detail/tool_data_msg__functions.c.o[0m
[ 11%] [32mBuilding C object CMakeFiles/ur_msgs__rosidl_generator_c.dir/rosidl_generator_c/ur_msgs/msg/detail/tool_data_msg__description.c.o[0m
[ 12%] [32mBuilding C object CMakeFiles/ur_msgs__rosidl_generator_c.dir/rosidl_generator_c/ur_msgs/msg/detail/tool_data_msg__type_support.c.o[0m
[ 13%] [32mBuilding C object CMakeFiles/ur_msgs__rosidl_generator_c.dir/rosidl_generator_c/ur_msgs/msg/detail/robot_mode_data_msg__functions.c.o[0m
[ 13%] [32mBuilding C object CMakeFiles/ur_msgs__rosidl_generator_c.dir/rosidl_generator_c/ur_msgs/msg/detail/friction_model_parameters__description.c.o[0m
[ 14%] [32mBuilding C object CMakeFiles/ur_msgs__rosidl_generator_c.dir/rosidl_generator_c/ur_msgs/msg/detail/friction_model_parameters__functions.c.o[0m
[ 14%] [32mBuilding C object CMakeFiles/ur_msgs__rosidl_generator_c.dir/rosidl_generator_c/ur_msgs/msg/detail/friction_model_parameters__type_support.c.o[0m
[ 15%] [32mBuilding C object CMakeFiles/ur_msgs__rosidl_generator_c.dir/rosidl_generator_c/ur_msgs/srv/detail/set_analog_output__description.c.o[0m
[ 15%] [32mBuilding C object CMakeFiles/ur_msgs__rosidl_generator_c.dir/rosidl_generator_c/ur_msgs/srv/detail/set_analog_output__functions.c.o[0m
[ 15%] [32mBuilding C object CMakeFiles/ur_msgs__rosidl_generator_c.dir/rosidl_generator_c/ur_msgs/srv/detail/set_analog_output__type_support.c.o[0m
[ 16%] [32mBuilding C object CMakeFiles/ur_msgs__rosidl_generator_c.dir/rosidl_generator_c/ur_msgs/srv/detail/set_gravity__type_support.c.o[0m
[ 16%] [32mBuilding C object CMakeFiles/ur_msgs__rosidl_generator_c.dir/rosidl_generator_c/ur_msgs/srv/detail/set_gravity__functions.c.o[0m
[ 17%] [32mBuilding C object CMakeFiles/ur_msgs__rosidl_generator_c.dir/rosidl_generator_c/ur_msgs/srv/detail/set_gravity__description.c.o[0m
[ 17%] [32mBuilding C object CMakeFiles/ur_msgs__rosidl_generator_c.dir/rosidl_generator_c/ur_msgs/srv/detail/set_payload__description.c.o[0m
[ 18%] [32mBuilding C object CMakeFiles/ur_msgs__rosidl_generator_c.dir/rosidl_generator_c/ur_msgs/srv/detail/set_payload__functions.c.o[0m
[ 18%] [32mBuilding C object CMakeFiles/ur_msgs__rosidl_generator_c.dir/rosidl_generator_c/ur_msgs/srv/detail/set_payload__type_support.c.o[0m
[ 19%] [32mBuilding C object CMakeFiles/ur_msgs__rosidl_generator_c.dir/rosidl_generator_c/ur_msgs/srv/detail/set_speed_slider_fraction__description.c.o[0m
[ 19%] [32mBuilding C object CMakeFiles/ur_msgs__rosidl_generator_c.dir/rosidl_generator_c/ur_msgs/srv/detail/set_speed_slider_fraction__functions.c.o[0m
[ 20%] [32mBuilding C object CMakeFiles/ur_msgs__rosidl_generator_c.dir/rosidl_generator_c/ur_msgs/srv/detail/set_speed_slider_fraction__type_support.c.o[0m
[ 20%] [32mBuilding C object CMakeFiles/ur_msgs__rosidl_generator_c.dir/rosidl_generator_c/ur_msgs/srv/detail/set_io__description.c.o[0m
[ 20%] [32mBuilding C object CMakeFiles/ur_msgs__rosidl_generator_c.dir/rosidl_generator_c/ur_msgs/srv/detail/set_io__type_support.c.o[0m
[ 21%] [32mBuilding C object CMakeFiles/ur_msgs__rosidl_generator_c.dir/rosidl_generator_c/ur_msgs/srv/detail/set_io__functions.c.o[0m
[ 22%] [32mBuilding C object CMakeFiles/ur_msgs__rosidl_generator_c.dir/rosidl_generator_c/ur_msgs/srv/detail/get_robot_software_version__description.c.o[0m
[ 22%] [32mBuilding C object CMakeFiles/ur_msgs__rosidl_generator_c.dir/rosidl_generator_c/ur_msgs/srv/detail/get_robot_software_version__functions.c.o[0m
[ 22%] [32mBuilding C object CMakeFiles/ur_msgs__rosidl_generator_c.dir/rosidl_generator_c/ur_msgs/srv/detail/get_robot_software_version__type_support.c.o[0m
[ 23%] [32mBuilding C object CMakeFiles/ur_msgs__rosidl_generator_c.dir/rosidl_generator_c/ur_msgs/srv/detail/set_force_mode__description.c.o[0m
[ 23%] [32mBuilding C object CMakeFiles/ur_msgs__rosidl_generator_c.dir/rosidl_generator_c/ur_msgs/srv/detail/set_force_mode__functions.c.o[0m
[ 24%] [32mBuilding C object CMakeFiles/ur_msgs__rosidl_generator_c.dir/rosidl_generator_c/ur_msgs/srv/detail/set_force_mode__type_support.c.o[0m
[ 25%] [32mBuilding C object CMakeFiles/ur_msgs__rosidl_generator_c.dir/rosidl_generator_c/ur_msgs/srv/detail/set_friction_model_parameters__functions.c.o[0m
[ 25%] [32mBuilding C object CMakeFiles/ur_msgs__rosidl_generator_c.dir/rosidl_generator_c/ur_msgs/srv/detail/set_friction_model_parameters__description.c.o[0m
[ 26%] [32mBuilding C object CMakeFiles/ur_msgs__rosidl_generator_c.dir/rosidl_generator_c/ur_msgs/action/detail/tool_contact__description.c.o[0m
[ 26%] [32mBuilding C object CMakeFiles/ur_msgs__rosidl_generator_c.dir/rosidl_generator_c/ur_msgs/action/detail/tool_contact__functions.c.o[0m
[ 27%] [32mBuilding C object CMakeFiles/ur_msgs__rosidl_generator_c.dir/rosidl_generator_c/ur_msgs/action/detail/tool_contact__type_support.c.o[0m
[ 27%] [32mBuilding C object CMakeFiles/ur_msgs__rosidl_generator_c.dir/rosidl_generator_c/ur_msgs/srv/detail/set_friction_model_parameters__type_support.c.o[0m
[ 27%] [32mBuilding C object CMakeFiles/ur_msgs__rosidl_generator_c.dir/rosidl_generator_c/ur_msgs/action/detail/follow_joint_trajectory_until__description.c.o[0m
[ 28%] [32mBuilding C object CMakeFiles/ur_msgs__rosidl_generator_c.dir/rosidl_generator_c/ur_msgs/action/detail/follow_joint_trajectory_until__functions.c.o[0m
[ 28%] [32mBuilding C object CMakeFiles/ur_msgs__rosidl_generator_c.dir/rosidl_generator_c/ur_msgs/action/detail/send_script__description.c.o[0m
[ 28%] [32mBuilding C object CMakeFiles/ur_msgs__rosidl_generator_c.dir/rosidl_generator_c/ur_msgs/action/detail/follow_joint_trajectory_until__type_support.c.o[0m
[ 29%] [32mBuilding C object CMakeFiles/ur_msgs__rosidl_generator_c.dir/rosidl_generator_c/ur_msgs/action/detail/send_script__functions.c.o[0m
[ 29%] [32mBuilding C object CMakeFiles/ur_msgs__rosidl_generator_c.dir/rosidl_generator_c/ur_msgs/action/detail/send_script__type_support.c.o[0m
[ 30%] [32m[1mLinking C shared library libur_msgs__rosidl_generator_c.so[0m
[ 30%] Built target ur_msgs__rosidl_generator_c
[ 32%] [34m[1mGenerating C type support for eProsima Fast-RTPS[0m
[ 32%] [34m[1mGenerating C introspection for ROS interfaces[0m
[ 32%] [34m[1mGenerating C type support dispatch for ROS interfaces[0m
[ 32%] [34m[1mGenerating C++ type support for eProsima Fast-RTPS[0m
[ 32%] [34m[1mGenerating C++ introspection for ROS interfaces[0m
[ 33%] [34m[1mGenerating C++ type support dispatch for ROS interfaces[0m
[ 34%] [32mBuilding CXX object CMakeFiles/ur_msgs__rosidl_typesupport_c.dir/rosidl_typesupport_c/ur_msgs/msg/analog__type_support.cpp.o[0m
[ 34%] [32mBuilding CXX object CMakeFiles/ur_msgs__rosidl_typesupport_c.dir/rosidl_typesupport_c/ur_msgs/msg/digital__type_support.cpp.o[0m
[ 35%] [32mBuilding CXX object CMakeFiles/ur_msgs__rosidl_typesupport_c.dir/rosidl_typesupport_c/ur_msgs/msg/io_states__type_support.cpp.o[0m
[ 35%] [32mBuilding CXX object CMakeFiles/ur_msgs__rosidl_typesupport_c.dir/rosidl_typesupport_c/ur_msgs/msg/robot_state_rt_msg__type_support.cpp.o[0m
[ 36%] [32mBuilding CXX object CMakeFiles/ur_msgs__rosidl_typesupport_c.dir/rosidl_typesupport_c/ur_msgs/msg/robot_mode_data_msg__type_support.cpp.o[0m
[ 36%] [32mBuilding CXX object CMakeFiles/ur_msgs__rosidl_typesupport_c.dir/rosidl_typesupport_c/ur_msgs/msg/masterboard_data_msg__type_support.cpp.o[0m
[ 36%] [32mBuilding CXX object CMakeFiles/ur_msgs__rosidl_typesupport_cpp.dir/rosidl_typesupport_cpp/ur_msgs/msg/analog__type_support.cpp.o[0m
[ 37%] [32mBuilding CXX object CMakeFiles/ur_msgs__rosidl_typesupport_c.dir/rosidl_typesupport_c/ur_msgs/msg/friction_model_parameters__type_support.cpp.o[0m
[ 37%] [32mBuilding CXX object CMakeFiles/ur_msgs__rosidl_typesupport_c.dir/rosidl_typesupport_c/ur_msgs/msg/tool_data_msg__type_support.cpp.o[0m
[ 37%] [32mBuilding CXX object CMakeFiles/ur_msgs__rosidl_typesupport_c.dir/rosidl_typesupport_c/ur_msgs/srv/set_analog_output__type_support.cpp.o[0m
[ 40%] [32mBuilding CXX object CMakeFiles/ur_msgs__rosidl_typesupport_cpp.dir/rosidl_typesupport_cpp/ur_msgs/msg/io_states__type_support.cpp.o[0m
[ 40%] [32mBuilding CXX object CMakeFiles/ur_msgs__rosidl_typesupport_cpp.dir/rosidl_typesupport_cpp/ur_msgs/msg/masterboard_data_msg__type_support.cpp.o[0m
[ 40%] [32mBuilding CXX object CMakeFiles/ur_msgs__rosidl_typesupport_c.dir/rosidl_typesupport_c/ur_msgs/srv/set_speed_slider_fraction__type_support.cpp.o[0m
[ 40%] [32mBuilding CXX object CMakeFiles/ur_msgs__rosidl_typesupport_cpp.dir/rosidl_typesupport_cpp/ur_msgs/msg/robot_state_rt_msg__type_support.cpp.o[0m
[ 40%] [32mBuilding CXX object CMakeFiles/ur_msgs__rosidl_typesupport_cpp.dir/rosidl_typesupport_cpp/ur_msgs/msg/digital__type_support.cpp.o[0m
[ 40%] [32mBuilding CXX object CMakeFiles/ur_msgs__rosidl_typesupport_c.dir/rosidl_typesupport_c/ur_msgs/srv/set_payload__type_support.cpp.o[0m
[ 41%] [32mBuilding CXX object CMakeFiles/ur_msgs__rosidl_typesupport_c.dir/rosidl_typesupport_c/ur_msgs/srv/set_gravity__type_support.cpp.o[0m
[ 41%] [32mBuilding CXX object CMakeFiles/ur_msgs__rosidl_typesupport_c.dir/rosidl_typesupport_c/ur_msgs/srv/set_io__type_support.cpp.o[0m
[ 42%] [32mBuilding CXX object CMakeFiles/ur_msgs__rosidl_typesupport_c.dir/rosidl_typesupport_c/ur_msgs/srv/get_robot_software_version__type_support.cpp.o[0m
[ 43%] [32mBuilding CXX object CMakeFiles/ur_msgs__rosidl_typesupport_cpp.dir/rosidl_typesupport_cpp/ur_msgs/msg/robot_mode_data_msg__type_support.cpp.o[0m
[ 43%] [32mBuilding CXX object CMakeFiles/ur_msgs__rosidl_typesupport_cpp.dir/rosidl_typesupport_cpp/ur_msgs/msg/tool_data_msg__type_support.cpp.o[0m
[ 44%] [32mBuilding CXX object CMakeFiles/ur_msgs__rosidl_typesupport_cpp.dir/rosidl_typesupport_cpp/ur_msgs/msg/friction_model_parameters__type_support.cpp.o[0m
[ 44%] [32mBuilding CXX object CMakeFiles/ur_msgs__rosidl_typesupport_c.dir/rosidl_typesupport_c/ur_msgs/srv/set_force_mode__type_support.cpp.o[0m
[ 44%] [32mBuilding CXX object CMakeFiles/ur_msgs__rosidl_typesupport_cpp.dir/rosidl_typesupport_cpp/ur_msgs/srv/set_analog_output__type_support.cpp.o[0m
[ 45%] [32mBuilding CXX object CMakeFiles/ur_msgs__rosidl_typesupport_c.dir/rosidl_typesupport_c/ur_msgs/srv/set_friction_model_parameters__type_support.cpp.o[0m
[ 45%] [32mBuilding CXX object CMakeFiles/ur_msgs__rosidl_typesupport_c.dir/rosidl_typesupport_c/ur_msgs/action/tool_contact__type_support.cpp.o[0m
[ 46%] [32mBuilding CXX object CMakeFiles/ur_msgs__rosidl_typesupport_cpp.dir/rosidl_typesupport_cpp/ur_msgs/srv/set_gravity__type_support.cpp.o[0m
[ 46%] [32mBuilding CXX object CMakeFiles/ur_msgs__rosidl_typesupport_c.dir/rosidl_typesupport_c/ur_msgs/action/follow_joint_trajectory_until__type_support.cpp.o[0m
[ 46%] [32mBuilding CXX object CMakeFiles/ur_msgs__rosidl_typesupport_cpp.dir/rosidl_typesupport_cpp/ur_msgs/srv/set_speed_slider_fraction__type_support.cpp.o[0m
[ 46%] [32mBuilding CXX object CMakeFiles/ur_msgs__rosidl_typesupport_cpp.dir/rosidl_typesupport_cpp/ur_msgs/srv/set_payload__type_support.cpp.o[0m
[ 47%] [32mBuilding CXX object CMakeFiles/ur_msgs__rosidl_typesupport_c.dir/rosidl_typesupport_c/ur_msgs/action/send_script__type_support.cpp.o[0m
[ 48%] [32mBuilding CXX object CMakeFiles/ur_msgs__rosidl_typesupport_cpp.dir/rosidl_typesupport_cpp/ur_msgs/srv/set_io__type_support.cpp.o[0m
[ 48%] [32mBuilding CXX object CMakeFiles/ur_msgs__rosidl_typesupport_cpp.dir/rosidl_typesupport_cpp/ur_msgs/srv/get_robot_software_version__type_support.cpp.o[0m
[ 48%] [32m[1mLinking CXX shared library libur_msgs__rosidl_typesupport_c.so[0m
[ 49%] [32mBuilding CXX object CMakeFiles/ur_msgs__rosidl_typesupport_cpp.dir/rosidl_typesupport_cpp/ur_msgs/srv/set_force_mode__type_support.cpp.o[0m
[ 49%] Built target ur_msgs__rosidl_typesupport_c
[ 49%] [32mBuilding CXX object CMakeFiles/ur_msgs__rosidl_typesupport_cpp.dir/rosidl_typesupport_cpp/ur_msgs/srv/set_friction_model_parameters__type_support.cpp.o[0m
[ 50%] [32mBuilding CXX object CMakeFiles/ur_msgs__rosidl_typesupport_cpp.dir/rosidl_typesupport_cpp/ur_msgs/action/tool_contact__type_support.cpp.o[0m
[ 50%] [32mBuilding CXX object CMakeFiles/ur_msgs__rosidl_typesupport_cpp.dir/rosidl_typesupport_cpp/ur_msgs/action/follow_joint_trajectory_until__type_support.cpp.o[0m
[ 51%] [32mBuilding CXX object CMakeFiles/ur_msgs__rosidl_typesupport_cpp.dir/rosidl_typesupport_cpp/ur_msgs/action/send_script__type_support.cpp.o[0m
[ 52%] [32mBuilding C object CMakeFiles/ur_msgs__rosidl_typesupport_introspection_c.dir/rosidl_typesupport_introspection_c/ur_msgs/msg/detail/analog__type_support.c.o[0m
[ 52%] [32mBuilding C object CMakeFiles/ur_msgs__rosidl_typesupport_introspection_c.dir/rosidl_typesupport_introspection_c/ur_msgs/msg/detail/digital__type_support.c.o[0m
[ 53%] [32mBuilding C object CMakeFiles/ur_msgs__rosidl_typesupport_introspection_c.dir/rosidl_typesupport_introspection_c/ur_msgs/msg/detail/io_states__type_support.c.o[0m
[ 53%] [32mBuilding C object CMakeFiles/ur_msgs__rosidl_typesupport_introspection_c.dir/rosidl_typesupport_introspection_c/ur_msgs/msg/detail/robot_state_rt_msg__type_support.c.o[0m
[ 54%] [32mBuilding C object CMakeFiles/ur_msgs__rosidl_typesupport_introspection_c.dir/rosidl_typesupport_introspection_c/ur_msgs/msg/detail/masterboard_data_msg__type_support.c.o[0m
[ 54%] [32mBuilding C object CMakeFiles/ur_msgs__rosidl_typesupport_introspection_c.dir/rosidl_typesupport_introspection_c/ur_msgs/msg/detail/robot_mode_data_msg__type_support.c.o[0m
[ 54%] [32mBuilding C object CMakeFiles/ur_msgs__rosidl_typesupport_introspection_c.dir/rosidl_typesupport_introspection_c/ur_msgs/msg/detail/tool_data_msg__type_support.c.o[0m
[ 55%] [32mBuilding C object CMakeFiles/ur_msgs__rosidl_typesupport_introspection_c.dir/rosidl_typesupport_introspection_c/ur_msgs/msg/detail/friction_model_parameters__type_support.c.o[0m
[ 55%] [32mBuilding CXX object CMakeFiles/ur_msgs__rosidl_typesupport_introspection_cpp.dir/rosidl_typesupport_introspection_cpp/ur_msgs/msg/detail/analog__type_support.cpp.o[0m
[ 55%] [32mBuilding CXX object CMakeFiles/ur_msgs__rosidl_typesupport_introspection_cpp.dir/rosidl_typesupport_introspection_cpp/ur_msgs/msg/detail/io_states__type_support.cpp.o[0m
[ 56%] [32mBuilding CXX object CMakeFiles/ur_msgs__rosidl_typesupport_introspection_cpp.dir/rosidl_typesupport_introspection_cpp/ur_msgs/msg/detail/digital__type_support.cpp.o[0m
[ 57%] [32mBuilding CXX object CMakeFiles/ur_msgs__rosidl_typesupport_introspection_cpp.dir/rosidl_typesupport_introspection_cpp/ur_msgs/msg/detail/robot_state_rt_msg__type_support.cpp.o[0m
[ 57%] [32mBuilding CXX object CMakeFiles/ur_msgs__rosidl_typesupport_introspection_cpp.dir/rosidl_typesupport_introspection_cpp/ur_msgs/msg/detail/masterboard_data_msg__type_support.cpp.o[0m
[ 58%] [32mBuilding CXX object CMakeFiles/ur_msgs__rosidl_typesupport_introspection_cpp.dir/rosidl_typesupport_introspection_cpp/ur_msgs/msg/detail/robot_mode_data_msg__type_support.cpp.o[0m
[ 58%] [32mBuilding CXX object CMakeFiles/ur_msgs__rosidl_typesupport_introspection_cpp.dir/rosidl_typesupport_introspection_cpp/ur_msgs/msg/detail/tool_data_msg__type_support.cpp.o[0m
[ 58%] [32mBuilding C object CMakeFiles/ur_msgs__rosidl_typesupport_introspection_c.dir/rosidl_typesupport_introspection_c/ur_msgs/srv/detail/set_analog_output__type_support.c.o[0m
[ 59%] [32mBuilding CXX object CMakeFiles/ur_msgs__rosidl_typesupport_introspection_cpp.dir/rosidl_typesupport_introspection_cpp/ur_msgs/msg/detail/friction_model_parameters__type_support.cpp.o[0m
[ 60%] [32mBuilding C object CMakeFiles/ur_msgs__rosidl_typesupport_introspection_c.dir/rosidl_typesupport_introspection_c/ur_msgs/srv/detail/set_gravity__type_support.c.o[0m
[ 60%] [32mBuilding C object CMakeFiles/ur_msgs__rosidl_typesupport_introspection_c.dir/rosidl_typesupport_introspection_c/ur_msgs/srv/detail/set_payload__type_support.c.o[0m
[ 60%] [32mBuilding CXX object CMakeFiles/ur_msgs__rosidl_typesupport_introspection_cpp.dir/rosidl_typesupport_introspection_cpp/ur_msgs/srv/detail/set_analog_output__type_support.cpp.o[0m
[ 61%] [32mBuilding C object CMakeFiles/ur_msgs__rosidl_typesupport_introspection_c.dir/rosidl_typesupport_introspection_c/ur_msgs/srv/detail/set_speed_slider_fraction__type_support.c.o[0m
[ 61%] [32mBuilding C object CMakeFiles/ur_msgs__rosidl_typesupport_introspection_c.dir/rosidl_typesupport_introspection_c/ur_msgs/srv/detail/set_io__type_support.c.o[0m
[ 62%] [32mBuilding C object CMakeFiles/ur_msgs__rosidl_typesupport_introspection_c.dir/rosidl_typesupport_introspection_c/ur_msgs/srv/detail/get_robot_software_version__type_support.c.o[0m
[ 63%] [32mBuilding CXX object CMakeFiles/ur_msgs__rosidl_typesupport_introspection_cpp.dir/rosidl_typesupport_introspection_cpp/ur_msgs/srv/detail/set_gravity__type_support.cpp.o[0m
[ 63%] [32mBuilding CXX object CMakeFiles/ur_msgs__rosidl_typesupport_introspection_cpp.dir/rosidl_typesupport_introspection_cpp/ur_msgs/srv/detail/set_payload__type_support.cpp.o[0m
[ 64%] [32mBuilding CXX object CMakeFiles/ur_msgs__rosidl_typesupport_introspection_cpp.dir/rosidl_typesupport_introspection_cpp/ur_msgs/srv/detail/set_speed_slider_fraction__type_support.cpp.o[0m
[ 64%] [32mBuilding C object CMakeFiles/ur_msgs__rosidl_typesupport_introspection_c.dir/rosidl_typesupport_introspection_c/ur_msgs/srv/detail/set_force_mode__type_support.c.o[0m
[ 65%] [32mBuilding C object CMakeFiles/ur_msgs__rosidl_typesupport_introspection_c.dir/rosidl_typesupport_introspection_c/ur_msgs/srv/detail/set_friction_model_parameters__type_support.c.o[0m
[ 65%] [32mBuilding CXX object CMakeFiles/ur_msgs__rosidl_typesupport_introspection_cpp.dir/rosidl_typesupport_introspection_cpp/ur_msgs/srv/detail/set_io__type_support.cpp.o[0m
[ 65%] [32mBuilding C object CMakeFiles/ur_msgs__rosidl_typesupport_introspection_c.dir/rosidl_typesupport_introspection_c/ur_msgs/action/detail/tool_contact__type_support.c.o[0m
[ 66%] [32mBuilding C object CMakeFiles/ur_msgs__rosidl_typesupport_introspection_c.dir/rosidl_typesupport_introspection_c/ur_msgs/action/detail/follow_joint_trajectory_until__type_support.c.o[0m
[ 66%] [32mBuilding C object CMakeFiles/ur_msgs__rosidl_typesupport_introspection_c.dir/rosidl_typesupport_introspection_c/ur_msgs/action/detail/send_script__type_support.c.o[0m
[ 66%] [32mBuilding CXX object CMakeFiles/ur_msgs__rosidl_typesupport_fastrtps_c.dir/rosidl_typesupport_fastrtps_c/ur_msgs/msg/detail/analog__type_support_c.cpp.o[0m
[ 66%] [32mBuilding CXX object CMakeFiles/ur_msgs__rosidl_typesupport_introspection_cpp.dir/rosidl_typesupport_introspection_cpp/ur_msgs/srv/detail/get_robot_software_version__type_support.cpp.o[0m
[ 67%] [32mBuilding CXX object CMakeFiles/ur_msgs__rosidl_typesupport_fastrtps_c.dir/rosidl_typesupport_fastrtps_c/ur_msgs/msg/detail/digital__type_support_c.cpp.o[0m
[ 67%] [32mBuilding CXX object CMakeFiles/ur_msgs__rosidl_typesupport_fastrtps_c.dir/rosidl_typesupport_fastrtps_c/ur_msgs/msg/detail/io_states__type_support_c.cpp.o[0m
[ 67%] [32mBuilding CXX object CMakeFiles/ur_msgs__rosidl_typesupport_fastrtps_cpp.dir/rosidl_typesupport_fastrtps_cpp/ur_msgs/msg/detail/dds_fastrtps/digital__type_support.cpp.o[0m
[ 68%] [32mBuilding CXX object CMakeFiles/ur_msgs__rosidl_typesupport_fastrtps_cpp.dir/rosidl_typesupport_fastrtps_cpp/ur_msgs/msg/detail/dds_fastrtps/analog__type_support.cpp.o[0m
[ 69%] [32mBuilding CXX object CMakeFiles/ur_msgs__rosidl_typesupport_fastrtps_c.dir/rosidl_typesupport_fastrtps_c/ur_msgs/msg/detail/robot_state_rt_msg__type_support_c.cpp.o[0m
[ 69%] [32m[1mLinking C shared library libur_msgs__rosidl_typesupport_introspection_c.so[0m
[ 69%] Built target ur_msgs__rosidl_typesupport_introspection_c
[ 70%] [32mBuilding CXX object CMakeFiles/ur_msgs__rosidl_typesupport_fastrtps_cpp.dir/rosidl_typesupport_fastrtps_cpp/ur_msgs/msg/detail/dds_fastrtps/io_states__type_support.cpp.o[0m
[ 70%] [32m[1mLinking CXX shared library libur_msgs__rosidl_typesupport_cpp.so[0m
[ 70%] [32mBuilding CXX object CMakeFiles/ur_msgs__rosidl_typesupport_fastrtps_c.dir/rosidl_typesupport_fastrtps_c/ur_msgs/msg/detail/masterboard_data_msg__type_support_c.cpp.o[0m
[ 71%] [32mBuilding CXX object CMakeFiles/ur_msgs__rosidl_typesupport_introspection_cpp.dir/rosidl_typesupport_introspection_cpp/ur_msgs/srv/detail/set_force_mode__type_support.cpp.o[0m
[ 71%] [32mBuilding CXX object CMakeFiles/ur_msgs__rosidl_typesupport_fastrtps_cpp.dir/rosidl_typesupport_fastrtps_cpp/ur_msgs/msg/detail/dds_fastrtps/robot_state_rt_msg__type_support.cpp.o[0m
[ 72%] [32mBuilding CXX object CMakeFiles/ur_msgs__rosidl_typesupport_fastrtps_c.dir/rosidl_typesupport_fastrtps_c/ur_msgs/msg/detail/robot_mode_data_msg__type_support_c.cpp.o[0m
[ 72%] [32mBuilding CXX object CMakeFiles/ur_msgs__rosidl_typesupport_fastrtps_cpp.dir/rosidl_typesupport_fastrtps_cpp/ur_msgs/msg/detail/dds_fastrtps/masterboard_data_msg__type_support.cpp.o[0m
[ 73%] [32mBuilding CXX object CMakeFiles/ur_msgs__rosidl_typesupport_fastrtps_c.dir/rosidl_typesupport_fastrtps_c/ur_msgs/msg/detail/tool_data_msg__type_support_c.cpp.o[0m
[ 73%] [32mBuilding CXX object CMakeFiles/ur_msgs__rosidl_typesupport_introspection_cpp.dir/rosidl_typesupport_introspection_cpp/ur_msgs/srv/detail/set_friction_model_parameters__type_support.cpp.o[0m
[ 73%] [32mBuilding CXX object CMakeFiles/ur_msgs__rosidl_typesupport_fastrtps_cpp.dir/rosidl_typesupport_fastrtps_cpp/ur_msgs/msg/detail/dds_fastrtps/robot_mode_data_msg__type_support.cpp.o[0m
[ 74%] [32mBuilding CXX object CMakeFiles/ur_msgs__rosidl_typesupport_fastrtps_cpp.dir/rosidl_typesupport_fastrtps_cpp/ur_msgs/msg/detail/dds_fastrtps/tool_data_msg__type_support.cpp.o[0m
[ 74%] Built target ur_msgs__rosidl_typesupport_cpp
[ 75%] [32mBuilding CXX object CMakeFiles/ur_msgs__rosidl_typesupport_introspection_cpp.dir/rosidl_typesupport_introspection_cpp/ur_msgs/action/detail/tool_contact__type_support.cpp.o[0m
[ 75%] [32mBuilding CXX object CMakeFiles/ur_msgs__rosidl_typesupport_fastrtps_c.dir/rosidl_typesupport_fastrtps_c/ur_msgs/msg/detail/friction_model_parameters__type_support_c.cpp.o[0m
[ 75%] [32mBuilding CXX object CMakeFiles/ur_msgs__rosidl_typesupport_fastrtps_cpp.dir/rosidl_typesupport_fastrtps_cpp/ur_msgs/msg/detail/dds_fastrtps/friction_model_parameters__type_support.cpp.o[0m
[ 75%] [32mBuilding CXX object CMakeFiles/ur_msgs__rosidl_typesupport_introspection_cpp.dir/rosidl_typesupport_introspection_cpp/ur_msgs/action/detail/follow_joint_trajectory_until__type_support.cpp.o[0m
[ 76%] [32mBuilding CXX object CMakeFiles/ur_msgs__rosidl_typesupport_fastrtps_cpp.dir/rosidl_typesupport_fastrtps_cpp/ur_msgs/srv/detail/dds_fastrtps/set_analog_output__type_support.cpp.o[0m
[ 77%] [32mBuilding CXX object CMakeFiles/ur_msgs__rosidl_typesupport_introspection_cpp.dir/rosidl_typesupport_introspection_cpp/ur_msgs/action/detail/send_script__type_support.cpp.o[0m
[ 78%] [32mBuilding CXX object CMakeFiles/ur_msgs__rosidl_typesupport_fastrtps_c.dir/rosidl_typesupport_fastrtps_c/ur_msgs/srv/detail/set_analog_output__type_support_c.cpp.o[0m
[ 78%] [32mBuilding CXX object CMakeFiles/ur_msgs__rosidl_typesupport_fastrtps_cpp.dir/rosidl_typesupport_fastrtps_cpp/ur_msgs/srv/detail/dds_fastrtps/set_gravity__type_support.cpp.o[0m
[ 79%] [32mBuilding CXX object CMakeFiles/ur_msgs__rosidl_typesupport_fastrtps_cpp.dir/rosidl_typesupport_fastrtps_cpp/ur_msgs/srv/detail/dds_fastrtps/set_payload__type_support.cpp.o[0m
[ 79%] [32mBuilding CXX object CMakeFiles/ur_msgs__rosidl_typesupport_fastrtps_cpp.dir/rosidl_typesupport_fastrtps_cpp/ur_msgs/srv/detail/dds_fastrtps/set_speed_slider_fraction__type_support.cpp.o[0m
[ 79%] [32mBuilding CXX object CMakeFiles/ur_msgs__rosidl_typesupport_fastrtps_cpp.dir/rosidl_typesupport_fastrtps_cpp/ur_msgs/srv/detail/dds_fastrtps/set_io__type_support.cpp.o[0m
[ 80%] [32mBuilding CXX object CMakeFiles/ur_msgs__rosidl_typesupport_fastrtps_cpp.dir/rosidl_typesupport_fastrtps_cpp/ur_msgs/srv/detail/dds_fastrtps/get_robot_software_version__type_support.cpp.o[0m
[ 80%] [32mBuilding CXX object CMakeFiles/ur_msgs__rosidl_typesupport_fastrtps_c.dir/rosidl_typesupport_fastrtps_c/ur_msgs/srv/detail/set_gravity__type_support_c.cpp.o[0m
[ 80%] [32mBuilding CXX object CMakeFiles/ur_msgs__rosidl_typesupport_fastrtps_cpp.dir/rosidl_typesupport_fastrtps_cpp/ur_msgs/srv/detail/dds_fastrtps/set_force_mode__type_support.cpp.o[0m
[ 81%] [32mBuilding CXX object CMakeFiles/ur_msgs__rosidl_typesupport_fastrtps_c.dir/rosidl_typesupport_fastrtps_c/ur_msgs/srv/detail/set_payload__type_support_c.cpp.o[0m
[ 82%] [32mBuilding CXX object CMakeFiles/ur_msgs__rosidl_typesupport_fastrtps_cpp.dir/rosidl_typesupport_fastrtps_cpp/ur_msgs/srv/detail/dds_fastrtps/set_friction_model_parameters__type_support.cpp.o[0m
[ 82%] [32mBuilding CXX object CMakeFiles/ur_msgs__rosidl_typesupport_fastrtps_c.dir/rosidl_typesupport_fastrtps_c/ur_msgs/srv/detail/set_speed_slider_fraction__type_support_c.cpp.o[0m
[ 83%] [32mBuilding CXX object CMakeFiles/ur_msgs__rosidl_typesupport_fastrtps_c.dir/rosidl_typesupport_fastrtps_c/ur_msgs/srv/detail/set_io__type_support_c.cpp.o[0m
[ 83%] [32mBuilding CXX object CMakeFiles/ur_msgs__rosidl_typesupport_fastrtps_c.dir/rosidl_typesupport_fastrtps_c/ur_msgs/srv/detail/get_robot_software_version__type_support_c.cpp.o[0m
[ 84%] [32mBuilding CXX object CMakeFiles/ur_msgs__rosidl_typesupport_fastrtps_c.dir/rosidl_typesupport_fastrtps_c/ur_msgs/srv/detail/set_force_mode__type_support_c.cpp.o[0m
[ 84%] [32mBuilding CXX object CMakeFiles/ur_msgs__rosidl_typesupport_fastrtps_cpp.dir/rosidl_typesupport_fastrtps_cpp/ur_msgs/action/detail/dds_fastrtps/tool_contact__type_support.cpp.o[0m
[ 84%] [32mBuilding CXX object CMakeFiles/ur_msgs__rosidl_typesupport_fastrtps_c.dir/rosidl_typesupport_fastrtps_c/ur_msgs/srv/detail/set_friction_model_parameters__type_support_c.cpp.o[0m
[ 85%] [32mBuilding CXX object CMakeFiles/ur_msgs__rosidl_typesupport_fastrtps_c.dir/rosidl_typesupport_fastrtps_c/ur_msgs/action/detail/tool_contact__type_support_c.cpp.o[0m
[ 85%] [32mBuilding CXX object CMakeFiles/ur_msgs__rosidl_typesupport_fastrtps_c.dir/rosidl_typesupport_fastrtps_c/ur_msgs/action/detail/follow_joint_trajectory_until__type_support_c.cpp.o[0m
[ 85%] [32mBuilding CXX object CMakeFiles/ur_msgs__rosidl_typesupport_fastrtps_c.dir/rosidl_typesupport_fastrtps_c/ur_msgs/action/detail/send_script__type_support_c.cpp.o[0m
[ 86%] [32mBuilding CXX object CMakeFiles/ur_msgs__rosidl_typesupport_fastrtps_cpp.dir/rosidl_typesupport_fastrtps_cpp/ur_msgs/action/detail/dds_fastrtps/follow_joint_trajectory_until__type_support.cpp.o[0m
[ 86%] [32mBuilding CXX object CMakeFiles/ur_msgs__rosidl_typesupport_fastrtps_cpp.dir/rosidl_typesupport_fastrtps_cpp/ur_msgs/action/detail/dds_fastrtps/send_script__type_support.cpp.o[0m
[ 86%] [32m[1mLinking CXX shared library libur_msgs__rosidl_typesupport_introspection_cpp.so[0m
[ 86%] Built target ur_msgs__rosidl_typesupport_introspection_cpp
[ 87%] [32m[1mLinking CXX shared library libur_msgs__rosidl_typesupport_fastrtps_c.so[0m
[ 87%] Built target ur_msgs__rosidl_typesupport_fastrtps_c
[ 88%] [32m[1mLinking CXX shared library libur_msgs__rosidl_typesupport_fastrtps_cpp.so[0m
[ 88%] Built target ur_msgs__rosidl_typesupport_fastrtps_cpp
[ 88%] Built target ur_msgs
[ 88%] [34m[1mGenerating Python code for ROS interfaces[0m
[ 88%] Built target ur_msgs__py
[ 89%] [32mBuilding C object CMakeFiles/ur_msgs__rosidl_generator_py.dir/rosidl_generator_py/ur_msgs/msg/_io_states_s.c.o[0m
[ 89%] [32mBuilding C object CMakeFiles/ur_msgs__rosidl_generator_py.dir/rosidl_generator_py/ur_msgs/msg/_digital_s.c.o[0m
[ 89%] [32mBuilding C object CMakeFiles/ur_msgs__rosidl_generator_py.dir/rosidl_generator_py/ur_msgs/msg/_analog_s.c.o[0m
[ 89%] [32mBuilding C object CMakeFiles/ur_msgs__rosidl_generator_py.dir/rosidl_generator_py/ur_msgs/msg/_masterboard_data_msg_s.c.o[0m
[ 89%] [32mBuilding C object CMakeFiles/ur_msgs__rosidl_generator_py.dir/rosidl_generator_py/ur_msgs/msg/_tool_data_msg_s.c.o[0m
[ 90%] [32mBuilding C object CMakeFiles/ur_msgs__rosidl_generator_py.dir/rosidl_generator_py/ur_msgs/msg/_robot_state_rt_msg_s.c.o[0m
[ 90%] [32mBuilding C object CMakeFiles/ur_msgs__rosidl_generator_py.dir/rosidl_generator_py/ur_msgs/srv/_set_speed_slider_fraction_s.c.o[0m
[ 91%] [32mBuilding C object CMakeFiles/ur_msgs__rosidl_generator_py.dir/rosidl_generator_py/ur_msgs/msg/_friction_model_parameters_s.c.o[0m
[ 92%] [32mBuilding C object CMakeFiles/ur_msgs__rosidl_generator_py.dir/rosidl_generator_py/ur_msgs/srv/_set_io_s.c.o[0m
[ 92%] [32mBuilding C object CMakeFiles/ur_msgs__rosidl_generator_py.dir/rosidl_generator_py/ur_msgs/srv/_get_robot_software_version_s.c.o[0m
[ 93%] [32mBuilding C object CMakeFiles/ur_msgs__rosidl_generator_py.dir/rosidl_generator_py/ur_msgs/msg/_robot_mode_data_msg_s.c.o[0m
[ 94%] [32mBuilding C object CMakeFiles/ur_msgs__rosidl_generator_py.dir/rosidl_generator_py/ur_msgs/srv/_set_gravity_s.c.o[0m
[ 94%] [32mBuilding C object CMakeFiles/ur_msgs__rosidl_generator_py.dir/rosidl_generator_py/ur_msgs/srv/_set_analog_output_s.c.o[0m
[ 94%] [32mBuilding C object CMakeFiles/ur_msgs__rosidl_generator_py.dir/rosidl_generator_py/ur_msgs/srv/_set_payload_s.c.o[0m
[ 95%] [32mBuilding C object CMakeFiles/ur_msgs__rosidl_generator_py.dir/rosidl_generator_py/ur_msgs/srv/_set_force_mode_s.c.o[0m
[ 95%] [32mBuilding C object CMakeFiles/ur_msgs__rosidl_generator_py.dir/rosidl_generator_py/ur_msgs/srv/_set_friction_model_parameters_s.c.o[0m
[ 96%] [32mBuilding C object CMakeFiles/ur_msgs__rosidl_generator_py.dir/rosidl_generator_py/ur_msgs/action/_tool_contact_s.c.o[0m
[ 97%] [32mBuilding C object CMakeFiles/ur_msgs__rosidl_generator_py.dir/rosidl_generator_py/ur_msgs/action/_send_script_s.c.o[0m
[ 97%] [32mBuilding C object CMakeFiles/ur_msgs__rosidl_generator_py.dir/rosidl_generator_py/ur_msgs/action/_follow_joint_trajectory_until_s.c.o[0m
[ 97%] [32m[1mLinking C shared library libur_msgs__rosidl_generator_py.so[0m
[ 97%] Built target ur_msgs__rosidl_generator_py
[ 97%] [32mBuilding C object CMakeFiles/ur_msgs_s__rosidl_typesupport_c.dir/rosidl_generator_py/ur_msgs/_ur_msgs_s.ep.rosidl_typesupport_c.c.o[0m
[ 97%] [32mBuilding C object CMakeFiles/ur_msgs_s__rosidl_typesupport_fastrtps_c.dir/rosidl_generator_py/ur_msgs/_ur_msgs_s.ep.rosidl_typesupport_fastrtps_c.c.o[0m
[ 97%] [32mBuilding C object CMakeFiles/ur_msgs_s__rosidl_typesupport_introspection_c.dir/rosidl_generator_py/ur_msgs/_ur_msgs_s.ep.rosidl_typesupport_introspection_c.c.o[0m
[ 98%] [32m[1mLinking C shared module rosidl_generator_py/ur_msgs/ur_msgs_s__rosidl_typesupport_fastrtps_c.so[0m
[ 99%] [32m[1mLinking C shared module rosidl_generator_py/ur_msgs/ur_msgs_s__rosidl_typesupport_c.so[0m
[100%] [32m[1mLinking C shared module rosidl_generator_py/ur_msgs/ur_msgs_s__rosidl_typesupport_introspection_c.so[0m
[100%] Built target ur_msgs_s__rosidl_typesupport_c
[100%] Built target ur_msgs_s__rosidl_typesupport_fastrtps_c
[100%] Built target ur_msgs_s__rosidl_typesupport_introspection_c
-- Install configuration: ""
-- Installing: /home/administrator/Masterproject2/20_ROS/src/Robots/install/ur_msgs/share/ament_index/resource_index/rosidl_interfaces/ur_msgs
-- Installing: /home/administrator/Masterproject2/20_ROS/src/Robots/install/ur_msgs/share/ur_msgs/msg/Analog.json
-- Installing: /home/administrator/Masterproject2/20_ROS/src/Robots/install/ur_msgs/share/ur_msgs/msg/Digital.json
-- Installing: /home/administrator/Masterproject2/20_ROS/src/Robots/install/ur_msgs/share/ur_msgs/msg/IOStates.json
-- Installing: /home/administrator/Masterproject2/20_ROS/src/Robots/install/ur_msgs/share/ur_msgs/msg/RobotStateRTMsg.json
-- Installing: /home/administrator/Masterproject2/20_ROS/src/Robots/install/ur_msgs/share/ur_msgs/msg/MasterboardDataMsg.json
-- Installing: /home/administrator/Masterproject2/20_ROS/src/Robots/install/ur_msgs/share/ur_msgs/msg/RobotModeDataMsg.json
-- Installing: /home/administrator/Masterproject2/20_ROS/src/Robots/install/ur_msgs/share/ur_msgs/msg/ToolDataMsg.json
-- Installing: /home/administrator/Masterproject2/20_ROS/src/Robots/install/ur_msgs/share/ur_msgs/msg/FrictionModelParameters.json
-- Installing: /home/administrator/Masterproject2/20_ROS/src/Robots/install/ur_msgs/share/ur_msgs/srv/SetAnalogOutput.json
-- Installing: /home/administrator/Masterproject2/20_ROS/src/Robots/install/ur_msgs/share/ur_msgs/srv/SetGravity.json
-- Installing: /home/administrator/Masterproject2/20_ROS/src/Robots/install/ur_msgs/share/ur_msgs/srv/SetPayload.json
-- Installing: /home/administrator/Masterproject2/20_ROS/src/Robots/install/ur_msgs/share/ur_msgs/srv/SetSpeedSliderFraction.json
-- Installing: /home/administrator/Masterproject2/20_ROS/src/Robots/install/ur_msgs/share/ur_msgs/srv/SetIO.json
-- Installing: /home/administrator/Masterproject2/20_ROS/src/Robots/install/ur_msgs/share/ur_msgs/srv/GetRobotSoftwareVersion.json
-- Installing: /home/administrator/Masterproject2/20_ROS/src/Robots/install/ur_msgs/share/ur_msgs/srv/SetForceMode.json
-- Installing: /home/administrator/Masterproject2/20_ROS/src/Robots/install/ur_msgs/share/ur_msgs/srv/SetFrictionModelParameters.json
-- Installing: /home/administrator/Masterproject2/20_ROS/src/Robots/install/ur_msgs/share/ur_msgs/action/ToolContact.json
-- Installing: /home/administrator/Masterproject2/20_ROS/src/Robots/install/ur_msgs/share/ur_msgs/action/FollowJointTrajectoryUntil.json
-- Installing: /home/administrator/Masterproject2/20_ROS/src/Robots/install/ur_msgs/share/ur_msgs/action/SendScript.json
-- Installing: /home/administrator/Masterproject2/20_ROS/src/Robots/install/ur_msgs/include/ur_msgs/ur_msgs
-- Installing: /home/administrator/Masterproject2/20_ROS/src/Robots/install/ur_msgs/include/ur_msgs/ur_msgs/msg
-- Installing: /home/administrator/Masterproject2/20_ROS/src/Robots/install/ur_msgs/include/ur_msgs/ur_msgs/msg/friction_model_parameters.h
-- Installing: /home/administrator/Masterproject2/20_ROS/src/Robots/install/ur_msgs/include/ur_msgs/ur_msgs/msg/robot_state_rt_msg.h
-- Installing: /home/administrator/Masterproject2/20_ROS/src/Robots/install/ur_msgs/include/ur_msgs/ur_msgs/msg/robot_mode_data_msg.h
-- Installing: /home/administrator/Masterproject2/20_ROS/src/Robots/install/ur_msgs/include/ur_msgs/ur_msgs/msg/analog.h
-- Installing: /home/administrator/Masterproject2/20_ROS/src/Robots/install/ur_msgs/include/ur_msgs/ur_msgs/msg/masterboard_data_msg.h
-- Installing: /home/administrator/Masterproject2/20_ROS/src/Robots/install/ur_msgs/include/ur_msgs/ur_msgs/msg/tool_data_msg.h
-- Installing: /home/administrator/Masterproject2/20_ROS/src/Robots/install/ur_msgs/include/ur_msgs/ur_msgs/msg/digital.h
-- Installing: /home/administrator/Masterproject2/20_ROS/src/Robots/install/ur_msgs/include/ur_msgs/ur_msgs/msg/rosidl_generator_c__visibility_control.h
-- Installing: /home/administrator/Masterproject2/20_ROS/src/Robots/install/ur_msgs/include/ur_msgs/ur_msgs/msg/detail
-- Installing: /home/administrator/Masterproject2/20_ROS/src/Robots/install/ur_msgs/include/ur_msgs/ur_msgs/msg/detail/io_states__functions.c
-- Installing: /home/administrator/Masterproject2/20_ROS/src/Robots/install/ur_msgs/include/ur_msgs/ur_msgs/msg/detail/analog__functions.h
-- Installing: /home/administrator/Masterproject2/20_ROS/src/Robots/install/ur_msgs/include/ur_msgs/ur_msgs/msg/detail/robot_state_rt_msg__functions.h
-- Installing: /home/administrator/Masterproject2/20_ROS/src/Robots/install/ur_msgs/include/ur_msgs/ur_msgs/msg/detail/robot_mode_data_msg__type_support.c
-- Installing: /home/administrator/Masterproject2/20_ROS/src/Robots/install/ur_msgs/include/ur_msgs/ur_msgs/msg/detail/robot_mode_data_msg__struct.h
-- Installing: /home/administrator/Masterproject2/20_ROS/src/Robots/install/ur_msgs/include/ur_msgs/ur_msgs/msg/detail/io_states__description.c
-- Installing: /home/administrator/Masterproject2/20_ROS/src/Robots/install/ur_msgs/include/ur_msgs/ur_msgs/msg/detail/masterboard_data_msg__struct.h
-- Installing: /home/administrator/Masterproject2/20_ROS/src/Robots/install/ur_msgs/include/ur_msgs/ur_msgs/msg/detail/digital__description.c
-- Installing: /home/administrator/Masterproject2/20_ROS/src/Robots/install/ur_msgs/include/ur_msgs/ur_msgs/msg/detail/robot_state_rt_msg__description.c
-- Installing: /home/administrator/Masterproject2/20_ROS/src/Robots/install/ur_msgs/include/ur_msgs/ur_msgs/msg/detail/digital__functions.c
-- Installing: /home/administrator/Masterproject2/20_ROS/src/Robots/install/ur_msgs/include/ur_msgs/ur_msgs/msg/detail/robot_mode_data_msg__functions.c
-- Installing: /home/administrator/Masterproject2/20_ROS/src/Robots/install/ur_msgs/include/ur_msgs/ur_msgs/msg/detail/digital__type_support.h
-- Installing: /home/administrator/Masterproject2/20_ROS/src/Robots/install/ur_msgs/include/ur_msgs/ur_msgs/msg/detail/masterboard_data_msg__functions.c
-- Installing: /home/administrator/Masterproject2/20_ROS/src/Robots/install/ur_msgs/include/ur_msgs/ur_msgs/msg/detail/friction_model_parameters__type_support.h
-- Installing: /home/administrator/Masterproject2/20_ROS/src/Robots/install/ur_msgs/include/ur_msgs/ur_msgs/msg/detail/friction_model_parameters__struct.h
-- Installing: /home/administrator/Masterproject2/20_ROS/src/Robots/install/ur_msgs/include/ur_msgs/ur_msgs/msg/detail/digital__type_support.c
-- Installing: /home/administrator/Masterproject2/20_ROS/src/Robots/install/ur_msgs/include/ur_msgs/ur_msgs/msg/detail/robot_mode_data_msg__description.c
-- Installing: /home/administrator/Masterproject2/20_ROS/src/Robots/install/ur_msgs/include/ur_msgs/ur_msgs/msg/detail/analog__functions.c
-- Installing: /home/administrator/Masterproject2/20_ROS/src/Robots/install/ur_msgs/include/ur_msgs/ur_msgs/msg/detail/tool_data_msg__functions.c
-- Installing: /home/administrator/Masterproject2/20_ROS/src/Robots/install/ur_msgs/include/ur_msgs/ur_msgs/msg/detail/robot_state_rt_msg__functions.c
-- Installing: /home/administrator/Masterproject2/20_ROS/src/Robots/install/ur_msgs/include/ur_msgs/ur_msgs/msg/detail/io_states__type_support.c
-- Installing: /home/administrator/Masterproject2/20_ROS/src/Robots/install/ur_msgs/include/ur_msgs/ur_msgs/msg/detail/friction_model_parameters__type_support.c
-- Installing: /home/administrator/Masterproject2/20_ROS/src/Robots/install/ur_msgs/include/ur_msgs/ur_msgs/msg/detail/analog__struct.h
-- Installing: /home/administrator/Masterproject2/20_ROS/src/Robots/install/ur_msgs/include/ur_msgs/ur_msgs/msg/detail/robot_mode_data_msg__type_support.h
-- Installing: /home/administrator/Masterproject2/20_ROS/src/Robots/install/ur_msgs/include/ur_msgs/ur_msgs/msg/detail/robot_state_rt_msg__type_support.c
-- Installing: /home/administrator/Masterproject2/20_ROS/src/Robots/install/ur_msgs/include/ur_msgs/ur_msgs/msg/detail/tool_data_msg__type_support.h
-- Installing: /home/administrator/Masterproject2/20_ROS/src/Robots/install/ur_msgs/include/ur_msgs/ur_msgs/msg/detail/masterboard_data_msg__type_support.h
-- Installing: /home/administrator/Masterproject2/20_ROS/src/Robots/install/ur_msgs/include/ur_msgs/ur_msgs/msg/detail/io_states__functions.h
-- Installing: /home/administrator/Masterproject2/20_ROS/src/Robots/install/ur_msgs/include/ur_msgs/ur_msgs/msg/detail/digital__struct.h
-- Installing: /home/administrator/Masterproject2/20_ROS/src/Robots/install/ur_msgs/include/ur_msgs/ur_msgs/msg/detail/masterboard_data_msg__type_support.c
-- Installing: /home/administrator/Masterproject2/20_ROS/src/Robots/install/ur_msgs/include/ur_msgs/ur_msgs/msg/detail/analog__type_support.h
-- Installing: /home/administrator/Masterproject2/20_ROS/src/Robots/install/ur_msgs/include/ur_msgs/ur_msgs/msg/detail/friction_model_parameters__functions.h
-- Installing: /home/administrator/Masterproject2/20_ROS/src/Robots/install/ur_msgs/include/ur_msgs/ur_msgs/msg/detail/friction_model_parameters__description.c
-- Installing: /home/administrator/Masterproject2/20_ROS/src/Robots/install/ur_msgs/include/ur_msgs/ur_msgs/msg/detail/friction_model_parameters__functions.c
-- Installing: /home/administrator/Masterproject2/20_ROS/src/Robots/install/ur_msgs/include/ur_msgs/ur_msgs/msg/detail/masterboard_data_msg__description.c
-- Installing: /home/administrator/Masterproject2/20_ROS/src/Robots/install/ur_msgs/include/ur_msgs/ur_msgs/msg/detail/robot_mode_data_msg__functions.h
-- Installing: /home/administrator/Masterproject2/20_ROS/src/Robots/install/ur_msgs/include/ur_msgs/ur_msgs/msg/detail/io_states__type_support.h
-- Installing: /home/administrator/Masterproject2/20_ROS/src/Robots/install/ur_msgs/include/ur_msgs/ur_msgs/msg/detail/analog__type_support.c
-- Installing: /home/administrator/Masterproject2/20_ROS/src/Robots/install/ur_msgs/include/ur_msgs/ur_msgs/msg/detail/robot_state_rt_msg__struct.h
-- Installing: /home/administrator/Masterproject2/20_ROS/src/Robots/install/ur_msgs/include/ur_msgs/ur_msgs/msg/detail/tool_data_msg__type_support.c
-- Installing: /home/administrator/Masterproject2/20_ROS/src/Robots/install/ur_msgs/include/ur_msgs/ur_msgs/msg/detail/tool_data_msg__struct.h
-- Installing: /home/administrator/Masterproject2/20_ROS/src/Robots/install/ur_msgs/include/ur_msgs/ur_msgs/msg/detail/digital__functions.h
-- Installing: /home/administrator/Masterproject2/20_ROS/src/Robots/install/ur_msgs/include/ur_msgs/ur_msgs/msg/detail/io_states__struct.h
-- Installing: /home/administrator/Masterproject2/20_ROS/src/Robots/install/ur_msgs/include/ur_msgs/ur_msgs/msg/detail/analog__description.c
-- Installing: /home/administrator/Masterproject2/20_ROS/src/Robots/install/ur_msgs/include/ur_msgs/ur_msgs/msg/detail/tool_data_msg__description.c
-- Installing: /home/administrator/Masterproject2/20_ROS/src/Robots/install/ur_msgs/include/ur_msgs/ur_msgs/msg/detail/robot_state_rt_msg__type_support.h
-- Installing: /home/administrator/Masterproject2/20_ROS/src/Robots/install/ur_msgs/include/ur_msgs/ur_msgs/msg/detail/masterboard_data_msg__functions.h
-- Installing: /home/administrator/Masterproject2/20_ROS/src/Robots/install/ur_msgs/include/ur_msgs/ur_msgs/msg/detail/tool_data_msg__functions.h
-- Installing: /home/administrator/Masterproject2/20_ROS/src/Robots/install/ur_msgs/include/ur_msgs/ur_msgs/msg/io_states.h
-- Installing: /home/administrator/Masterproject2/20_ROS/src/Robots/install/ur_msgs/include/ur_msgs/ur_msgs/srv
-- Installing: /home/administrator/Masterproject2/20_ROS/src/Robots/install/ur_msgs/include/ur_msgs/ur_msgs/srv/set_speed_slider_fraction.h
-- Installing: /home/administrator/Masterproject2/20_ROS/src/Robots/install/ur_msgs/include/ur_msgs/ur_msgs/srv/set_io.h
-- Installing: /home/administrator/Masterproject2/20_ROS/src/Robots/install/ur_msgs/include/ur_msgs/ur_msgs/srv/set_friction_model_parameters.h
-- Installing: /home/administrator/Masterproject2/20_ROS/src/Robots/install/ur_msgs/include/ur_msgs/ur_msgs/srv/set_payload.h
-- Installing: /home/administrator/Masterproject2/20_ROS/src/Robots/install/ur_msgs/include/ur_msgs/ur_msgs/srv/get_robot_software_version.h
-- Installing: /home/administrator/Masterproject2/20_ROS/src/Robots/install/ur_msgs/include/ur_msgs/ur_msgs/srv/set_force_mode.h
-- Installing: /home/administrator/Masterproject2/20_ROS/src/Robots/install/ur_msgs/include/ur_msgs/ur_msgs/srv/set_gravity.h
-- Installing: /home/administrator/Masterproject2/20_ROS/src/Robots/install/ur_msgs/include/ur_msgs/ur_msgs/srv/set_analog_output.h
-- Installing: /home/administrator/Masterproject2/20_ROS/src/Robots/install/ur_msgs/include/ur_msgs/ur_msgs/srv/detail
-- Installing: /home/administrator/Masterproject2/20_ROS/src/Robots/install/ur_msgs/include/ur_msgs/ur_msgs/srv/detail/set_payload__functions.h
-- Installing: /home/administrator/Masterproject2/20_ROS/src/Robots/install/ur_msgs/include/ur_msgs/ur_msgs/srv/detail/set_analog_output__description.c
-- Installing: /home/administrator/Masterproject2/20_ROS/src/Robots/install/ur_msgs/include/ur_msgs/ur_msgs/srv/detail/set_gravity__functions.h
-- Installing: /home/administrator/Masterproject2/20_ROS/src/Robots/install/ur_msgs/include/ur_msgs/ur_msgs/srv/detail/set_io__type_support.c
-- Installing: /home/administrator/Masterproject2/20_ROS/src/Robots/install/ur_msgs/include/ur_msgs/ur_msgs/srv/detail/set_force_mode__functions.c
-- Installing: /home/administrator/Masterproject2/20_ROS/src/Robots/install/ur_msgs/include/ur_msgs/ur_msgs/srv/detail/get_robot_software_version__type_support.h
-- Installing: /home/administrator/Masterproject2/20_ROS/src/Robots/install/ur_msgs/include/ur_msgs/ur_msgs/srv/detail/set_gravity__struct.h
-- Installing: /home/administrator/Masterproject2/20_ROS/src/Robots/install/ur_msgs/include/ur_msgs/ur_msgs/srv/detail/get_robot_software_version__functions.c
-- Installing: /home/administrator/Masterproject2/20_ROS/src/Robots/install/ur_msgs/include/ur_msgs/ur_msgs/srv/detail/set_friction_model_parameters__type_support.c
-- Installing: /home/administrator/Masterproject2/20_ROS/src/Robots/install/ur_msgs/include/ur_msgs/ur_msgs/srv/detail/set_io__functions.c
-- Installing: /home/administrator/Masterproject2/20_ROS/src/Robots/install/ur_msgs/include/ur_msgs/ur_msgs/srv/detail/set_speed_slider_fraction__functions.c
-- Installing: /home/administrator/Masterproject2/20_ROS/src/Robots/install/ur_msgs/include/ur_msgs/ur_msgs/srv/detail/set_analog_output__type_support.h
-- Installing: /home/administrator/Masterproject2/20_ROS/src/Robots/install/ur_msgs/include/ur_msgs/ur_msgs/srv/detail/set_speed_slider_fraction__type_support.h
-- Installing: /home/administrator/Masterproject2/20_ROS/src/Robots/install/ur_msgs/include/ur_msgs/ur_msgs/srv/detail/set_gravity__functions.c
-- Installing: /home/administrator/Masterproject2/20_ROS/src/Robots/install/ur_msgs/include/ur_msgs/ur_msgs/srv/detail/set_gravity__description.c
-- Installing: /home/administrator/Masterproject2/20_ROS/src/Robots/install/ur_msgs/include/ur_msgs/ur_msgs/srv/detail/set_gravity__type_support.c
-- Installing: /home/administrator/Masterproject2/20_ROS/src/Robots/install/ur_msgs/include/ur_msgs/ur_msgs/srv/detail/set_force_mode__type_support.c
-- Installing: /home/administrator/Masterproject2/20_ROS/src/Robots/install/ur_msgs/include/ur_msgs/ur_msgs/srv/detail/set_friction_model_parameters__functions.h
-- Installing: /home/administrator/Masterproject2/20_ROS/src/Robots/install/ur_msgs/include/ur_msgs/ur_msgs/srv/detail/set_payload__type_support.h
-- Installing: /home/administrator/Masterproject2/20_ROS/src/Robots/install/ur_msgs/include/ur_msgs/ur_msgs/srv/detail/set_speed_slider_fraction__struct.h
-- Installing: /home/administrator/Masterproject2/20_ROS/src/Robots/install/ur_msgs/include/ur_msgs/ur_msgs/srv/detail/get_robot_software_version__type_support.c
-- Installing: /home/administrator/Masterproject2/20_ROS/src/Robots/install/ur_msgs/include/ur_msgs/ur_msgs/srv/detail/set_analog_output__struct.h
-- Installing: /home/administrator/Masterproject2/20_ROS/src/Robots/install/ur_msgs/include/ur_msgs/ur_msgs/srv/detail/set_gravity__type_support.h
-- Installing: /home/administrator/Masterproject2/20_ROS/src/Robots/install/ur_msgs/include/ur_msgs/ur_msgs/srv/detail/set_io__functions.h
-- Installing: /home/administrator/Masterproject2/20_ROS/src/Robots/install/ur_msgs/include/ur_msgs/ur_msgs/srv/detail/set_analog_output__type_support.c
-- Installing: /home/administrator/Masterproject2/20_ROS/src/Robots/install/ur_msgs/include/ur_msgs/ur_msgs/srv/detail/get_robot_software_version__struct.h
-- Installing: /home/administrator/Masterproject2/20_ROS/src/Robots/install/ur_msgs/include/ur_msgs/ur_msgs/srv/detail/set_force_mode__description.c
-- Installing: /home/administrator/Masterproject2/20_ROS/src/Robots/install/ur_msgs/include/ur_msgs/ur_msgs/srv/detail/set_friction_model_parameters__struct.h
-- Installing: /home/administrator/Masterproject2/20_ROS/src/Robots/install/ur_msgs/include/ur_msgs/ur_msgs/srv/detail/get_robot_software_version__description.c
-- Installing: /home/administrator/Masterproject2/20_ROS/src/Robots/install/ur_msgs/include/ur_msgs/ur_msgs/srv/detail/set_force_mode__type_support.h
-- Installing: /home/administrator/Masterproject2/20_ROS/src/Robots/install/ur_msgs/include/ur_msgs/ur_msgs/srv/detail/set_io__struct.h
-- Installing: /home/administrator/Masterproject2/20_ROS/src/Robots/install/ur_msgs/include/ur_msgs/ur_msgs/srv/detail/set_force_mode__functions.h
-- Installing: /home/administrator/Masterproject2/20_ROS/src/Robots/install/ur_msgs/include/ur_msgs/ur_msgs/srv/detail/set_payload__functions.c
-- Installing: /home/administrator/Masterproject2/20_ROS/src/Robots/install/ur_msgs/include/ur_msgs/ur_msgs/srv/detail/set_payload__description.c
-- Installing: /home/administrator/Masterproject2/20_ROS/src/Robots/install/ur_msgs/include/ur_msgs/ur_msgs/srv/detail/set_friction_model_parameters__type_support.h
-- Installing: /home/administrator/Masterproject2/20_ROS/src/Robots/install/ur_msgs/include/ur_msgs/ur_msgs/srv/detail/set_friction_model_parameters__functions.c
-- Installing: /home/administrator/Masterproject2/20_ROS/src/Robots/install/ur_msgs/include/ur_msgs/ur_msgs/srv/detail/set_payload__struct.h
-- Installing: /home/administrator/Masterproject2/20_ROS/src/Robots/install/ur_msgs/include/ur_msgs/ur_msgs/srv/detail/set_speed_slider_fraction__functions.h
-- Installing: /home/administrator/Masterproject2/20_ROS/src/Robots/install/ur_msgs/include/ur_msgs/ur_msgs/srv/detail/get_robot_software_version__functions.h
-- Installing: /home/administrator/Masterproject2/20_ROS/src/Robots/install/ur_msgs/include/ur_msgs/ur_msgs/srv/detail/set_analog_output__functions.c
-- Installing: /home/administrator/Masterproject2/20_ROS/src/Robots/install/ur_msgs/include/ur_msgs/ur_msgs/srv/detail/set_io__type_support.h
-- Installing: /home/administrator/Masterproject2/20_ROS/src/Robots/install/ur_msgs/include/ur_msgs/ur_msgs/srv/detail/set_io__description.c
-- Installing: /home/administrator/Masterproject2/20_ROS/src/Robots/install/ur_msgs/include/ur_msgs/ur_msgs/srv/detail/set_friction_model_parameters__description.c
-- Installing: /home/administrator/Masterproject2/20_ROS/src/Robots/install/ur_msgs/include/ur_msgs/ur_msgs/srv/detail/set_force_mode__struct.h
-- Installing: /home/administrator/Masterproject2/20_ROS/src/Robots/install/ur_msgs/include/ur_msgs/ur_msgs/srv/detail/set_speed_slider_fraction__type_support.c
-- Installing: /home/administrator/Masterproject2/20_ROS/src/Robots/install/ur_msgs/include/ur_msgs/ur_msgs/srv/detail/set_speed_slider_fraction__description.c
-- Installing: /home/administrator/Masterproject2/20_ROS/src/Robots/install/ur_msgs/include/ur_msgs/ur_msgs/srv/detail/set_analog_output__functions.h
-- Installing: /home/administrator/Masterproject2/20_ROS/src/Robots/install/ur_msgs/include/ur_msgs/ur_msgs/srv/detail/set_payload__type_support.c
-- Installing: /home/administrator/Masterproject2/20_ROS/src/Robots/install/ur_msgs/include/ur_msgs/ur_msgs/action
-- Installing: /home/administrator/Masterproject2/20_ROS/src/Robots/install/ur_msgs/include/ur_msgs/ur_msgs/action/follow_joint_trajectory_until.h
-- Installing: /home/administrator/Masterproject2/20_ROS/src/Robots/install/ur_msgs/include/ur_msgs/ur_msgs/action/tool_contact.h
-- Installing: /home/administrator/Masterproject2/20_ROS/src/Robots/install/ur_msgs/include/ur_msgs/ur_msgs/action/send_script.h
-- Installing: /home/administrator/Masterproject2/20_ROS/src/Robots/install/ur_msgs/include/ur_msgs/ur_msgs/action/detail
-- Installing: /home/administrator/Masterproject2/20_ROS/src/Robots/install/ur_msgs/include/ur_msgs/ur_msgs/action/detail/follow_joint_trajectory_until__functions.c
-- Installing: /home/administrator/Masterproject2/20_ROS/src/Robots/install/ur_msgs/include/ur_msgs/ur_msgs/action/detail/send_script__type_support.c
-- Installing: /home/administrator/Masterproject2/20_ROS/src/Robots/install/ur_msgs/include/ur_msgs/ur_msgs/action/detail/tool_contact__type_support.h
-- Installing: /home/administrator/Masterproject2/20_ROS/src/Robots/install/ur_msgs/include/ur_msgs/ur_msgs/action/detail/follow_joint_trajectory_until__type_support.c
-- Installing: /home/administrator/Masterproject2/20_ROS/src/Robots/install/ur_msgs/include/ur_msgs/ur_msgs/action/detail/send_script__description.c
-- Installing: /home/administrator/Masterproject2/20_ROS/src/Robots/install/ur_msgs/include/ur_msgs/ur_msgs/action/detail/follow_joint_trajectory_until__struct.h
-- Installing: /home/administrator/Masterproject2/20_ROS/src/Robots/install/ur_msgs/include/ur_msgs/ur_msgs/action/detail/tool_contact__functions.h
-- Installing: /home/administrator/Masterproject2/20_ROS/src/Robots/install/ur_msgs/include/ur_msgs/ur_msgs/action/detail/follow_joint_trajectory_until__description.c
-- Installing: /home/administrator/Masterproject2/20_ROS/src/Robots/install/ur_msgs/include/ur_msgs/ur_msgs/action/detail/tool_contact__struct.h
-- Installing: /home/administrator/Masterproject2/20_ROS/src/Robots/install/ur_msgs/include/ur_msgs/ur_msgs/action/detail/send_script__struct.h
-- Installing: /home/administrator/Masterproject2/20_ROS/src/Robots/install/ur_msgs/include/ur_msgs/ur_msgs/action/detail/tool_contact__type_support.c
-- Installing: /home/administrator/Masterproject2/20_ROS/src/Robots/install/ur_msgs/include/ur_msgs/ur_msgs/action/detail/tool_contact__description.c
-- Installing: /home/administrator/Masterproject2/20_ROS/src/Robots/install/ur_msgs/include/ur_msgs/ur_msgs/action/detail/tool_contact__functions.c
-- Installing: /home/administrator/Masterproject2/20_ROS/src/Robots/install/ur_msgs/include/ur_msgs/ur_msgs/action/detail/follow_joint_trajectory_until__type_support.h
-- Installing: /home/administrator/Masterproject2/20_ROS/src/Robots/install/ur_msgs/include/ur_msgs/ur_msgs/action/detail/send_script__functions.h
-- Installing: /home/administrator/Masterproject2/20_ROS/src/Robots/install/ur_msgs/include/ur_msgs/ur_msgs/action/detail/follow_joint_trajectory_until__functions.h
-- Installing: /home/administrator/Masterproject2/20_ROS/src/Robots/install/ur_msgs/include/ur_msgs/ur_msgs/action/detail/send_script__type_support.h
-- Installing: /home/administrator/Masterproject2/20_ROS/src/Robots/install/ur_msgs/include/ur_msgs/ur_msgs/action/detail/send_script__functions.c
-- Installing: /home/administrator/Masterproject2/20_ROS/src/Robots/install/ur_msgs/share/ur_msgs/environment/library_path.sh
-- Installing: /home/administrator/Masterproject2/20_ROS/src/Robots/install/ur_msgs/share/ur_msgs/environment/library_path.dsv
-- Installing: /home/administrator/Masterproject2/20_ROS/src/Robots/install/ur_msgs/lib/libur_msgs__rosidl_generator_c.so
-- Set non-toolchain portion of runtime path of "/home/administrator/Masterproject2/20_ROS/src/Robots/install/ur_msgs/lib/libur_msgs__rosidl_generator_c.so" to ""
-- Up-to-date: /home/administrator/Masterproject2/20_ROS/src/Robots/install/ur_msgs/include/ur_msgs/ur_msgs
-- Up-to-date: /home/administrator/Masterproject2/20_ROS/src/Robots/install/ur_msgs/include/ur_msgs/ur_msgs/msg
-- Up-to-date: /home/administrator/Masterproject2/20_ROS/src/Robots/install/ur_msgs/include/ur_msgs/ur_msgs/msg/detail
-- Installing: /home/administrator/Masterproject2/20_ROS/src/Robots/install/ur_msgs/include/ur_msgs/ur_msgs/msg/detail/friction_model_parameters__rosidl_typesupport_fastrtps_c.h
-- Installing: /home/administrator/Masterproject2/20_ROS/src/Robots/install/ur_msgs/include/ur_msgs/ur_msgs/msg/detail/masterboard_data_msg__rosidl_typesupport_fastrtps_c.h
-- Installing: /home/administrator/Masterproject2/20_ROS/src/Robots/install/ur_msgs/include/ur_msgs/ur_msgs/msg/detail/tool_data_msg__rosidl_typesupport_fastrtps_c.h
-- Installing: /home/administrator/Masterproject2/20_ROS/src/Robots/install/ur_msgs/include/ur_msgs/ur_msgs/msg/detail/io_states__rosidl_typesupport_fastrtps_c.h
-- Installing: /home/administrator/Masterproject2/20_ROS/src/Robots/install/ur_msgs/include/ur_msgs/ur_msgs/msg/detail/analog__rosidl_typesupport_fastrtps_c.h
-- Installing: /home/administrator/Masterproject2/20_ROS/src/Robots/install/ur_msgs/include/ur_msgs/ur_msgs/msg/detail/robot_state_rt_msg__rosidl_typesupport_fastrtps_c.h
-- Installing: /home/administrator/Masterproject2/20_ROS/src/Robots/install/ur_msgs/include/ur_msgs/ur_msgs/msg/detail/robot_mode_data_msg__rosidl_typesupport_fastrtps_c.h
-- Installing: /home/administrator/Masterproject2/20_ROS/src/Robots/install/ur_msgs/include/ur_msgs/ur_msgs/msg/detail/digital__rosidl_typesupport_fastrtps_c.h
-- Installing: /home/administrator/Masterproject2/20_ROS/src/Robots/install/ur_msgs/include/ur_msgs/ur_msgs/msg/rosidl_typesupport_fastrtps_c__visibility_control.h
-- Up-to-date: /home/administrator/Masterproject2/20_ROS/src/Robots/install/ur_msgs/include/ur_msgs/ur_msgs/srv
-- Up-to-date: /home/administrator/Masterproject2/20_ROS/src/Robots/install/ur_msgs/include/ur_msgs/ur_msgs/srv/detail
-- Installing: /home/administrator/Masterproject2/20_ROS/src/Robots/install/ur_msgs/include/ur_msgs/ur_msgs/srv/detail/set_speed_slider_fraction__rosidl_typesupport_fastrtps_c.h
-- Installing: /home/administrator/Masterproject2/20_ROS/src/Robots/install/ur_msgs/include/ur_msgs/ur_msgs/srv/detail/set_payload__rosidl_typesupport_fastrtps_c.h
-- Installing: /home/administrator/Masterproject2/20_ROS/src/Robots/install/ur_msgs/include/ur_msgs/ur_msgs/srv/detail/set_io__rosidl_typesupport_fastrtps_c.h
-- Installing: /home/administrator/Masterproject2/20_ROS/src/Robots/install/ur_msgs/include/ur_msgs/ur_msgs/srv/detail/set_gravity__rosidl_typesupport_fastrtps_c.h
-- Installing: /home/administrator/Masterproject2/20_ROS/src/Robots/install/ur_msgs/include/ur_msgs/ur_msgs/srv/detail/set_analog_output__rosidl_typesupport_fastrtps_c.h
-- Installing: /home/administrator/Masterproject2/20_ROS/src/Robots/install/ur_msgs/include/ur_msgs/ur_msgs/srv/detail/get_robot_software_version__rosidl_typesupport_fastrtps_c.h
-- Installing: /home/administrator/Masterproject2/20_ROS/src/Robots/install/ur_msgs/include/ur_msgs/ur_msgs/srv/detail/set_friction_model_parameters__rosidl_typesupport_fastrtps_c.h
-- Installing: /home/administrator/Masterproject2/20_ROS/src/Robots/install/ur_msgs/include/ur_msgs/ur_msgs/srv/detail/set_force_mode__rosidl_typesupport_fastrtps_c.h
-- Up-to-date: /home/administrator/Masterproject2/20_ROS/src/Robots/install/ur_msgs/include/ur_msgs/ur_msgs/action
-- Up-to-date: /home/administrator/Masterproject2/20_ROS/src/Robots/install/ur_msgs/include/ur_msgs/ur_msgs/action/detail
-- Installing: /home/administrator/Masterproject2/20_ROS/src/Robots/install/ur_msgs/include/ur_msgs/ur_msgs/action/detail/follow_joint_trajectory_until__rosidl_typesupport_fastrtps_c.h
-- Installing: /home/administrator/Masterproject2/20_ROS/src/Robots/install/ur_msgs/include/ur_msgs/ur_msgs/action/detail/tool_contact__rosidl_typesupport_fastrtps_c.h
-- Installing: /home/administrator/Masterproject2/20_ROS/src/Robots/install/ur_msgs/include/ur_msgs/ur_msgs/action/detail/send_script__rosidl_typesupport_fastrtps_c.h
-- Installing: /home/administrator/Masterproject2/20_ROS/src/Robots/install/ur_msgs/lib/libur_msgs__rosidl_typesupport_fastrtps_c.so
-- Set non-toolchain portion of runtime path of "/home/administrator/Masterproject2/20_ROS/src/Robots/install/ur_msgs/lib/libur_msgs__rosidl_typesupport_fastrtps_c.so" to ""
-- Up-to-date: /home/administrator/Masterproject2/20_ROS/src/Robots/install/ur_msgs/include/ur_msgs/ur_msgs
-- Up-to-date: /home/administrator/Masterproject2/20_ROS/src/Robots/install/ur_msgs/include/ur_msgs/ur_msgs/msg
-- Installing: /home/administrator/Masterproject2/20_ROS/src/Robots/install/ur_msgs/include/ur_msgs/ur_msgs/msg/io_states.hpp
-- Installing: /home/administrator/Masterproject2/20_ROS/src/Robots/install/ur_msgs/include/ur_msgs/ur_msgs/msg/robot_mode_data_msg.hpp
-- Installing: /home/administrator/Masterproject2/20_ROS/src/Robots/install/ur_msgs/include/ur_msgs/ur_msgs/msg/analog.hpp
-- Installing: /home/administrator/Masterproject2/20_ROS/src/Robots/install/ur_msgs/include/ur_msgs/ur_msgs/msg/tool_data_msg.hpp
-- Installing: /home/administrator/Masterproject2/20_ROS/src/Robots/install/ur_msgs/include/ur_msgs/ur_msgs/msg/rosidl_generator_cpp__visibility_control.hpp
-- Installing: /home/administrator/Masterproject2/20_ROS/src/Robots/install/ur_msgs/include/ur_msgs/ur_msgs/msg/friction_model_parameters.hpp
-- Installing: /home/administrator/Masterproject2/20_ROS/src/Robots/install/ur_msgs/include/ur_msgs/ur_msgs/msg/masterboard_data_msg.hpp
-- Installing: /home/administrator/Masterproject2/20_ROS/src/Robots/install/ur_msgs/include/ur_msgs/ur_msgs/msg/robot_state_rt_msg.hpp
-- Up-to-date: /home/administrator/Masterproject2/20_ROS/src/Robots/install/ur_msgs/include/ur_msgs/ur_msgs/msg/detail
-- Installing: /home/administrator/Masterproject2/20_ROS/src/Robots/install/ur_msgs/include/ur_msgs/ur_msgs/msg/detail/digital__traits.hpp
-- Installing: /home/administrator/Masterproject2/20_ROS/src/Robots/install/ur_msgs/include/ur_msgs/ur_msgs/msg/detail/analog__type_support.hpp
-- Installing: /home/administrator/Masterproject2/20_ROS/src/Robots/install/ur_msgs/include/ur_msgs/ur_msgs/msg/detail/robot_state_rt_msg__struct.hpp
-- Installing: /home/administrator/Masterproject2/20_ROS/src/Robots/install/ur_msgs/include/ur_msgs/ur_msgs/msg/detail/masterboard_data_msg__struct.hpp
-- Installing: /home/administrator/Masterproject2/20_ROS/src/Robots/install/ur_msgs/include/ur_msgs/ur_msgs/msg/detail/robot_mode_data_msg__type_support.hpp
-- Installing: /home/administrator/Masterproject2/20_ROS/src/Robots/install/ur_msgs/include/ur_msgs/ur_msgs/msg/detail/robot_mode_data_msg__traits.hpp
-- Installing: /home/administrator/Masterproject2/20_ROS/src/Robots/install/ur_msgs/include/ur_msgs/ur_msgs/msg/detail/io_states__struct.hpp
-- Installing: /home/administrator/Masterproject2/20_ROS/src/Robots/install/ur_msgs/include/ur_msgs/ur_msgs/msg/detail/analog__struct.hpp
-- Installing: /home/administrator/Masterproject2/20_ROS/src/Robots/install/ur_msgs/include/ur_msgs/ur_msgs/msg/detail/robot_state_rt_msg__builder.hpp
-- Installing: /home/administrator/Masterproject2/20_ROS/src/Robots/install/ur_msgs/include/ur_msgs/ur_msgs/msg/detail/robot_state_rt_msg__traits.hpp
-- Installing: /home/administrator/Masterproject2/20_ROS/src/Robots/install/ur_msgs/include/ur_msgs/ur_msgs/msg/detail/robot_state_rt_msg__type_support.hpp
-- Installing: /home/administrator/Masterproject2/20_ROS/src/Robots/install/ur_msgs/include/ur_msgs/ur_msgs/msg/detail/robot_mode_data_msg__builder.hpp
-- Installing: /home/administrator/Masterproject2/20_ROS/src/Robots/install/ur_msgs/include/ur_msgs/ur_msgs/msg/detail/digital__struct.hpp
-- Installing: /home/administrator/Masterproject2/20_ROS/src/Robots/install/ur_msgs/include/ur_msgs/ur_msgs/msg/detail/masterboard_data_msg__builder.hpp
-- Installing: /home/administrator/Masterproject2/20_ROS/src/Robots/install/ur_msgs/include/ur_msgs/ur_msgs/msg/detail/friction_model_parameters__type_support.hpp
-- Installing: /home/administrator/Masterproject2/20_ROS/src/Robots/install/ur_msgs/include/ur_msgs/ur_msgs/msg/detail/io_states__type_support.hpp
-- Installing: /home/administrator/Masterproject2/20_ROS/src/Robots/install/ur_msgs/include/ur_msgs/ur_msgs/msg/detail/friction_model_parameters__traits.hpp
-- Installing: /home/administrator/Masterproject2/20_ROS/src/Robots/install/ur_msgs/include/ur_msgs/ur_msgs/msg/detail/robot_mode_data_msg__struct.hpp
-- Installing: /home/administrator/Masterproject2/20_ROS/src/Robots/install/ur_msgs/include/ur_msgs/ur_msgs/msg/detail/io_states__traits.hpp
-- Installing: /home/administrator/Masterproject2/20_ROS/src/Robots/install/ur_msgs/include/ur_msgs/ur_msgs/msg/detail/masterboard_data_msg__type_support.hpp
-- Installing: /home/administrator/Masterproject2/20_ROS/src/Robots/install/ur_msgs/include/ur_msgs/ur_msgs/msg/detail/analog__builder.hpp
-- Installing: /home/administrator/Masterproject2/20_ROS/src/Robots/install/ur_msgs/include/ur_msgs/ur_msgs/msg/detail/friction_model_parameters__struct.hpp
-- Installing: /home/administrator/Masterproject2/20_ROS/src/Robots/install/ur_msgs/include/ur_msgs/ur_msgs/msg/detail/friction_model_parameters__builder.hpp
-- Installing: /home/administrator/Masterproject2/20_ROS/src/Robots/install/ur_msgs/include/ur_msgs/ur_msgs/msg/detail/digital__type_support.hpp
-- Installing: /home/administrator/Masterproject2/20_ROS/src/Robots/install/ur_msgs/include/ur_msgs/ur_msgs/msg/detail/masterboard_data_msg__traits.hpp
-- Installing: /home/administrator/Masterproject2/20_ROS/src/Robots/install/ur_msgs/include/ur_msgs/ur_msgs/msg/detail/analog__traits.hpp
-- Installing: /home/administrator/Masterproject2/20_ROS/src/Robots/install/ur_msgs/include/ur_msgs/ur_msgs/msg/detail/tool_data_msg__struct.hpp
-- Installing: /home/administrator/Masterproject2/20_ROS/src/Robots/install/ur_msgs/include/ur_msgs/ur_msgs/msg/detail/tool_data_msg__traits.hpp
-- Installing: /home/administrator/Masterproject2/20_ROS/src/Robots/install/ur_msgs/include/ur_msgs/ur_msgs/msg/detail/digital__builder.hpp
-- Installing: /home/administrator/Masterproject2/20_ROS/src/Robots/install/ur_msgs/include/ur_msgs/ur_msgs/msg/detail/tool_data_msg__type_support.hpp
-- Installing: /home/administrator/Masterproject2/20_ROS/src/Robots/install/ur_msgs/include/ur_msgs/ur_msgs/msg/detail/tool_data_msg__builder.hpp
-- Installing: /home/administrator/Masterproject2/20_ROS/src/Robots/install/ur_msgs/include/ur_msgs/ur_msgs/msg/detail/io_states__builder.hpp
-- Installing: /home/administrator/Masterproject2/20_ROS/src/Robots/install/ur_msgs/include/ur_msgs/ur_msgs/msg/digital.hpp
-- Up-to-date: /home/administrator/Masterproject2/20_ROS/src/Robots/install/ur_msgs/include/ur_msgs/ur_msgs/srv
-- Installing: /home/administrator/Masterproject2/20_ROS/src/Robots/install/ur_msgs/include/ur_msgs/ur_msgs/srv/set_friction_model_parameters.hpp
-- Installing: /home/administrator/Masterproject2/20_ROS/src/Robots/install/ur_msgs/include/ur_msgs/ur_msgs/srv/set_payload.hpp
-- Installing: /home/administrator/Masterproject2/20_ROS/src/Robots/install/ur_msgs/include/ur_msgs/ur_msgs/srv/set_force_mode.hpp
-- Installing: /home/administrator/Masterproject2/20_ROS/src/Robots/install/ur_msgs/include/ur_msgs/ur_msgs/srv/set_io.hpp
-- Installing: /home/administrator/Masterproject2/20_ROS/src/Robots/install/ur_msgs/include/ur_msgs/ur_msgs/srv/get_robot_software_version.hpp
-- Up-to-date: /home/administrator/Masterproject2/20_ROS/src/Robots/install/ur_msgs/include/ur_msgs/ur_msgs/srv/detail
-- Installing: /home/administrator/Masterproject2/20_ROS/src/Robots/install/ur_msgs/include/ur_msgs/ur_msgs/srv/detail/set_analog_output__type_support.hpp
-- Installing: /home/administrator/Masterproject2/20_ROS/src/Robots/install/ur_msgs/include/ur_msgs/ur_msgs/srv/detail/set_speed_slider_fraction__struct.hpp
-- Installing: /home/administrator/Masterproject2/20_ROS/src/Robots/install/ur_msgs/include/ur_msgs/ur_msgs/srv/detail/get_robot_software_version__builder.hpp
-- Installing: /home/administrator/Masterproject2/20_ROS/src/Robots/install/ur_msgs/include/ur_msgs/ur_msgs/srv/detail/get_robot_software_version__type_support.hpp
-- Installing: /home/administrator/Masterproject2/20_ROS/src/Robots/install/ur_msgs/include/ur_msgs/ur_msgs/srv/detail/set_friction_model_parameters__traits.hpp
-- Installing: /home/administrator/Masterproject2/20_ROS/src/Robots/install/ur_msgs/include/ur_msgs/ur_msgs/srv/detail/set_gravity__builder.hpp
-- Installing: /home/administrator/Masterproject2/20_ROS/src/Robots/install/ur_msgs/include/ur_msgs/ur_msgs/srv/detail/set_gravity__struct.hpp
-- Installing: /home/administrator/Masterproject2/20_ROS/src/Robots/install/ur_msgs/include/ur_msgs/ur_msgs/srv/detail/set_io__traits.hpp
-- Installing: /home/administrator/Masterproject2/20_ROS/src/Robots/install/ur_msgs/include/ur_msgs/ur_msgs/srv/detail/set_analog_output__traits.hpp
-- Installing: /home/administrator/Masterproject2/20_ROS/src/Robots/install/ur_msgs/include/ur_msgs/ur_msgs/srv/detail/set_friction_model_parameters__struct.hpp
-- Installing: /home/administrator/Masterproject2/20_ROS/src/Robots/install/ur_msgs/include/ur_msgs/ur_msgs/srv/detail/set_speed_slider_fraction__traits.hpp
-- Installing: /home/administrator/Masterproject2/20_ROS/src/Robots/install/ur_msgs/include/ur_msgs/ur_msgs/srv/detail/set_speed_slider_fraction__builder.hpp
-- Installing: /home/administrator/Masterproject2/20_ROS/src/Robots/install/ur_msgs/include/ur_msgs/ur_msgs/srv/detail/set_gravity__traits.hpp
-- Installing: /home/administrator/Masterproject2/20_ROS/src/Robots/install/ur_msgs/include/ur_msgs/ur_msgs/srv/detail/set_force_mode__struct.hpp
-- Installing: /home/administrator/Masterproject2/20_ROS/src/Robots/install/ur_msgs/include/ur_msgs/ur_msgs/srv/detail/set_payload__struct.hpp
-- Installing: /home/administrator/Masterproject2/20_ROS/src/Robots/install/ur_msgs/include/ur_msgs/ur_msgs/srv/detail/set_payload__traits.hpp
-- Installing: /home/administrator/Masterproject2/20_ROS/src/Robots/install/ur_msgs/include/ur_msgs/ur_msgs/srv/detail/get_robot_software_version__traits.hpp
-- Installing: /home/administrator/Masterproject2/20_ROS/src/Robots/install/ur_msgs/include/ur_msgs/ur_msgs/srv/detail/set_friction_model_parameters__builder.hpp
-- Installing: /home/administrator/Masterproject2/20_ROS/src/Robots/install/ur_msgs/include/ur_msgs/ur_msgs/srv/detail/set_force_mode__type_support.hpp
-- Installing: /home/administrator/Masterproject2/20_ROS/src/Robots/install/ur_msgs/include/ur_msgs/ur_msgs/srv/detail/set_gravity__type_support.hpp
-- Installing: /home/administrator/Masterproject2/20_ROS/src/Robots/install/ur_msgs/include/ur_msgs/ur_msgs/srv/detail/set_io__type_support.hpp
-- Installing: /home/administrator/Masterproject2/20_ROS/src/Robots/install/ur_msgs/include/ur_msgs/ur_msgs/srv/detail/set_speed_slider_fraction__type_support.hpp
-- Installing: /home/administrator/Masterproject2/20_ROS/src/Robots/install/ur_msgs/include/ur_msgs/ur_msgs/srv/detail/set_payload__builder.hpp
-- Installing: /home/administrator/Masterproject2/20_ROS/src/Robots/install/ur_msgs/include/ur_msgs/ur_msgs/srv/detail/set_force_mode__traits.hpp
-- Installing: /home/administrator/Masterproject2/20_ROS/src/Robots/install/ur_msgs/include/ur_msgs/ur_msgs/srv/detail/set_force_mode__builder.hpp
-- Installing: /home/administrator/Masterproject2/20_ROS/src/Robots/install/ur_msgs/include/ur_msgs/ur_msgs/srv/detail/get_robot_software_version__struct.hpp
-- Installing: /home/administrator/Masterproject2/20_ROS/src/Robots/install/ur_msgs/include/ur_msgs/ur_msgs/srv/detail/set_analog_output__struct.hpp
-- Installing: /home/administrator/Masterproject2/20_ROS/src/Robots/install/ur_msgs/include/ur_msgs/ur_msgs/srv/detail/set_analog_output__builder.hpp
-- Installing: /home/administrator/Masterproject2/20_ROS/src/Robots/install/ur_msgs/include/ur_msgs/ur_msgs/srv/detail/set_friction_model_parameters__type_support.hpp
-- Installing: /home/administrator/Masterproject2/20_ROS/src/Robots/install/ur_msgs/include/ur_msgs/ur_msgs/srv/detail/set_io__struct.hpp
-- Installing: /home/administrator/Masterproject2/20_ROS/src/Robots/install/ur_msgs/include/ur_msgs/ur_msgs/srv/detail/set_io__builder.hpp
-- Installing: /home/administrator/Masterproject2/20_ROS/src/Robots/install/ur_msgs/include/ur_msgs/ur_msgs/srv/detail/set_payload__type_support.hpp
-- Installing: /home/administrator/Masterproject2/20_ROS/src/Robots/install/ur_msgs/include/ur_msgs/ur_msgs/srv/set_speed_slider_fraction.hpp
-- Installing: /home/administrator/Masterproject2/20_ROS/src/Robots/install/ur_msgs/include/ur_msgs/ur_msgs/srv/set_analog_output.hpp
-- Installing: /home/administrator/Masterproject2/20_ROS/src/Robots/install/ur_msgs/include/ur_msgs/ur_msgs/srv/set_gravity.hpp
-- Up-to-date: /home/administrator/Masterproject2/20_ROS/src/Robots/install/ur_msgs/include/ur_msgs/ur_msgs/action
-- Installing: /home/administrator/Masterproject2/20_ROS/src/Robots/install/ur_msgs/include/ur_msgs/ur_msgs/action/tool_contact.hpp
-- Installing: /home/administrator/Masterproject2/20_ROS/src/Robots/install/ur_msgs/include/ur_msgs/ur_msgs/action/send_script.hpp
-- Up-to-date: /home/administrator/Masterproject2/20_ROS/src/Robots/install/ur_msgs/include/ur_msgs/ur_msgs/action/detail
-- Installing: /home/administrator/Masterproject2/20_ROS/src/Robots/install/ur_msgs/include/ur_msgs/ur_msgs/action/detail/tool_contact__struct.hpp
-- Installing: /home/administrator/Masterproject2/20_ROS/src/Robots/install/ur_msgs/include/ur_msgs/ur_msgs/action/detail/tool_contact__type_support.hpp
-- Installing: /home/administrator/Masterproject2/20_ROS/src/Robots/install/ur_msgs/include/ur_msgs/ur_msgs/action/detail/follow_joint_trajectory_until__type_support.hpp
-- Installing: /home/administrator/Masterproject2/20_ROS/src/Robots/install/ur_msgs/include/ur_msgs/ur_msgs/action/detail/send_script__builder.hpp
-- Installing: /home/administrator/Masterproject2/20_ROS/src/Robots/install/ur_msgs/include/ur_msgs/ur_msgs/action/detail/send_script__struct.hpp
-- Installing: /home/administrator/Masterproject2/20_ROS/src/Robots/install/ur_msgs/include/ur_msgs/ur_msgs/action/detail/follow_joint_trajectory_until__traits.hpp
-- Installing: /home/administrator/Masterproject2/20_ROS/src/Robots/install/ur_msgs/include/ur_msgs/ur_msgs/action/detail/tool_contact__traits.hpp
-- Installing: /home/administrator/Masterproject2/20_ROS/src/Robots/install/ur_msgs/include/ur_msgs/ur_msgs/action/detail/send_script__traits.hpp
-- Installing: /home/administrator/Masterproject2/20_ROS/src/Robots/install/ur_msgs/include/ur_msgs/ur_msgs/action/detail/follow_joint_trajectory_until__builder.hpp
-- Installing: /home/administrator/Masterproject2/20_ROS/src/Robots/install/ur_msgs/include/ur_msgs/ur_msgs/action/detail/tool_contact__builder.hpp
-- Installing: /home/administrator/Masterproject2/20_ROS/src/Robots/install/ur_msgs/include/ur_msgs/ur_msgs/action/detail/follow_joint_trajectory_until__struct.hpp
-- Installing: /home/administrator/Masterproject2/20_ROS/src/Robots/install/ur_msgs/include/ur_msgs/ur_msgs/action/detail/send_script__type_support.hpp
-- Installing: /home/administrator/Masterproject2/20_ROS/src/Robots/install/ur_msgs/include/ur_msgs/ur_msgs/action/follow_joint_trajectory_until.hpp
-- Up-to-date: /home/administrator/Masterproject2/20_ROS/src/Robots/install/ur_msgs/include/ur_msgs/ur_msgs
-- Up-to-date: /home/administrator/Masterproject2/20_ROS/src/Robots/install/ur_msgs/include/ur_msgs/ur_msgs/msg
-- Installing: /home/administrator/Masterproject2/20_ROS/src/Robots/install/ur_msgs/include/ur_msgs/ur_msgs/msg/rosidl_typesupport_fastrtps_cpp__visibility_control.h
-- Up-to-date: /home/administrator/Masterproject2/20_ROS/src/Robots/install/ur_msgs/include/ur_msgs/ur_msgs/msg/detail
-- Installing: /home/administrator/Masterproject2/20_ROS/src/Robots/install/ur_msgs/include/ur_msgs/ur_msgs/msg/detail/robot_mode_data_msg__rosidl_typesupport_fastrtps_cpp.hpp
-- Installing: /home/administrator/Masterproject2/20_ROS/src/Robots/install/ur_msgs/include/ur_msgs/ur_msgs/msg/detail/tool_data_msg__rosidl_typesupport_fastrtps_cpp.hpp
-- Installing: /home/administrator/Masterproject2/20_ROS/src/Robots/install/ur_msgs/include/ur_msgs/ur_msgs/msg/detail/masterboard_data_msg__rosidl_typesupport_fastrtps_cpp.hpp
-- Installing: /home/administrator/Masterproject2/20_ROS/src/Robots/install/ur_msgs/include/ur_msgs/ur_msgs/msg/detail/friction_model_parameters__rosidl_typesupport_fastrtps_cpp.hpp
-- Installing: /home/administrator/Masterproject2/20_ROS/src/Robots/install/ur_msgs/include/ur_msgs/ur_msgs/msg/detail/analog__rosidl_typesupport_fastrtps_cpp.hpp
-- Installing: /home/administrator/Masterproject2/20_ROS/src/Robots/install/ur_msgs/include/ur_msgs/ur_msgs/msg/detail/digital__rosidl_typesupport_fastrtps_cpp.hpp
-- Installing: /home/administrator/Masterproject2/20_ROS/src/Robots/install/ur_msgs/include/ur_msgs/ur_msgs/msg/detail/robot_state_rt_msg__rosidl_typesupport_fastrtps_cpp.hpp
-- Installing: /home/administrator/Masterproject2/20_ROS/src/Robots/install/ur_msgs/include/ur_msgs/ur_msgs/msg/detail/dds_fastrtps
-- Installing: /home/administrator/Masterproject2/20_ROS/src/Robots/install/ur_msgs/include/ur_msgs/ur_msgs/msg/detail/io_states__rosidl_typesupport_fastrtps_cpp.hpp
-- Up-to-date: /home/administrator/Masterproject2/20_ROS/src/Robots/install/ur_msgs/include/ur_msgs/ur_msgs/srv
-- Up-to-date: /home/administrator/Masterproject2/20_ROS/src/Robots/install/ur_msgs/include/ur_msgs/ur_msgs/srv/detail
-- Installing: /home/administrator/Masterproject2/20_ROS/src/Robots/install/ur_msgs/include/ur_msgs/ur_msgs/srv/detail/set_payload__rosidl_typesupport_fastrtps_cpp.hpp
-- Installing: /home/administrator/Masterproject2/20_ROS/src/Robots/install/ur_msgs/include/ur_msgs/ur_msgs/srv/detail/set_speed_slider_fraction__rosidl_typesupport_fastrtps_cpp.hpp
-- Installing: /home/administrator/Masterproject2/20_ROS/src/Robots/install/ur_msgs/include/ur_msgs/ur_msgs/srv/detail/set_force_mode__rosidl_typesupport_fastrtps_cpp.hpp
-- Installing: /home/administrator/Masterproject2/20_ROS/src/Robots/install/ur_msgs/include/ur_msgs/ur_msgs/srv/detail/set_friction_model_parameters__rosidl_typesupport_fastrtps_cpp.hpp
-- Installing: /home/administrator/Masterproject2/20_ROS/src/Robots/install/ur_msgs/include/ur_msgs/ur_msgs/srv/detail/get_robot_software_version__rosidl_typesupport_fastrtps_cpp.hpp
-- Installing: /home/administrator/Masterproject2/20_ROS/src/Robots/install/ur_msgs/include/ur_msgs/ur_msgs/srv/detail/set_gravity__rosidl_typesupport_fastrtps_cpp.hpp
-- Installing: /home/administrator/Masterproject2/20_ROS/src/Robots/install/ur_msgs/include/ur_msgs/ur_msgs/srv/detail/set_analog_output__rosidl_typesupport_fastrtps_cpp.hpp
-- Installing: /home/administrator/Masterproject2/20_ROS/src/Robots/install/ur_msgs/include/ur_msgs/ur_msgs/srv/detail/set_io__rosidl_typesupport_fastrtps_cpp.hpp
-- Installing: /home/administrator/Masterproject2/20_ROS/src/Robots/install/ur_msgs/include/ur_msgs/ur_msgs/srv/detail/dds_fastrtps
-- Up-to-date: /home/administrator/Masterproject2/20_ROS/src/Robots/install/ur_msgs/include/ur_msgs/ur_msgs/action
-- Up-to-date: /home/administrator/Masterproject2/20_ROS/src/Robots/install/ur_msgs/include/ur_msgs/ur_msgs/action/detail
-- Installing: /home/administrator/Masterproject2/20_ROS/src/Robots/install/ur_msgs/include/ur_msgs/ur_msgs/action/detail/tool_contact__rosidl_typesupport_fastrtps_cpp.hpp
-- Installing: /home/administrator/Masterproject2/20_ROS/src/Robots/install/ur_msgs/include/ur_msgs/ur_msgs/action/detail/send_script__rosidl_typesupport_fastrtps_cpp.hpp
-- Installing: /home/administrator/Masterproject2/20_ROS/src/Robots/install/ur_msgs/include/ur_msgs/ur_msgs/action/detail/follow_joint_trajectory_until__rosidl_typesupport_fastrtps_cpp.hpp
-- Installing: /home/administrator/Masterproject2/20_ROS/src/Robots/install/ur_msgs/include/ur_msgs/ur_msgs/action/detail/dds_fastrtps
-- Installing: /home/administrator/Masterproject2/20_ROS/src/Robots/install/ur_msgs/lib/libur_msgs__rosidl_typesupport_fastrtps_cpp.so
-- Set non-toolchain portion of runtime path of "/home/administrator/Masterproject2/20_ROS/src/Robots/install/ur_msgs/lib/libur_msgs__rosidl_typesupport_fastrtps_cpp.so" to ""
-- Up-to-date: /home/administrator/Masterproject2/20_ROS/src/Robots/install/ur_msgs/include/ur_msgs/ur_msgs
-- Up-to-date: /home/administrator/Masterproject2/20_ROS/src/Robots/install/ur_msgs/include/ur_msgs/ur_msgs/msg
-- Installing: /home/administrator/Masterproject2/20_ROS/src/Robots/install/ur_msgs/include/ur_msgs/ur_msgs/msg/rosidl_typesupport_introspection_c__visibility_control.h
-- Up-to-date: /home/administrator/Masterproject2/20_ROS/src/Robots/install/ur_msgs/include/ur_msgs/ur_msgs/msg/detail
-- Installing: /home/administrator/Masterproject2/20_ROS/src/Robots/install/ur_msgs/include/ur_msgs/ur_msgs/msg/detail/robot_state_rt_msg__rosidl_typesupport_introspection_c.h
-- Installing: /home/administrator/Masterproject2/20_ROS/src/Robots/install/ur_msgs/include/ur_msgs/ur_msgs/msg/detail/io_states__rosidl_typesupport_introspection_c.h
-- Installing: /home/administrator/Masterproject2/20_ROS/src/Robots/install/ur_msgs/include/ur_msgs/ur_msgs/msg/detail/robot_mode_data_msg__type_support.c
-- Installing: /home/administrator/Masterproject2/20_ROS/src/Robots/install/ur_msgs/include/ur_msgs/ur_msgs/msg/detail/friction_model_parameters__rosidl_typesupport_introspection_c.h
-- Installing: /home/administrator/Masterproject2/20_ROS/src/Robots/install/ur_msgs/include/ur_msgs/ur_msgs/msg/detail/tool_data_msg__rosidl_typesupport_introspection_c.h
-- Installing: /home/administrator/Masterproject2/20_ROS/src/Robots/install/ur_msgs/include/ur_msgs/ur_msgs/msg/detail/digital__type_support.c
-- Installing: /home/administrator/Masterproject2/20_ROS/src/Robots/install/ur_msgs/include/ur_msgs/ur_msgs/msg/detail/io_states__type_support.c
-- Installing: /home/administrator/Masterproject2/20_ROS/src/Robots/install/ur_msgs/include/ur_msgs/ur_msgs/msg/detail/analog__rosidl_typesupport_introspection_c.h
-- Installing: /home/administrator/Masterproject2/20_ROS/src/Robots/install/ur_msgs/include/ur_msgs/ur_msgs/msg/detail/robot_mode_data_msg__rosidl_typesupport_introspection_c.h
-- Installing: /home/administrator/Masterproject2/20_ROS/src/Robots/install/ur_msgs/include/ur_msgs/ur_msgs/msg/detail/friction_model_parameters__type_support.c
-- Installing: /home/administrator/Masterproject2/20_ROS/src/Robots/install/ur_msgs/include/ur_msgs/ur_msgs/msg/detail/robot_state_rt_msg__type_support.c
-- Installing: /home/administrator/Masterproject2/20_ROS/src/Robots/install/ur_msgs/include/ur_msgs/ur_msgs/msg/detail/digital__rosidl_typesupport_introspection_c.h
-- Installing: /home/administrator/Masterproject2/20_ROS/src/Robots/install/ur_msgs/include/ur_msgs/ur_msgs/msg/detail/masterboard_data_msg__type_support.c
-- Installing: /home/administrator/Masterproject2/20_ROS/src/Robots/install/ur_msgs/include/ur_msgs/ur_msgs/msg/detail/analog__type_support.c
-- Installing: /home/administrator/Masterproject2/20_ROS/src/Robots/install/ur_msgs/include/ur_msgs/ur_msgs/msg/detail/tool_data_msg__type_support.c
-- Installing: /home/administrator/Masterproject2/20_ROS/src/Robots/install/ur_msgs/include/ur_msgs/ur_msgs/msg/detail/masterboard_data_msg__rosidl_typesupport_introspection_c.h
-- Up-to-date: /home/administrator/Masterproject2/20_ROS/src/Robots/install/ur_msgs/include/ur_msgs/ur_msgs/srv
-- Up-to-date: /home/administrator/Masterproject2/20_ROS/src/Robots/install/ur_msgs/include/ur_msgs/ur_msgs/srv/detail
-- Installing: /home/administrator/Masterproject2/20_ROS/src/Robots/install/ur_msgs/include/ur_msgs/ur_msgs/srv/detail/set_io__type_support.c
-- Installing: /home/administrator/Masterproject2/20_ROS/src/Robots/install/ur_msgs/include/ur_msgs/ur_msgs/srv/detail/set_analog_output__rosidl_typesupport_introspection_c.h
-- Installing: /home/administrator/Masterproject2/20_ROS/src/Robots/install/ur_msgs/include/ur_msgs/ur_msgs/srv/detail/set_friction_model_parameters__type_support.c
-- Installing: /home/administrator/Masterproject2/20_ROS/src/Robots/install/ur_msgs/include/ur_msgs/ur_msgs/srv/detail/set_io__rosidl_typesupport_introspection_c.h
-- Installing: /home/administrator/Masterproject2/20_ROS/src/Robots/install/ur_msgs/include/ur_msgs/ur_msgs/srv/detail/set_gravity__type_support.c
-- Installing: /home/administrator/Masterproject2/20_ROS/src/Robots/install/ur_msgs/include/ur_msgs/ur_msgs/srv/detail/set_payload__rosidl_typesupport_introspection_c.h
-- Installing: /home/administrator/Masterproject2/20_ROS/src/Robots/install/ur_msgs/include/ur_msgs/ur_msgs/srv/detail/set_force_mode__type_support.c
-- Installing: /home/administrator/Masterproject2/20_ROS/src/Robots/install/ur_msgs/include/ur_msgs/ur_msgs/srv/detail/set_speed_slider_fraction__rosidl_typesupport_introspection_c.h
-- Installing: /home/administrator/Masterproject2/20_ROS/src/Robots/install/ur_msgs/include/ur_msgs/ur_msgs/srv/detail/get_robot_software_version__type_support.c
-- Installing: /home/administrator/Masterproject2/20_ROS/src/Robots/install/ur_msgs/include/ur_msgs/ur_msgs/srv/detail/set_analog_output__type_support.c
-- Installing: /home/administrator/Masterproject2/20_ROS/src/Robots/install/ur_msgs/include/ur_msgs/ur_msgs/srv/detail/get_robot_software_version__rosidl_typesupport_introspection_c.h
-- Installing: /home/administrator/Masterproject2/20_ROS/src/Robots/install/ur_msgs/include/ur_msgs/ur_msgs/srv/detail/set_force_mode__rosidl_typesupport_introspection_c.h
-- Installing: /home/administrator/Masterproject2/20_ROS/src/Robots/install/ur_msgs/include/ur_msgs/ur_msgs/srv/detail/set_speed_slider_fraction__type_support.c
-- Installing: /home/administrator/Masterproject2/20_ROS/src/Robots/install/ur_msgs/include/ur_msgs/ur_msgs/srv/detail/set_friction_model_parameters__rosidl_typesupport_introspection_c.h
-- Installing: /home/administrator/Masterproject2/20_ROS/src/Robots/install/ur_msgs/include/ur_msgs/ur_msgs/srv/detail/set_payload__type_support.c
-- Installing: /home/administrator/Masterproject2/20_ROS/src/Robots/install/ur_msgs/include/ur_msgs/ur_msgs/srv/detail/set_gravity__rosidl_typesupport_introspection_c.h
-- Up-to-date: /home/administrator/Masterproject2/20_ROS/src/Robots/install/ur_msgs/include/ur_msgs/ur_msgs/action
-- Up-to-date: /home/administrator/Masterproject2/20_ROS/src/Robots/install/ur_msgs/include/ur_msgs/ur_msgs/action/detail
-- Installing: /home/administrator/Masterproject2/20_ROS/src/Robots/install/ur_msgs/include/ur_msgs/ur_msgs/action/detail/follow_joint_trajectory_until__rosidl_typesupport_introspection_c.h
-- Installing: /home/administrator/Masterproject2/20_ROS/src/Robots/install/ur_msgs/include/ur_msgs/ur_msgs/action/detail/send_script__type_support.c
-- Installing: /home/administrator/Masterproject2/20_ROS/src/Robots/install/ur_msgs/include/ur_msgs/ur_msgs/action/detail/follow_joint_trajectory_until__type_support.c
-- Installing: /home/administrator/Masterproject2/20_ROS/src/Robots/install/ur_msgs/include/ur_msgs/ur_msgs/action/detail/send_script__rosidl_typesupport_introspection_c.h
-- Installing: /home/administrator/Masterproject2/20_ROS/src/Robots/install/ur_msgs/include/ur_msgs/ur_msgs/action/detail/tool_contact__type_support.c
-- Installing: /home/administrator/Masterproject2/20_ROS/src/Robots/install/ur_msgs/include/ur_msgs/ur_msgs/action/detail/tool_contact__rosidl_typesupport_introspection_c.h
-- Installing: /home/administrator/Masterproject2/20_ROS/src/Robots/install/ur_msgs/lib/libur_msgs__rosidl_typesupport_introspection_c.so
-- Set non-toolchain portion of runtime path of "/home/administrator/Masterproject2/20_ROS/src/Robots/install/ur_msgs/lib/libur_msgs__rosidl_typesupport_introspection_c.so" to ""
-- Installing: /home/administrator/Masterproject2/20_ROS/src/Robots/install/ur_msgs/lib/libur_msgs__rosidl_typesupport_c.so
-- Set non-toolchain portion of runtime path of "/home/administrator/Masterproject2/20_ROS/src/Robots/install/ur_msgs/lib/libur_msgs__rosidl_typesupport_c.so" to ""
-- Up-to-date: /home/administrator/Masterproject2/20_ROS/src/Robots/install/ur_msgs/include/ur_msgs/ur_msgs
-- Up-to-date: /home/administrator/Masterproject2/20_ROS/src/Robots/install/ur_msgs/include/ur_msgs/ur_msgs/msg
-- Up-to-date: /home/administrator/Masterproject2/20_ROS/src/Robots/install/ur_msgs/include/ur_msgs/ur_msgs/msg/detail
-- Installing: /home/administrator/Masterproject2/20_ROS/src/Robots/install/ur_msgs/include/ur_msgs/ur_msgs/msg/detail/friction_model_parameters__rosidl_typesupport_introspection_cpp.hpp
-- Installing: /home/administrator/Masterproject2/20_ROS/src/Robots/install/ur_msgs/include/ur_msgs/ur_msgs/msg/detail/io_states__type_support.cpp
-- Installing: /home/administrator/Masterproject2/20_ROS/src/Robots/install/ur_msgs/include/ur_msgs/ur_msgs/msg/detail/robot_mode_data_msg__type_support.cpp
-- Installing: /home/administrator/Masterproject2/20_ROS/src/Robots/install/ur_msgs/include/ur_msgs/ur_msgs/msg/detail/digital__type_support.cpp
-- Installing: /home/administrator/Masterproject2/20_ROS/src/Robots/install/ur_msgs/include/ur_msgs/ur_msgs/msg/detail/robot_mode_data_msg__rosidl_typesupport_introspection_cpp.hpp
-- Installing: /home/administrator/Masterproject2/20_ROS/src/Robots/install/ur_msgs/include/ur_msgs/ur_msgs/msg/detail/analog__type_support.cpp
-- Installing: /home/administrator/Masterproject2/20_ROS/src/Robots/install/ur_msgs/include/ur_msgs/ur_msgs/msg/detail/friction_model_parameters__type_support.cpp
-- Installing: /home/administrator/Masterproject2/20_ROS/src/Robots/install/ur_msgs/include/ur_msgs/ur_msgs/msg/detail/robot_state_rt_msg__type_support.cpp
-- Installing: /home/administrator/Masterproject2/20_ROS/src/Robots/install/ur_msgs/include/ur_msgs/ur_msgs/msg/detail/digital__rosidl_typesupport_introspection_cpp.hpp
-- Installing: /home/administrator/Masterproject2/20_ROS/src/Robots/install/ur_msgs/include/ur_msgs/ur_msgs/msg/detail/tool_data_msg__rosidl_typesupport_introspection_cpp.hpp
-- Installing: /home/administrator/Masterproject2/20_ROS/src/Robots/install/ur_msgs/include/ur_msgs/ur_msgs/msg/detail/tool_data_msg__type_support.cpp
-- Installing: /home/administrator/Masterproject2/20_ROS/src/Robots/install/ur_msgs/include/ur_msgs/ur_msgs/msg/detail/robot_state_rt_msg__rosidl_typesupport_introspection_cpp.hpp
-- Installing: /home/administrator/Masterproject2/20_ROS/src/Robots/install/ur_msgs/include/ur_msgs/ur_msgs/msg/detail/io_states__rosidl_typesupport_introspection_cpp.hpp
-- Installing: /home/administrator/Masterproject2/20_ROS/src/Robots/install/ur_msgs/include/ur_msgs/ur_msgs/msg/detail/masterboard_data_msg__type_support.cpp
-- Installing: /home/administrator/Masterproject2/20_ROS/src/Robots/install/ur_msgs/include/ur_msgs/ur_msgs/msg/detail/masterboard_data_msg__rosidl_typesupport_introspection_cpp.hpp
-- Installing: /home/administrator/Masterproject2/20_ROS/src/Robots/install/ur_msgs/include/ur_msgs/ur_msgs/msg/detail/analog__rosidl_typesupport_introspection_cpp.hpp
-- Up-to-date: /home/administrator/Masterproject2/20_ROS/src/Robots/install/ur_msgs/include/ur_msgs/ur_msgs/srv
-- Up-to-date: /home/administrator/Masterproject2/20_ROS/src/Robots/install/ur_msgs/include/ur_msgs/ur_msgs/srv/detail
-- Installing: /home/administrator/Masterproject2/20_ROS/src/Robots/install/ur_msgs/include/ur_msgs/ur_msgs/srv/detail/set_analog_output__rosidl_typesupport_introspection_cpp.hpp
-- Installing: /home/administrator/Masterproject2/20_ROS/src/Robots/install/ur_msgs/include/ur_msgs/ur_msgs/srv/detail/set_force_mode__rosidl_typesupport_introspection_cpp.hpp
-- Installing: /home/administrator/Masterproject2/20_ROS/src/Robots/install/ur_msgs/include/ur_msgs/ur_msgs/srv/detail/set_gravity__type_support.cpp
-- Installing: /home/administrator/Masterproject2/20_ROS/src/Robots/install/ur_msgs/include/ur_msgs/ur_msgs/srv/detail/get_robot_software_version__rosidl_typesupport_introspection_cpp.hpp
-- Installing: /home/administrator/Masterproject2/20_ROS/src/Robots/install/ur_msgs/include/ur_msgs/ur_msgs/srv/detail/set_friction_model_parameters__rosidl_typesupport_introspection_cpp.hpp
-- Installing: /home/administrator/Masterproject2/20_ROS/src/Robots/install/ur_msgs/include/ur_msgs/ur_msgs/srv/detail/set_payload__rosidl_typesupport_introspection_cpp.hpp
-- Installing: /home/administrator/Masterproject2/20_ROS/src/Robots/install/ur_msgs/include/ur_msgs/ur_msgs/srv/detail/set_speed_slider_fraction__type_support.cpp
-- Installing: /home/administrator/Masterproject2/20_ROS/src/Robots/install/ur_msgs/include/ur_msgs/ur_msgs/srv/detail/set_speed_slider_fraction__rosidl_typesupport_introspection_cpp.hpp
-- Installing: /home/administrator/Masterproject2/20_ROS/src/Robots/install/ur_msgs/include/ur_msgs/ur_msgs/srv/detail/get_robot_software_version__type_support.cpp
-- Installing: /home/administrator/Masterproject2/20_ROS/src/Robots/install/ur_msgs/include/ur_msgs/ur_msgs/srv/detail/set_gravity__rosidl_typesupport_introspection_cpp.hpp
-- Installing: /home/administrator/Masterproject2/20_ROS/src/Robots/install/ur_msgs/include/ur_msgs/ur_msgs/srv/detail/set_force_mode__type_support.cpp
-- Installing: /home/administrator/Masterproject2/20_ROS/src/Robots/install/ur_msgs/include/ur_msgs/ur_msgs/srv/detail/set_io__rosidl_typesupport_introspection_cpp.hpp
-- Installing: /home/administrator/Masterproject2/20_ROS/src/Robots/install/ur_msgs/include/ur_msgs/ur_msgs/srv/detail/set_friction_model_parameters__type_support.cpp
-- Installing: /home/administrator/Masterproject2/20_ROS/src/Robots/install/ur_msgs/include/ur_msgs/ur_msgs/srv/detail/set_io__type_support.cpp
-- Installing: /home/administrator/Masterproject2/20_ROS/src/Robots/install/ur_msgs/include/ur_msgs/ur_msgs/srv/detail/set_payload__type_support.cpp
-- Installing: /home/administrator/Masterproject2/20_ROS/src/Robots/install/ur_msgs/include/ur_msgs/ur_msgs/srv/detail/set_analog_output__type_support.cpp
-- Up-to-date: /home/administrator/Masterproject2/20_ROS/src/Robots/install/ur_msgs/include/ur_msgs/ur_msgs/action
-- Up-to-date: /home/administrator/Masterproject2/20_ROS/src/Robots/install/ur_msgs/include/ur_msgs/ur_msgs/action/detail
-- Installing: /home/administrator/Masterproject2/20_ROS/src/Robots/install/ur_msgs/include/ur_msgs/ur_msgs/action/detail/send_script__type_support.cpp
-- Installing: /home/administrator/Masterproject2/20_ROS/src/Robots/install/ur_msgs/include/ur_msgs/ur_msgs/action/detail/send_script__rosidl_typesupport_introspection_cpp.hpp
-- Installing: /home/administrator/Masterproject2/20_ROS/src/Robots/install/ur_msgs/include/ur_msgs/ur_msgs/action/detail/follow_joint_trajectory_until__type_support.cpp
-- Installing: /home/administrator/Masterproject2/20_ROS/src/Robots/install/ur_msgs/include/ur_msgs/ur_msgs/action/detail/tool_contact__rosidl_typesupport_introspection_cpp.hpp
-- Installing: /home/administrator/Masterproject2/20_ROS/src/Robots/install/ur_msgs/include/ur_msgs/ur_msgs/action/detail/follow_joint_trajectory_until__rosidl_typesupport_introspection_cpp.hpp
-- Installing: /home/administrator/Masterproject2/20_ROS/src/Robots/install/ur_msgs/include/ur_msgs/ur_msgs/action/detail/tool_contact__type_support.cpp
-- Installing: /home/administrator/Masterproject2/20_ROS/src/Robots/install/ur_msgs/lib/libur_msgs__rosidl_typesupport_introspection_cpp.so
-- Set non-toolchain portion of runtime path of "/home/administrator/Masterproject2/20_ROS/src/Robots/install/ur_msgs/lib/libur_msgs__rosidl_typesupport_introspection_cpp.so" to ""
-- Installing: /home/administrator/Masterproject2/20_ROS/src/Robots/install/ur_msgs/lib/libur_msgs__rosidl_typesupport_cpp.so
-- Set non-toolchain portion of runtime path of "/home/administrator/Masterproject2/20_ROS/src/Robots/install/ur_msgs/lib/libur_msgs__rosidl_typesupport_cpp.so" to ""
-- Installing: /home/administrator/Masterproject2/20_ROS/src/Robots/install/ur_msgs/share/ur_msgs/environment/pythonpath.sh
-- Installing: /home/administrator/Masterproject2/20_ROS/src/Robots/install/ur_msgs/share/ur_msgs/environment/pythonpath.dsv
-- Installing: /home/administrator/Masterproject2/20_ROS/src/Robots/install/ur_msgs/lib/python3.12/site-packages/ur_msgs-2.6.0-py3.12.egg-info
-- Installing: /home/administrator/Masterproject2/20_ROS/src/Robots/install/ur_msgs/lib/python3.12/site-packages/ur_msgs-2.6.0-py3.12.egg-info/dependency_links.txt
-- Installing: /home/administrator/Masterproject2/20_ROS/src/Robots/install/ur_msgs/lib/python3.12/site-packages/ur_msgs-2.6.0-py3.12.egg-info/top_level.txt
-- Installing: /home/administrator/Masterproject2/20_ROS/src/Robots/install/ur_msgs/lib/python3.12/site-packages/ur_msgs-2.6.0-py3.12.egg-info/SOURCES.txt
-- Installing: /home/administrator/Masterproject2/20_ROS/src/Robots/install/ur_msgs/lib/python3.12/site-packages/ur_msgs-2.6.0-py3.12.egg-info/PKG-INFO
-- Installing: /home/administrator/Masterproject2/20_ROS/src/Robots/install/ur_msgs/lib/python3.12/site-packages/ur_msgs
-- Installing: /home/administrator/Masterproject2/20_ROS/src/Robots/install/ur_msgs/lib/python3.12/site-packages/ur_msgs/_ur_msgs_s.ep.rosidl_typesupport_introspection_c.c
-- Installing: /home/administrator/Masterproject2/20_ROS/src/Robots/install/ur_msgs/lib/python3.12/site-packages/ur_msgs/__init__.py
-- Installing: /home/administrator/Masterproject2/20_ROS/src/Robots/install/ur_msgs/lib/python3.12/site-packages/ur_msgs/ur_msgs_s__rosidl_typesupport_c.so
-- Installing: /home/administrator/Masterproject2/20_ROS/src/Robots/install/ur_msgs/lib/python3.12/site-packages/ur_msgs/ur_msgs_s__rosidl_typesupport_fastrtps_c.so
-- Installing: /home/administrator/Masterproject2/20_ROS/src/Robots/install/ur_msgs/lib/python3.12/site-packages/ur_msgs/msg
-- Installing: /home/administrator/Masterproject2/20_ROS/src/Robots/install/ur_msgs/lib/python3.12/site-packages/ur_msgs/msg/_digital_s.c
-- Installing: /home/administrator/Masterproject2/20_ROS/src/Robots/install/ur_msgs/lib/python3.12/site-packages/ur_msgs/msg/_io_states_s.c
-- Installing: /home/administrator/Masterproject2/20_ROS/src/Robots/install/ur_msgs/lib/python3.12/site-packages/ur_msgs/msg/_tool_data_msg.py
-- Installing: /home/administrator/Masterproject2/20_ROS/src/Robots/install/ur_msgs/lib/python3.12/site-packages/ur_msgs/msg/__init__.py
-- Installing: /home/administrator/Masterproject2/20_ROS/src/Robots/install/ur_msgs/lib/python3.12/site-packages/ur_msgs/msg/_robot_state_rt_msg.py
-- Installing: /home/administrator/Masterproject2/20_ROS/src/Robots/install/ur_msgs/lib/python3.12/site-packages/ur_msgs/msg/_tool_data_msg_s.c
-- Installing: /home/administrator/Masterproject2/20_ROS/src/Robots/install/ur_msgs/lib/python3.12/site-packages/ur_msgs/msg/_robot_mode_data_msg_s.c
-- Installing: /home/administrator/Masterproject2/20_ROS/src/Robots/install/ur_msgs/lib/python3.12/site-packages/ur_msgs/msg/_robot_state_rt_msg_s.c
-- Installing: /home/administrator/Masterproject2/20_ROS/src/Robots/install/ur_msgs/lib/python3.12/site-packages/ur_msgs/msg/_masterboard_data_msg_s.c
-- Installing: /home/administrator/Masterproject2/20_ROS/src/Robots/install/ur_msgs/lib/python3.12/site-packages/ur_msgs/msg/_friction_model_parameters.py
-- Installing: /home/administrator/Masterproject2/20_ROS/src/Robots/install/ur_msgs/lib/python3.12/site-packages/ur_msgs/msg/_analog.py
-- Installing: /home/administrator/Masterproject2/20_ROS/src/Robots/install/ur_msgs/lib/python3.12/site-packages/ur_msgs/msg/_digital.py
-- Installing: /home/administrator/Masterproject2/20_ROS/src/Robots/install/ur_msgs/lib/python3.12/site-packages/ur_msgs/msg/_friction_model_parameters_s.c
-- Installing: /home/administrator/Masterproject2/20_ROS/src/Robots/install/ur_msgs/lib/python3.12/site-packages/ur_msgs/msg/_masterboard_data_msg.py
-- Installing: /home/administrator/Masterproject2/20_ROS/src/Robots/install/ur_msgs/lib/python3.12/site-packages/ur_msgs/msg/_analog_s.c
-- Installing: /home/administrator/Masterproject2/20_ROS/src/Robots/install/ur_msgs/lib/python3.12/site-packages/ur_msgs/msg/_io_states.py
-- Installing: /home/administrator/Masterproject2/20_ROS/src/Robots/install/ur_msgs/lib/python3.12/site-packages/ur_msgs/msg/_robot_mode_data_msg.py
-- Installing: /home/administrator/Masterproject2/20_ROS/src/Robots/install/ur_msgs/lib/python3.12/site-packages/ur_msgs/srv
-- Installing: /home/administrator/Masterproject2/20_ROS/src/Robots/install/ur_msgs/lib/python3.12/site-packages/ur_msgs/srv/_set_force_mode.py
-- Installing: /home/administrator/Masterproject2/20_ROS/src/Robots/install/ur_msgs/lib/python3.12/site-packages/ur_msgs/srv/_set_speed_slider_fraction_s.c
-- Installing: /home/administrator/Masterproject2/20_ROS/src/Robots/install/ur_msgs/lib/python3.12/site-packages/ur_msgs/srv/_set_payload.py
-- Installing: /home/administrator/Masterproject2/20_ROS/src/Robots/install/ur_msgs/lib/python3.12/site-packages/ur_msgs/srv/_get_robot_software_version_s.c
-- Installing: /home/administrator/Masterproject2/20_ROS/src/Robots/install/ur_msgs/lib/python3.12/site-packages/ur_msgs/srv/__init__.py
-- Installing: /home/administrator/Masterproject2/20_ROS/src/Robots/install/ur_msgs/lib/python3.12/site-packages/ur_msgs/srv/_set_force_mode_s.c
-- Installing: /home/administrator/Masterproject2/20_ROS/src/Robots/install/ur_msgs/lib/python3.12/site-packages/ur_msgs/srv/_set_speed_slider_fraction.py
-- Installing: /home/administrator/Masterproject2/20_ROS/src/Robots/install/ur_msgs/lib/python3.12/site-packages/ur_msgs/srv/_set_analog_output_s.c
-- Installing: /home/administrator/Masterproject2/20_ROS/src/Robots/install/ur_msgs/lib/python3.12/site-packages/ur_msgs/srv/_set_payload_s.c
-- Installing: /home/administrator/Masterproject2/20_ROS/src/Robots/install/ur_msgs/lib/python3.12/site-packages/ur_msgs/srv/_set_friction_model_parameters.py
-- Installing: /home/administrator/Masterproject2/20_ROS/src/Robots/install/ur_msgs/lib/python3.12/site-packages/ur_msgs/srv/_set_io.py
-- Installing: /home/administrator/Masterproject2/20_ROS/src/Robots/install/ur_msgs/lib/python3.12/site-packages/ur_msgs/srv/_set_analog_output.py
-- Installing: /home/administrator/Masterproject2/20_ROS/src/Robots/install/ur_msgs/lib/python3.12/site-packages/ur_msgs/srv/_set_gravity_s.c
-- Installing: /home/administrator/Masterproject2/20_ROS/src/Robots/install/ur_msgs/lib/python3.12/site-packages/ur_msgs/srv/_set_io_s.c
-- Installing: /home/administrator/Masterproject2/20_ROS/src/Robots/install/ur_msgs/lib/python3.12/site-packages/ur_msgs/srv/_set_friction_model_parameters_s.c
-- Installing: /home/administrator/Masterproject2/20_ROS/src/Robots/install/ur_msgs/lib/python3.12/site-packages/ur_msgs/srv/_set_gravity.py
-- Installing: /home/administrator/Masterproject2/20_ROS/src/Robots/install/ur_msgs/lib/python3.12/site-packages/ur_msgs/srv/_get_robot_software_version.py
-- Installing: /home/administrator/Masterproject2/20_ROS/src/Robots/install/ur_msgs/lib/python3.12/site-packages/ur_msgs/_ur_msgs_s.ep.rosidl_typesupport_fastrtps_c.c
-- Installing: /home/administrator/Masterproject2/20_ROS/src/Robots/install/ur_msgs/lib/python3.12/site-packages/ur_msgs/ur_msgs_s__rosidl_typesupport_introspection_c.so
-- Installing: /home/administrator/Masterproject2/20_ROS/src/Robots/install/ur_msgs/lib/python3.12/site-packages/ur_msgs/_ur_msgs_s.ep.rosidl_typesupport_c.c
-- Installing: /home/administrator/Masterproject2/20_ROS/src/Robots/install/ur_msgs/lib/python3.12/site-packages/ur_msgs/action
-- Installing: /home/administrator/Masterproject2/20_ROS/src/Robots/install/ur_msgs/lib/python3.12/site-packages/ur_msgs/action/_follow_joint_trajectory_until.py
-- Installing: /home/administrator/Masterproject2/20_ROS/src/Robots/install/ur_msgs/lib/python3.12/site-packages/ur_msgs/action/__init__.py
-- Installing: /home/administrator/Masterproject2/20_ROS/src/Robots/install/ur_msgs/lib/python3.12/site-packages/ur_msgs/action/_send_script.py
-- Installing: /home/administrator/Masterproject2/20_ROS/src/Robots/install/ur_msgs/lib/python3.12/site-packages/ur_msgs/action/_tool_contact_s.c
-- Installing: /home/administrator/Masterproject2/20_ROS/src/Robots/install/ur_msgs/lib/python3.12/site-packages/ur_msgs/action/_follow_joint_trajectory_until_s.c
-- Installing: /home/administrator/Masterproject2/20_ROS/src/Robots/install/ur_msgs/lib/python3.12/site-packages/ur_msgs/action/_tool_contact.py
-- Installing: /home/administrator/Masterproject2/20_ROS/src/Robots/install/ur_msgs/lib/python3.12/site-packages/ur_msgs/action/_send_script_s.c
Listing '/home/administrator/Masterproject2/20_ROS/src/Robots/install/ur_msgs/lib/python3.12/site-packages/ur_msgs'...
Compiling '/home/administrator/Masterproject2/20_ROS/src/Robots/install/ur_msgs/lib/python3.12/site-packages/ur_msgs/__init__.py'...
Listing '/home/administrator/Masterproject2/20_ROS/src/Robots/install/ur_msgs/lib/python3.12/site-packages/ur_msgs/action'...
Compiling '/home/administrator/Masterproject2/20_ROS/src/Robots/install/ur_msgs/lib/python3.12/site-packages/ur_msgs/action/__init__.py'...
Compiling '/home/administrator/Masterproject2/20_ROS/src/Robots/install/ur_msgs/lib/python3.12/site-packages/ur_msgs/action/_follow_joint_trajectory_until.py'...
Compiling '/home/administrator/Masterproject2/20_ROS/src/Robots/install/ur_msgs/lib/python3.12/site-packages/ur_msgs/action/_send_script.py'...
Compiling '/home/administrator/Masterproject2/20_ROS/src/Robots/install/ur_msgs/lib/python3.12/site-packages/ur_msgs/action/_tool_contact.py'...
Listing '/home/administrator/Masterproject2/20_ROS/src/Robots/install/ur_msgs/lib/python3.12/site-packages/ur_msgs/msg'...
Compiling '/home/administrator/Masterproject2/20_ROS/src/Robots/install/ur_msgs/lib/python3.12/site-packages/ur_msgs/msg/__init__.py'...
Compiling '/home/administrator/Masterproject2/20_ROS/src/Robots/install/ur_msgs/lib/python3.12/site-packages/ur_msgs/msg/_analog.py'...
Compiling '/home/administrator/Masterproject2/20_ROS/src/Robots/install/ur_msgs/lib/python3.12/site-packages/ur_msgs/msg/_digital.py'...
Compiling '/home/administrator/Masterproject2/20_ROS/src/Robots/install/ur_msgs/lib/python3.12/site-packages/ur_msgs/msg/_friction_model_parameters.py'...
Compiling '/home/administrator/Masterproject2/20_ROS/src/Robots/install/ur_msgs/lib/python3.12/site-packages/ur_msgs/msg/_io_states.py'...
Compiling '/home/administrator/Masterproject2/20_ROS/src/Robots/install/ur_msgs/lib/python3.12/site-packages/ur_msgs/msg/_masterboard_data_msg.py'...
Compiling '/home/administrator/Masterproject2/20_ROS/src/Robots/install/ur_msgs/lib/python3.12/site-packages/ur_msgs/msg/_robot_mode_data_msg.py'...
Compiling '/home/administrator/Masterproject2/20_ROS/src/Robots/install/ur_msgs/lib/python3.12/site-packages/ur_msgs/msg/_robot_state_rt_msg.py'...
Compiling '/home/administrator/Masterproject2/20_ROS/src/Robots/install/ur_msgs/lib/python3.12/site-packages/ur_msgs/msg/_tool_data_msg.py'...
Listing '/home/administrator/Masterproject2/20_ROS/src/Robots/install/ur_msgs/lib/python3.12/site-packages/ur_msgs/srv'...
Compiling '/home/administrator/Masterproject2/20_ROS/src/Robots/install/ur_msgs/lib/python3.12/site-packages/ur_msgs/srv/__init__.py'...
Compiling '/home/administrator/Masterproject2/20_ROS/src/Robots/install/ur_msgs/lib/python3.12/site-packages/ur_msgs/srv/_get_robot_software_version.py'...
Compiling '/home/administrator/Masterproject2/20_ROS/src/Robots/install/ur_msgs/lib/python3.12/site-packages/ur_msgs/srv/_set_analog_output.py'...
Compiling '/home/administrator/Masterproject2/20_ROS/src/Robots/install/ur_msgs/lib/python3.12/site-packages/ur_msgs/srv/_set_force_mode.py'...
Compiling '/home/administrator/Masterproject2/20_ROS/src/Robots/install/ur_msgs/lib/python3.12/site-packages/ur_msgs/srv/_set_friction_model_parameters.py'...
Compiling '/home/administrator/Masterproject2/20_ROS/src/Robots/install/ur_msgs/lib/python3.12/site-packages/ur_msgs/srv/_set_gravity.py'...
Compiling '/home/administrator/Masterproject2/20_ROS/src/Robots/install/ur_msgs/lib/python3.12/site-packages/ur_msgs/srv/_set_io.py'...
Compiling '/home/administrator/Masterproject2/20_ROS/src/Robots/install/ur_msgs/lib/python3.12/site-packages/ur_msgs/srv/_set_payload.py'...
Compiling '/home/administrator/Masterproject2/20_ROS/src/Robots/install/ur_msgs/lib/python3.12/site-packages/ur_msgs/srv/_set_speed_slider_fraction.py'...
-- Installing: /home/administrator/Masterproject2/20_ROS/src/Robots/install/ur_msgs/lib/python3.12/site-packages/ur_msgs/ur_msgs_s__rosidl_typesupport_fastrtps_c.so
-- Set non-toolchain portion of runtime path of "/home/administrator/Masterproject2/20_ROS/src/Robots/install/ur_msgs/lib/python3.12/site-packages/ur_msgs/ur_msgs_s__rosidl_typesupport_fastrtps_c.so" to ""
-- Installing: /home/administrator/Masterproject2/20_ROS/src/Robots/install/ur_msgs/lib/python3.12/site-packages/ur_msgs/ur_msgs_s__rosidl_typesupport_introspection_c.so
-- Set non-toolchain portion of runtime path of "/home/administrator/Masterproject2/20_ROS/src/Robots/install/ur_msgs/lib/python3.12/site-packages/ur_msgs/ur_msgs_s__rosidl_typesupport_introspection_c.so" to ""
-- Installing: /home/administrator/Masterproject2/20_ROS/src/Robots/install/ur_msgs/lib/python3.12/site-packages/ur_msgs/ur_msgs_s__rosidl_typesupport_c.so
-- Set non-toolchain portion of runtime path of "/home/administrator/Masterproject2/20_ROS/src/Robots/install/ur_msgs/lib/python3.12/site-packages/ur_msgs/ur_msgs_s__rosidl_typesupport_c.so" to ""
-- Installing: /home/administrator/Masterproject2/20_ROS/src/Robots/install/ur_msgs/lib/libur_msgs__rosidl_generator_py.so
-- Set non-toolchain portion of runtime path of "/home/administrator/Masterproject2/20_ROS/src/Robots/install/ur_msgs/lib/libur_msgs__rosidl_generator_py.so" to ""
-- Installing: /home/administrator/Masterproject2/20_ROS/src/Robots/install/ur_msgs/share/ament_index/resource_index/rust_packages/ur_msgs
-- Installing: /home/administrator/Masterproject2/20_ROS/src/Robots/install/ur_msgs/share/ur_msgs/rust
-- Installing: /home/administrator/Masterproject2/20_ROS/src/Robots/install/ur_msgs/share/ur_msgs/rust/Cargo.toml
-- Installing: /home/administrator/Masterproject2/20_ROS/src/Robots/install/ur_msgs/share/ur_msgs/rust/build.rs
-- Installing: /home/administrator/Masterproject2/20_ROS/src/Robots/install/ur_msgs/share/ur_msgs/rust/src
-- Installing: /home/administrator/Masterproject2/20_ROS/src/Robots/install/ur_msgs/share/ur_msgs/rust/src/action.rs
-- Installing: /home/administrator/Masterproject2/20_ROS/src/Robots/install/ur_msgs/share/ur_msgs/rust/src/msg
-- Installing: /home/administrator/Masterproject2/20_ROS/src/Robots/install/ur_msgs/share/ur_msgs/rust/src/msg/rmw.rs
-- Installing: /home/administrator/Masterproject2/20_ROS/src/Robots/install/ur_msgs/share/ur_msgs/rust/src/srv
-- Installing: /home/administrator/Masterproject2/20_ROS/src/Robots/install/ur_msgs/share/ur_msgs/rust/src/srv/rmw.rs
-- Installing: /home/administrator/Masterproject2/20_ROS/src/Robots/install/ur_msgs/share/ur_msgs/rust/src/srv.rs
-- Installing: /home/administrator/Masterproject2/20_ROS/src/Robots/install/ur_msgs/share/ur_msgs/rust/src/msg.rs
-- Installing: /home/administrator/Masterproject2/20_ROS/src/Robots/install/ur_msgs/share/ur_msgs/rust/src/lib.rs
-- Installing: /home/administrator/Masterproject2/20_ROS/src/Robots/install/ur_msgs/share/ur_msgs/rust/src/action
-- Installing: /home/administrator/Masterproject2/20_ROS/src/Robots/install/ur_msgs/share/ur_msgs/rust/src/action/rmw.rs
-- Installing: /home/administrator/Masterproject2/20_ROS/src/Robots/install/ur_msgs/share/ur_msgs/msg/Analog.idl
-- Installing: /home/administrator/Masterproject2/20_ROS/src/Robots/install/ur_msgs/share/ur_msgs/msg/Digital.idl
-- Installing: /home/administrator/Masterproject2/20_ROS/src/Robots/install/ur_msgs/share/ur_msgs/msg/IOStates.idl
-- Installing: /home/administrator/Masterproject2/20_ROS/src/Robots/install/ur_msgs/share/ur_msgs/msg/RobotStateRTMsg.idl
-- Installing: /home/administrator/Masterproject2/20_ROS/src/Robots/install/ur_msgs/share/ur_msgs/msg/MasterboardDataMsg.idl
-- Installing: /home/administrator/Masterproject2/20_ROS/src/Robots/install/ur_msgs/share/ur_msgs/msg/RobotModeDataMsg.idl
-- Installing: /home/administrator/Masterproject2/20_ROS/src/Robots/install/ur_msgs/share/ur_msgs/msg/ToolDataMsg.idl
-- Installing: /home/administrator/Masterproject2/20_ROS/src/Robots/install/ur_msgs/share/ur_msgs/msg/FrictionModelParameters.idl
-- Installing: /home/administrator/Masterproject2/20_ROS/src/Robots/install/ur_msgs/share/ur_msgs/srv/SetAnalogOutput.idl
-- Installing: /home/administrator/Masterproject2/20_ROS/src/Robots/install/ur_msgs/share/ur_msgs/srv/SetGravity.idl
-- Installing: /home/administrator/Masterproject2/20_ROS/src/Robots/install/ur_msgs/share/ur_msgs/srv/SetPayload.idl
-- Installing: /home/administrator/Masterproject2/20_ROS/src/Robots/install/ur_msgs/share/ur_msgs/srv/SetSpeedSliderFraction.idl
-- Installing: /home/administrator/Masterproject2/20_ROS/src/Robots/install/ur_msgs/share/ur_msgs/srv/SetIO.idl
-- Installing: /home/administrator/Masterproject2/20_ROS/src/Robots/install/ur_msgs/share/ur_msgs/srv/GetRobotSoftwareVersion.idl
-- Installing: /home/administrator/Masterproject2/20_ROS/src/Robots/install/ur_msgs/share/ur_msgs/srv/SetForceMode.idl
-- Installing: /home/administrator/Masterproject2/20_ROS/src/Robots/install/ur_msgs/share/ur_msgs/srv/SetFrictionModelParameters.idl
-- Installing: /home/administrator/Masterproject2/20_ROS/src/Robots/install/ur_msgs/share/ur_msgs/action/ToolContact.idl
-- Installing: /home/administrator/Masterproject2/20_ROS/src/Robots/install/ur_msgs/share/ur_msgs/action/FollowJointTrajectoryUntil.idl
-- Installing: /home/administrator/Masterproject2/20_ROS/src/Robots/install/ur_msgs/share/ur_msgs/action/SendScript.idl
-- Installing: /home/administrator/Masterproject2/20_ROS/src/Robots/install/ur_msgs/share/ur_msgs/msg/Analog.msg
-- Installing: /home/administrator/Masterproject2/20_ROS/src/Robots/install/ur_msgs/share/ur_msgs/msg/Digital.msg
-- Installing: /home/administrator/Masterproject2/20_ROS/src/Robots/install/ur_msgs/share/ur_msgs/msg/IOStates.msg
-- Installing: /home/administrator/Masterproject2/20_ROS/src/Robots/install/ur_msgs/share/ur_msgs/msg/RobotStateRTMsg.msg
-- Installing: /home/administrator/Masterproject2/20_ROS/src/Robots/install/ur_msgs/share/ur_msgs/msg/MasterboardDataMsg.msg
-- Installing: /home/administrator/Masterproject2/20_ROS/src/Robots/install/ur_msgs/share/ur_msgs/msg/RobotModeDataMsg.msg
-- Installing: /home/administrator/Masterproject2/20_ROS/src/Robots/install/ur_msgs/share/ur_msgs/msg/ToolDataMsg.msg
-- Installing: /home/administrator/Masterproject2/20_ROS/src/Robots/install/ur_msgs/share/ur_msgs/msg/FrictionModelParameters.msg
-- Installing: /home/administrator/Masterproject2/20_ROS/src/Robots/install/ur_msgs/share/ur_msgs/srv/SetAnalogOutput.srv
-- Installing: /home/administrator/Masterproject2/20_ROS/src/Robots/install/ur_msgs/share/ur_msgs/srv/SetGravity.srv
-- Installing: /home/administrator/Masterproject2/20_ROS/src/Robots/install/ur_msgs/share/ur_msgs/srv/SetPayload.srv
-- Installing: /home/administrator/Masterproject2/20_ROS/src/Robots/install/ur_msgs/share/ur_msgs/srv/SetSpeedSliderFraction.srv
-- Installing: /home/administrator/Masterproject2/20_ROS/src/Robots/install/ur_msgs/share/ur_msgs/srv/SetIO.srv
-- Installing: /home/administrator/Masterproject2/20_ROS/src/Robots/install/ur_msgs/share/ur_msgs/srv/GetRobotSoftwareVersion.srv
-- Installing: /home/administrator/Masterproject2/20_ROS/src/Robots/install/ur_msgs/share/ur_msgs/srv/SetForceMode.srv
-- Installing: /home/administrator/Masterproject2/20_ROS/src/Robots/install/ur_msgs/share/ur_msgs/srv/SetFrictionModelParameters.srv
-- Installing: /home/administrator/Masterproject2/20_ROS/src/Robots/install/ur_msgs/share/ur_msgs/action/ToolContact.action
-- Installing: /home/administrator/Masterproject2/20_ROS/src/Robots/install/ur_msgs/share/ur_msgs/action/FollowJointTrajectoryUntil.action
-- Installing: /home/administrator/Masterproject2/20_ROS/src/Robots/install/ur_msgs/share/ur_msgs/action/SendScript.action
-- Installing: /home/administrator/Masterproject2/20_ROS/src/Robots/install/ur_msgs/share/ament_index/resource_index/package_run_dependencies/ur_msgs
-- Installing: /home/administrator/Masterproject2/20_ROS/src/Robots/install/ur_msgs/share/ament_index/resource_index/parent_prefix_path/ur_msgs
-- Installing: /home/administrator/Masterproject2/20_ROS/src/Robots/install/ur_msgs/share/ur_msgs/environment/ament_prefix_path.sh
-- Installing: /home/administrator/Masterproject2/20_ROS/src/Robots/install/ur_msgs/share/ur_msgs/environment/ament_prefix_path.dsv
-- Installing: /home/administrator/Masterproject2/20_ROS/src/Robots/install/ur_msgs/share/ur_msgs/environment/path.sh
-- Installing: /home/administrator/Masterproject2/20_ROS/src/Robots/install/ur_msgs/share/ur_msgs/environment/path.dsv
-- Installing: /home/administrator/Masterproject2/20_ROS/src/Robots/install/ur_msgs/share/ur_msgs/local_setup.bash
-- Installing: /home/administrator/Masterproject2/20_ROS/src/Robots/install/ur_msgs/share/ur_msgs/local_setup.sh
-- Installing: /home/administrator/Masterproject2/20_ROS/src/Robots/install/ur_msgs/share/ur_msgs/local_setup.zsh
-- Installing: /home/administrator/Masterproject2/20_ROS/src/Robots/install/ur_msgs/share/ur_msgs/local_setup.dsv
-- Installing: /home/administrator/Masterproject2/20_ROS/src/Robots/install/ur_msgs/share/ur_msgs/package.dsv
-- Installing: /home/administrator/Masterproject2/20_ROS/src/Robots/install/ur_msgs/share/ament_index/resource_index/packages/ur_msgs
-- Installing: /home/administrator/Masterproject2/20_ROS/src/Robots/install/ur_msgs/share/ur_msgs/cmake/export_ur_msgs__rosidl_generator_cExport.cmake
-- Installing: /home/administrator/Masterproject2/20_ROS/src/Robots/install/ur_msgs/share/ur_msgs/cmake/export_ur_msgs__rosidl_generator_cExport-noconfig.cmake
-- Installing: /home/administrator/Masterproject2/20_ROS/src/Robots/install/ur_msgs/share/ur_msgs/cmake/export_ur_msgs__rosidl_typesupport_fastrtps_cExport.cmake
-- Installing: /home/administrator/Masterproject2/20_ROS/src/Robots/install/ur_msgs/share/ur_msgs/cmake/export_ur_msgs__rosidl_typesupport_fastrtps_cExport-noconfig.cmake
-- Installing: /home/administrator/Masterproject2/20_ROS/src/Robots/install/ur_msgs/share/ur_msgs/cmake/export_ur_msgs__rosidl_generator_cppExport.cmake
-- Installing: /home/administrator/Masterproject2/20_ROS/src/Robots/install/ur_msgs/share/ur_msgs/cmake/export_ur_msgs__rosidl_typesupport_fastrtps_cppExport.cmake
-- Installing: /home/administrator/Masterproject2/20_ROS/src/Robots/install/ur_msgs/share/ur_msgs/cmake/export_ur_msgs__rosidl_typesupport_fastrtps_cppExport-noconfig.cmake
-- Installing: /home/administrator/Masterproject2/20_ROS/src/Robots/install/ur_msgs/share/ur_msgs/cmake/ur_msgs__rosidl_typesupport_introspection_cExport.cmake
-- Installing: /home/administrator/Masterproject2/20_ROS/src/Robots/install/ur_msgs/share/ur_msgs/cmake/ur_msgs__rosidl_typesupport_introspection_cExport-noconfig.cmake
-- Installing: /home/administrator/Masterproject2/20_ROS/src/Robots/install/ur_msgs/share/ur_msgs/cmake/ur_msgs__rosidl_typesupport_cExport.cmake
-- Installing: /home/administrator/Masterproject2/20_ROS/src/Robots/install/ur_msgs/share/ur_msgs/cmake/ur_msgs__rosidl_typesupport_cExport-noconfig.cmake
-- Installing: /home/administrator/Masterproject2/20_ROS/src/Robots/install/ur_msgs/share/ur_msgs/cmake/ur_msgs__rosidl_typesupport_introspection_cppExport.cmake
-- Installing: /home/administrator/Masterproject2/20_ROS/src/Robots/install/ur_msgs/share/ur_msgs/cmake/ur_msgs__rosidl_typesupport_introspection_cppExport-noconfig.cmake
-- Installing: /home/administrator/Masterproject2/20_ROS/src/Robots/install/ur_msgs/share/ur_msgs/cmake/ur_msgs__rosidl_typesupport_cppExport.cmake
-- Installing: /home/administrator/Masterproject2/20_ROS/src/Robots/install/ur_msgs/share/ur_msgs/cmake/ur_msgs__rosidl_typesupport_cppExport-noconfig.cmake
-- Installing: /home/administrator/Masterproject2/20_ROS/src/Robots/install/ur_msgs/share/ur_msgs/cmake/export_ur_msgs__rosidl_generator_pyExport.cmake
-- Installing: /home/administrator/Masterproject2/20_ROS/src/Robots/install/ur_msgs/share/ur_msgs/cmake/export_ur_msgs__rosidl_generator_pyExport-noconfig.cmake
-- Installing: /home/administrator/Masterproject2/20_ROS/src/Robots/install/ur_msgs/share/ur_msgs/cmake/rosidl_cmake-extras.cmake
-- Installing: /home/administrator/Masterproject2/20_ROS/src/Robots/install/ur_msgs/share/ur_msgs/cmake/ament_cmake_export_dependencies-extras.cmake
-- Installing: /home/administrator/Masterproject2/20_ROS/src/Robots/install/ur_msgs/share/ur_msgs/cmake/ament_cmake_export_include_directories-extras.cmake
-- Installing: /home/administrator/Masterproject2/20_ROS/src/Robots/install/ur_msgs/share/ur_msgs/cmake/ament_cmake_export_libraries-extras.cmake
-- Installing: /home/administrator/Masterproject2/20_ROS/src/Robots/install/ur_msgs/share/ur_msgs/cmake/ament_cmake_export_targets-extras.cmake
-- Installing: /home/administrator/Masterproject2/20_ROS/src/Robots/install/ur_msgs/share/ur_msgs/cmake/rosidl_cmake_export_typesupport_targets-extras.cmake
-- Installing: /home/administrator/Masterproject2/20_ROS/src/Robots/install/ur_msgs/share/ur_msgs/cmake/rosidl_cmake_export_typesupport_libraries-extras.cmake
-- Installing: /home/administrator/Masterproject2/20_ROS/src/Robots/install/ur_msgs/share/ur_msgs/cmake/ur_msgsConfig.cmake
-- Installing: /home/administrator/Masterproject2/20_ROS/src/Robots/install/ur_msgs/share/ur_msgs/cmake/ur_msgsConfig-version.cmake
-- Installing: /home/administrator/Masterproject2/20_ROS/src/Robots/install/ur_msgs/share/ur_msgs/package.xml
