[0.030s] Invoking command in '/home/administrator/Masterproject2/20_ROS/src/Robots/build/ur_msgs': CMAKE_PREFIX_PATH=${CMAKE_PREFIX_PATH}:/opt/ros/kilted DEBUGINFOD_URLS=https://debuginfod.ubuntu.com /usr/bin/cmake /home/administrator/Masterproject2/20_ROS/src/Robots/UR_Driver/ur_msgs -DCMAKE_INSTALL_PREFIX=/home/administrator/Masterproject2/20_ROS/src/Robots/install/ur_msgs
[0.083s] -- The C compiler identification is GNU 13.3.0
[0.138s] -- The CXX compiler identification is GNU 13.3.0
[0.176s] -- Detecting C compiler ABI info
[0.313s] -- Detecting C compiler ABI info - done
[0.317s] -- Check for working C compiler: /usr/bin/cc - skipped
[0.319s] -- Detecting C compile features
[0.320s] -- Detecting C compile features - done
[0.331s] -- Detecting CXX compiler ABI info
[0.429s] -- Detecting CXX compiler ABI info - done
[0.445s] -- Check for working CXX compiler: /usr/bin/c++ - skipped
[0.446s] -- Detecting CXX compile features
[0.446s] -- Detecting CXX compile features - done
[0.453s] -- Found ament_cmake: 2.7.5 (/opt/ros/kilted/share/ament_cmake/cmake)
[0.547s] -- Found Python3: /usr/bin/python3 (found version "3.12.3") found components: Interpreter 
[0.649s] -- Found builtin_interfaces: 2.3.2 (/opt/ros/kilted/share/builtin_interfaces/cmake)
[0.654s] -- Found rosidl_generator_c: 4.9.6 (/opt/ros/kilted/share/rosidl_generator_c/cmake)
[0.660s] -- Found rosidl_generator_cpp: 4.9.6 (/opt/ros/kilted/share/rosidl_generator_cpp/cmake)
[0.671s] -- Using all available rosidl_typesupport_c: rosidl_typesupport_fastrtps_c;rosidl_typesupport_introspection_c
[0.683s] -- Using all available rosidl_typesupport_cpp: rosidl_typesupport_fastrtps_cpp;rosidl_typesupport_introspection_cpp
[0.693s] -- Found rosidl_default_generators: 1.7.2 (/opt/ros/kilted/share/rosidl_default_generators/cmake)
[0.701s] -- Found rosidl_adapter: 4.9.6 (/opt/ros/kilted/share/rosidl_adapter/cmake)
[0.703s] -- Found geometry_msgs: 5.5.2 (/opt/ros/kilted/share/geometry_msgs/cmake)
[0.722s] -- Found control_msgs: 6.9.0 (/opt/ros/kilted/share/control_msgs/cmake)
[0.813s] -- Found ament_lint_auto: 0.19.3 (/opt/ros/kilted/share/ament_lint_auto/cmake)
[1.437s] -- Found ament_cmake_ros_core: 0.14.7 (/opt/ros/kilted/share/ament_cmake_ros_core/cmake)
[2.138s] -- Using all available rosidl_typesupport_c: rosidl_typesupport_fastrtps_c;rosidl_typesupport_introspection_c
[2.410s] -- Using all available rosidl_typesupport_cpp: rosidl_typesupport_fastrtps_cpp;rosidl_typesupport_introspection_cpp
[2.727s] -- Found Python3: /usr/bin/python3 (found version "3.12.3") found components: Interpreter Development NumPy Development.Module Development.Embed 
[2.869s] -- Found Python3: /usr/bin/python3 (found version "3.12.3") found components: Interpreter 
[2.872s] -- Added test 'copyright' to check source files copyright and LICENSE
[2.874s] -- Added test 'lint_cmake' to check CMake code style
[2.875s] -- Added test 'xmllint' to check XML markup files
[2.878s] -- Configuring done (2.8s)
[2.935s] -- Generating done (0.0s)
[2.944s] -- Build files have been written to: /home/administrator/Masterproject2/20_ROS/src/Robots/build/ur_msgs
[2.952s] Invoked command in '/home/administrator/Masterproject2/20_ROS/src/Robots/build/ur_msgs' returned '0': CMAKE_PREFIX_PATH=${CMAKE_PREFIX_PATH}:/opt/ros/kilted DEBUGINFOD_URLS=https://debuginfod.ubuntu.com /usr/bin/cmake /home/administrator/Masterproject2/20_ROS/src/Robots/UR_Driver/ur_msgs -DCMAKE_INSTALL_PREFIX=/home/administrator/Masterproject2/20_ROS/src/Robots/install/ur_msgs
[2.953s] Invoking command in '/home/administrator/Masterproject2/20_ROS/src/Robots/build/ur_msgs': CMAKE_PREFIX_PATH=${CMAKE_PREFIX_PATH}:/opt/ros/kilted DEBUGINFOD_URLS=https://debuginfod.ubuntu.com /usr/bin/cmake --build /home/administrator/Masterproject2/20_ROS/src/Robots/build/ur_msgs -- -j14 -l14
[2.999s] [  1%] [34m[1mGenerating type hashes for ROS interfaces[0m
[3.000s] [  2%] [34m[1mGenerating Rust code for ROS interfaces[0m
[3.006s] [  2%] Built target ament_cmake_python_copy_ur_msgs
[3.147s] running egg_info
[3.148s] creating ur_msgs.egg-info
[3.158s] writing ur_msgs.egg-info/PKG-INFO
[3.158s] writing dependency_links to ur_msgs.egg-info/dependency_links.txt
[3.158s] writing top-level names to ur_msgs.egg-info/top_level.txt
[3.159s] writing manifest file 'ur_msgs.egg-info/SOURCES.txt'
[3.191s] reading manifest file 'ur_msgs.egg-info/SOURCES.txt'
[3.192s] writing manifest file 'ur_msgs.egg-info/SOURCES.txt'
[3.206s] [  2%] Built target ament_cmake_python_build_ur_msgs_egg
[3.643s] [  2%] Built target ur_msgs__rosidl_generator_type_description
[3.651s] [  3%] [34m[1mGenerating C code for ROS interfaces[0m
[3.660s] [  3%] [34m[1mGenerating C++ code for ROS interfaces[0m
[3.744s] [  3%] Built target ur_msgs__rs
[4.850s] [  3%] Built target ur_msgs__cpp
[5.008s] [  4%] [32mBuilding C object CMakeFiles/ur_msgs__rosidl_generator_c.dir/rosidl_generator_c/ur_msgs/msg/detail/analog__description.c.o[0m
[5.008s] [  4%] [32mBuilding C object CMakeFiles/ur_msgs__rosidl_generator_c.dir/rosidl_generator_c/ur_msgs/msg/detail/analog__functions.c.o[0m
[5.008s] [  5%] [32mBuilding C object CMakeFiles/ur_msgs__rosidl_generator_c.dir/rosidl_generator_c/ur_msgs/msg/detail/analog__type_support.c.o[0m
[5.008s] [  5%] [32mBuilding C object CMakeFiles/ur_msgs__rosidl_generator_c.dir/rosidl_generator_c/ur_msgs/msg/detail/digital__functions.c.o[0m
[5.008s] [  5%] [32mBuilding C object CMakeFiles/ur_msgs__rosidl_generator_c.dir/rosidl_generator_c/ur_msgs/msg/detail/digital__description.c.o[0m
[5.008s] [  6%] [32mBuilding C object CMakeFiles/ur_msgs__rosidl_generator_c.dir/rosidl_generator_c/ur_msgs/msg/detail/digital__type_support.c.o[0m
[5.008s] [  6%] [32mBuilding C object CMakeFiles/ur_msgs__rosidl_generator_c.dir/rosidl_generator_c/ur_msgs/msg/detail/io_states__description.c.o[0m
[5.008s] [  7%] [32mBuilding C object CMakeFiles/ur_msgs__rosidl_generator_c.dir/rosidl_generator_c/ur_msgs/msg/detail/io_states__functions.c.o[0m
[5.008s] [  8%] [32mBuilding C object CMakeFiles/ur_msgs__rosidl_generator_c.dir/rosidl_generator_c/ur_msgs/msg/detail/io_states__type_support.c.o[0m
[5.008s] [  8%] [32mBuilding C object CMakeFiles/ur_msgs__rosidl_generator_c.dir/rosidl_generator_c/ur_msgs/msg/detail/robot_state_rt_msg__description.c.o[0m
[5.012s] [  9%] [32mBuilding C object CMakeFiles/ur_msgs__rosidl_generator_c.dir/rosidl_generator_c/ur_msgs/msg/detail/masterboard_data_msg__description.c.o[0m
[5.015s] [  9%] [32mBuilding C object CMakeFiles/ur_msgs__rosidl_generator_c.dir/rosidl_generator_c/ur_msgs/msg/detail/masterboard_data_msg__functions.c.o[0m
[5.018s] [  9%] [32mBuilding C object CMakeFiles/ur_msgs__rosidl_generator_c.dir/rosidl_generator_c/ur_msgs/msg/detail/robot_state_rt_msg__functions.c.o[0m
[5.018s] [  9%] [32mBuilding C object CMakeFiles/ur_msgs__rosidl_generator_c.dir/rosidl_generator_c/ur_msgs/msg/detail/robot_state_rt_msg__type_support.c.o[0m
[5.031s] [ 10%] [32mBuilding C object CMakeFiles/ur_msgs__rosidl_generator_c.dir/rosidl_generator_c/ur_msgs/msg/detail/masterboard_data_msg__type_support.c.o[0m
[5.031s] [ 10%] [32mBuilding C object CMakeFiles/ur_msgs__rosidl_generator_c.dir/rosidl_generator_c/ur_msgs/msg/detail/robot_mode_data_msg__type_support.c.o[0m
[5.031s] [ 10%] [32mBuilding C object CMakeFiles/ur_msgs__rosidl_generator_c.dir/rosidl_generator_c/ur_msgs/msg/detail/robot_mode_data_msg__description.c.o[0m
[5.032s] [ 10%] [32mBuilding C object CMakeFiles/ur_msgs__rosidl_generator_c.dir/rosidl_generator_c/ur_msgs/msg/detail/tool_data_msg__functions.c.o[0m
[5.033s] [ 11%] [32mBuilding C object CMakeFiles/ur_msgs__rosidl_generator_c.dir/rosidl_generator_c/ur_msgs/msg/detail/tool_data_msg__description.c.o[0m
[5.038s] [ 12%] [32mBuilding C object CMakeFiles/ur_msgs__rosidl_generator_c.dir/rosidl_generator_c/ur_msgs/msg/detail/tool_data_msg__type_support.c.o[0m
[5.042s] [ 13%] [32mBuilding C object CMakeFiles/ur_msgs__rosidl_generator_c.dir/rosidl_generator_c/ur_msgs/msg/detail/robot_mode_data_msg__functions.c.o[0m
[5.043s] [ 13%] [32mBuilding C object CMakeFiles/ur_msgs__rosidl_generator_c.dir/rosidl_generator_c/ur_msgs/msg/detail/friction_model_parameters__description.c.o[0m
[5.045s] [ 14%] [32mBuilding C object CMakeFiles/ur_msgs__rosidl_generator_c.dir/rosidl_generator_c/ur_msgs/msg/detail/friction_model_parameters__functions.c.o[0m
[5.048s] [ 14%] [32mBuilding C object CMakeFiles/ur_msgs__rosidl_generator_c.dir/rosidl_generator_c/ur_msgs/msg/detail/friction_model_parameters__type_support.c.o[0m
[5.052s] [ 15%] [32mBuilding C object CMakeFiles/ur_msgs__rosidl_generator_c.dir/rosidl_generator_c/ur_msgs/srv/detail/set_analog_output__description.c.o[0m
[5.054s] [ 15%] [32mBuilding C object CMakeFiles/ur_msgs__rosidl_generator_c.dir/rosidl_generator_c/ur_msgs/srv/detail/set_analog_output__functions.c.o[0m
[5.055s] [ 15%] [32mBuilding C object CMakeFiles/ur_msgs__rosidl_generator_c.dir/rosidl_generator_c/ur_msgs/srv/detail/set_analog_output__type_support.c.o[0m
[5.058s] [ 16%] [32mBuilding C object CMakeFiles/ur_msgs__rosidl_generator_c.dir/rosidl_generator_c/ur_msgs/srv/detail/set_gravity__type_support.c.o[0m
[5.059s] [ 16%] [32mBuilding C object CMakeFiles/ur_msgs__rosidl_generator_c.dir/rosidl_generator_c/ur_msgs/srv/detail/set_gravity__functions.c.o[0m
[5.059s] [ 17%] [32mBuilding C object CMakeFiles/ur_msgs__rosidl_generator_c.dir/rosidl_generator_c/ur_msgs/srv/detail/set_gravity__description.c.o[0m
[5.060s] [ 17%] [32mBuilding C object CMakeFiles/ur_msgs__rosidl_generator_c.dir/rosidl_generator_c/ur_msgs/srv/detail/set_payload__description.c.o[0m
[5.061s] [ 18%] [32mBuilding C object CMakeFiles/ur_msgs__rosidl_generator_c.dir/rosidl_generator_c/ur_msgs/srv/detail/set_payload__functions.c.o[0m
[5.062s] [ 18%] [32mBuilding C object CMakeFiles/ur_msgs__rosidl_generator_c.dir/rosidl_generator_c/ur_msgs/srv/detail/set_payload__type_support.c.o[0m
[5.070s] [ 19%] [32mBuilding C object CMakeFiles/ur_msgs__rosidl_generator_c.dir/rosidl_generator_c/ur_msgs/srv/detail/set_speed_slider_fraction__description.c.o[0m
[5.075s] [ 19%] [32mBuilding C object CMakeFiles/ur_msgs__rosidl_generator_c.dir/rosidl_generator_c/ur_msgs/srv/detail/set_speed_slider_fraction__functions.c.o[0m
[5.079s] [ 20%] [32mBuilding C object CMakeFiles/ur_msgs__rosidl_generator_c.dir/rosidl_generator_c/ur_msgs/srv/detail/set_speed_slider_fraction__type_support.c.o[0m
[5.081s] [ 20%] [32mBuilding C object CMakeFiles/ur_msgs__rosidl_generator_c.dir/rosidl_generator_c/ur_msgs/srv/detail/set_io__description.c.o[0m
[5.086s] [ 20%] [32mBuilding C object CMakeFiles/ur_msgs__rosidl_generator_c.dir/rosidl_generator_c/ur_msgs/srv/detail/set_io__type_support.c.o[0m
[5.086s] [ 21%] [32mBuilding C object CMakeFiles/ur_msgs__rosidl_generator_c.dir/rosidl_generator_c/ur_msgs/srv/detail/set_io__functions.c.o[0m
[5.089s] [ 22%] [32mBuilding C object CMakeFiles/ur_msgs__rosidl_generator_c.dir/rosidl_generator_c/ur_msgs/srv/detail/get_robot_software_version__description.c.o[0m
[5.097s] [ 22%] [32mBuilding C object CMakeFiles/ur_msgs__rosidl_generator_c.dir/rosidl_generator_c/ur_msgs/srv/detail/get_robot_software_version__functions.c.o[0m
[5.103s] [ 22%] [32mBuilding C object CMakeFiles/ur_msgs__rosidl_generator_c.dir/rosidl_generator_c/ur_msgs/srv/detail/get_robot_software_version__type_support.c.o[0m
[5.104s] [ 23%] [32mBuilding C object CMakeFiles/ur_msgs__rosidl_generator_c.dir/rosidl_generator_c/ur_msgs/srv/detail/set_force_mode__description.c.o[0m
[5.109s] [ 23%] [32mBuilding C object CMakeFiles/ur_msgs__rosidl_generator_c.dir/rosidl_generator_c/ur_msgs/srv/detail/set_force_mode__functions.c.o[0m
[5.111s] [ 24%] [32mBuilding C object CMakeFiles/ur_msgs__rosidl_generator_c.dir/rosidl_generator_c/ur_msgs/srv/detail/set_force_mode__type_support.c.o[0m
[5.112s] [ 25%] [32mBuilding C object CMakeFiles/ur_msgs__rosidl_generator_c.dir/rosidl_generator_c/ur_msgs/srv/detail/set_friction_model_parameters__functions.c.o[0m
[5.112s] [ 25%] [32mBuilding C object CMakeFiles/ur_msgs__rosidl_generator_c.dir/rosidl_generator_c/ur_msgs/srv/detail/set_friction_model_parameters__description.c.o[0m
[5.125s] [ 26%] [32mBuilding C object CMakeFiles/ur_msgs__rosidl_generator_c.dir/rosidl_generator_c/ur_msgs/action/detail/tool_contact__description.c.o[0m
[5.127s] [ 26%] [32mBuilding C object CMakeFiles/ur_msgs__rosidl_generator_c.dir/rosidl_generator_c/ur_msgs/action/detail/tool_contact__functions.c.o[0m
[5.128s] [ 27%] [32mBuilding C object CMakeFiles/ur_msgs__rosidl_generator_c.dir/rosidl_generator_c/ur_msgs/action/detail/tool_contact__type_support.c.o[0m
[5.128s] [ 27%] [32mBuilding C object CMakeFiles/ur_msgs__rosidl_generator_c.dir/rosidl_generator_c/ur_msgs/srv/detail/set_friction_model_parameters__type_support.c.o[0m
[5.131s] [ 27%] [32mBuilding C object CMakeFiles/ur_msgs__rosidl_generator_c.dir/rosidl_generator_c/ur_msgs/action/detail/follow_joint_trajectory_until__description.c.o[0m
[5.134s] [ 28%] [32mBuilding C object CMakeFiles/ur_msgs__rosidl_generator_c.dir/rosidl_generator_c/ur_msgs/action/detail/follow_joint_trajectory_until__functions.c.o[0m
[5.145s] [ 28%] [32mBuilding C object CMakeFiles/ur_msgs__rosidl_generator_c.dir/rosidl_generator_c/ur_msgs/action/detail/send_script__description.c.o[0m
[5.148s] [ 28%] [32mBuilding C object CMakeFiles/ur_msgs__rosidl_generator_c.dir/rosidl_generator_c/ur_msgs/action/detail/follow_joint_trajectory_until__type_support.c.o[0m
[5.149s] [ 29%] [32mBuilding C object CMakeFiles/ur_msgs__rosidl_generator_c.dir/rosidl_generator_c/ur_msgs/action/detail/send_script__functions.c.o[0m
[5.150s] [ 29%] [32mBuilding C object CMakeFiles/ur_msgs__rosidl_generator_c.dir/rosidl_generator_c/ur_msgs/action/detail/send_script__type_support.c.o[0m
[5.241s] [ 30%] [32m[1mLinking C shared library libur_msgs__rosidl_generator_c.so[0m
[5.277s] [ 30%] Built target ur_msgs__rosidl_generator_c
[5.285s] [ 32%] [34m[1mGenerating C type support for eProsima Fast-RTPS[0m
[5.285s] [ 32%] [34m[1mGenerating C introspection for ROS interfaces[0m
[5.285s] [ 32%] [34m[1mGenerating C type support dispatch for ROS interfaces[0m
[5.285s] [ 32%] [34m[1mGenerating C++ type support for eProsima Fast-RTPS[0m
[5.285s] [ 32%] [34m[1mGenerating C++ introspection for ROS interfaces[0m
[5.288s] [ 33%] [34m[1mGenerating C++ type support dispatch for ROS interfaces[0m
[6.108s] [ 34%] [32mBuilding CXX object CMakeFiles/ur_msgs__rosidl_typesupport_c.dir/rosidl_typesupport_c/ur_msgs/msg/analog__type_support.cpp.o[0m
[6.108s] [ 34%] [32mBuilding CXX object CMakeFiles/ur_msgs__rosidl_typesupport_c.dir/rosidl_typesupport_c/ur_msgs/msg/digital__type_support.cpp.o[0m
[6.108s] [ 35%] [32mBuilding CXX object CMakeFiles/ur_msgs__rosidl_typesupport_c.dir/rosidl_typesupport_c/ur_msgs/msg/io_states__type_support.cpp.o[0m
[6.108s] [ 35%] [32mBuilding CXX object CMakeFiles/ur_msgs__rosidl_typesupport_c.dir/rosidl_typesupport_c/ur_msgs/msg/robot_state_rt_msg__type_support.cpp.o[0m
[6.108s] [ 36%] [32mBuilding CXX object CMakeFiles/ur_msgs__rosidl_typesupport_c.dir/rosidl_typesupport_c/ur_msgs/msg/robot_mode_data_msg__type_support.cpp.o[0m
[6.108s] [ 36%] [32mBuilding CXX object CMakeFiles/ur_msgs__rosidl_typesupport_c.dir/rosidl_typesupport_c/ur_msgs/msg/masterboard_data_msg__type_support.cpp.o[0m
[6.109s] [ 36%] [32mBuilding CXX object CMakeFiles/ur_msgs__rosidl_typesupport_cpp.dir/rosidl_typesupport_cpp/ur_msgs/msg/analog__type_support.cpp.o[0m
[6.110s] [ 37%] [32mBuilding CXX object CMakeFiles/ur_msgs__rosidl_typesupport_c.dir/rosidl_typesupport_c/ur_msgs/msg/friction_model_parameters__type_support.cpp.o[0m
[6.122s] [ 37%] [32mBuilding CXX object CMakeFiles/ur_msgs__rosidl_typesupport_c.dir/rosidl_typesupport_c/ur_msgs/msg/tool_data_msg__type_support.cpp.o[0m
[6.122s] [ 37%] [32mBuilding CXX object CMakeFiles/ur_msgs__rosidl_typesupport_c.dir/rosidl_typesupport_c/ur_msgs/srv/set_analog_output__type_support.cpp.o[0m
[6.140s] [ 40%] [32mBuilding CXX object CMakeFiles/ur_msgs__rosidl_typesupport_cpp.dir/rosidl_typesupport_cpp/ur_msgs/msg/io_states__type_support.cpp.o[0m
[6.140s] [ 40%] [32mBuilding CXX object CMakeFiles/ur_msgs__rosidl_typesupport_cpp.dir/rosidl_typesupport_cpp/ur_msgs/msg/masterboard_data_msg__type_support.cpp.o[0m
[6.140s] [ 40%] [32mBuilding CXX object CMakeFiles/ur_msgs__rosidl_typesupport_c.dir/rosidl_typesupport_c/ur_msgs/srv/set_speed_slider_fraction__type_support.cpp.o[0m
[6.140s] [ 40%] [32mBuilding CXX object CMakeFiles/ur_msgs__rosidl_typesupport_cpp.dir/rosidl_typesupport_cpp/ur_msgs/msg/robot_state_rt_msg__type_support.cpp.o[0m
[6.140s] [ 40%] [32mBuilding CXX object CMakeFiles/ur_msgs__rosidl_typesupport_cpp.dir/rosidl_typesupport_cpp/ur_msgs/msg/digital__type_support.cpp.o[0m
[6.143s] [ 40%] [32mBuilding CXX object CMakeFiles/ur_msgs__rosidl_typesupport_c.dir/rosidl_typesupport_c/ur_msgs/srv/set_payload__type_support.cpp.o[0m
[6.146s] [ 41%] [32mBuilding CXX object CMakeFiles/ur_msgs__rosidl_typesupport_c.dir/rosidl_typesupport_c/ur_msgs/srv/set_gravity__type_support.cpp.o[0m
[6.177s] [ 41%] [32mBuilding CXX object CMakeFiles/ur_msgs__rosidl_typesupport_c.dir/rosidl_typesupport_c/ur_msgs/srv/set_io__type_support.cpp.o[0m
[6.179s] [ 42%] [32mBuilding CXX object CMakeFiles/ur_msgs__rosidl_typesupport_c.dir/rosidl_typesupport_c/ur_msgs/srv/get_robot_software_version__type_support.cpp.o[0m
[6.181s] [ 43%] [32mBuilding CXX object CMakeFiles/ur_msgs__rosidl_typesupport_cpp.dir/rosidl_typesupport_cpp/ur_msgs/msg/robot_mode_data_msg__type_support.cpp.o[0m
[6.211s] [ 43%] [32mBuilding CXX object CMakeFiles/ur_msgs__rosidl_typesupport_cpp.dir/rosidl_typesupport_cpp/ur_msgs/msg/tool_data_msg__type_support.cpp.o[0m
[6.214s] [ 44%] [32mBuilding CXX object CMakeFiles/ur_msgs__rosidl_typesupport_cpp.dir/rosidl_typesupport_cpp/ur_msgs/msg/friction_model_parameters__type_support.cpp.o[0m
[6.224s] [ 44%] [32mBuilding CXX object CMakeFiles/ur_msgs__rosidl_typesupport_c.dir/rosidl_typesupport_c/ur_msgs/srv/set_force_mode__type_support.cpp.o[0m
[6.231s] [ 44%] [32mBuilding CXX object CMakeFiles/ur_msgs__rosidl_typesupport_cpp.dir/rosidl_typesupport_cpp/ur_msgs/srv/set_analog_output__type_support.cpp.o[0m
[6.284s] [ 45%] [32mBuilding CXX object CMakeFiles/ur_msgs__rosidl_typesupport_c.dir/rosidl_typesupport_c/ur_msgs/srv/set_friction_model_parameters__type_support.cpp.o[0m
[6.328s] [ 45%] [32mBuilding CXX object CMakeFiles/ur_msgs__rosidl_typesupport_c.dir/rosidl_typesupport_c/ur_msgs/action/tool_contact__type_support.cpp.o[0m
[6.355s] [ 46%] [32mBuilding CXX object CMakeFiles/ur_msgs__rosidl_typesupport_cpp.dir/rosidl_typesupport_cpp/ur_msgs/srv/set_gravity__type_support.cpp.o[0m
[6.372s] [ 46%] [32mBuilding CXX object CMakeFiles/ur_msgs__rosidl_typesupport_c.dir/rosidl_typesupport_c/ur_msgs/action/follow_joint_trajectory_until__type_support.cpp.o[0m
[6.372s] [ 46%] [32mBuilding CXX object CMakeFiles/ur_msgs__rosidl_typesupport_cpp.dir/rosidl_typesupport_cpp/ur_msgs/srv/set_speed_slider_fraction__type_support.cpp.o[0m
[6.377s] [ 46%] [32mBuilding CXX object CMakeFiles/ur_msgs__rosidl_typesupport_cpp.dir/rosidl_typesupport_cpp/ur_msgs/srv/set_payload__type_support.cpp.o[0m
[6.380s] [ 47%] [32mBuilding CXX object CMakeFiles/ur_msgs__rosidl_typesupport_c.dir/rosidl_typesupport_c/ur_msgs/action/send_script__type_support.cpp.o[0m
[6.385s] [ 48%] [32mBuilding CXX object CMakeFiles/ur_msgs__rosidl_typesupport_cpp.dir/rosidl_typesupport_cpp/ur_msgs/srv/set_io__type_support.cpp.o[0m
[6.395s] [ 48%] [32mBuilding CXX object CMakeFiles/ur_msgs__rosidl_typesupport_cpp.dir/rosidl_typesupport_cpp/ur_msgs/srv/get_robot_software_version__type_support.cpp.o[0m
[6.425s] [ 48%] [32m[1mLinking CXX shared library libur_msgs__rosidl_typesupport_c.so[0m
[6.427s] [ 49%] [32mBuilding CXX object CMakeFiles/ur_msgs__rosidl_typesupport_cpp.dir/rosidl_typesupport_cpp/ur_msgs/srv/set_force_mode__type_support.cpp.o[0m
[6.464s] [ 49%] Built target ur_msgs__rosidl_typesupport_c
[6.470s] [ 49%] [32mBuilding CXX object CMakeFiles/ur_msgs__rosidl_typesupport_cpp.dir/rosidl_typesupport_cpp/ur_msgs/srv/set_friction_model_parameters__type_support.cpp.o[0m
[6.473s] [ 50%] [32mBuilding CXX object CMakeFiles/ur_msgs__rosidl_typesupport_cpp.dir/rosidl_typesupport_cpp/ur_msgs/action/tool_contact__type_support.cpp.o[0m
[6.574s] [ 50%] [32mBuilding CXX object CMakeFiles/ur_msgs__rosidl_typesupport_cpp.dir/rosidl_typesupport_cpp/ur_msgs/action/follow_joint_trajectory_until__type_support.cpp.o[0m
[6.590s] [ 51%] [32mBuilding CXX object CMakeFiles/ur_msgs__rosidl_typesupport_cpp.dir/rosidl_typesupport_cpp/ur_msgs/action/send_script__type_support.cpp.o[0m
[6.689s] [ 52%] [32mBuilding C object CMakeFiles/ur_msgs__rosidl_typesupport_introspection_c.dir/rosidl_typesupport_introspection_c/ur_msgs/msg/detail/analog__type_support.c.o[0m
[6.690s] [ 52%] [32mBuilding C object CMakeFiles/ur_msgs__rosidl_typesupport_introspection_c.dir/rosidl_typesupport_introspection_c/ur_msgs/msg/detail/digital__type_support.c.o[0m
[6.697s] [ 53%] [32mBuilding C object CMakeFiles/ur_msgs__rosidl_typesupport_introspection_c.dir/rosidl_typesupport_introspection_c/ur_msgs/msg/detail/io_states__type_support.c.o[0m
[6.700s] [ 53%] [32mBuilding C object CMakeFiles/ur_msgs__rosidl_typesupport_introspection_c.dir/rosidl_typesupport_introspection_c/ur_msgs/msg/detail/robot_state_rt_msg__type_support.c.o[0m
[6.708s] [ 54%] [32mBuilding C object CMakeFiles/ur_msgs__rosidl_typesupport_introspection_c.dir/rosidl_typesupport_introspection_c/ur_msgs/msg/detail/masterboard_data_msg__type_support.c.o[0m
[6.723s] [ 54%] [32mBuilding C object CMakeFiles/ur_msgs__rosidl_typesupport_introspection_c.dir/rosidl_typesupport_introspection_c/ur_msgs/msg/detail/robot_mode_data_msg__type_support.c.o[0m
[6.727s] [ 54%] [32mBuilding C object CMakeFiles/ur_msgs__rosidl_typesupport_introspection_c.dir/rosidl_typesupport_introspection_c/ur_msgs/msg/detail/tool_data_msg__type_support.c.o[0m
[6.739s] [ 55%] [32mBuilding C object CMakeFiles/ur_msgs__rosidl_typesupport_introspection_c.dir/rosidl_typesupport_introspection_c/ur_msgs/msg/detail/friction_model_parameters__type_support.c.o[0m
[6.739s] [ 55%] [32mBuilding CXX object CMakeFiles/ur_msgs__rosidl_typesupport_introspection_cpp.dir/rosidl_typesupport_introspection_cpp/ur_msgs/msg/detail/analog__type_support.cpp.o[0m
[6.749s] [ 55%] [32mBuilding CXX object CMakeFiles/ur_msgs__rosidl_typesupport_introspection_cpp.dir/rosidl_typesupport_introspection_cpp/ur_msgs/msg/detail/io_states__type_support.cpp.o[0m
[6.751s] [ 56%] [32mBuilding CXX object CMakeFiles/ur_msgs__rosidl_typesupport_introspection_cpp.dir/rosidl_typesupport_introspection_cpp/ur_msgs/msg/detail/digital__type_support.cpp.o[0m
[6.753s] [ 57%] [32mBuilding CXX object CMakeFiles/ur_msgs__rosidl_typesupport_introspection_cpp.dir/rosidl_typesupport_introspection_cpp/ur_msgs/msg/detail/robot_state_rt_msg__type_support.cpp.o[0m
[6.757s] [ 57%] [32mBuilding CXX object CMakeFiles/ur_msgs__rosidl_typesupport_introspection_cpp.dir/rosidl_typesupport_introspection_cpp/ur_msgs/msg/detail/masterboard_data_msg__type_support.cpp.o[0m
[6.759s] [ 58%] [32mBuilding CXX object CMakeFiles/ur_msgs__rosidl_typesupport_introspection_cpp.dir/rosidl_typesupport_introspection_cpp/ur_msgs/msg/detail/robot_mode_data_msg__type_support.cpp.o[0m
[6.780s] [ 58%] [32mBuilding CXX object CMakeFiles/ur_msgs__rosidl_typesupport_introspection_cpp.dir/rosidl_typesupport_introspection_cpp/ur_msgs/msg/detail/tool_data_msg__type_support.cpp.o[0m
[6.798s] [ 58%] [32mBuilding C object CMakeFiles/ur_msgs__rosidl_typesupport_introspection_c.dir/rosidl_typesupport_introspection_c/ur_msgs/srv/detail/set_analog_output__type_support.c.o[0m
[6.811s] [ 59%] [32mBuilding CXX object CMakeFiles/ur_msgs__rosidl_typesupport_introspection_cpp.dir/rosidl_typesupport_introspection_cpp/ur_msgs/msg/detail/friction_model_parameters__type_support.cpp.o[0m
[6.838s] [ 60%] [32mBuilding C object CMakeFiles/ur_msgs__rosidl_typesupport_introspection_c.dir/rosidl_typesupport_introspection_c/ur_msgs/srv/detail/set_gravity__type_support.c.o[0m
[6.945s] [ 60%] [32mBuilding C object CMakeFiles/ur_msgs__rosidl_typesupport_introspection_c.dir/rosidl_typesupport_introspection_c/ur_msgs/srv/detail/set_payload__type_support.c.o[0m
[6.951s] [ 60%] [32mBuilding CXX object CMakeFiles/ur_msgs__rosidl_typesupport_introspection_cpp.dir/rosidl_typesupport_introspection_cpp/ur_msgs/srv/detail/set_analog_output__type_support.cpp.o[0m
[6.954s] [ 61%] [32mBuilding C object CMakeFiles/ur_msgs__rosidl_typesupport_introspection_c.dir/rosidl_typesupport_introspection_c/ur_msgs/srv/detail/set_speed_slider_fraction__type_support.c.o[0m
[6.971s] [ 61%] [32mBuilding C object CMakeFiles/ur_msgs__rosidl_typesupport_introspection_c.dir/rosidl_typesupport_introspection_c/ur_msgs/srv/detail/set_io__type_support.c.o[0m
[6.993s] [ 62%] [32mBuilding C object CMakeFiles/ur_msgs__rosidl_typesupport_introspection_c.dir/rosidl_typesupport_introspection_c/ur_msgs/srv/detail/get_robot_software_version__type_support.c.o[0m
[6.994s] [ 63%] [32mBuilding CXX object CMakeFiles/ur_msgs__rosidl_typesupport_introspection_cpp.dir/rosidl_typesupport_introspection_cpp/ur_msgs/srv/detail/set_gravity__type_support.cpp.o[0m
[7.009s] [ 63%] [32mBuilding CXX object CMakeFiles/ur_msgs__rosidl_typesupport_introspection_cpp.dir/rosidl_typesupport_introspection_cpp/ur_msgs/srv/detail/set_payload__type_support.cpp.o[0m
[7.010s] [ 64%] [32mBuilding CXX object CMakeFiles/ur_msgs__rosidl_typesupport_introspection_cpp.dir/rosidl_typesupport_introspection_cpp/ur_msgs/srv/detail/set_speed_slider_fraction__type_support.cpp.o[0m
[7.011s] [ 64%] [32mBuilding C object CMakeFiles/ur_msgs__rosidl_typesupport_introspection_c.dir/rosidl_typesupport_introspection_c/ur_msgs/srv/detail/set_force_mode__type_support.c.o[0m
[7.026s] [ 65%] [32mBuilding C object CMakeFiles/ur_msgs__rosidl_typesupport_introspection_c.dir/rosidl_typesupport_introspection_c/ur_msgs/srv/detail/set_friction_model_parameters__type_support.c.o[0m
[7.033s] [ 65%] [32mBuilding CXX object CMakeFiles/ur_msgs__rosidl_typesupport_introspection_cpp.dir/rosidl_typesupport_introspection_cpp/ur_msgs/srv/detail/set_io__type_support.cpp.o[0m
[7.047s] [ 65%] [32mBuilding C object CMakeFiles/ur_msgs__rosidl_typesupport_introspection_c.dir/rosidl_typesupport_introspection_c/ur_msgs/action/detail/tool_contact__type_support.c.o[0m
[7.050s] [ 66%] [32mBuilding C object CMakeFiles/ur_msgs__rosidl_typesupport_introspection_c.dir/rosidl_typesupport_introspection_c/ur_msgs/action/detail/follow_joint_trajectory_until__type_support.c.o[0m
[7.054s] [ 66%] [32mBuilding C object CMakeFiles/ur_msgs__rosidl_typesupport_introspection_c.dir/rosidl_typesupport_introspection_c/ur_msgs/action/detail/send_script__type_support.c.o[0m
[7.068s] [ 66%] [32mBuilding CXX object CMakeFiles/ur_msgs__rosidl_typesupport_fastrtps_c.dir/rosidl_typesupport_fastrtps_c/ur_msgs/msg/detail/analog__type_support_c.cpp.o[0m
[7.089s] [ 66%] [32mBuilding CXX object CMakeFiles/ur_msgs__rosidl_typesupport_introspection_cpp.dir/rosidl_typesupport_introspection_cpp/ur_msgs/srv/detail/get_robot_software_version__type_support.cpp.o[0m
[7.102s] [ 67%] [32mBuilding CXX object CMakeFiles/ur_msgs__rosidl_typesupport_fastrtps_c.dir/rosidl_typesupport_fastrtps_c/ur_msgs/msg/detail/digital__type_support_c.cpp.o[0m
[7.110s] [ 67%] [32mBuilding CXX object CMakeFiles/ur_msgs__rosidl_typesupport_fastrtps_c.dir/rosidl_typesupport_fastrtps_c/ur_msgs/msg/detail/io_states__type_support_c.cpp.o[0m
[7.126s] [ 67%] [32mBuilding CXX object CMakeFiles/ur_msgs__rosidl_typesupport_fastrtps_cpp.dir/rosidl_typesupport_fastrtps_cpp/ur_msgs/msg/detail/dds_fastrtps/digital__type_support.cpp.o[0m
[7.128s] [ 68%] [32mBuilding CXX object CMakeFiles/ur_msgs__rosidl_typesupport_fastrtps_cpp.dir/rosidl_typesupport_fastrtps_cpp/ur_msgs/msg/detail/dds_fastrtps/analog__type_support.cpp.o[0m
[7.134s] [ 69%] [32mBuilding CXX object CMakeFiles/ur_msgs__rosidl_typesupport_fastrtps_c.dir/rosidl_typesupport_fastrtps_c/ur_msgs/msg/detail/robot_state_rt_msg__type_support_c.cpp.o[0m
[7.156s] [ 69%] [32m[1mLinking C shared library libur_msgs__rosidl_typesupport_introspection_c.so[0m
[7.206s] [ 69%] Built target ur_msgs__rosidl_typesupport_introspection_c
[7.217s] [ 70%] [32mBuilding CXX object CMakeFiles/ur_msgs__rosidl_typesupport_fastrtps_cpp.dir/rosidl_typesupport_fastrtps_cpp/ur_msgs/msg/detail/dds_fastrtps/io_states__type_support.cpp.o[0m
[7.233s] [ 70%] [32m[1mLinking CXX shared library libur_msgs__rosidl_typesupport_cpp.so[0m
[7.322s] [ 70%] [32mBuilding CXX object CMakeFiles/ur_msgs__rosidl_typesupport_fastrtps_c.dir/rosidl_typesupport_fastrtps_c/ur_msgs/msg/detail/masterboard_data_msg__type_support_c.cpp.o[0m
[7.342s] [ 71%] [32mBuilding CXX object CMakeFiles/ur_msgs__rosidl_typesupport_introspection_cpp.dir/rosidl_typesupport_introspection_cpp/ur_msgs/srv/detail/set_force_mode__type_support.cpp.o[0m
[7.348s] [ 71%] [32mBuilding CXX object CMakeFiles/ur_msgs__rosidl_typesupport_fastrtps_cpp.dir/rosidl_typesupport_fastrtps_cpp/ur_msgs/msg/detail/dds_fastrtps/robot_state_rt_msg__type_support.cpp.o[0m
[7.356s] [ 72%] [32mBuilding CXX object CMakeFiles/ur_msgs__rosidl_typesupport_fastrtps_c.dir/rosidl_typesupport_fastrtps_c/ur_msgs/msg/detail/robot_mode_data_msg__type_support_c.cpp.o[0m
[7.357s] [ 72%] [32mBuilding CXX object CMakeFiles/ur_msgs__rosidl_typesupport_fastrtps_cpp.dir/rosidl_typesupport_fastrtps_cpp/ur_msgs/msg/detail/dds_fastrtps/masterboard_data_msg__type_support.cpp.o[0m
[7.366s] [ 73%] [32mBuilding CXX object CMakeFiles/ur_msgs__rosidl_typesupport_fastrtps_c.dir/rosidl_typesupport_fastrtps_c/ur_msgs/msg/detail/tool_data_msg__type_support_c.cpp.o[0m
[7.368s] [ 73%] [32mBuilding CXX object CMakeFiles/ur_msgs__rosidl_typesupport_introspection_cpp.dir/rosidl_typesupport_introspection_cpp/ur_msgs/srv/detail/set_friction_model_parameters__type_support.cpp.o[0m
[7.392s] [ 73%] [32mBuilding CXX object CMakeFiles/ur_msgs__rosidl_typesupport_fastrtps_cpp.dir/rosidl_typesupport_fastrtps_cpp/ur_msgs/msg/detail/dds_fastrtps/robot_mode_data_msg__type_support.cpp.o[0m
[7.399s] [ 74%] [32mBuilding CXX object CMakeFiles/ur_msgs__rosidl_typesupport_fastrtps_cpp.dir/rosidl_typesupport_fastrtps_cpp/ur_msgs/msg/detail/dds_fastrtps/tool_data_msg__type_support.cpp.o[0m
[7.400s] [ 74%] Built target ur_msgs__rosidl_typesupport_cpp
[7.408s] [ 75%] [32mBuilding CXX object CMakeFiles/ur_msgs__rosidl_typesupport_introspection_cpp.dir/rosidl_typesupport_introspection_cpp/ur_msgs/action/detail/tool_contact__type_support.cpp.o[0m
[7.426s] [ 75%] [32mBuilding CXX object CMakeFiles/ur_msgs__rosidl_typesupport_fastrtps_c.dir/rosidl_typesupport_fastrtps_c/ur_msgs/msg/detail/friction_model_parameters__type_support_c.cpp.o[0m
[7.476s] [ 75%] [32mBuilding CXX object CMakeFiles/ur_msgs__rosidl_typesupport_fastrtps_cpp.dir/rosidl_typesupport_fastrtps_cpp/ur_msgs/msg/detail/dds_fastrtps/friction_model_parameters__type_support.cpp.o[0m
[7.649s] [ 75%] [32mBuilding CXX object CMakeFiles/ur_msgs__rosidl_typesupport_introspection_cpp.dir/rosidl_typesupport_introspection_cpp/ur_msgs/action/detail/follow_joint_trajectory_until__type_support.cpp.o[0m
[7.663s] [ 76%] [32mBuilding CXX object CMakeFiles/ur_msgs__rosidl_typesupport_fastrtps_cpp.dir/rosidl_typesupport_fastrtps_cpp/ur_msgs/srv/detail/dds_fastrtps/set_analog_output__type_support.cpp.o[0m
[7.680s] [ 77%] [32mBuilding CXX object CMakeFiles/ur_msgs__rosidl_typesupport_introspection_cpp.dir/rosidl_typesupport_introspection_cpp/ur_msgs/action/detail/send_script__type_support.cpp.o[0m
[7.693s] [ 78%] [32mBuilding CXX object CMakeFiles/ur_msgs__rosidl_typesupport_fastrtps_c.dir/rosidl_typesupport_fastrtps_c/ur_msgs/srv/detail/set_analog_output__type_support_c.cpp.o[0m
[7.695s] [ 78%] [32mBuilding CXX object CMakeFiles/ur_msgs__rosidl_typesupport_fastrtps_cpp.dir/rosidl_typesupport_fastrtps_cpp/ur_msgs/srv/detail/dds_fastrtps/set_gravity__type_support.cpp.o[0m
[7.704s] [ 79%] [32mBuilding CXX object CMakeFiles/ur_msgs__rosidl_typesupport_fastrtps_cpp.dir/rosidl_typesupport_fastrtps_cpp/ur_msgs/srv/detail/dds_fastrtps/set_payload__type_support.cpp.o[0m
[7.708s] [ 79%] [32mBuilding CXX object CMakeFiles/ur_msgs__rosidl_typesupport_fastrtps_cpp.dir/rosidl_typesupport_fastrtps_cpp/ur_msgs/srv/detail/dds_fastrtps/set_speed_slider_fraction__type_support.cpp.o[0m
[7.709s] [ 79%] [32mBuilding CXX object CMakeFiles/ur_msgs__rosidl_typesupport_fastrtps_cpp.dir/rosidl_typesupport_fastrtps_cpp/ur_msgs/srv/detail/dds_fastrtps/set_io__type_support.cpp.o[0m
[7.735s] [ 80%] [32mBuilding CXX object CMakeFiles/ur_msgs__rosidl_typesupport_fastrtps_cpp.dir/rosidl_typesupport_fastrtps_cpp/ur_msgs/srv/detail/dds_fastrtps/get_robot_software_version__type_support.cpp.o[0m
[7.744s] [ 80%] [32mBuilding CXX object CMakeFiles/ur_msgs__rosidl_typesupport_fastrtps_c.dir/rosidl_typesupport_fastrtps_c/ur_msgs/srv/detail/set_gravity__type_support_c.cpp.o[0m
[7.784s] [ 80%] [32mBuilding CXX object CMakeFiles/ur_msgs__rosidl_typesupport_fastrtps_cpp.dir/rosidl_typesupport_fastrtps_cpp/ur_msgs/srv/detail/dds_fastrtps/set_force_mode__type_support.cpp.o[0m
[7.876s] [ 81%] [32mBuilding CXX object CMakeFiles/ur_msgs__rosidl_typesupport_fastrtps_c.dir/rosidl_typesupport_fastrtps_c/ur_msgs/srv/detail/set_payload__type_support_c.cpp.o[0m
[7.926s] [ 82%] [32mBuilding CXX object CMakeFiles/ur_msgs__rosidl_typesupport_fastrtps_cpp.dir/rosidl_typesupport_fastrtps_cpp/ur_msgs/srv/detail/dds_fastrtps/set_friction_model_parameters__type_support.cpp.o[0m
[7.927s] [ 82%] [32mBuilding CXX object CMakeFiles/ur_msgs__rosidl_typesupport_fastrtps_c.dir/rosidl_typesupport_fastrtps_c/ur_msgs/srv/detail/set_speed_slider_fraction__type_support_c.cpp.o[0m
[8.123s] [ 83%] [32mBuilding CXX object CMakeFiles/ur_msgs__rosidl_typesupport_fastrtps_c.dir/rosidl_typesupport_fastrtps_c/ur_msgs/srv/detail/set_io__type_support_c.cpp.o[0m
[8.142s] [ 83%] [32mBuilding CXX object CMakeFiles/ur_msgs__rosidl_typesupport_fastrtps_c.dir/rosidl_typesupport_fastrtps_c/ur_msgs/srv/detail/get_robot_software_version__type_support_c.cpp.o[0m
[8.142s] [ 84%] [32mBuilding CXX object CMakeFiles/ur_msgs__rosidl_typesupport_fastrtps_c.dir/rosidl_typesupport_fastrtps_c/ur_msgs/srv/detail/set_force_mode__type_support_c.cpp.o[0m
[8.148s] [ 84%] [32mBuilding CXX object CMakeFiles/ur_msgs__rosidl_typesupport_fastrtps_cpp.dir/rosidl_typesupport_fastrtps_cpp/ur_msgs/action/detail/dds_fastrtps/tool_contact__type_support.cpp.o[0m
[8.167s] [ 84%] [32mBuilding CXX object CMakeFiles/ur_msgs__rosidl_typesupport_fastrtps_c.dir/rosidl_typesupport_fastrtps_c/ur_msgs/srv/detail/set_friction_model_parameters__type_support_c.cpp.o[0m
[8.177s] [ 85%] [32mBuilding CXX object CMakeFiles/ur_msgs__rosidl_typesupport_fastrtps_c.dir/rosidl_typesupport_fastrtps_c/ur_msgs/action/detail/tool_contact__type_support_c.cpp.o[0m
[8.183s] [ 85%] [32mBuilding CXX object CMakeFiles/ur_msgs__rosidl_typesupport_fastrtps_c.dir/rosidl_typesupport_fastrtps_c/ur_msgs/action/detail/follow_joint_trajectory_until__type_support_c.cpp.o[0m
[8.209s] [ 85%] [32mBuilding CXX object CMakeFiles/ur_msgs__rosidl_typesupport_fastrtps_c.dir/rosidl_typesupport_fastrtps_c/ur_msgs/action/detail/send_script__type_support_c.cpp.o[0m
[8.277s] [ 86%] [32mBuilding CXX object CMakeFiles/ur_msgs__rosidl_typesupport_fastrtps_cpp.dir/rosidl_typesupport_fastrtps_cpp/ur_msgs/action/detail/dds_fastrtps/follow_joint_trajectory_until__type_support.cpp.o[0m
[8.294s] [ 86%] [32mBuilding CXX object CMakeFiles/ur_msgs__rosidl_typesupport_fastrtps_cpp.dir/rosidl_typesupport_fastrtps_cpp/ur_msgs/action/detail/dds_fastrtps/send_script__type_support.cpp.o[0m
[8.464s] [ 86%] [32m[1mLinking CXX shared library libur_msgs__rosidl_typesupport_introspection_cpp.so[0m
[8.583s] [ 86%] Built target ur_msgs__rosidl_typesupport_introspection_cpp
[8.636s] [ 87%] [32m[1mLinking CXX shared library libur_msgs__rosidl_typesupport_fastrtps_c.so[0m
[8.718s] [ 87%] Built target ur_msgs__rosidl_typesupport_fastrtps_c
[8.987s] [ 88%] [32m[1mLinking CXX shared library libur_msgs__rosidl_typesupport_fastrtps_cpp.so[0m
[9.077s] [ 88%] Built target ur_msgs__rosidl_typesupport_fastrtps_cpp
[9.089s] [ 88%] Built target ur_msgs
[9.102s] [ 88%] [34m[1mGenerating Python code for ROS interfaces[0m
[11.157s] [ 88%] Built target ur_msgs__py
[11.170s] [ 89%] [32mBuilding C object CMakeFiles/ur_msgs__rosidl_generator_py.dir/rosidl_generator_py/ur_msgs/msg/_io_states_s.c.o[0m
[11.170s] [ 89%] [32mBuilding C object CMakeFiles/ur_msgs__rosidl_generator_py.dir/rosidl_generator_py/ur_msgs/msg/_digital_s.c.o[0m
[11.170s] [ 89%] [32mBuilding C object CMakeFiles/ur_msgs__rosidl_generator_py.dir/rosidl_generator_py/ur_msgs/msg/_analog_s.c.o[0m
[11.171s] [ 89%] [32mBuilding C object CMakeFiles/ur_msgs__rosidl_generator_py.dir/rosidl_generator_py/ur_msgs/msg/_masterboard_data_msg_s.c.o[0m
[11.171s] [ 89%] [32mBuilding C object CMakeFiles/ur_msgs__rosidl_generator_py.dir/rosidl_generator_py/ur_msgs/msg/_tool_data_msg_s.c.o[0m
[11.172s] [ 90%] [32mBuilding C object CMakeFiles/ur_msgs__rosidl_generator_py.dir/rosidl_generator_py/ur_msgs/msg/_robot_state_rt_msg_s.c.o[0m
[11.173s] [ 90%] [32mBuilding C object CMakeFiles/ur_msgs__rosidl_generator_py.dir/rosidl_generator_py/ur_msgs/srv/_set_speed_slider_fraction_s.c.o[0m
[11.173s] [ 91%] [32mBuilding C object CMakeFiles/ur_msgs__rosidl_generator_py.dir/rosidl_generator_py/ur_msgs/msg/_friction_model_parameters_s.c.o[0m
[11.173s] [ 92%] [32mBuilding C object CMakeFiles/ur_msgs__rosidl_generator_py.dir/rosidl_generator_py/ur_msgs/srv/_set_io_s.c.o[0m
[11.174s] [ 92%] [32mBuilding C object CMakeFiles/ur_msgs__rosidl_generator_py.dir/rosidl_generator_py/ur_msgs/srv/_get_robot_software_version_s.c.o[0m
[11.174s] [ 93%] [32mBuilding C object CMakeFiles/ur_msgs__rosidl_generator_py.dir/rosidl_generator_py/ur_msgs/msg/_robot_mode_data_msg_s.c.o[0m
[11.181s] [ 94%] [32mBuilding C object CMakeFiles/ur_msgs__rosidl_generator_py.dir/rosidl_generator_py/ur_msgs/srv/_set_gravity_s.c.o[0m
[11.184s] [ 94%] [32mBuilding C object CMakeFiles/ur_msgs__rosidl_generator_py.dir/rosidl_generator_py/ur_msgs/srv/_set_analog_output_s.c.o[0m
[11.184s] [ 94%] [32mBuilding C object CMakeFiles/ur_msgs__rosidl_generator_py.dir/rosidl_generator_py/ur_msgs/srv/_set_payload_s.c.o[0m
[11.262s] [ 95%] [32mBuilding C object CMakeFiles/ur_msgs__rosidl_generator_py.dir/rosidl_generator_py/ur_msgs/srv/_set_force_mode_s.c.o[0m
[11.262s] [ 95%] [32mBuilding C object CMakeFiles/ur_msgs__rosidl_generator_py.dir/rosidl_generator_py/ur_msgs/srv/_set_friction_model_parameters_s.c.o[0m
[11.266s] [ 96%] [32mBuilding C object CMakeFiles/ur_msgs__rosidl_generator_py.dir/rosidl_generator_py/ur_msgs/action/_tool_contact_s.c.o[0m
[11.267s] [ 97%] [32mBuilding C object CMakeFiles/ur_msgs__rosidl_generator_py.dir/rosidl_generator_py/ur_msgs/action/_send_script_s.c.o[0m
[11.267s] [ 97%] [32mBuilding C object CMakeFiles/ur_msgs__rosidl_generator_py.dir/rosidl_generator_py/ur_msgs/action/_follow_joint_trajectory_until_s.c.o[0m
[11.400s] [ 97%] [32m[1mLinking C shared library libur_msgs__rosidl_generator_py.so[0m
[11.453s] [ 97%] Built target ur_msgs__rosidl_generator_py
[11.466s] [ 97%] [32mBuilding C object CMakeFiles/ur_msgs_s__rosidl_typesupport_c.dir/rosidl_generator_py/ur_msgs/_ur_msgs_s.ep.rosidl_typesupport_c.c.o[0m
[11.466s] [ 97%] [32mBuilding C object CMakeFiles/ur_msgs_s__rosidl_typesupport_fastrtps_c.dir/rosidl_generator_py/ur_msgs/_ur_msgs_s.ep.rosidl_typesupport_fastrtps_c.c.o[0m
[11.466s] [ 97%] [32mBuilding C object CMakeFiles/ur_msgs_s__rosidl_typesupport_introspection_c.dir/rosidl_generator_py/ur_msgs/_ur_msgs_s.ep.rosidl_typesupport_introspection_c.c.o[0m
[11.636s] [ 98%] [32m[1mLinking C shared module rosidl_generator_py/ur_msgs/ur_msgs_s__rosidl_typesupport_fastrtps_c.so[0m
[11.637s] [ 99%] [32m[1mLinking C shared module rosidl_generator_py/ur_msgs/ur_msgs_s__rosidl_typesupport_c.so[0m
[11.642s] [100%] [32m[1mLinking C shared module rosidl_generator_py/ur_msgs/ur_msgs_s__rosidl_typesupport_introspection_c.so[0m
[11.659s] [100%] Built target ur_msgs_s__rosidl_typesupport_c
[11.661s] [100%] Built target ur_msgs_s__rosidl_typesupport_fastrtps_c
[11.667s] [100%] Built target ur_msgs_s__rosidl_typesupport_introspection_c
[11.675s] Invoked command in '/home/administrator/Masterproject2/20_ROS/src/Robots/build/ur_msgs' returned '0': CMAKE_PREFIX_PATH=${CMAKE_PREFIX_PATH}:/opt/ros/kilted DEBUGINFOD_URLS=https://debuginfod.ubuntu.com /usr/bin/cmake --build /home/administrator/Masterproject2/20_ROS/src/Robots/build/ur_msgs -- -j14 -l14
[11.676s] Invoking command in '/home/administrator/Masterproject2/20_ROS/src/Robots/build/ur_msgs': CMAKE_PREFIX_PATH=${CMAKE_PREFIX_PATH}:/opt/ros/kilted DEBUGINFOD_URLS=https://debuginfod.ubuntu.com /usr/bin/cmake --install /home/administrator/Masterproject2/20_ROS/src/Robots/build/ur_msgs
[11.681s] -- Install configuration: ""
[11.681s] -- Installing: /home/administrator/Masterproject2/20_ROS/src/Robots/install/ur_msgs/share/ament_index/resource_index/rosidl_interfaces/ur_msgs
[11.682s] -- Installing: /home/administrator/Masterproject2/20_ROS/src/Robots/install/ur_msgs/share/ur_msgs/msg/Analog.json
[11.682s] -- Installing: /home/administrator/Masterproject2/20_ROS/src/Robots/install/ur_msgs/share/ur_msgs/msg/Digital.json
[11.682s] -- Installing: /home/administrator/Masterproject2/20_ROS/src/Robots/install/ur_msgs/share/ur_msgs/msg/IOStates.json
[11.682s] -- Installing: /home/administrator/Masterproject2/20_ROS/src/Robots/install/ur_msgs/share/ur_msgs/msg/RobotStateRTMsg.json
[11.682s] -- Installing: /home/administrator/Masterproject2/20_ROS/src/Robots/install/ur_msgs/share/ur_msgs/msg/MasterboardDataMsg.json
[11.682s] -- Installing: /home/administrator/Masterproject2/20_ROS/src/Robots/install/ur_msgs/share/ur_msgs/msg/RobotModeDataMsg.json
[11.682s] -- Installing: /home/administrator/Masterproject2/20_ROS/src/Robots/install/ur_msgs/share/ur_msgs/msg/ToolDataMsg.json
[11.682s] -- Installing: /home/administrator/Masterproject2/20_ROS/src/Robots/install/ur_msgs/share/ur_msgs/msg/FrictionModelParameters.json
[11.682s] -- Installing: /home/administrator/Masterproject2/20_ROS/src/Robots/install/ur_msgs/share/ur_msgs/srv/SetAnalogOutput.json
[11.682s] -- Installing: /home/administrator/Masterproject2/20_ROS/src/Robots/install/ur_msgs/share/ur_msgs/srv/SetGravity.json
[11.683s] -- Installing: /home/administrator/Masterproject2/20_ROS/src/Robots/install/ur_msgs/share/ur_msgs/srv/SetPayload.json
[11.683s] -- Installing: /home/administrator/Masterproject2/20_ROS/src/Robots/install/ur_msgs/share/ur_msgs/srv/SetSpeedSliderFraction.json
[11.683s] -- Installing: /home/administrator/Masterproject2/20_ROS/src/Robots/install/ur_msgs/share/ur_msgs/srv/SetIO.json
[11.683s] -- Installing: /home/administrator/Masterproject2/20_ROS/src/Robots/install/ur_msgs/share/ur_msgs/srv/GetRobotSoftwareVersion.json
[11.683s] -- Installing: /home/administrator/Masterproject2/20_ROS/src/Robots/install/ur_msgs/share/ur_msgs/srv/SetForceMode.json
[11.683s] -- Installing: /home/administrator/Masterproject2/20_ROS/src/Robots/install/ur_msgs/share/ur_msgs/srv/SetFrictionModelParameters.json
[11.683s] -- Installing: /home/administrator/Masterproject2/20_ROS/src/Robots/install/ur_msgs/share/ur_msgs/action/ToolContact.json
[11.683s] -- Installing: /home/administrator/Masterproject2/20_ROS/src/Robots/install/ur_msgs/share/ur_msgs/action/FollowJointTrajectoryUntil.json
[11.683s] -- Installing: /home/administrator/Masterproject2/20_ROS/src/Robots/install/ur_msgs/share/ur_msgs/action/SendScript.json
[11.684s] -- Installing: /home/administrator/Masterproject2/20_ROS/src/Robots/install/ur_msgs/include/ur_msgs/ur_msgs
[11.684s] -- Installing: /home/administrator/Masterproject2/20_ROS/src/Robots/install/ur_msgs/include/ur_msgs/ur_msgs/msg
[11.684s] -- Installing: /home/administrator/Masterproject2/20_ROS/src/Robots/install/ur_msgs/include/ur_msgs/ur_msgs/msg/friction_model_parameters.h
[11.684s] -- Installing: /home/administrator/Masterproject2/20_ROS/src/Robots/install/ur_msgs/include/ur_msgs/ur_msgs/msg/robot_state_rt_msg.h
[11.684s] -- Installing: /home/administrator/Masterproject2/20_ROS/src/Robots/install/ur_msgs/include/ur_msgs/ur_msgs/msg/robot_mode_data_msg.h
[11.684s] -- Installing: /home/administrator/Masterproject2/20_ROS/src/Robots/install/ur_msgs/include/ur_msgs/ur_msgs/msg/analog.h
[11.684s] -- Installing: /home/administrator/Masterproject2/20_ROS/src/Robots/install/ur_msgs/include/ur_msgs/ur_msgs/msg/masterboard_data_msg.h
[11.684s] -- Installing: /home/administrator/Masterproject2/20_ROS/src/Robots/install/ur_msgs/include/ur_msgs/ur_msgs/msg/tool_data_msg.h
[11.684s] -- Installing: /home/administrator/Masterproject2/20_ROS/src/Robots/install/ur_msgs/include/ur_msgs/ur_msgs/msg/digital.h
[11.684s] -- Installing: /home/administrator/Masterproject2/20_ROS/src/Robots/install/ur_msgs/include/ur_msgs/ur_msgs/msg/rosidl_generator_c__visibility_control.h
[11.685s] -- Installing: /home/administrator/Masterproject2/20_ROS/src/Robots/install/ur_msgs/include/ur_msgs/ur_msgs/msg/detail
[11.685s] -- Installing: /home/administrator/Masterproject2/20_ROS/src/Robots/install/ur_msgs/include/ur_msgs/ur_msgs/msg/detail/io_states__functions.c
[11.685s] -- Installing: /home/administrator/Masterproject2/20_ROS/src/Robots/install/ur_msgs/include/ur_msgs/ur_msgs/msg/detail/analog__functions.h
[11.685s] -- Installing: /home/administrator/Masterproject2/20_ROS/src/Robots/install/ur_msgs/include/ur_msgs/ur_msgs/msg/detail/robot_state_rt_msg__functions.h
[11.685s] -- Installing: /home/administrator/Masterproject2/20_ROS/src/Robots/install/ur_msgs/include/ur_msgs/ur_msgs/msg/detail/robot_mode_data_msg__type_support.c
[11.685s] -- Installing: /home/administrator/Masterproject2/20_ROS/src/Robots/install/ur_msgs/include/ur_msgs/ur_msgs/msg/detail/robot_mode_data_msg__struct.h
[11.685s] -- Installing: /home/administrator/Masterproject2/20_ROS/src/Robots/install/ur_msgs/include/ur_msgs/ur_msgs/msg/detail/io_states__description.c
[11.685s] -- Installing: /home/administrator/Masterproject2/20_ROS/src/Robots/install/ur_msgs/include/ur_msgs/ur_msgs/msg/detail/masterboard_data_msg__struct.h
[11.685s] -- Installing: /home/administrator/Masterproject2/20_ROS/src/Robots/install/ur_msgs/include/ur_msgs/ur_msgs/msg/detail/digital__description.c
[11.685s] -- Installing: /home/administrator/Masterproject2/20_ROS/src/Robots/install/ur_msgs/include/ur_msgs/ur_msgs/msg/detail/robot_state_rt_msg__description.c
[11.686s] -- Installing: /home/administrator/Masterproject2/20_ROS/src/Robots/install/ur_msgs/include/ur_msgs/ur_msgs/msg/detail/digital__functions.c
[11.686s] -- Installing: /home/administrator/Masterproject2/20_ROS/src/Robots/install/ur_msgs/include/ur_msgs/ur_msgs/msg/detail/robot_mode_data_msg__functions.c
[11.686s] -- Installing: /home/administrator/Masterproject2/20_ROS/src/Robots/install/ur_msgs/include/ur_msgs/ur_msgs/msg/detail/digital__type_support.h
[11.686s] -- Installing: /home/administrator/Masterproject2/20_ROS/src/Robots/install/ur_msgs/include/ur_msgs/ur_msgs/msg/detail/masterboard_data_msg__functions.c
[11.686s] -- Installing: /home/administrator/Masterproject2/20_ROS/src/Robots/install/ur_msgs/include/ur_msgs/ur_msgs/msg/detail/friction_model_parameters__type_support.h
[11.686s] -- Installing: /home/administrator/Masterproject2/20_ROS/src/Robots/install/ur_msgs/include/ur_msgs/ur_msgs/msg/detail/friction_model_parameters__struct.h
[11.686s] -- Installing: /home/administrator/Masterproject2/20_ROS/src/Robots/install/ur_msgs/include/ur_msgs/ur_msgs/msg/detail/digital__type_support.c
[11.686s] -- Installing: /home/administrator/Masterproject2/20_ROS/src/Robots/install/ur_msgs/include/ur_msgs/ur_msgs/msg/detail/robot_mode_data_msg__description.c
[11.686s] -- Installing: /home/administrator/Masterproject2/20_ROS/src/Robots/install/ur_msgs/include/ur_msgs/ur_msgs/msg/detail/analog__functions.c
[11.686s] -- Installing: /home/administrator/Masterproject2/20_ROS/src/Robots/install/ur_msgs/include/ur_msgs/ur_msgs/msg/detail/tool_data_msg__functions.c
[11.687s] -- Installing: /home/administrator/Masterproject2/20_ROS/src/Robots/install/ur_msgs/include/ur_msgs/ur_msgs/msg/detail/robot_state_rt_msg__functions.c
[11.687s] -- Installing: /home/administrator/Masterproject2/20_ROS/src/Robots/install/ur_msgs/include/ur_msgs/ur_msgs/msg/detail/io_states__type_support.c
[11.687s] -- Installing: /home/administrator/Masterproject2/20_ROS/src/Robots/install/ur_msgs/include/ur_msgs/ur_msgs/msg/detail/friction_model_parameters__type_support.c
[11.687s] -- Installing: /home/administrator/Masterproject2/20_ROS/src/Robots/install/ur_msgs/include/ur_msgs/ur_msgs/msg/detail/analog__struct.h
[11.687s] -- Installing: /home/administrator/Masterproject2/20_ROS/src/Robots/install/ur_msgs/include/ur_msgs/ur_msgs/msg/detail/robot_mode_data_msg__type_support.h
[11.687s] -- Installing: /home/administrator/Masterproject2/20_ROS/src/Robots/install/ur_msgs/include/ur_msgs/ur_msgs/msg/detail/robot_state_rt_msg__type_support.c
[11.687s] -- Installing: /home/administrator/Masterproject2/20_ROS/src/Robots/install/ur_msgs/include/ur_msgs/ur_msgs/msg/detail/tool_data_msg__type_support.h
[11.687s] -- Installing: /home/administrator/Masterproject2/20_ROS/src/Robots/install/ur_msgs/include/ur_msgs/ur_msgs/msg/detail/masterboard_data_msg__type_support.h
[11.687s] -- Installing: /home/administrator/Masterproject2/20_ROS/src/Robots/install/ur_msgs/include/ur_msgs/ur_msgs/msg/detail/io_states__functions.h
[11.687s] -- Installing: /home/administrator/Masterproject2/20_ROS/src/Robots/install/ur_msgs/include/ur_msgs/ur_msgs/msg/detail/digital__struct.h
[11.687s] -- Installing: /home/administrator/Masterproject2/20_ROS/src/Robots/install/ur_msgs/include/ur_msgs/ur_msgs/msg/detail/masterboard_data_msg__type_support.c
[11.688s] -- Installing: /home/administrator/Masterproject2/20_ROS/src/Robots/install/ur_msgs/include/ur_msgs/ur_msgs/msg/detail/analog__type_support.h
[11.688s] -- Installing: /home/administrator/Masterproject2/20_ROS/src/Robots/install/ur_msgs/include/ur_msgs/ur_msgs/msg/detail/friction_model_parameters__functions.h
[11.688s] -- Installing: /home/administrator/Masterproject2/20_ROS/src/Robots/install/ur_msgs/include/ur_msgs/ur_msgs/msg/detail/friction_model_parameters__description.c
[11.688s] -- Installing: /home/administrator/Masterproject2/20_ROS/src/Robots/install/ur_msgs/include/ur_msgs/ur_msgs/msg/detail/friction_model_parameters__functions.c
[11.688s] -- Installing: /home/administrator/Masterproject2/20_ROS/src/Robots/install/ur_msgs/include/ur_msgs/ur_msgs/msg/detail/masterboard_data_msg__description.c
[11.688s] -- Installing: /home/administrator/Masterproject2/20_ROS/src/Robots/install/ur_msgs/include/ur_msgs/ur_msgs/msg/detail/robot_mode_data_msg__functions.h
[11.688s] -- Installing: /home/administrator/Masterproject2/20_ROS/src/Robots/install/ur_msgs/include/ur_msgs/ur_msgs/msg/detail/io_states__type_support.h
[11.688s] -- Installing: /home/administrator/Masterproject2/20_ROS/src/Robots/install/ur_msgs/include/ur_msgs/ur_msgs/msg/detail/analog__type_support.c
[11.688s] -- Installing: /home/administrator/Masterproject2/20_ROS/src/Robots/install/ur_msgs/include/ur_msgs/ur_msgs/msg/detail/robot_state_rt_msg__struct.h
[11.688s] -- Installing: /home/administrator/Masterproject2/20_ROS/src/Robots/install/ur_msgs/include/ur_msgs/ur_msgs/msg/detail/tool_data_msg__type_support.c
[11.688s] -- Installing: /home/administrator/Masterproject2/20_ROS/src/Robots/install/ur_msgs/include/ur_msgs/ur_msgs/msg/detail/tool_data_msg__struct.h
[11.689s] -- Installing: /home/administrator/Masterproject2/20_ROS/src/Robots/install/ur_msgs/include/ur_msgs/ur_msgs/msg/detail/digital__functions.h
[11.689s] -- Installing: /home/administrator/Masterproject2/20_ROS/src/Robots/install/ur_msgs/include/ur_msgs/ur_msgs/msg/detail/io_states__struct.h
[11.689s] -- Installing: /home/administrator/Masterproject2/20_ROS/src/Robots/install/ur_msgs/include/ur_msgs/ur_msgs/msg/detail/analog__description.c
[11.689s] -- Installing: /home/administrator/Masterproject2/20_ROS/src/Robots/install/ur_msgs/include/ur_msgs/ur_msgs/msg/detail/tool_data_msg__description.c
[11.689s] -- Installing: /home/administrator/Masterproject2/20_ROS/src/Robots/install/ur_msgs/include/ur_msgs/ur_msgs/msg/detail/robot_state_rt_msg__type_support.h
[11.689s] -- Installing: /home/administrator/Masterproject2/20_ROS/src/Robots/install/ur_msgs/include/ur_msgs/ur_msgs/msg/detail/masterboard_data_msg__functions.h
[11.689s] -- Installing: /home/administrator/Masterproject2/20_ROS/src/Robots/install/ur_msgs/include/ur_msgs/ur_msgs/msg/detail/tool_data_msg__functions.h
[11.689s] -- Installing: /home/administrator/Masterproject2/20_ROS/src/Robots/install/ur_msgs/include/ur_msgs/ur_msgs/msg/io_states.h
[11.689s] -- Installing: /home/administrator/Masterproject2/20_ROS/src/Robots/install/ur_msgs/include/ur_msgs/ur_msgs/srv
[11.689s] -- Installing: /home/administrator/Masterproject2/20_ROS/src/Robots/install/ur_msgs/include/ur_msgs/ur_msgs/srv/set_speed_slider_fraction.h
[11.689s] -- Installing: /home/administrator/Masterproject2/20_ROS/src/Robots/install/ur_msgs/include/ur_msgs/ur_msgs/srv/set_io.h
[11.689s] -- Installing: /home/administrator/Masterproject2/20_ROS/src/Robots/install/ur_msgs/include/ur_msgs/ur_msgs/srv/set_friction_model_parameters.h
[11.690s] -- Installing: /home/administrator/Masterproject2/20_ROS/src/Robots/install/ur_msgs/include/ur_msgs/ur_msgs/srv/set_payload.h
[11.690s] -- Installing: /home/administrator/Masterproject2/20_ROS/src/Robots/install/ur_msgs/include/ur_msgs/ur_msgs/srv/get_robot_software_version.h
[11.690s] -- Installing: /home/administrator/Masterproject2/20_ROS/src/Robots/install/ur_msgs/include/ur_msgs/ur_msgs/srv/set_force_mode.h
[11.690s] -- Installing: /home/administrator/Masterproject2/20_ROS/src/Robots/install/ur_msgs/include/ur_msgs/ur_msgs/srv/set_gravity.h
[11.690s] -- Installing: /home/administrator/Masterproject2/20_ROS/src/Robots/install/ur_msgs/include/ur_msgs/ur_msgs/srv/set_analog_output.h
[11.690s] -- Installing: /home/administrator/Masterproject2/20_ROS/src/Robots/install/ur_msgs/include/ur_msgs/ur_msgs/srv/detail
[11.690s] -- Installing: /home/administrator/Masterproject2/20_ROS/src/Robots/install/ur_msgs/include/ur_msgs/ur_msgs/srv/detail/set_payload__functions.h
[11.690s] -- Installing: /home/administrator/Masterproject2/20_ROS/src/Robots/install/ur_msgs/include/ur_msgs/ur_msgs/srv/detail/set_analog_output__description.c
[11.690s] -- Installing: /home/administrator/Masterproject2/20_ROS/src/Robots/install/ur_msgs/include/ur_msgs/ur_msgs/srv/detail/set_gravity__functions.h
[11.690s] -- Installing: /home/administrator/Masterproject2/20_ROS/src/Robots/install/ur_msgs/include/ur_msgs/ur_msgs/srv/detail/set_io__type_support.c
[11.690s] -- Installing: /home/administrator/Masterproject2/20_ROS/src/Robots/install/ur_msgs/include/ur_msgs/ur_msgs/srv/detail/set_force_mode__functions.c
[11.690s] -- Installing: /home/administrator/Masterproject2/20_ROS/src/Robots/install/ur_msgs/include/ur_msgs/ur_msgs/srv/detail/get_robot_software_version__type_support.h
[11.690s] -- Installing: /home/administrator/Masterproject2/20_ROS/src/Robots/install/ur_msgs/include/ur_msgs/ur_msgs/srv/detail/set_gravity__struct.h
[11.691s] -- Installing: /home/administrator/Masterproject2/20_ROS/src/Robots/install/ur_msgs/include/ur_msgs/ur_msgs/srv/detail/get_robot_software_version__functions.c
[11.691s] -- Installing: /home/administrator/Masterproject2/20_ROS/src/Robots/install/ur_msgs/include/ur_msgs/ur_msgs/srv/detail/set_friction_model_parameters__type_support.c
[11.691s] -- Installing: /home/administrator/Masterproject2/20_ROS/src/Robots/install/ur_msgs/include/ur_msgs/ur_msgs/srv/detail/set_io__functions.c
[11.691s] -- Installing: /home/administrator/Masterproject2/20_ROS/src/Robots/install/ur_msgs/include/ur_msgs/ur_msgs/srv/detail/set_speed_slider_fraction__functions.c
[11.691s] -- Installing: /home/administrator/Masterproject2/20_ROS/src/Robots/install/ur_msgs/include/ur_msgs/ur_msgs/srv/detail/set_analog_output__type_support.h
[11.691s] -- Installing: /home/administrator/Masterproject2/20_ROS/src/Robots/install/ur_msgs/include/ur_msgs/ur_msgs/srv/detail/set_speed_slider_fraction__type_support.h
[11.691s] -- Installing: /home/administrator/Masterproject2/20_ROS/src/Robots/install/ur_msgs/include/ur_msgs/ur_msgs/srv/detail/set_gravity__functions.c
[11.691s] -- Installing: /home/administrator/Masterproject2/20_ROS/src/Robots/install/ur_msgs/include/ur_msgs/ur_msgs/srv/detail/set_gravity__description.c
[11.691s] -- Installing: /home/administrator/Masterproject2/20_ROS/src/Robots/install/ur_msgs/include/ur_msgs/ur_msgs/srv/detail/set_gravity__type_support.c
[11.691s] -- Installing: /home/administrator/Masterproject2/20_ROS/src/Robots/install/ur_msgs/include/ur_msgs/ur_msgs/srv/detail/set_force_mode__type_support.c
[11.691s] -- Installing: /home/administrator/Masterproject2/20_ROS/src/Robots/install/ur_msgs/include/ur_msgs/ur_msgs/srv/detail/set_friction_model_parameters__functions.h
[11.692s] -- Installing: /home/administrator/Masterproject2/20_ROS/src/Robots/install/ur_msgs/include/ur_msgs/ur_msgs/srv/detail/set_payload__type_support.h
[11.692s] -- Installing: /home/administrator/Masterproject2/20_ROS/src/Robots/install/ur_msgs/include/ur_msgs/ur_msgs/srv/detail/set_speed_slider_fraction__struct.h
[11.692s] -- Installing: /home/administrator/Masterproject2/20_ROS/src/Robots/install/ur_msgs/include/ur_msgs/ur_msgs/srv/detail/get_robot_software_version__type_support.c
[11.692s] -- Installing: /home/administrator/Masterproject2/20_ROS/src/Robots/install/ur_msgs/include/ur_msgs/ur_msgs/srv/detail/set_analog_output__struct.h
[11.692s] -- Installing: /home/administrator/Masterproject2/20_ROS/src/Robots/install/ur_msgs/include/ur_msgs/ur_msgs/srv/detail/set_gravity__type_support.h
[11.692s] -- Installing: /home/administrator/Masterproject2/20_ROS/src/Robots/install/ur_msgs/include/ur_msgs/ur_msgs/srv/detail/set_io__functions.h
[11.692s] -- Installing: /home/administrator/Masterproject2/20_ROS/src/Robots/install/ur_msgs/include/ur_msgs/ur_msgs/srv/detail/set_analog_output__type_support.c
[11.692s] -- Installing: /home/administrator/Masterproject2/20_ROS/src/Robots/install/ur_msgs/include/ur_msgs/ur_msgs/srv/detail/get_robot_software_version__struct.h
[11.692s] -- Installing: /home/administrator/Masterproject2/20_ROS/src/Robots/install/ur_msgs/include/ur_msgs/ur_msgs/srv/detail/set_force_mode__description.c
[11.692s] -- Installing: /home/administrator/Masterproject2/20_ROS/src/Robots/install/ur_msgs/include/ur_msgs/ur_msgs/srv/detail/set_friction_model_parameters__struct.h
[11.692s] -- Installing: /home/administrator/Masterproject2/20_ROS/src/Robots/install/ur_msgs/include/ur_msgs/ur_msgs/srv/detail/get_robot_software_version__description.c
[11.692s] -- Installing: /home/administrator/Masterproject2/20_ROS/src/Robots/install/ur_msgs/include/ur_msgs/ur_msgs/srv/detail/set_force_mode__type_support.h
[11.692s] -- Installing: /home/administrator/Masterproject2/20_ROS/src/Robots/install/ur_msgs/include/ur_msgs/ur_msgs/srv/detail/set_io__struct.h
[11.693s] -- Installing: /home/administrator/Masterproject2/20_ROS/src/Robots/install/ur_msgs/include/ur_msgs/ur_msgs/srv/detail/set_force_mode__functions.h
[11.693s] -- Installing: /home/administrator/Masterproject2/20_ROS/src/Robots/install/ur_msgs/include/ur_msgs/ur_msgs/srv/detail/set_payload__functions.c
[11.693s] -- Installing: /home/administrator/Masterproject2/20_ROS/src/Robots/install/ur_msgs/include/ur_msgs/ur_msgs/srv/detail/set_payload__description.c
[11.693s] -- Installing: /home/administrator/Masterproject2/20_ROS/src/Robots/install/ur_msgs/include/ur_msgs/ur_msgs/srv/detail/set_friction_model_parameters__type_support.h
[11.693s] -- Installing: /home/administrator/Masterproject2/20_ROS/src/Robots/install/ur_msgs/include/ur_msgs/ur_msgs/srv/detail/set_friction_model_parameters__functions.c
[11.693s] -- Installing: /home/administrator/Masterproject2/20_ROS/src/Robots/install/ur_msgs/include/ur_msgs/ur_msgs/srv/detail/set_payload__struct.h
[11.693s] -- Installing: /home/administrator/Masterproject2/20_ROS/src/Robots/install/ur_msgs/include/ur_msgs/ur_msgs/srv/detail/set_speed_slider_fraction__functions.h
[11.693s] -- Installing: /home/administrator/Masterproject2/20_ROS/src/Robots/install/ur_msgs/include/ur_msgs/ur_msgs/srv/detail/get_robot_software_version__functions.h
[11.693s] -- Installing: /home/administrator/Masterproject2/20_ROS/src/Robots/install/ur_msgs/include/ur_msgs/ur_msgs/srv/detail/set_analog_output__functions.c
[11.693s] -- Installing: /home/administrator/Masterproject2/20_ROS/src/Robots/install/ur_msgs/include/ur_msgs/ur_msgs/srv/detail/set_io__type_support.h
[11.693s] -- Installing: /home/administrator/Masterproject2/20_ROS/src/Robots/install/ur_msgs/include/ur_msgs/ur_msgs/srv/detail/set_io__description.c
[11.694s] -- Installing: /home/administrator/Masterproject2/20_ROS/src/Robots/install/ur_msgs/include/ur_msgs/ur_msgs/srv/detail/set_friction_model_parameters__description.c
[11.694s] -- Installing: /home/administrator/Masterproject2/20_ROS/src/Robots/install/ur_msgs/include/ur_msgs/ur_msgs/srv/detail/set_force_mode__struct.h
[11.694s] -- Installing: /home/administrator/Masterproject2/20_ROS/src/Robots/install/ur_msgs/include/ur_msgs/ur_msgs/srv/detail/set_speed_slider_fraction__type_support.c
[11.694s] -- Installing: /home/administrator/Masterproject2/20_ROS/src/Robots/install/ur_msgs/include/ur_msgs/ur_msgs/srv/detail/set_speed_slider_fraction__description.c
[11.694s] -- Installing: /home/administrator/Masterproject2/20_ROS/src/Robots/install/ur_msgs/include/ur_msgs/ur_msgs/srv/detail/set_analog_output__functions.h
[11.694s] -- Installing: /home/administrator/Masterproject2/20_ROS/src/Robots/install/ur_msgs/include/ur_msgs/ur_msgs/srv/detail/set_payload__type_support.c
[11.694s] -- Installing: /home/administrator/Masterproject2/20_ROS/src/Robots/install/ur_msgs/include/ur_msgs/ur_msgs/action
[11.694s] -- Installing: /home/administrator/Masterproject2/20_ROS/src/Robots/install/ur_msgs/include/ur_msgs/ur_msgs/action/follow_joint_trajectory_until.h
[11.694s] -- Installing: /home/administrator/Masterproject2/20_ROS/src/Robots/install/ur_msgs/include/ur_msgs/ur_msgs/action/tool_contact.h
[11.694s] -- Installing: /home/administrator/Masterproject2/20_ROS/src/Robots/install/ur_msgs/include/ur_msgs/ur_msgs/action/send_script.h
[11.694s] -- Installing: /home/administrator/Masterproject2/20_ROS/src/Robots/install/ur_msgs/include/ur_msgs/ur_msgs/action/detail
[11.695s] -- Installing: /home/administrator/Masterproject2/20_ROS/src/Robots/install/ur_msgs/include/ur_msgs/ur_msgs/action/detail/follow_joint_trajectory_until__functions.c
[11.695s] -- Installing: /home/administrator/Masterproject2/20_ROS/src/Robots/install/ur_msgs/include/ur_msgs/ur_msgs/action/detail/send_script__type_support.c
[11.695s] -- Installing: /home/administrator/Masterproject2/20_ROS/src/Robots/install/ur_msgs/include/ur_msgs/ur_msgs/action/detail/tool_contact__type_support.h
[11.695s] -- Installing: /home/administrator/Masterproject2/20_ROS/src/Robots/install/ur_msgs/include/ur_msgs/ur_msgs/action/detail/follow_joint_trajectory_until__type_support.c
[11.695s] -- Installing: /home/administrator/Masterproject2/20_ROS/src/Robots/install/ur_msgs/include/ur_msgs/ur_msgs/action/detail/send_script__description.c
[11.695s] -- Installing: /home/administrator/Masterproject2/20_ROS/src/Robots/install/ur_msgs/include/ur_msgs/ur_msgs/action/detail/follow_joint_trajectory_until__struct.h
[11.695s] -- Installing: /home/administrator/Masterproject2/20_ROS/src/Robots/install/ur_msgs/include/ur_msgs/ur_msgs/action/detail/tool_contact__functions.h
[11.695s] -- Installing: /home/administrator/Masterproject2/20_ROS/src/Robots/install/ur_msgs/include/ur_msgs/ur_msgs/action/detail/follow_joint_trajectory_until__description.c
[11.695s] -- Installing: /home/administrator/Masterproject2/20_ROS/src/Robots/install/ur_msgs/include/ur_msgs/ur_msgs/action/detail/tool_contact__struct.h
[11.695s] -- Installing: /home/administrator/Masterproject2/20_ROS/src/Robots/install/ur_msgs/include/ur_msgs/ur_msgs/action/detail/send_script__struct.h
[11.695s] -- Installing: /home/administrator/Masterproject2/20_ROS/src/Robots/install/ur_msgs/include/ur_msgs/ur_msgs/action/detail/tool_contact__type_support.c
[11.696s] -- Installing: /home/administrator/Masterproject2/20_ROS/src/Robots/install/ur_msgs/include/ur_msgs/ur_msgs/action/detail/tool_contact__description.c
[11.696s] -- Installing: /home/administrator/Masterproject2/20_ROS/src/Robots/install/ur_msgs/include/ur_msgs/ur_msgs/action/detail/tool_contact__functions.c
[11.696s] -- Installing: /home/administrator/Masterproject2/20_ROS/src/Robots/install/ur_msgs/include/ur_msgs/ur_msgs/action/detail/follow_joint_trajectory_until__type_support.h
[11.696s] -- Installing: /home/administrator/Masterproject2/20_ROS/src/Robots/install/ur_msgs/include/ur_msgs/ur_msgs/action/detail/send_script__functions.h
[11.696s] -- Installing: /home/administrator/Masterproject2/20_ROS/src/Robots/install/ur_msgs/include/ur_msgs/ur_msgs/action/detail/follow_joint_trajectory_until__functions.h
[11.696s] -- Installing: /home/administrator/Masterproject2/20_ROS/src/Robots/install/ur_msgs/include/ur_msgs/ur_msgs/action/detail/send_script__type_support.h
[11.696s] -- Installing: /home/administrator/Masterproject2/20_ROS/src/Robots/install/ur_msgs/include/ur_msgs/ur_msgs/action/detail/send_script__functions.c
[11.696s] -- Installing: /home/administrator/Masterproject2/20_ROS/src/Robots/install/ur_msgs/share/ur_msgs/environment/library_path.sh
[11.696s] -- Installing: /home/administrator/Masterproject2/20_ROS/src/Robots/install/ur_msgs/share/ur_msgs/environment/library_path.dsv
[11.696s] -- Installing: /home/administrator/Masterproject2/20_ROS/src/Robots/install/ur_msgs/lib/libur_msgs__rosidl_generator_c.so
[11.696s] -- Set non-toolchain portion of runtime path of "/home/administrator/Masterproject2/20_ROS/src/Robots/install/ur_msgs/lib/libur_msgs__rosidl_generator_c.so" to ""
[11.697s] -- Up-to-date: /home/administrator/Masterproject2/20_ROS/src/Robots/install/ur_msgs/include/ur_msgs/ur_msgs
[11.697s] -- Up-to-date: /home/administrator/Masterproject2/20_ROS/src/Robots/install/ur_msgs/include/ur_msgs/ur_msgs/msg
[11.697s] -- Up-to-date: /home/administrator/Masterproject2/20_ROS/src/Robots/install/ur_msgs/include/ur_msgs/ur_msgs/msg/detail
[11.697s] -- Installing: /home/administrator/Masterproject2/20_ROS/src/Robots/install/ur_msgs/include/ur_msgs/ur_msgs/msg/detail/friction_model_parameters__rosidl_typesupport_fastrtps_c.h
[11.697s] -- Installing: /home/administrator/Masterproject2/20_ROS/src/Robots/install/ur_msgs/include/ur_msgs/ur_msgs/msg/detail/masterboard_data_msg__rosidl_typesupport_fastrtps_c.h
[11.697s] -- Installing: /home/administrator/Masterproject2/20_ROS/src/Robots/install/ur_msgs/include/ur_msgs/ur_msgs/msg/detail/tool_data_msg__rosidl_typesupport_fastrtps_c.h
[11.697s] -- Installing: /home/administrator/Masterproject2/20_ROS/src/Robots/install/ur_msgs/include/ur_msgs/ur_msgs/msg/detail/io_states__rosidl_typesupport_fastrtps_c.h
[11.697s] -- Installing: /home/administrator/Masterproject2/20_ROS/src/Robots/install/ur_msgs/include/ur_msgs/ur_msgs/msg/detail/analog__rosidl_typesupport_fastrtps_c.h
[11.697s] -- Installing: /home/administrator/Masterproject2/20_ROS/src/Robots/install/ur_msgs/include/ur_msgs/ur_msgs/msg/detail/robot_state_rt_msg__rosidl_typesupport_fastrtps_c.h
[11.697s] -- Installing: /home/administrator/Masterproject2/20_ROS/src/Robots/install/ur_msgs/include/ur_msgs/ur_msgs/msg/detail/robot_mode_data_msg__rosidl_typesupport_fastrtps_c.h
[11.697s] -- Installing: /home/administrator/Masterproject2/20_ROS/src/Robots/install/ur_msgs/include/ur_msgs/ur_msgs/msg/detail/digital__rosidl_typesupport_fastrtps_c.h
[11.697s] -- Installing: /home/administrator/Masterproject2/20_ROS/src/Robots/install/ur_msgs/include/ur_msgs/ur_msgs/msg/rosidl_typesupport_fastrtps_c__visibility_control.h
[11.698s] -- Up-to-date: /home/administrator/Masterproject2/20_ROS/src/Robots/install/ur_msgs/include/ur_msgs/ur_msgs/srv
[11.698s] -- Up-to-date: /home/administrator/Masterproject2/20_ROS/src/Robots/install/ur_msgs/include/ur_msgs/ur_msgs/srv/detail
[11.698s] -- Installing: /home/administrator/Masterproject2/20_ROS/src/Robots/install/ur_msgs/include/ur_msgs/ur_msgs/srv/detail/set_speed_slider_fraction__rosidl_typesupport_fastrtps_c.h
[11.698s] -- Installing: /home/administrator/Masterproject2/20_ROS/src/Robots/install/ur_msgs/include/ur_msgs/ur_msgs/srv/detail/set_payload__rosidl_typesupport_fastrtps_c.h
[11.698s] -- Installing: /home/administrator/Masterproject2/20_ROS/src/Robots/install/ur_msgs/include/ur_msgs/ur_msgs/srv/detail/set_io__rosidl_typesupport_fastrtps_c.h
[11.698s] -- Installing: /home/administrator/Masterproject2/20_ROS/src/Robots/install/ur_msgs/include/ur_msgs/ur_msgs/srv/detail/set_gravity__rosidl_typesupport_fastrtps_c.h
[11.698s] -- Installing: /home/administrator/Masterproject2/20_ROS/src/Robots/install/ur_msgs/include/ur_msgs/ur_msgs/srv/detail/set_analog_output__rosidl_typesupport_fastrtps_c.h
[11.698s] -- Installing: /home/administrator/Masterproject2/20_ROS/src/Robots/install/ur_msgs/include/ur_msgs/ur_msgs/srv/detail/get_robot_software_version__rosidl_typesupport_fastrtps_c.h
[11.698s] -- Installing: /home/administrator/Masterproject2/20_ROS/src/Robots/install/ur_msgs/include/ur_msgs/ur_msgs/srv/detail/set_friction_model_parameters__rosidl_typesupport_fastrtps_c.h
[11.698s] -- Installing: /home/administrator/Masterproject2/20_ROS/src/Robots/install/ur_msgs/include/ur_msgs/ur_msgs/srv/detail/set_force_mode__rosidl_typesupport_fastrtps_c.h
[11.698s] -- Up-to-date: /home/administrator/Masterproject2/20_ROS/src/Robots/install/ur_msgs/include/ur_msgs/ur_msgs/action
[11.699s] -- Up-to-date: /home/administrator/Masterproject2/20_ROS/src/Robots/install/ur_msgs/include/ur_msgs/ur_msgs/action/detail
[11.699s] -- Installing: /home/administrator/Masterproject2/20_ROS/src/Robots/install/ur_msgs/include/ur_msgs/ur_msgs/action/detail/follow_joint_trajectory_until__rosidl_typesupport_fastrtps_c.h
[11.699s] -- Installing: /home/administrator/Masterproject2/20_ROS/src/Robots/install/ur_msgs/include/ur_msgs/ur_msgs/action/detail/tool_contact__rosidl_typesupport_fastrtps_c.h
[11.699s] -- Installing: /home/administrator/Masterproject2/20_ROS/src/Robots/install/ur_msgs/include/ur_msgs/ur_msgs/action/detail/send_script__rosidl_typesupport_fastrtps_c.h
[11.699s] -- Installing: /home/administrator/Masterproject2/20_ROS/src/Robots/install/ur_msgs/lib/libur_msgs__rosidl_typesupport_fastrtps_c.so
[11.699s] -- Set non-toolchain portion of runtime path of "/home/administrator/Masterproject2/20_ROS/src/Robots/install/ur_msgs/lib/libur_msgs__rosidl_typesupport_fastrtps_c.so" to ""
[11.699s] -- Up-to-date: /home/administrator/Masterproject2/20_ROS/src/Robots/install/ur_msgs/include/ur_msgs/ur_msgs
[11.699s] -- Up-to-date: /home/administrator/Masterproject2/20_ROS/src/Robots/install/ur_msgs/include/ur_msgs/ur_msgs/msg
[11.699s] -- Installing: /home/administrator/Masterproject2/20_ROS/src/Robots/install/ur_msgs/include/ur_msgs/ur_msgs/msg/io_states.hpp
[11.699s] -- Installing: /home/administrator/Masterproject2/20_ROS/src/Robots/install/ur_msgs/include/ur_msgs/ur_msgs/msg/robot_mode_data_msg.hpp
[11.699s] -- Installing: /home/administrator/Masterproject2/20_ROS/src/Robots/install/ur_msgs/include/ur_msgs/ur_msgs/msg/analog.hpp
[11.699s] -- Installing: /home/administrator/Masterproject2/20_ROS/src/Robots/install/ur_msgs/include/ur_msgs/ur_msgs/msg/tool_data_msg.hpp
[11.699s] -- Installing: /home/administrator/Masterproject2/20_ROS/src/Robots/install/ur_msgs/include/ur_msgs/ur_msgs/msg/rosidl_generator_cpp__visibility_control.hpp
[11.699s] -- Installing: /home/administrator/Masterproject2/20_ROS/src/Robots/install/ur_msgs/include/ur_msgs/ur_msgs/msg/friction_model_parameters.hpp
[11.700s] -- Installing: /home/administrator/Masterproject2/20_ROS/src/Robots/install/ur_msgs/include/ur_msgs/ur_msgs/msg/masterboard_data_msg.hpp
[11.700s] -- Installing: /home/administrator/Masterproject2/20_ROS/src/Robots/install/ur_msgs/include/ur_msgs/ur_msgs/msg/robot_state_rt_msg.hpp
[11.700s] -- Up-to-date: /home/administrator/Masterproject2/20_ROS/src/Robots/install/ur_msgs/include/ur_msgs/ur_msgs/msg/detail
[11.700s] -- Installing: /home/administrator/Masterproject2/20_ROS/src/Robots/install/ur_msgs/include/ur_msgs/ur_msgs/msg/detail/digital__traits.hpp
[11.700s] -- Installing: /home/administrator/Masterproject2/20_ROS/src/Robots/install/ur_msgs/include/ur_msgs/ur_msgs/msg/detail/analog__type_support.hpp
[11.700s] -- Installing: /home/administrator/Masterproject2/20_ROS/src/Robots/install/ur_msgs/include/ur_msgs/ur_msgs/msg/detail/robot_state_rt_msg__struct.hpp
[11.700s] -- Installing: /home/administrator/Masterproject2/20_ROS/src/Robots/install/ur_msgs/include/ur_msgs/ur_msgs/msg/detail/masterboard_data_msg__struct.hpp
[11.700s] -- Installing: /home/administrator/Masterproject2/20_ROS/src/Robots/install/ur_msgs/include/ur_msgs/ur_msgs/msg/detail/robot_mode_data_msg__type_support.hpp
[11.700s] -- Installing: /home/administrator/Masterproject2/20_ROS/src/Robots/install/ur_msgs/include/ur_msgs/ur_msgs/msg/detail/robot_mode_data_msg__traits.hpp
[11.700s] -- Installing: /home/administrator/Masterproject2/20_ROS/src/Robots/install/ur_msgs/include/ur_msgs/ur_msgs/msg/detail/io_states__struct.hpp
[11.700s] -- Installing: /home/administrator/Masterproject2/20_ROS/src/Robots/install/ur_msgs/include/ur_msgs/ur_msgs/msg/detail/analog__struct.hpp
[11.700s] -- Installing: /home/administrator/Masterproject2/20_ROS/src/Robots/install/ur_msgs/include/ur_msgs/ur_msgs/msg/detail/robot_state_rt_msg__builder.hpp
[11.701s] -- Installing: /home/administrator/Masterproject2/20_ROS/src/Robots/install/ur_msgs/include/ur_msgs/ur_msgs/msg/detail/robot_state_rt_msg__traits.hpp
[11.701s] -- Installing: /home/administrator/Masterproject2/20_ROS/src/Robots/install/ur_msgs/include/ur_msgs/ur_msgs/msg/detail/robot_state_rt_msg__type_support.hpp
[11.701s] -- Installing: /home/administrator/Masterproject2/20_ROS/src/Robots/install/ur_msgs/include/ur_msgs/ur_msgs/msg/detail/robot_mode_data_msg__builder.hpp
[11.701s] -- Installing: /home/administrator/Masterproject2/20_ROS/src/Robots/install/ur_msgs/include/ur_msgs/ur_msgs/msg/detail/digital__struct.hpp
[11.701s] -- Installing: /home/administrator/Masterproject2/20_ROS/src/Robots/install/ur_msgs/include/ur_msgs/ur_msgs/msg/detail/masterboard_data_msg__builder.hpp
[11.701s] -- Installing: /home/administrator/Masterproject2/20_ROS/src/Robots/install/ur_msgs/include/ur_msgs/ur_msgs/msg/detail/friction_model_parameters__type_support.hpp
[11.701s] -- Installing: /home/administrator/Masterproject2/20_ROS/src/Robots/install/ur_msgs/include/ur_msgs/ur_msgs/msg/detail/io_states__type_support.hpp
[11.701s] -- Installing: /home/administrator/Masterproject2/20_ROS/src/Robots/install/ur_msgs/include/ur_msgs/ur_msgs/msg/detail/friction_model_parameters__traits.hpp
[11.701s] -- Installing: /home/administrator/Masterproject2/20_ROS/src/Robots/install/ur_msgs/include/ur_msgs/ur_msgs/msg/detail/robot_mode_data_msg__struct.hpp
[11.701s] -- Installing: /home/administrator/Masterproject2/20_ROS/src/Robots/install/ur_msgs/include/ur_msgs/ur_msgs/msg/detail/io_states__traits.hpp
[11.701s] -- Installing: /home/administrator/Masterproject2/20_ROS/src/Robots/install/ur_msgs/include/ur_msgs/ur_msgs/msg/detail/masterboard_data_msg__type_support.hpp
[11.702s] -- Installing: /home/administrator/Masterproject2/20_ROS/src/Robots/install/ur_msgs/include/ur_msgs/ur_msgs/msg/detail/analog__builder.hpp
[11.702s] -- Installing: /home/administrator/Masterproject2/20_ROS/src/Robots/install/ur_msgs/include/ur_msgs/ur_msgs/msg/detail/friction_model_parameters__struct.hpp
[11.702s] -- Installing: /home/administrator/Masterproject2/20_ROS/src/Robots/install/ur_msgs/include/ur_msgs/ur_msgs/msg/detail/friction_model_parameters__builder.hpp
[11.702s] -- Installing: /home/administrator/Masterproject2/20_ROS/src/Robots/install/ur_msgs/include/ur_msgs/ur_msgs/msg/detail/digital__type_support.hpp
[11.702s] -- Installing: /home/administrator/Masterproject2/20_ROS/src/Robots/install/ur_msgs/include/ur_msgs/ur_msgs/msg/detail/masterboard_data_msg__traits.hpp
[11.702s] -- Installing: /home/administrator/Masterproject2/20_ROS/src/Robots/install/ur_msgs/include/ur_msgs/ur_msgs/msg/detail/analog__traits.hpp
[11.702s] -- Installing: /home/administrator/Masterproject2/20_ROS/src/Robots/install/ur_msgs/include/ur_msgs/ur_msgs/msg/detail/tool_data_msg__struct.hpp
[11.702s] -- Installing: /home/administrator/Masterproject2/20_ROS/src/Robots/install/ur_msgs/include/ur_msgs/ur_msgs/msg/detail/tool_data_msg__traits.hpp
[11.702s] -- Installing: /home/administrator/Masterproject2/20_ROS/src/Robots/install/ur_msgs/include/ur_msgs/ur_msgs/msg/detail/digital__builder.hpp
[11.702s] -- Installing: /home/administrator/Masterproject2/20_ROS/src/Robots/install/ur_msgs/include/ur_msgs/ur_msgs/msg/detail/tool_data_msg__type_support.hpp
[11.702s] -- Installing: /home/administrator/Masterproject2/20_ROS/src/Robots/install/ur_msgs/include/ur_msgs/ur_msgs/msg/detail/tool_data_msg__builder.hpp
[11.702s] -- Installing: /home/administrator/Masterproject2/20_ROS/src/Robots/install/ur_msgs/include/ur_msgs/ur_msgs/msg/detail/io_states__builder.hpp
[11.702s] -- Installing: /home/administrator/Masterproject2/20_ROS/src/Robots/install/ur_msgs/include/ur_msgs/ur_msgs/msg/digital.hpp
[11.702s] -- Up-to-date: /home/administrator/Masterproject2/20_ROS/src/Robots/install/ur_msgs/include/ur_msgs/ur_msgs/srv
[11.703s] -- Installing: /home/administrator/Masterproject2/20_ROS/src/Robots/install/ur_msgs/include/ur_msgs/ur_msgs/srv/set_friction_model_parameters.hpp
[11.703s] -- Installing: /home/administrator/Masterproject2/20_ROS/src/Robots/install/ur_msgs/include/ur_msgs/ur_msgs/srv/set_payload.hpp
[11.703s] -- Installing: /home/administrator/Masterproject2/20_ROS/src/Robots/install/ur_msgs/include/ur_msgs/ur_msgs/srv/set_force_mode.hpp
[11.703s] -- Installing: /home/administrator/Masterproject2/20_ROS/src/Robots/install/ur_msgs/include/ur_msgs/ur_msgs/srv/set_io.hpp
[11.703s] -- Installing: /home/administrator/Masterproject2/20_ROS/src/Robots/install/ur_msgs/include/ur_msgs/ur_msgs/srv/get_robot_software_version.hpp
[11.703s] -- Up-to-date: /home/administrator/Masterproject2/20_ROS/src/Robots/install/ur_msgs/include/ur_msgs/ur_msgs/srv/detail
[11.703s] -- Installing: /home/administrator/Masterproject2/20_ROS/src/Robots/install/ur_msgs/include/ur_msgs/ur_msgs/srv/detail/set_analog_output__type_support.hpp
[11.703s] -- Installing: /home/administrator/Masterproject2/20_ROS/src/Robots/install/ur_msgs/include/ur_msgs/ur_msgs/srv/detail/set_speed_slider_fraction__struct.hpp
[11.703s] -- Installing: /home/administrator/Masterproject2/20_ROS/src/Robots/install/ur_msgs/include/ur_msgs/ur_msgs/srv/detail/get_robot_software_version__builder.hpp
[11.703s] -- Installing: /home/administrator/Masterproject2/20_ROS/src/Robots/install/ur_msgs/include/ur_msgs/ur_msgs/srv/detail/get_robot_software_version__type_support.hpp
[11.703s] -- Installing: /home/administrator/Masterproject2/20_ROS/src/Robots/install/ur_msgs/include/ur_msgs/ur_msgs/srv/detail/set_friction_model_parameters__traits.hpp
[11.703s] -- Installing: /home/administrator/Masterproject2/20_ROS/src/Robots/install/ur_msgs/include/ur_msgs/ur_msgs/srv/detail/set_gravity__builder.hpp
[11.703s] -- Installing: /home/administrator/Masterproject2/20_ROS/src/Robots/install/ur_msgs/include/ur_msgs/ur_msgs/srv/detail/set_gravity__struct.hpp
[11.703s] -- Installing: /home/administrator/Masterproject2/20_ROS/src/Robots/install/ur_msgs/include/ur_msgs/ur_msgs/srv/detail/set_io__traits.hpp
[11.704s] -- Installing: /home/administrator/Masterproject2/20_ROS/src/Robots/install/ur_msgs/include/ur_msgs/ur_msgs/srv/detail/set_analog_output__traits.hpp
[11.704s] -- Installing: /home/administrator/Masterproject2/20_ROS/src/Robots/install/ur_msgs/include/ur_msgs/ur_msgs/srv/detail/set_friction_model_parameters__struct.hpp
[11.704s] -- Installing: /home/administrator/Masterproject2/20_ROS/src/Robots/install/ur_msgs/include/ur_msgs/ur_msgs/srv/detail/set_speed_slider_fraction__traits.hpp
[11.704s] -- Installing: /home/administrator/Masterproject2/20_ROS/src/Robots/install/ur_msgs/include/ur_msgs/ur_msgs/srv/detail/set_speed_slider_fraction__builder.hpp
[11.704s] -- Installing: /home/administrator/Masterproject2/20_ROS/src/Robots/install/ur_msgs/include/ur_msgs/ur_msgs/srv/detail/set_gravity__traits.hpp
[11.704s] -- Installing: /home/administrator/Masterproject2/20_ROS/src/Robots/install/ur_msgs/include/ur_msgs/ur_msgs/srv/detail/set_force_mode__struct.hpp
[11.704s] -- Installing: /home/administrator/Masterproject2/20_ROS/src/Robots/install/ur_msgs/include/ur_msgs/ur_msgs/srv/detail/set_payload__struct.hpp
[11.704s] -- Installing: /home/administrator/Masterproject2/20_ROS/src/Robots/install/ur_msgs/include/ur_msgs/ur_msgs/srv/detail/set_payload__traits.hpp
[11.704s] -- Installing: /home/administrator/Masterproject2/20_ROS/src/Robots/install/ur_msgs/include/ur_msgs/ur_msgs/srv/detail/get_robot_software_version__traits.hpp
[11.704s] -- Installing: /home/administrator/Masterproject2/20_ROS/src/Robots/install/ur_msgs/include/ur_msgs/ur_msgs/srv/detail/set_friction_model_parameters__builder.hpp
[11.704s] -- Installing: /home/administrator/Masterproject2/20_ROS/src/Robots/install/ur_msgs/include/ur_msgs/ur_msgs/srv/detail/set_force_mode__type_support.hpp
[11.704s] -- Installing: /home/administrator/Masterproject2/20_ROS/src/Robots/install/ur_msgs/include/ur_msgs/ur_msgs/srv/detail/set_gravity__type_support.hpp
[11.704s] -- Installing: /home/administrator/Masterproject2/20_ROS/src/Robots/install/ur_msgs/include/ur_msgs/ur_msgs/srv/detail/set_io__type_support.hpp
[11.704s] -- Installing: /home/administrator/Masterproject2/20_ROS/src/Robots/install/ur_msgs/include/ur_msgs/ur_msgs/srv/detail/set_speed_slider_fraction__type_support.hpp
[11.704s] -- Installing: /home/administrator/Masterproject2/20_ROS/src/Robots/install/ur_msgs/include/ur_msgs/ur_msgs/srv/detail/set_payload__builder.hpp
[11.704s] -- Installing: /home/administrator/Masterproject2/20_ROS/src/Robots/install/ur_msgs/include/ur_msgs/ur_msgs/srv/detail/set_force_mode__traits.hpp
[11.704s] -- Installing: /home/administrator/Masterproject2/20_ROS/src/Robots/install/ur_msgs/include/ur_msgs/ur_msgs/srv/detail/set_force_mode__builder.hpp
[11.704s] -- Installing: /home/administrator/Masterproject2/20_ROS/src/Robots/install/ur_msgs/include/ur_msgs/ur_msgs/srv/detail/get_robot_software_version__struct.hpp
[11.704s] -- Installing: /home/administrator/Masterproject2/20_ROS/src/Robots/install/ur_msgs/include/ur_msgs/ur_msgs/srv/detail/set_analog_output__struct.hpp
[11.704s] -- Installing: /home/administrator/Masterproject2/20_ROS/src/Robots/install/ur_msgs/include/ur_msgs/ur_msgs/srv/detail/set_analog_output__builder.hpp
[11.704s] -- Installing: /home/administrator/Masterproject2/20_ROS/src/Robots/install/ur_msgs/include/ur_msgs/ur_msgs/srv/detail/set_friction_model_parameters__type_support.hpp
[11.705s] -- Installing: /home/administrator/Masterproject2/20_ROS/src/Robots/install/ur_msgs/include/ur_msgs/ur_msgs/srv/detail/set_io__struct.hpp
[11.705s] -- Installing: /home/administrator/Masterproject2/20_ROS/src/Robots/install/ur_msgs/include/ur_msgs/ur_msgs/srv/detail/set_io__builder.hpp
[11.705s] -- Installing: /home/administrator/Masterproject2/20_ROS/src/Robots/install/ur_msgs/include/ur_msgs/ur_msgs/srv/detail/set_payload__type_support.hpp
[11.705s] -- Installing: /home/administrator/Masterproject2/20_ROS/src/Robots/install/ur_msgs/include/ur_msgs/ur_msgs/srv/set_speed_slider_fraction.hpp
[11.705s] -- Installing: /home/administrator/Masterproject2/20_ROS/src/Robots/install/ur_msgs/include/ur_msgs/ur_msgs/srv/set_analog_output.hpp
[11.705s] -- Installing: /home/administrator/Masterproject2/20_ROS/src/Robots/install/ur_msgs/include/ur_msgs/ur_msgs/srv/set_gravity.hpp
[11.705s] -- Up-to-date: /home/administrator/Masterproject2/20_ROS/src/Robots/install/ur_msgs/include/ur_msgs/ur_msgs/action
[11.705s] -- Installing: /home/administrator/Masterproject2/20_ROS/src/Robots/install/ur_msgs/include/ur_msgs/ur_msgs/action/tool_contact.hpp
[11.705s] -- Installing: /home/administrator/Masterproject2/20_ROS/src/Robots/install/ur_msgs/include/ur_msgs/ur_msgs/action/send_script.hpp
[11.705s] -- Up-to-date: /home/administrator/Masterproject2/20_ROS/src/Robots/install/ur_msgs/include/ur_msgs/ur_msgs/action/detail
[11.705s] -- Installing: /home/administrator/Masterproject2/20_ROS/src/Robots/install/ur_msgs/include/ur_msgs/ur_msgs/action/detail/tool_contact__struct.hpp
[11.705s] -- Installing: /home/administrator/Masterproject2/20_ROS/src/Robots/install/ur_msgs/include/ur_msgs/ur_msgs/action/detail/tool_contact__type_support.hpp
[11.705s] -- Installing: /home/administrator/Masterproject2/20_ROS/src/Robots/install/ur_msgs/include/ur_msgs/ur_msgs/action/detail/follow_joint_trajectory_until__type_support.hpp
[11.705s] -- Installing: /home/administrator/Masterproject2/20_ROS/src/Robots/install/ur_msgs/include/ur_msgs/ur_msgs/action/detail/send_script__builder.hpp
[11.705s] -- Installing: /home/administrator/Masterproject2/20_ROS/src/Robots/install/ur_msgs/include/ur_msgs/ur_msgs/action/detail/send_script__struct.hpp
[11.705s] -- Installing: /home/administrator/Masterproject2/20_ROS/src/Robots/install/ur_msgs/include/ur_msgs/ur_msgs/action/detail/follow_joint_trajectory_until__traits.hpp
[11.705s] -- Installing: /home/administrator/Masterproject2/20_ROS/src/Robots/install/ur_msgs/include/ur_msgs/ur_msgs/action/detail/tool_contact__traits.hpp
[11.705s] -- Installing: /home/administrator/Masterproject2/20_ROS/src/Robots/install/ur_msgs/include/ur_msgs/ur_msgs/action/detail/send_script__traits.hpp
[11.705s] -- Installing: /home/administrator/Masterproject2/20_ROS/src/Robots/install/ur_msgs/include/ur_msgs/ur_msgs/action/detail/follow_joint_trajectory_until__builder.hpp
[11.705s] -- Installing: /home/administrator/Masterproject2/20_ROS/src/Robots/install/ur_msgs/include/ur_msgs/ur_msgs/action/detail/tool_contact__builder.hpp
[11.705s] -- Installing: /home/administrator/Masterproject2/20_ROS/src/Robots/install/ur_msgs/include/ur_msgs/ur_msgs/action/detail/follow_joint_trajectory_until__struct.hpp
[11.706s] -- Installing: /home/administrator/Masterproject2/20_ROS/src/Robots/install/ur_msgs/include/ur_msgs/ur_msgs/action/detail/send_script__type_support.hpp
[11.706s] -- Installing: /home/administrator/Masterproject2/20_ROS/src/Robots/install/ur_msgs/include/ur_msgs/ur_msgs/action/follow_joint_trajectory_until.hpp
[11.706s] -- Up-to-date: /home/administrator/Masterproject2/20_ROS/src/Robots/install/ur_msgs/include/ur_msgs/ur_msgs
[11.706s] -- Up-to-date: /home/administrator/Masterproject2/20_ROS/src/Robots/install/ur_msgs/include/ur_msgs/ur_msgs/msg
[11.706s] -- Installing: /home/administrator/Masterproject2/20_ROS/src/Robots/install/ur_msgs/include/ur_msgs/ur_msgs/msg/rosidl_typesupport_fastrtps_cpp__visibility_control.h
[11.706s] -- Up-to-date: /home/administrator/Masterproject2/20_ROS/src/Robots/install/ur_msgs/include/ur_msgs/ur_msgs/msg/detail
[11.706s] -- Installing: /home/administrator/Masterproject2/20_ROS/src/Robots/install/ur_msgs/include/ur_msgs/ur_msgs/msg/detail/robot_mode_data_msg__rosidl_typesupport_fastrtps_cpp.hpp
[11.706s] -- Installing: /home/administrator/Masterproject2/20_ROS/src/Robots/install/ur_msgs/include/ur_msgs/ur_msgs/msg/detail/tool_data_msg__rosidl_typesupport_fastrtps_cpp.hpp
[11.706s] -- Installing: /home/administrator/Masterproject2/20_ROS/src/Robots/install/ur_msgs/include/ur_msgs/ur_msgs/msg/detail/masterboard_data_msg__rosidl_typesupport_fastrtps_cpp.hpp
[11.706s] -- Installing: /home/administrator/Masterproject2/20_ROS/src/Robots/install/ur_msgs/include/ur_msgs/ur_msgs/msg/detail/friction_model_parameters__rosidl_typesupport_fastrtps_cpp.hpp
[11.706s] -- Installing: /home/administrator/Masterproject2/20_ROS/src/Robots/install/ur_msgs/include/ur_msgs/ur_msgs/msg/detail/analog__rosidl_typesupport_fastrtps_cpp.hpp
[11.706s] -- Installing: /home/administrator/Masterproject2/20_ROS/src/Robots/install/ur_msgs/include/ur_msgs/ur_msgs/msg/detail/digital__rosidl_typesupport_fastrtps_cpp.hpp
[11.706s] -- Installing: /home/administrator/Masterproject2/20_ROS/src/Robots/install/ur_msgs/include/ur_msgs/ur_msgs/msg/detail/robot_state_rt_msg__rosidl_typesupport_fastrtps_cpp.hpp
[11.706s] -- Installing: /home/administrator/Masterproject2/20_ROS/src/Robots/install/ur_msgs/include/ur_msgs/ur_msgs/msg/detail/dds_fastrtps
[11.706s] -- Installing: /home/administrator/Masterproject2/20_ROS/src/Robots/install/ur_msgs/include/ur_msgs/ur_msgs/msg/detail/io_states__rosidl_typesupport_fastrtps_cpp.hpp
[11.706s] -- Up-to-date: /home/administrator/Masterproject2/20_ROS/src/Robots/install/ur_msgs/include/ur_msgs/ur_msgs/srv
[11.706s] -- Up-to-date: /home/administrator/Masterproject2/20_ROS/src/Robots/install/ur_msgs/include/ur_msgs/ur_msgs/srv/detail
[11.706s] -- Installing: /home/administrator/Masterproject2/20_ROS/src/Robots/install/ur_msgs/include/ur_msgs/ur_msgs/srv/detail/set_payload__rosidl_typesupport_fastrtps_cpp.hpp
[11.706s] -- Installing: /home/administrator/Masterproject2/20_ROS/src/Robots/install/ur_msgs/include/ur_msgs/ur_msgs/srv/detail/set_speed_slider_fraction__rosidl_typesupport_fastrtps_cpp.hpp
[11.706s] -- Installing: /home/administrator/Masterproject2/20_ROS/src/Robots/install/ur_msgs/include/ur_msgs/ur_msgs/srv/detail/set_force_mode__rosidl_typesupport_fastrtps_cpp.hpp
[11.706s] -- Installing: /home/administrator/Masterproject2/20_ROS/src/Robots/install/ur_msgs/include/ur_msgs/ur_msgs/srv/detail/set_friction_model_parameters__rosidl_typesupport_fastrtps_cpp.hpp
[11.706s] -- Installing: /home/administrator/Masterproject2/20_ROS/src/Robots/install/ur_msgs/include/ur_msgs/ur_msgs/srv/detail/get_robot_software_version__rosidl_typesupport_fastrtps_cpp.hpp
[11.706s] -- Installing: /home/administrator/Masterproject2/20_ROS/src/Robots/install/ur_msgs/include/ur_msgs/ur_msgs/srv/detail/set_gravity__rosidl_typesupport_fastrtps_cpp.hpp
[11.706s] -- Installing: /home/administrator/Masterproject2/20_ROS/src/Robots/install/ur_msgs/include/ur_msgs/ur_msgs/srv/detail/set_analog_output__rosidl_typesupport_fastrtps_cpp.hpp
[11.706s] -- Installing: /home/administrator/Masterproject2/20_ROS/src/Robots/install/ur_msgs/include/ur_msgs/ur_msgs/srv/detail/set_io__rosidl_typesupport_fastrtps_cpp.hpp
[11.707s] -- Installing: /home/administrator/Masterproject2/20_ROS/src/Robots/install/ur_msgs/include/ur_msgs/ur_msgs/srv/detail/dds_fastrtps
[11.707s] -- Up-to-date: /home/administrator/Masterproject2/20_ROS/src/Robots/install/ur_msgs/include/ur_msgs/ur_msgs/action
[11.707s] -- Up-to-date: /home/administrator/Masterproject2/20_ROS/src/Robots/install/ur_msgs/include/ur_msgs/ur_msgs/action/detail
[11.707s] -- Installing: /home/administrator/Masterproject2/20_ROS/src/Robots/install/ur_msgs/include/ur_msgs/ur_msgs/action/detail/tool_contact__rosidl_typesupport_fastrtps_cpp.hpp
[11.707s] -- Installing: /home/administrator/Masterproject2/20_ROS/src/Robots/install/ur_msgs/include/ur_msgs/ur_msgs/action/detail/send_script__rosidl_typesupport_fastrtps_cpp.hpp
[11.707s] -- Installing: /home/administrator/Masterproject2/20_ROS/src/Robots/install/ur_msgs/include/ur_msgs/ur_msgs/action/detail/follow_joint_trajectory_until__rosidl_typesupport_fastrtps_cpp.hpp
[11.707s] -- Installing: /home/administrator/Masterproject2/20_ROS/src/Robots/install/ur_msgs/include/ur_msgs/ur_msgs/action/detail/dds_fastrtps
[11.707s] -- Installing: /home/administrator/Masterproject2/20_ROS/src/Robots/install/ur_msgs/lib/libur_msgs__rosidl_typesupport_fastrtps_cpp.so
[11.707s] -- Set non-toolchain portion of runtime path of "/home/administrator/Masterproject2/20_ROS/src/Robots/install/ur_msgs/lib/libur_msgs__rosidl_typesupport_fastrtps_cpp.so" to ""
[11.707s] -- Up-to-date: /home/administrator/Masterproject2/20_ROS/src/Robots/install/ur_msgs/include/ur_msgs/ur_msgs
[11.707s] -- Up-to-date: /home/administrator/Masterproject2/20_ROS/src/Robots/install/ur_msgs/include/ur_msgs/ur_msgs/msg
[11.707s] -- Installing: /home/administrator/Masterproject2/20_ROS/src/Robots/install/ur_msgs/include/ur_msgs/ur_msgs/msg/rosidl_typesupport_introspection_c__visibility_control.h
[11.707s] -- Up-to-date: /home/administrator/Masterproject2/20_ROS/src/Robots/install/ur_msgs/include/ur_msgs/ur_msgs/msg/detail
[11.707s] -- Installing: /home/administrator/Masterproject2/20_ROS/src/Robots/install/ur_msgs/include/ur_msgs/ur_msgs/msg/detail/robot_state_rt_msg__rosidl_typesupport_introspection_c.h
[11.707s] -- Installing: /home/administrator/Masterproject2/20_ROS/src/Robots/install/ur_msgs/include/ur_msgs/ur_msgs/msg/detail/io_states__rosidl_typesupport_introspection_c.h
[11.707s] -- Installing: /home/administrator/Masterproject2/20_ROS/src/Robots/install/ur_msgs/include/ur_msgs/ur_msgs/msg/detail/robot_mode_data_msg__type_support.c
[11.707s] -- Installing: /home/administrator/Masterproject2/20_ROS/src/Robots/install/ur_msgs/include/ur_msgs/ur_msgs/msg/detail/friction_model_parameters__rosidl_typesupport_introspection_c.h
[11.707s] -- Installing: /home/administrator/Masterproject2/20_ROS/src/Robots/install/ur_msgs/include/ur_msgs/ur_msgs/msg/detail/tool_data_msg__rosidl_typesupport_introspection_c.h
[11.707s] -- Installing: /home/administrator/Masterproject2/20_ROS/src/Robots/install/ur_msgs/include/ur_msgs/ur_msgs/msg/detail/digital__type_support.c
[11.707s] -- Installing: /home/administrator/Masterproject2/20_ROS/src/Robots/install/ur_msgs/include/ur_msgs/ur_msgs/msg/detail/io_states__type_support.c
[11.707s] -- Installing: /home/administrator/Masterproject2/20_ROS/src/Robots/install/ur_msgs/include/ur_msgs/ur_msgs/msg/detail/analog__rosidl_typesupport_introspection_c.h
[11.707s] -- Installing: /home/administrator/Masterproject2/20_ROS/src/Robots/install/ur_msgs/include/ur_msgs/ur_msgs/msg/detail/robot_mode_data_msg__rosidl_typesupport_introspection_c.h
[11.707s] -- Installing: /home/administrator/Masterproject2/20_ROS/src/Robots/install/ur_msgs/include/ur_msgs/ur_msgs/msg/detail/friction_model_parameters__type_support.c
[11.707s] -- Installing: /home/administrator/Masterproject2/20_ROS/src/Robots/install/ur_msgs/include/ur_msgs/ur_msgs/msg/detail/robot_state_rt_msg__type_support.c
[11.707s] -- Installing: /home/administrator/Masterproject2/20_ROS/src/Robots/install/ur_msgs/include/ur_msgs/ur_msgs/msg/detail/digital__rosidl_typesupport_introspection_c.h
[11.707s] -- Installing: /home/administrator/Masterproject2/20_ROS/src/Robots/install/ur_msgs/include/ur_msgs/ur_msgs/msg/detail/masterboard_data_msg__type_support.c
[11.707s] -- Installing: /home/administrator/Masterproject2/20_ROS/src/Robots/install/ur_msgs/include/ur_msgs/ur_msgs/msg/detail/analog__type_support.c
[11.707s] -- Installing: /home/administrator/Masterproject2/20_ROS/src/Robots/install/ur_msgs/include/ur_msgs/ur_msgs/msg/detail/tool_data_msg__type_support.c
[11.707s] -- Installing: /home/administrator/Masterproject2/20_ROS/src/Robots/install/ur_msgs/include/ur_msgs/ur_msgs/msg/detail/masterboard_data_msg__rosidl_typesupport_introspection_c.h
[11.707s] -- Up-to-date: /home/administrator/Masterproject2/20_ROS/src/Robots/install/ur_msgs/include/ur_msgs/ur_msgs/srv
[11.707s] -- Up-to-date: /home/administrator/Masterproject2/20_ROS/src/Robots/install/ur_msgs/include/ur_msgs/ur_msgs/srv/detail
[11.707s] -- Installing: /home/administrator/Masterproject2/20_ROS/src/Robots/install/ur_msgs/include/ur_msgs/ur_msgs/srv/detail/set_io__type_support.c
[11.707s] -- Installing: /home/administrator/Masterproject2/20_ROS/src/Robots/install/ur_msgs/include/ur_msgs/ur_msgs/srv/detail/set_analog_output__rosidl_typesupport_introspection_c.h
[11.707s] -- Installing: /home/administrator/Masterproject2/20_ROS/src/Robots/install/ur_msgs/include/ur_msgs/ur_msgs/srv/detail/set_friction_model_parameters__type_support.c
[11.708s] -- Installing: /home/administrator/Masterproject2/20_ROS/src/Robots/install/ur_msgs/include/ur_msgs/ur_msgs/srv/detail/set_io__rosidl_typesupport_introspection_c.h
[11.708s] -- Installing: /home/administrator/Masterproject2/20_ROS/src/Robots/install/ur_msgs/include/ur_msgs/ur_msgs/srv/detail/set_gravity__type_support.c
[11.708s] -- Installing: /home/administrator/Masterproject2/20_ROS/src/Robots/install/ur_msgs/include/ur_msgs/ur_msgs/srv/detail/set_payload__rosidl_typesupport_introspection_c.h
[11.708s] -- Installing: /home/administrator/Masterproject2/20_ROS/src/Robots/install/ur_msgs/include/ur_msgs/ur_msgs/srv/detail/set_force_mode__type_support.c
[11.708s] -- Installing: /home/administrator/Masterproject2/20_ROS/src/Robots/install/ur_msgs/include/ur_msgs/ur_msgs/srv/detail/set_speed_slider_fraction__rosidl_typesupport_introspection_c.h
[11.708s] -- Installing: /home/administrator/Masterproject2/20_ROS/src/Robots/install/ur_msgs/include/ur_msgs/ur_msgs/srv/detail/get_robot_software_version__type_support.c
[11.708s] -- Installing: /home/administrator/Masterproject2/20_ROS/src/Robots/install/ur_msgs/include/ur_msgs/ur_msgs/srv/detail/set_analog_output__type_support.c
[11.708s] -- Installing: /home/administrator/Masterproject2/20_ROS/src/Robots/install/ur_msgs/include/ur_msgs/ur_msgs/srv/detail/get_robot_software_version__rosidl_typesupport_introspection_c.h
[11.708s] -- Installing: /home/administrator/Masterproject2/20_ROS/src/Robots/install/ur_msgs/include/ur_msgs/ur_msgs/srv/detail/set_force_mode__rosidl_typesupport_introspection_c.h
[11.708s] -- Installing: /home/administrator/Masterproject2/20_ROS/src/Robots/install/ur_msgs/include/ur_msgs/ur_msgs/srv/detail/set_speed_slider_fraction__type_support.c
[11.708s] -- Installing: /home/administrator/Masterproject2/20_ROS/src/Robots/install/ur_msgs/include/ur_msgs/ur_msgs/srv/detail/set_friction_model_parameters__rosidl_typesupport_introspection_c.h
[11.708s] -- Installing: /home/administrator/Masterproject2/20_ROS/src/Robots/install/ur_msgs/include/ur_msgs/ur_msgs/srv/detail/set_payload__type_support.c
[11.708s] -- Installing: /home/administrator/Masterproject2/20_ROS/src/Robots/install/ur_msgs/include/ur_msgs/ur_msgs/srv/detail/set_gravity__rosidl_typesupport_introspection_c.h
[11.708s] -- Up-to-date: /home/administrator/Masterproject2/20_ROS/src/Robots/install/ur_msgs/include/ur_msgs/ur_msgs/action
[11.708s] -- Up-to-date: /home/administrator/Masterproject2/20_ROS/src/Robots/install/ur_msgs/include/ur_msgs/ur_msgs/action/detail
[11.708s] -- Installing: /home/administrator/Masterproject2/20_ROS/src/Robots/install/ur_msgs/include/ur_msgs/ur_msgs/action/detail/follow_joint_trajectory_until__rosidl_typesupport_introspection_c.h
[11.708s] -- Installing: /home/administrator/Masterproject2/20_ROS/src/Robots/install/ur_msgs/include/ur_msgs/ur_msgs/action/detail/send_script__type_support.c
[11.708s] -- Installing: /home/administrator/Masterproject2/20_ROS/src/Robots/install/ur_msgs/include/ur_msgs/ur_msgs/action/detail/follow_joint_trajectory_until__type_support.c
[11.708s] -- Installing: /home/administrator/Masterproject2/20_ROS/src/Robots/install/ur_msgs/include/ur_msgs/ur_msgs/action/detail/send_script__rosidl_typesupport_introspection_c.h
[11.708s] -- Installing: /home/administrator/Masterproject2/20_ROS/src/Robots/install/ur_msgs/include/ur_msgs/ur_msgs/action/detail/tool_contact__type_support.c
[11.708s] -- Installing: /home/administrator/Masterproject2/20_ROS/src/Robots/install/ur_msgs/include/ur_msgs/ur_msgs/action/detail/tool_contact__rosidl_typesupport_introspection_c.h
[11.708s] -- Installing: /home/administrator/Masterproject2/20_ROS/src/Robots/install/ur_msgs/lib/libur_msgs__rosidl_typesupport_introspection_c.so
[11.708s] -- Set non-toolchain portion of runtime path of "/home/administrator/Masterproject2/20_ROS/src/Robots/install/ur_msgs/lib/libur_msgs__rosidl_typesupport_introspection_c.so" to ""
[11.708s] -- Installing: /home/administrator/Masterproject2/20_ROS/src/Robots/install/ur_msgs/lib/libur_msgs__rosidl_typesupport_c.so
[11.708s] -- Set non-toolchain portion of runtime path of "/home/administrator/Masterproject2/20_ROS/src/Robots/install/ur_msgs/lib/libur_msgs__rosidl_typesupport_c.so" to ""
[11.708s] -- Up-to-date: /home/administrator/Masterproject2/20_ROS/src/Robots/install/ur_msgs/include/ur_msgs/ur_msgs
[11.708s] -- Up-to-date: /home/administrator/Masterproject2/20_ROS/src/Robots/install/ur_msgs/include/ur_msgs/ur_msgs/msg
[11.708s] -- Up-to-date: /home/administrator/Masterproject2/20_ROS/src/Robots/install/ur_msgs/include/ur_msgs/ur_msgs/msg/detail
[11.708s] -- Installing: /home/administrator/Masterproject2/20_ROS/src/Robots/install/ur_msgs/include/ur_msgs/ur_msgs/msg/detail/friction_model_parameters__rosidl_typesupport_introspection_cpp.hpp
[11.708s] -- Installing: /home/administrator/Masterproject2/20_ROS/src/Robots/install/ur_msgs/include/ur_msgs/ur_msgs/msg/detail/io_states__type_support.cpp
[11.708s] -- Installing: /home/administrator/Masterproject2/20_ROS/src/Robots/install/ur_msgs/include/ur_msgs/ur_msgs/msg/detail/robot_mode_data_msg__type_support.cpp
[11.709s] -- Installing: /home/administrator/Masterproject2/20_ROS/src/Robots/install/ur_msgs/include/ur_msgs/ur_msgs/msg/detail/digital__type_support.cpp
[11.709s] -- Installing: /home/administrator/Masterproject2/20_ROS/src/Robots/install/ur_msgs/include/ur_msgs/ur_msgs/msg/detail/robot_mode_data_msg__rosidl_typesupport_introspection_cpp.hpp
[11.709s] -- Installing: /home/administrator/Masterproject2/20_ROS/src/Robots/install/ur_msgs/include/ur_msgs/ur_msgs/msg/detail/analog__type_support.cpp
[11.709s] -- Installing: /home/administrator/Masterproject2/20_ROS/src/Robots/install/ur_msgs/include/ur_msgs/ur_msgs/msg/detail/friction_model_parameters__type_support.cpp
[11.709s] -- Installing: /home/administrator/Masterproject2/20_ROS/src/Robots/install/ur_msgs/include/ur_msgs/ur_msgs/msg/detail/robot_state_rt_msg__type_support.cpp
[11.709s] -- Installing: /home/administrator/Masterproject2/20_ROS/src/Robots/install/ur_msgs/include/ur_msgs/ur_msgs/msg/detail/digital__rosidl_typesupport_introspection_cpp.hpp
[11.709s] -- Installing: /home/administrator/Masterproject2/20_ROS/src/Robots/install/ur_msgs/include/ur_msgs/ur_msgs/msg/detail/tool_data_msg__rosidl_typesupport_introspection_cpp.hpp
[11.709s] -- Installing: /home/administrator/Masterproject2/20_ROS/src/Robots/install/ur_msgs/include/ur_msgs/ur_msgs/msg/detail/tool_data_msg__type_support.cpp
[11.709s] -- Installing: /home/administrator/Masterproject2/20_ROS/src/Robots/install/ur_msgs/include/ur_msgs/ur_msgs/msg/detail/robot_state_rt_msg__rosidl_typesupport_introspection_cpp.hpp
[11.709s] -- Installing: /home/administrator/Masterproject2/20_ROS/src/Robots/install/ur_msgs/include/ur_msgs/ur_msgs/msg/detail/io_states__rosidl_typesupport_introspection_cpp.hpp
[11.709s] -- Installing: /home/administrator/Masterproject2/20_ROS/src/Robots/install/ur_msgs/include/ur_msgs/ur_msgs/msg/detail/masterboard_data_msg__type_support.cpp
[11.709s] -- Installing: /home/administrator/Masterproject2/20_ROS/src/Robots/install/ur_msgs/include/ur_msgs/ur_msgs/msg/detail/masterboard_data_msg__rosidl_typesupport_introspection_cpp.hpp
[11.709s] -- Installing: /home/administrator/Masterproject2/20_ROS/src/Robots/install/ur_msgs/include/ur_msgs/ur_msgs/msg/detail/analog__rosidl_typesupport_introspection_cpp.hpp
[11.709s] -- Up-to-date: /home/administrator/Masterproject2/20_ROS/src/Robots/install/ur_msgs/include/ur_msgs/ur_msgs/srv
[11.709s] -- Up-to-date: /home/administrator/Masterproject2/20_ROS/src/Robots/install/ur_msgs/include/ur_msgs/ur_msgs/srv/detail
[11.709s] -- Installing: /home/administrator/Masterproject2/20_ROS/src/Robots/install/ur_msgs/include/ur_msgs/ur_msgs/srv/detail/set_analog_output__rosidl_typesupport_introspection_cpp.hpp
[11.709s] -- Installing: /home/administrator/Masterproject2/20_ROS/src/Robots/install/ur_msgs/include/ur_msgs/ur_msgs/srv/detail/set_force_mode__rosidl_typesupport_introspection_cpp.hpp
[11.709s] -- Installing: /home/administrator/Masterproject2/20_ROS/src/Robots/install/ur_msgs/include/ur_msgs/ur_msgs/srv/detail/set_gravity__type_support.cpp
[11.709s] -- Installing: /home/administrator/Masterproject2/20_ROS/src/Robots/install/ur_msgs/include/ur_msgs/ur_msgs/srv/detail/get_robot_software_version__rosidl_typesupport_introspection_cpp.hpp
[11.709s] -- Installing: /home/administrator/Masterproject2/20_ROS/src/Robots/install/ur_msgs/include/ur_msgs/ur_msgs/srv/detail/set_friction_model_parameters__rosidl_typesupport_introspection_cpp.hpp
[11.709s] -- Installing: /home/administrator/Masterproject2/20_ROS/src/Robots/install/ur_msgs/include/ur_msgs/ur_msgs/srv/detail/set_payload__rosidl_typesupport_introspection_cpp.hpp
[11.709s] -- Installing: /home/administrator/Masterproject2/20_ROS/src/Robots/install/ur_msgs/include/ur_msgs/ur_msgs/srv/detail/set_speed_slider_fraction__type_support.cpp
[11.709s] -- Installing: /home/administrator/Masterproject2/20_ROS/src/Robots/install/ur_msgs/include/ur_msgs/ur_msgs/srv/detail/set_speed_slider_fraction__rosidl_typesupport_introspection_cpp.hpp
[11.709s] -- Installing: /home/administrator/Masterproject2/20_ROS/src/Robots/install/ur_msgs/include/ur_msgs/ur_msgs/srv/detail/get_robot_software_version__type_support.cpp
[11.709s] -- Installing: /home/administrator/Masterproject2/20_ROS/src/Robots/install/ur_msgs/include/ur_msgs/ur_msgs/srv/detail/set_gravity__rosidl_typesupport_introspection_cpp.hpp
[11.709s] -- Installing: /home/administrator/Masterproject2/20_ROS/src/Robots/install/ur_msgs/include/ur_msgs/ur_msgs/srv/detail/set_force_mode__type_support.cpp
[11.709s] -- Installing: /home/administrator/Masterproject2/20_ROS/src/Robots/install/ur_msgs/include/ur_msgs/ur_msgs/srv/detail/set_io__rosidl_typesupport_introspection_cpp.hpp
[11.709s] -- Installing: /home/administrator/Masterproject2/20_ROS/src/Robots/install/ur_msgs/include/ur_msgs/ur_msgs/srv/detail/set_friction_model_parameters__type_support.cpp
[11.709s] -- Installing: /home/administrator/Masterproject2/20_ROS/src/Robots/install/ur_msgs/include/ur_msgs/ur_msgs/srv/detail/set_io__type_support.cpp
[11.709s] -- Installing: /home/administrator/Masterproject2/20_ROS/src/Robots/install/ur_msgs/include/ur_msgs/ur_msgs/srv/detail/set_payload__type_support.cpp
[11.709s] -- Installing: /home/administrator/Masterproject2/20_ROS/src/Robots/install/ur_msgs/include/ur_msgs/ur_msgs/srv/detail/set_analog_output__type_support.cpp
[11.710s] -- Up-to-date: /home/administrator/Masterproject2/20_ROS/src/Robots/install/ur_msgs/include/ur_msgs/ur_msgs/action
[11.710s] -- Up-to-date: /home/administrator/Masterproject2/20_ROS/src/Robots/install/ur_msgs/include/ur_msgs/ur_msgs/action/detail
[11.710s] -- Installing: /home/administrator/Masterproject2/20_ROS/src/Robots/install/ur_msgs/include/ur_msgs/ur_msgs/action/detail/send_script__type_support.cpp
[11.710s] -- Installing: /home/administrator/Masterproject2/20_ROS/src/Robots/install/ur_msgs/include/ur_msgs/ur_msgs/action/detail/send_script__rosidl_typesupport_introspection_cpp.hpp
[11.710s] -- Installing: /home/administrator/Masterproject2/20_ROS/src/Robots/install/ur_msgs/include/ur_msgs/ur_msgs/action/detail/follow_joint_trajectory_until__type_support.cpp
[11.710s] -- Installing: /home/administrator/Masterproject2/20_ROS/src/Robots/install/ur_msgs/include/ur_msgs/ur_msgs/action/detail/tool_contact__rosidl_typesupport_introspection_cpp.hpp
[11.710s] -- Installing: /home/administrator/Masterproject2/20_ROS/src/Robots/install/ur_msgs/include/ur_msgs/ur_msgs/action/detail/follow_joint_trajectory_until__rosidl_typesupport_introspection_cpp.hpp
[11.710s] -- Installing: /home/administrator/Masterproject2/20_ROS/src/Robots/install/ur_msgs/include/ur_msgs/ur_msgs/action/detail/tool_contact__type_support.cpp
[11.710s] -- Installing: /home/administrator/Masterproject2/20_ROS/src/Robots/install/ur_msgs/lib/libur_msgs__rosidl_typesupport_introspection_cpp.so
[11.710s] -- Set non-toolchain portion of runtime path of "/home/administrator/Masterproject2/20_ROS/src/Robots/install/ur_msgs/lib/libur_msgs__rosidl_typesupport_introspection_cpp.so" to ""
[11.710s] -- Installing: /home/administrator/Masterproject2/20_ROS/src/Robots/install/ur_msgs/lib/libur_msgs__rosidl_typesupport_cpp.so
[11.710s] -- Set non-toolchain portion of runtime path of "/home/administrator/Masterproject2/20_ROS/src/Robots/install/ur_msgs/lib/libur_msgs__rosidl_typesupport_cpp.so" to ""
[11.710s] -- Installing: /home/administrator/Masterproject2/20_ROS/src/Robots/install/ur_msgs/share/ur_msgs/environment/pythonpath.sh
[11.710s] -- Installing: /home/administrator/Masterproject2/20_ROS/src/Robots/install/ur_msgs/share/ur_msgs/environment/pythonpath.dsv
[11.710s] -- Installing: /home/administrator/Masterproject2/20_ROS/src/Robots/install/ur_msgs/lib/python3.12/site-packages/ur_msgs-2.6.0-py3.12.egg-info
[11.710s] -- Installing: /home/administrator/Masterproject2/20_ROS/src/Robots/install/ur_msgs/lib/python3.12/site-packages/ur_msgs-2.6.0-py3.12.egg-info/dependency_links.txt
[11.710s] -- Installing: /home/administrator/Masterproject2/20_ROS/src/Robots/install/ur_msgs/lib/python3.12/site-packages/ur_msgs-2.6.0-py3.12.egg-info/top_level.txt
[11.710s] -- Installing: /home/administrator/Masterproject2/20_ROS/src/Robots/install/ur_msgs/lib/python3.12/site-packages/ur_msgs-2.6.0-py3.12.egg-info/SOURCES.txt
[11.710s] -- Installing: /home/administrator/Masterproject2/20_ROS/src/Robots/install/ur_msgs/lib/python3.12/site-packages/ur_msgs-2.6.0-py3.12.egg-info/PKG-INFO
[11.710s] -- Installing: /home/administrator/Masterproject2/20_ROS/src/Robots/install/ur_msgs/lib/python3.12/site-packages/ur_msgs
[11.710s] -- Installing: /home/administrator/Masterproject2/20_ROS/src/Robots/install/ur_msgs/lib/python3.12/site-packages/ur_msgs/_ur_msgs_s.ep.rosidl_typesupport_introspection_c.c
[11.710s] -- Installing: /home/administrator/Masterproject2/20_ROS/src/Robots/install/ur_msgs/lib/python3.12/site-packages/ur_msgs/__init__.py
[11.710s] -- Installing: /home/administrator/Masterproject2/20_ROS/src/Robots/install/ur_msgs/lib/python3.12/site-packages/ur_msgs/ur_msgs_s__rosidl_typesupport_c.so
[11.710s] -- Installing: /home/administrator/Masterproject2/20_ROS/src/Robots/install/ur_msgs/lib/python3.12/site-packages/ur_msgs/ur_msgs_s__rosidl_typesupport_fastrtps_c.so
[11.710s] -- Installing: /home/administrator/Masterproject2/20_ROS/src/Robots/install/ur_msgs/lib/python3.12/site-packages/ur_msgs/msg
[11.710s] -- Installing: /home/administrator/Masterproject2/20_ROS/src/Robots/install/ur_msgs/lib/python3.12/site-packages/ur_msgs/msg/_digital_s.c
[11.710s] -- Installing: /home/administrator/Masterproject2/20_ROS/src/Robots/install/ur_msgs/lib/python3.12/site-packages/ur_msgs/msg/_io_states_s.c
[11.710s] -- Installing: /home/administrator/Masterproject2/20_ROS/src/Robots/install/ur_msgs/lib/python3.12/site-packages/ur_msgs/msg/_tool_data_msg.py
[11.711s] -- Installing: /home/administrator/Masterproject2/20_ROS/src/Robots/install/ur_msgs/lib/python3.12/site-packages/ur_msgs/msg/__init__.py
[11.711s] -- Installing: /home/administrator/Masterproject2/20_ROS/src/Robots/install/ur_msgs/lib/python3.12/site-packages/ur_msgs/msg/_robot_state_rt_msg.py
[11.711s] -- Installing: /home/administrator/Masterproject2/20_ROS/src/Robots/install/ur_msgs/lib/python3.12/site-packages/ur_msgs/msg/_tool_data_msg_s.c
[11.711s] -- Installing: /home/administrator/Masterproject2/20_ROS/src/Robots/install/ur_msgs/lib/python3.12/site-packages/ur_msgs/msg/_robot_mode_data_msg_s.c
[11.711s] -- Installing: /home/administrator/Masterproject2/20_ROS/src/Robots/install/ur_msgs/lib/python3.12/site-packages/ur_msgs/msg/_robot_state_rt_msg_s.c
[11.711s] -- Installing: /home/administrator/Masterproject2/20_ROS/src/Robots/install/ur_msgs/lib/python3.12/site-packages/ur_msgs/msg/_masterboard_data_msg_s.c
[11.711s] -- Installing: /home/administrator/Masterproject2/20_ROS/src/Robots/install/ur_msgs/lib/python3.12/site-packages/ur_msgs/msg/_friction_model_parameters.py
[11.711s] -- Installing: /home/administrator/Masterproject2/20_ROS/src/Robots/install/ur_msgs/lib/python3.12/site-packages/ur_msgs/msg/_analog.py
[11.711s] -- Installing: /home/administrator/Masterproject2/20_ROS/src/Robots/install/ur_msgs/lib/python3.12/site-packages/ur_msgs/msg/_digital.py
[11.711s] -- Installing: /home/administrator/Masterproject2/20_ROS/src/Robots/install/ur_msgs/lib/python3.12/site-packages/ur_msgs/msg/_friction_model_parameters_s.c
[11.711s] -- Installing: /home/administrator/Masterproject2/20_ROS/src/Robots/install/ur_msgs/lib/python3.12/site-packages/ur_msgs/msg/_masterboard_data_msg.py
[11.711s] -- Installing: /home/administrator/Masterproject2/20_ROS/src/Robots/install/ur_msgs/lib/python3.12/site-packages/ur_msgs/msg/_analog_s.c
[11.711s] -- Installing: /home/administrator/Masterproject2/20_ROS/src/Robots/install/ur_msgs/lib/python3.12/site-packages/ur_msgs/msg/_io_states.py
[11.711s] -- Installing: /home/administrator/Masterproject2/20_ROS/src/Robots/install/ur_msgs/lib/python3.12/site-packages/ur_msgs/msg/_robot_mode_data_msg.py
[11.711s] -- Installing: /home/administrator/Masterproject2/20_ROS/src/Robots/install/ur_msgs/lib/python3.12/site-packages/ur_msgs/srv
[11.711s] -- Installing: /home/administrator/Masterproject2/20_ROS/src/Robots/install/ur_msgs/lib/python3.12/site-packages/ur_msgs/srv/_set_force_mode.py
[11.711s] -- Installing: /home/administrator/Masterproject2/20_ROS/src/Robots/install/ur_msgs/lib/python3.12/site-packages/ur_msgs/srv/_set_speed_slider_fraction_s.c
[11.711s] -- Installing: /home/administrator/Masterproject2/20_ROS/src/Robots/install/ur_msgs/lib/python3.12/site-packages/ur_msgs/srv/_set_payload.py
[11.711s] -- Installing: /home/administrator/Masterproject2/20_ROS/src/Robots/install/ur_msgs/lib/python3.12/site-packages/ur_msgs/srv/_get_robot_software_version_s.c
[11.711s] -- Installing: /home/administrator/Masterproject2/20_ROS/src/Robots/install/ur_msgs/lib/python3.12/site-packages/ur_msgs/srv/__init__.py
[11.711s] -- Installing: /home/administrator/Masterproject2/20_ROS/src/Robots/install/ur_msgs/lib/python3.12/site-packages/ur_msgs/srv/_set_force_mode_s.c
[11.711s] -- Installing: /home/administrator/Masterproject2/20_ROS/src/Robots/install/ur_msgs/lib/python3.12/site-packages/ur_msgs/srv/_set_speed_slider_fraction.py
[11.711s] -- Installing: /home/administrator/Masterproject2/20_ROS/src/Robots/install/ur_msgs/lib/python3.12/site-packages/ur_msgs/srv/_set_analog_output_s.c
[11.711s] -- Installing: /home/administrator/Masterproject2/20_ROS/src/Robots/install/ur_msgs/lib/python3.12/site-packages/ur_msgs/srv/_set_payload_s.c
[11.711s] -- Installing: /home/administrator/Masterproject2/20_ROS/src/Robots/install/ur_msgs/lib/python3.12/site-packages/ur_msgs/srv/_set_friction_model_parameters.py
[11.712s] -- Installing: /home/administrator/Masterproject2/20_ROS/src/Robots/install/ur_msgs/lib/python3.12/site-packages/ur_msgs/srv/_set_io.py
[11.712s] -- Installing: /home/administrator/Masterproject2/20_ROS/src/Robots/install/ur_msgs/lib/python3.12/site-packages/ur_msgs/srv/_set_analog_output.py
[11.712s] -- Installing: /home/administrator/Masterproject2/20_ROS/src/Robots/install/ur_msgs/lib/python3.12/site-packages/ur_msgs/srv/_set_gravity_s.c
[11.712s] -- Installing: /home/administrator/Masterproject2/20_ROS/src/Robots/install/ur_msgs/lib/python3.12/site-packages/ur_msgs/srv/_set_io_s.c
[11.712s] -- Installing: /home/administrator/Masterproject2/20_ROS/src/Robots/install/ur_msgs/lib/python3.12/site-packages/ur_msgs/srv/_set_friction_model_parameters_s.c
[11.712s] -- Installing: /home/administrator/Masterproject2/20_ROS/src/Robots/install/ur_msgs/lib/python3.12/site-packages/ur_msgs/srv/_set_gravity.py
[11.712s] -- Installing: /home/administrator/Masterproject2/20_ROS/src/Robots/install/ur_msgs/lib/python3.12/site-packages/ur_msgs/srv/_get_robot_software_version.py
[11.712s] -- Installing: /home/administrator/Masterproject2/20_ROS/src/Robots/install/ur_msgs/lib/python3.12/site-packages/ur_msgs/_ur_msgs_s.ep.rosidl_typesupport_fastrtps_c.c
[11.712s] -- Installing: /home/administrator/Masterproject2/20_ROS/src/Robots/install/ur_msgs/lib/python3.12/site-packages/ur_msgs/ur_msgs_s__rosidl_typesupport_introspection_c.so
[11.712s] -- Installing: /home/administrator/Masterproject2/20_ROS/src/Robots/install/ur_msgs/lib/python3.12/site-packages/ur_msgs/_ur_msgs_s.ep.rosidl_typesupport_c.c
[11.712s] -- Installing: /home/administrator/Masterproject2/20_ROS/src/Robots/install/ur_msgs/lib/python3.12/site-packages/ur_msgs/action
[11.712s] -- Installing: /home/administrator/Masterproject2/20_ROS/src/Robots/install/ur_msgs/lib/python3.12/site-packages/ur_msgs/action/_follow_joint_trajectory_until.py
[11.712s] -- Installing: /home/administrator/Masterproject2/20_ROS/src/Robots/install/ur_msgs/lib/python3.12/site-packages/ur_msgs/action/__init__.py
[11.712s] -- Installing: /home/administrator/Masterproject2/20_ROS/src/Robots/install/ur_msgs/lib/python3.12/site-packages/ur_msgs/action/_send_script.py
[11.712s] -- Installing: /home/administrator/Masterproject2/20_ROS/src/Robots/install/ur_msgs/lib/python3.12/site-packages/ur_msgs/action/_tool_contact_s.c
[11.712s] -- Installing: /home/administrator/Masterproject2/20_ROS/src/Robots/install/ur_msgs/lib/python3.12/site-packages/ur_msgs/action/_follow_joint_trajectory_until_s.c
[11.712s] -- Installing: /home/administrator/Masterproject2/20_ROS/src/Robots/install/ur_msgs/lib/python3.12/site-packages/ur_msgs/action/_tool_contact.py
[11.712s] -- Installing: /home/administrator/Masterproject2/20_ROS/src/Robots/install/ur_msgs/lib/python3.12/site-packages/ur_msgs/action/_send_script_s.c
[11.783s] Listing '/home/administrator/Masterproject2/20_ROS/src/Robots/install/ur_msgs/lib/python3.12/site-packages/ur_msgs'...
[11.783s] Compiling '/home/administrator/Masterproject2/20_ROS/src/Robots/install/ur_msgs/lib/python3.12/site-packages/ur_msgs/__init__.py'...
[11.783s] Listing '/home/administrator/Masterproject2/20_ROS/src/Robots/install/ur_msgs/lib/python3.12/site-packages/ur_msgs/action'...
[11.783s] Compiling '/home/administrator/Masterproject2/20_ROS/src/Robots/install/ur_msgs/lib/python3.12/site-packages/ur_msgs/action/__init__.py'...
[11.783s] Compiling '/home/administrator/Masterproject2/20_ROS/src/Robots/install/ur_msgs/lib/python3.12/site-packages/ur_msgs/action/_follow_joint_trajectory_until.py'...
[11.783s] Compiling '/home/administrator/Masterproject2/20_ROS/src/Robots/install/ur_msgs/lib/python3.12/site-packages/ur_msgs/action/_send_script.py'...
[11.783s] Compiling '/home/administrator/Masterproject2/20_ROS/src/Robots/install/ur_msgs/lib/python3.12/site-packages/ur_msgs/action/_tool_contact.py'...
[11.783s] Listing '/home/administrator/Masterproject2/20_ROS/src/Robots/install/ur_msgs/lib/python3.12/site-packages/ur_msgs/msg'...
[11.783s] Compiling '/home/administrator/Masterproject2/20_ROS/src/Robots/install/ur_msgs/lib/python3.12/site-packages/ur_msgs/msg/__init__.py'...
[11.784s] Compiling '/home/administrator/Masterproject2/20_ROS/src/Robots/install/ur_msgs/lib/python3.12/site-packages/ur_msgs/msg/_analog.py'...
[11.784s] Compiling '/home/administrator/Masterproject2/20_ROS/src/Robots/install/ur_msgs/lib/python3.12/site-packages/ur_msgs/msg/_digital.py'...
[11.784s] Compiling '/home/administrator/Masterproject2/20_ROS/src/Robots/install/ur_msgs/lib/python3.12/site-packages/ur_msgs/msg/_friction_model_parameters.py'...
[11.784s] Compiling '/home/administrator/Masterproject2/20_ROS/src/Robots/install/ur_msgs/lib/python3.12/site-packages/ur_msgs/msg/_io_states.py'...
[11.784s] Compiling '/home/administrator/Masterproject2/20_ROS/src/Robots/install/ur_msgs/lib/python3.12/site-packages/ur_msgs/msg/_masterboard_data_msg.py'...
[11.784s] Compiling '/home/administrator/Masterproject2/20_ROS/src/Robots/install/ur_msgs/lib/python3.12/site-packages/ur_msgs/msg/_robot_mode_data_msg.py'...
[11.784s] Compiling '/home/administrator/Masterproject2/20_ROS/src/Robots/install/ur_msgs/lib/python3.12/site-packages/ur_msgs/msg/_robot_state_rt_msg.py'...
[11.784s] Compiling '/home/administrator/Masterproject2/20_ROS/src/Robots/install/ur_msgs/lib/python3.12/site-packages/ur_msgs/msg/_tool_data_msg.py'...
[11.784s] Listing '/home/administrator/Masterproject2/20_ROS/src/Robots/install/ur_msgs/lib/python3.12/site-packages/ur_msgs/srv'...
[11.784s] Compiling '/home/administrator/Masterproject2/20_ROS/src/Robots/install/ur_msgs/lib/python3.12/site-packages/ur_msgs/srv/__init__.py'...
[11.784s] Compiling '/home/administrator/Masterproject2/20_ROS/src/Robots/install/ur_msgs/lib/python3.12/site-packages/ur_msgs/srv/_get_robot_software_version.py'...
[11.784s] Compiling '/home/administrator/Masterproject2/20_ROS/src/Robots/install/ur_msgs/lib/python3.12/site-packages/ur_msgs/srv/_set_analog_output.py'...
[11.784s] Compiling '/home/administrator/Masterproject2/20_ROS/src/Robots/install/ur_msgs/lib/python3.12/site-packages/ur_msgs/srv/_set_force_mode.py'...
[11.784s] Compiling '/home/administrator/Masterproject2/20_ROS/src/Robots/install/ur_msgs/lib/python3.12/site-packages/ur_msgs/srv/_set_friction_model_parameters.py'...
[11.784s] Compiling '/home/administrator/Masterproject2/20_ROS/src/Robots/install/ur_msgs/lib/python3.12/site-packages/ur_msgs/srv/_set_gravity.py'...
[11.785s] Compiling '/home/administrator/Masterproject2/20_ROS/src/Robots/install/ur_msgs/lib/python3.12/site-packages/ur_msgs/srv/_set_io.py'...
[11.785s] Compiling '/home/administrator/Masterproject2/20_ROS/src/Robots/install/ur_msgs/lib/python3.12/site-packages/ur_msgs/srv/_set_payload.py'...
[11.785s] Compiling '/home/administrator/Masterproject2/20_ROS/src/Robots/install/ur_msgs/lib/python3.12/site-packages/ur_msgs/srv/_set_speed_slider_fraction.py'...
[11.788s] -- Installing: /home/administrator/Masterproject2/20_ROS/src/Robots/install/ur_msgs/lib/python3.12/site-packages/ur_msgs/ur_msgs_s__rosidl_typesupport_fastrtps_c.so
[11.788s] -- Set non-toolchain portion of runtime path of "/home/administrator/Masterproject2/20_ROS/src/Robots/install/ur_msgs/lib/python3.12/site-packages/ur_msgs/ur_msgs_s__rosidl_typesupport_fastrtps_c.so" to ""
[11.788s] -- Installing: /home/administrator/Masterproject2/20_ROS/src/Robots/install/ur_msgs/lib/python3.12/site-packages/ur_msgs/ur_msgs_s__rosidl_typesupport_introspection_c.so
[11.789s] -- Set non-toolchain portion of runtime path of "/home/administrator/Masterproject2/20_ROS/src/Robots/install/ur_msgs/lib/python3.12/site-packages/ur_msgs/ur_msgs_s__rosidl_typesupport_introspection_c.so" to ""
[11.789s] -- Installing: /home/administrator/Masterproject2/20_ROS/src/Robots/install/ur_msgs/lib/python3.12/site-packages/ur_msgs/ur_msgs_s__rosidl_typesupport_c.so
[11.790s] -- Set non-toolchain portion of runtime path of "/home/administrator/Masterproject2/20_ROS/src/Robots/install/ur_msgs/lib/python3.12/site-packages/ur_msgs/ur_msgs_s__rosidl_typesupport_c.so" to ""
[11.790s] -- Installing: /home/administrator/Masterproject2/20_ROS/src/Robots/install/ur_msgs/lib/libur_msgs__rosidl_generator_py.so
[11.790s] -- Set non-toolchain portion of runtime path of "/home/administrator/Masterproject2/20_ROS/src/Robots/install/ur_msgs/lib/libur_msgs__rosidl_generator_py.so" to ""
[11.790s] -- Installing: /home/administrator/Masterproject2/20_ROS/src/Robots/install/ur_msgs/share/ament_index/resource_index/rust_packages/ur_msgs
[11.791s] -- Installing: /home/administrator/Masterproject2/20_ROS/src/Robots/install/ur_msgs/share/ur_msgs/rust
[11.791s] -- Installing: /home/administrator/Masterproject2/20_ROS/src/Robots/install/ur_msgs/share/ur_msgs/rust/Cargo.toml
[11.791s] -- Installing: /home/administrator/Masterproject2/20_ROS/src/Robots/install/ur_msgs/share/ur_msgs/rust/build.rs
[11.791s] -- Installing: /home/administrator/Masterproject2/20_ROS/src/Robots/install/ur_msgs/share/ur_msgs/rust/src
[11.791s] -- Installing: /home/administrator/Masterproject2/20_ROS/src/Robots/install/ur_msgs/share/ur_msgs/rust/src/action.rs
[11.791s] -- Installing: /home/administrator/Masterproject2/20_ROS/src/Robots/install/ur_msgs/share/ur_msgs/rust/src/msg
[11.791s] -- Installing: /home/administrator/Masterproject2/20_ROS/src/Robots/install/ur_msgs/share/ur_msgs/rust/src/msg/rmw.rs
[11.792s] -- Installing: /home/administrator/Masterproject2/20_ROS/src/Robots/install/ur_msgs/share/ur_msgs/rust/src/srv
[11.792s] -- Installing: /home/administrator/Masterproject2/20_ROS/src/Robots/install/ur_msgs/share/ur_msgs/rust/src/srv/rmw.rs
[11.792s] -- Installing: /home/administrator/Masterproject2/20_ROS/src/Robots/install/ur_msgs/share/ur_msgs/rust/src/srv.rs
[11.792s] -- Installing: /home/administrator/Masterproject2/20_ROS/src/Robots/install/ur_msgs/share/ur_msgs/rust/src/msg.rs
[11.792s] -- Installing: /home/administrator/Masterproject2/20_ROS/src/Robots/install/ur_msgs/share/ur_msgs/rust/src/lib.rs
[11.792s] -- Installing: /home/administrator/Masterproject2/20_ROS/src/Robots/install/ur_msgs/share/ur_msgs/rust/src/action
[11.792s] -- Installing: /home/administrator/Masterproject2/20_ROS/src/Robots/install/ur_msgs/share/ur_msgs/rust/src/action/rmw.rs
[11.792s] -- Installing: /home/administrator/Masterproject2/20_ROS/src/Robots/install/ur_msgs/share/ur_msgs/msg/Analog.idl
[11.792s] -- Installing: /home/administrator/Masterproject2/20_ROS/src/Robots/install/ur_msgs/share/ur_msgs/msg/Digital.idl
[11.792s] -- Installing: /home/administrator/Masterproject2/20_ROS/src/Robots/install/ur_msgs/share/ur_msgs/msg/IOStates.idl
[11.792s] -- Installing: /home/administrator/Masterproject2/20_ROS/src/Robots/install/ur_msgs/share/ur_msgs/msg/RobotStateRTMsg.idl
[11.793s] -- Installing: /home/administrator/Masterproject2/20_ROS/src/Robots/install/ur_msgs/share/ur_msgs/msg/MasterboardDataMsg.idl
[11.793s] -- Installing: /home/administrator/Masterproject2/20_ROS/src/Robots/install/ur_msgs/share/ur_msgs/msg/RobotModeDataMsg.idl
[11.793s] -- Installing: /home/administrator/Masterproject2/20_ROS/src/Robots/install/ur_msgs/share/ur_msgs/msg/ToolDataMsg.idl
[11.793s] -- Installing: /home/administrator/Masterproject2/20_ROS/src/Robots/install/ur_msgs/share/ur_msgs/msg/FrictionModelParameters.idl
[11.793s] -- Installing: /home/administrator/Masterproject2/20_ROS/src/Robots/install/ur_msgs/share/ur_msgs/srv/SetAnalogOutput.idl
[11.793s] -- Installing: /home/administrator/Masterproject2/20_ROS/src/Robots/install/ur_msgs/share/ur_msgs/srv/SetGravity.idl
[11.794s] -- Installing: /home/administrator/Masterproject2/20_ROS/src/Robots/install/ur_msgs/share/ur_msgs/srv/SetPayload.idl
[11.794s] -- Installing: /home/administrator/Masterproject2/20_ROS/src/Robots/install/ur_msgs/share/ur_msgs/srv/SetSpeedSliderFraction.idl
[11.794s] -- Installing: /home/administrator/Masterproject2/20_ROS/src/Robots/install/ur_msgs/share/ur_msgs/srv/SetIO.idl
[11.794s] -- Installing: /home/administrator/Masterproject2/20_ROS/src/Robots/install/ur_msgs/share/ur_msgs/srv/GetRobotSoftwareVersion.idl
[11.794s] -- Installing: /home/administrator/Masterproject2/20_ROS/src/Robots/install/ur_msgs/share/ur_msgs/srv/SetForceMode.idl
[11.794s] -- Installing: /home/administrator/Masterproject2/20_ROS/src/Robots/install/ur_msgs/share/ur_msgs/srv/SetFrictionModelParameters.idl
[11.795s] -- Installing: /home/administrator/Masterproject2/20_ROS/src/Robots/install/ur_msgs/share/ur_msgs/action/ToolContact.idl
[11.795s] -- Installing: /home/administrator/Masterproject2/20_ROS/src/Robots/install/ur_msgs/share/ur_msgs/action/FollowJointTrajectoryUntil.idl
[11.795s] -- Installing: /home/administrator/Masterproject2/20_ROS/src/Robots/install/ur_msgs/share/ur_msgs/action/SendScript.idl
[11.795s] -- Installing: /home/administrator/Masterproject2/20_ROS/src/Robots/install/ur_msgs/share/ur_msgs/msg/Analog.msg
[11.795s] -- Installing: /home/administrator/Masterproject2/20_ROS/src/Robots/install/ur_msgs/share/ur_msgs/msg/Digital.msg
[11.795s] -- Installing: /home/administrator/Masterproject2/20_ROS/src/Robots/install/ur_msgs/share/ur_msgs/msg/IOStates.msg
[11.795s] -- Installing: /home/administrator/Masterproject2/20_ROS/src/Robots/install/ur_msgs/share/ur_msgs/msg/RobotStateRTMsg.msg
[11.796s] -- Installing: /home/administrator/Masterproject2/20_ROS/src/Robots/install/ur_msgs/share/ur_msgs/msg/MasterboardDataMsg.msg
[11.796s] -- Installing: /home/administrator/Masterproject2/20_ROS/src/Robots/install/ur_msgs/share/ur_msgs/msg/RobotModeDataMsg.msg
[11.796s] -- Installing: /home/administrator/Masterproject2/20_ROS/src/Robots/install/ur_msgs/share/ur_msgs/msg/ToolDataMsg.msg
[11.796s] -- Installing: /home/administrator/Masterproject2/20_ROS/src/Robots/install/ur_msgs/share/ur_msgs/msg/FrictionModelParameters.msg
[11.796s] -- Installing: /home/administrator/Masterproject2/20_ROS/src/Robots/install/ur_msgs/share/ur_msgs/srv/SetAnalogOutput.srv
[11.796s] -- Installing: /home/administrator/Masterproject2/20_ROS/src/Robots/install/ur_msgs/share/ur_msgs/srv/SetGravity.srv
[11.797s] -- Installing: /home/administrator/Masterproject2/20_ROS/src/Robots/install/ur_msgs/share/ur_msgs/srv/SetPayload.srv
[11.797s] -- Installing: /home/administrator/Masterproject2/20_ROS/src/Robots/install/ur_msgs/share/ur_msgs/srv/SetSpeedSliderFraction.srv
[11.797s] -- Installing: /home/administrator/Masterproject2/20_ROS/src/Robots/install/ur_msgs/share/ur_msgs/srv/SetIO.srv
[11.797s] -- Installing: /home/administrator/Masterproject2/20_ROS/src/Robots/install/ur_msgs/share/ur_msgs/srv/GetRobotSoftwareVersion.srv
[11.797s] -- Installing: /home/administrator/Masterproject2/20_ROS/src/Robots/install/ur_msgs/share/ur_msgs/srv/SetForceMode.srv
[11.797s] -- Installing: /home/administrator/Masterproject2/20_ROS/src/Robots/install/ur_msgs/share/ur_msgs/srv/SetFrictionModelParameters.srv
[11.797s] -- Installing: /home/administrator/Masterproject2/20_ROS/src/Robots/install/ur_msgs/share/ur_msgs/action/ToolContact.action
[11.798s] -- Installing: /home/administrator/Masterproject2/20_ROS/src/Robots/install/ur_msgs/share/ur_msgs/action/FollowJointTrajectoryUntil.action
[11.798s] -- Installing: /home/administrator/Masterproject2/20_ROS/src/Robots/install/ur_msgs/share/ur_msgs/action/SendScript.action
[11.798s] -- Installing: /home/administrator/Masterproject2/20_ROS/src/Robots/install/ur_msgs/share/ament_index/resource_index/package_run_dependencies/ur_msgs
[11.798s] -- Installing: /home/administrator/Masterproject2/20_ROS/src/Robots/install/ur_msgs/share/ament_index/resource_index/parent_prefix_path/ur_msgs
[11.798s] -- Installing: /home/administrator/Masterproject2/20_ROS/src/Robots/install/ur_msgs/share/ur_msgs/environment/ament_prefix_path.sh
[11.798s] -- Installing: /home/administrator/Masterproject2/20_ROS/src/Robots/install/ur_msgs/share/ur_msgs/environment/ament_prefix_path.dsv
[11.799s] -- Installing: /home/administrator/Masterproject2/20_ROS/src/Robots/install/ur_msgs/share/ur_msgs/environment/path.sh
[11.799s] -- Installing: /home/administrator/Masterproject2/20_ROS/src/Robots/install/ur_msgs/share/ur_msgs/environment/path.dsv
[11.799s] -- Installing: /home/administrator/Masterproject2/20_ROS/src/Robots/install/ur_msgs/share/ur_msgs/local_setup.bash
[11.799s] -- Installing: /home/administrator/Masterproject2/20_ROS/src/Robots/install/ur_msgs/share/ur_msgs/local_setup.sh
[11.799s] -- Installing: /home/administrator/Masterproject2/20_ROS/src/Robots/install/ur_msgs/share/ur_msgs/local_setup.zsh
[11.799s] -- Installing: /home/administrator/Masterproject2/20_ROS/src/Robots/install/ur_msgs/share/ur_msgs/local_setup.dsv
[11.800s] -- Installing: /home/administrator/Masterproject2/20_ROS/src/Robots/install/ur_msgs/share/ur_msgs/package.dsv
[11.800s] -- Installing: /home/administrator/Masterproject2/20_ROS/src/Robots/install/ur_msgs/share/ament_index/resource_index/packages/ur_msgs
[11.800s] -- Installing: /home/administrator/Masterproject2/20_ROS/src/Robots/install/ur_msgs/share/ur_msgs/cmake/export_ur_msgs__rosidl_generator_cExport.cmake
[11.800s] -- Installing: /home/administrator/Masterproject2/20_ROS/src/Robots/install/ur_msgs/share/ur_msgs/cmake/export_ur_msgs__rosidl_generator_cExport-noconfig.cmake
[11.800s] -- Installing: /home/administrator/Masterproject2/20_ROS/src/Robots/install/ur_msgs/share/ur_msgs/cmake/export_ur_msgs__rosidl_typesupport_fastrtps_cExport.cmake
[11.801s] -- Installing: /home/administrator/Masterproject2/20_ROS/src/Robots/install/ur_msgs/share/ur_msgs/cmake/export_ur_msgs__rosidl_typesupport_fastrtps_cExport-noconfig.cmake
[11.801s] -- Installing: /home/administrator/Masterproject2/20_ROS/src/Robots/install/ur_msgs/share/ur_msgs/cmake/export_ur_msgs__rosidl_generator_cppExport.cmake
[11.801s] -- Installing: /home/administrator/Masterproject2/20_ROS/src/Robots/install/ur_msgs/share/ur_msgs/cmake/export_ur_msgs__rosidl_typesupport_fastrtps_cppExport.cmake
[11.801s] -- Installing: /home/administrator/Masterproject2/20_ROS/src/Robots/install/ur_msgs/share/ur_msgs/cmake/export_ur_msgs__rosidl_typesupport_fastrtps_cppExport-noconfig.cmake
[11.801s] -- Installing: /home/administrator/Masterproject2/20_ROS/src/Robots/install/ur_msgs/share/ur_msgs/cmake/ur_msgs__rosidl_typesupport_introspection_cExport.cmake
[11.802s] -- Installing: /home/administrator/Masterproject2/20_ROS/src/Robots/install/ur_msgs/share/ur_msgs/cmake/ur_msgs__rosidl_typesupport_introspection_cExport-noconfig.cmake
[11.802s] -- Installing: /home/administrator/Masterproject2/20_ROS/src/Robots/install/ur_msgs/share/ur_msgs/cmake/ur_msgs__rosidl_typesupport_cExport.cmake
[11.802s] -- Installing: /home/administrator/Masterproject2/20_ROS/src/Robots/install/ur_msgs/share/ur_msgs/cmake/ur_msgs__rosidl_typesupport_cExport-noconfig.cmake
[11.802s] -- Installing: /home/administrator/Masterproject2/20_ROS/src/Robots/install/ur_msgs/share/ur_msgs/cmake/ur_msgs__rosidl_typesupport_introspection_cppExport.cmake
[11.802s] -- Installing: /home/administrator/Masterproject2/20_ROS/src/Robots/install/ur_msgs/share/ur_msgs/cmake/ur_msgs__rosidl_typesupport_introspection_cppExport-noconfig.cmake
[11.802s] -- Installing: /home/administrator/Masterproject2/20_ROS/src/Robots/install/ur_msgs/share/ur_msgs/cmake/ur_msgs__rosidl_typesupport_cppExport.cmake
[11.802s] -- Installing: /home/administrator/Masterproject2/20_ROS/src/Robots/install/ur_msgs/share/ur_msgs/cmake/ur_msgs__rosidl_typesupport_cppExport-noconfig.cmake
[11.803s] -- Installing: /home/administrator/Masterproject2/20_ROS/src/Robots/install/ur_msgs/share/ur_msgs/cmake/export_ur_msgs__rosidl_generator_pyExport.cmake
[11.803s] -- Installing: /home/administrator/Masterproject2/20_ROS/src/Robots/install/ur_msgs/share/ur_msgs/cmake/export_ur_msgs__rosidl_generator_pyExport-noconfig.cmake
[11.803s] -- Installing: /home/administrator/Masterproject2/20_ROS/src/Robots/install/ur_msgs/share/ur_msgs/cmake/rosidl_cmake-extras.cmake
[11.803s] -- Installing: /home/administrator/Masterproject2/20_ROS/src/Robots/install/ur_msgs/share/ur_msgs/cmake/ament_cmake_export_dependencies-extras.cmake
[11.803s] -- Installing: /home/administrator/Masterproject2/20_ROS/src/Robots/install/ur_msgs/share/ur_msgs/cmake/ament_cmake_export_include_directories-extras.cmake
[11.803s] -- Installing: /home/administrator/Masterproject2/20_ROS/src/Robots/install/ur_msgs/share/ur_msgs/cmake/ament_cmake_export_libraries-extras.cmake
[11.804s] -- Installing: /home/administrator/Masterproject2/20_ROS/src/Robots/install/ur_msgs/share/ur_msgs/cmake/ament_cmake_export_targets-extras.cmake
[11.804s] -- Installing: /home/administrator/Masterproject2/20_ROS/src/Robots/install/ur_msgs/share/ur_msgs/cmake/rosidl_cmake_export_typesupport_targets-extras.cmake
[11.804s] -- Installing: /home/administrator/Masterproject2/20_ROS/src/Robots/install/ur_msgs/share/ur_msgs/cmake/rosidl_cmake_export_typesupport_libraries-extras.cmake
[11.804s] -- Installing: /home/administrator/Masterproject2/20_ROS/src/Robots/install/ur_msgs/share/ur_msgs/cmake/ur_msgsConfig.cmake
[11.804s] -- Installing: /home/administrator/Masterproject2/20_ROS/src/Robots/install/ur_msgs/share/ur_msgs/cmake/ur_msgsConfig-version.cmake
[11.804s] -- Installing: /home/administrator/Masterproject2/20_ROS/src/Robots/install/ur_msgs/share/ur_msgs/package.xml
[11.808s] Invoked command in '/home/administrator/Masterproject2/20_ROS/src/Robots/build/ur_msgs' returned '0': CMAKE_PREFIX_PATH=${CMAKE_PREFIX_PATH}:/opt/ros/kilted DEBUGINFOD_URLS=https://debuginfod.ubuntu.com /usr/bin/cmake --install /home/administrator/Masterproject2/20_ROS/src/Robots/build/ur_msgs
