[  0%] Built target mir_msgs__rs
[  0%] Built target mir_msgs__rosidl_generator_type_description
[  0%] Built target ament_cmake_python_copy_mir_msgs
[  0%] Built target mir_msgs__cpp
[ 29%] Built target mir_msgs__rosidl_generator_c
[ 39%] Built target mir_msgs__rosidl_typesupport_introspection_c
[ 48%] Built target mir_msgs__rosidl_typesupport_fastrtps_cpp
[ 58%] Built target mir_msgs__rosidl_typesupport_c
[ 68%] Built target mir_msgs__rosidl_typesupport_cpp
[ 78%] Built target mir_msgs__rosidl_typesupport_fastrtps_c
[ 88%] Built target mir_msgs__rosidl_typesupport_introspection_cpp
running egg_info
writing mir_msgs.egg-info/PKG-INFO
writing dependency_links to mir_msgs.egg-info/dependency_links.txt
writing top-level names to mir_msgs.egg-info/top_level.txt
[ 88%] Built target mir_msgs
[ 88%] Built target mir_msgs__py
reading manifest file 'mir_msgs.egg-info/SOURCES.txt'
writing manifest file 'mir_msgs.egg-info/SOURCES.txt'
[ 88%] Built target ament_cmake_python_build_mir_msgs_egg
[ 98%] Built target mir_msgs__rosidl_generator_py
[100%] Built target mir_msgs_s__rosidl_typesupport_c
[100%] Built target mir_msgs_s__rosidl_typesupport_fastrtps_c
[100%] Built target mir_msgs_s__rosidl_typesupport_introspection_c
-- Install configuration: ""
-- Up-to-date: /home/administrator/Masterproject2/20_ROS/src/Robots/install/mir_msgs/share/ament_index/resource_index/rosidl_interfaces/mir_msgs
-- Up-to-date: /home/administrator/Masterproject2/20_ROS/src/Robots/install/mir_msgs/share/mir_msgs/msg/AngleMeasurment.json
-- Up-to-date: /home/administrator/Masterproject2/20_ROS/src/Robots/install/mir_msgs/share/mir_msgs/msg/BMSData.json
-- Up-to-date: /home/administrator/Masterproject2/20_ROS/src/Robots/install/mir_msgs/share/mir_msgs/msg/BatteryCurrents.json
-- Up-to-date: /home/administrator/Masterproject2/20_ROS/src/Robots/install/mir_msgs/share/mir_msgs/msg/BrakeState.json
-- Up-to-date: /home/administrator/Masterproject2/20_ROS/src/Robots/install/mir_msgs/share/mir_msgs/msg/ChargingState.json
-- Up-to-date: /home/administrator/Masterproject2/20_ROS/src/Robots/install/mir_msgs/share/mir_msgs/msg/Device.json
-- Up-to-date: /home/administrator/Masterproject2/20_ROS/src/Robots/install/mir_msgs/share/mir_msgs/msg/Devices.json
-- Up-to-date: /home/administrator/Masterproject2/20_ROS/src/Robots/install/mir_msgs/share/mir_msgs/msg/EncoderTestEntry.json
-- Up-to-date: /home/administrator/Masterproject2/20_ROS/src/Robots/install/mir_msgs/share/mir_msgs/msg/Encoders.json
-- Up-to-date: /home/administrator/Masterproject2/20_ROS/src/Robots/install/mir_msgs/share/mir_msgs/msg/Error.json
-- Up-to-date: /home/administrator/Masterproject2/20_ROS/src/Robots/install/mir_msgs/share/mir_msgs/msg/Event.json
-- Up-to-date: /home/administrator/Masterproject2/20_ROS/src/Robots/install/mir_msgs/share/mir_msgs/msg/Events.json
-- Up-to-date: /home/administrator/Masterproject2/20_ROS/src/Robots/install/mir_msgs/share/mir_msgs/msg/ExternalRobot.json
-- Up-to-date: /home/administrator/Masterproject2/20_ROS/src/Robots/install/mir_msgs/share/mir_msgs/msg/ExternalRobots.json
-- Up-to-date: /home/administrator/Masterproject2/20_ROS/src/Robots/install/mir_msgs/share/mir_msgs/msg/Gpio.json
-- Up-to-date: /home/administrator/Masterproject2/20_ROS/src/Robots/install/mir_msgs/share/mir_msgs/msg/GripperState.json
-- Up-to-date: /home/administrator/Masterproject2/20_ROS/src/Robots/install/mir_msgs/share/mir_msgs/msg/HeightState.json
-- Up-to-date: /home/administrator/Masterproject2/20_ROS/src/Robots/install/mir_msgs/share/mir_msgs/msg/HookData.json
-- Up-to-date: /home/administrator/Masterproject2/20_ROS/src/Robots/install/mir_msgs/share/mir_msgs/msg/HookExtendedStatus.json
-- Up-to-date: /home/administrator/Masterproject2/20_ROS/src/Robots/install/mir_msgs/share/mir_msgs/msg/HookStatus.json
-- Up-to-date: /home/administrator/Masterproject2/20_ROS/src/Robots/install/mir_msgs/share/mir_msgs/msg/IOs.json
-- Up-to-date: /home/administrator/Masterproject2/20_ROS/src/Robots/install/mir_msgs/share/mir_msgs/msg/JoystickVel.json
-- Up-to-date: /home/administrator/Masterproject2/20_ROS/src/Robots/install/mir_msgs/share/mir_msgs/msg/LocalMapStat.json
-- Up-to-date: /home/administrator/Masterproject2/20_ROS/src/Robots/install/mir_msgs/share/mir_msgs/msg/MirExtra.json
-- Up-to-date: /home/administrator/Masterproject2/20_ROS/src/Robots/install/mir_msgs/share/mir_msgs/msg/MirLocalPlannerPathTypes.json
-- Up-to-date: /home/administrator/Masterproject2/20_ROS/src/Robots/install/mir_msgs/share/mir_msgs/msg/MissionCtrlCommand.json
-- Up-to-date: /home/administrator/Masterproject2/20_ROS/src/Robots/install/mir_msgs/share/mir_msgs/msg/MissionCtrlState.json
-- Up-to-date: /home/administrator/Masterproject2/20_ROS/src/Robots/install/mir_msgs/share/mir_msgs/msg/MovingState.json
-- Up-to-date: /home/administrator/Masterproject2/20_ROS/src/Robots/install/mir_msgs/share/mir_msgs/msg/PalletLifterStatus.json
-- Up-to-date: /home/administrator/Masterproject2/20_ROS/src/Robots/install/mir_msgs/share/mir_msgs/msg/Path.json
-- Up-to-date: /home/administrator/Masterproject2/20_ROS/src/Robots/install/mir_msgs/share/mir_msgs/msg/Pendant.json
-- Up-to-date: /home/administrator/Masterproject2/20_ROS/src/Robots/install/mir_msgs/share/mir_msgs/msg/PlanSegment.json
-- Up-to-date: /home/administrator/Masterproject2/20_ROS/src/Robots/install/mir_msgs/share/mir_msgs/msg/PlanSegments.json
-- Up-to-date: /home/administrator/Masterproject2/20_ROS/src/Robots/install/mir_msgs/share/mir_msgs/msg/Pose2D.json
-- Up-to-date: /home/administrator/Masterproject2/20_ROS/src/Robots/install/mir_msgs/share/mir_msgs/msg/PowerBoardMotorStatus.json
-- Up-to-date: /home/administrator/Masterproject2/20_ROS/src/Robots/install/mir_msgs/share/mir_msgs/msg/PrecisionDockingStatus.json
-- Up-to-date: /home/administrator/Masterproject2/20_ROS/src/Robots/install/mir_msgs/share/mir_msgs/msg/Proximity.json
-- Up-to-date: /home/administrator/Masterproject2/20_ROS/src/Robots/install/mir_msgs/share/mir_msgs/msg/ResourceState.json
-- Up-to-date: /home/administrator/Masterproject2/20_ROS/src/Robots/install/mir_msgs/share/mir_msgs/msg/ResourcesAcquisition.json
-- Up-to-date: /home/administrator/Masterproject2/20_ROS/src/Robots/install/mir_msgs/share/mir_msgs/msg/ResourcesState.json
-- Up-to-date: /home/administrator/Masterproject2/20_ROS/src/Robots/install/mir_msgs/share/mir_msgs/msg/RobotMode.json
-- Up-to-date: /home/administrator/Masterproject2/20_ROS/src/Robots/install/mir_msgs/share/mir_msgs/msg/RobotState.json
-- Up-to-date: /home/administrator/Masterproject2/20_ROS/src/Robots/install/mir_msgs/share/mir_msgs/msg/RobotStatus.json
-- Up-to-date: /home/administrator/Masterproject2/20_ROS/src/Robots/install/mir_msgs/share/mir_msgs/msg/SafetyStatus.json
-- Up-to-date: /home/administrator/Masterproject2/20_ROS/src/Robots/install/mir_msgs/share/mir_msgs/msg/Serial.json
-- Up-to-date: /home/administrator/Masterproject2/20_ROS/src/Robots/install/mir_msgs/share/mir_msgs/msg/ServiceResponseHeader.json
-- Up-to-date: /home/administrator/Masterproject2/20_ROS/src/Robots/install/mir_msgs/share/mir_msgs/msg/SkidDetectionDiff.json
-- Up-to-date: /home/administrator/Masterproject2/20_ROS/src/Robots/install/mir_msgs/share/mir_msgs/msg/SkidDetectionStampedFloat.json
-- Up-to-date: /home/administrator/Masterproject2/20_ROS/src/Robots/install/mir_msgs/share/mir_msgs/msg/SoundEvent.json
-- Up-to-date: /home/administrator/Masterproject2/20_ROS/src/Robots/install/mir_msgs/share/mir_msgs/msg/StampedEncoders.json
-- Up-to-date: /home/administrator/Masterproject2/20_ROS/src/Robots/install/mir_msgs/share/mir_msgs/msg/TimeDebug.json
-- Up-to-date: /home/administrator/Masterproject2/20_ROS/src/Robots/install/mir_msgs/share/mir_msgs/msg/Trolley.json
-- Up-to-date: /home/administrator/Masterproject2/20_ROS/src/Robots/install/mir_msgs/share/mir_msgs/msg/Twist2D.json
-- Up-to-date: /home/administrator/Masterproject2/20_ROS/src/Robots/install/mir_msgs/share/mir_msgs/msg/UserPrompt.json
-- Up-to-date: /home/administrator/Masterproject2/20_ROS/src/Robots/install/mir_msgs/share/mir_msgs/msg/WebPath.json
-- Up-to-date: /home/administrator/Masterproject2/20_ROS/src/Robots/install/mir_msgs/share/mir_msgs/msg/WorldMap.json
-- Up-to-date: /home/administrator/Masterproject2/20_ROS/src/Robots/install/mir_msgs/share/mir_msgs/msg/WorldModel.json
-- Up-to-date: /home/administrator/Masterproject2/20_ROS/src/Robots/install/mir_msgs/include/mir_msgs/mir_msgs
-- Up-to-date: /home/administrator/Masterproject2/20_ROS/src/Robots/install/mir_msgs/include/mir_msgs/mir_msgs/msg
-- Up-to-date: /home/administrator/Masterproject2/20_ROS/src/Robots/install/mir_msgs/include/mir_msgs/mir_msgs/msg/bms_data.h
-- Up-to-date: /home/administrator/Masterproject2/20_ROS/src/Robots/install/mir_msgs/include/mir_msgs/mir_msgs/msg/skid_detection_stamped_float.h
-- Up-to-date: /home/administrator/Masterproject2/20_ROS/src/Robots/install/mir_msgs/include/mir_msgs/mir_msgs/msg/i_os.h
-- Up-to-date: /home/administrator/Masterproject2/20_ROS/src/Robots/install/mir_msgs/include/mir_msgs/mir_msgs/msg/resources_acquisition.h
-- Up-to-date: /home/administrator/Masterproject2/20_ROS/src/Robots/install/mir_msgs/include/mir_msgs/mir_msgs/msg/hook_status.h
-- Up-to-date: /home/administrator/Masterproject2/20_ROS/src/Robots/install/mir_msgs/include/mir_msgs/mir_msgs/msg/event.h
-- Up-to-date: /home/administrator/Masterproject2/20_ROS/src/Robots/install/mir_msgs/include/mir_msgs/mir_msgs/msg/mir_local_planner_path_types.h
-- Up-to-date: /home/administrator/Masterproject2/20_ROS/src/Robots/install/mir_msgs/include/mir_msgs/mir_msgs/msg/height_state.h
-- Up-to-date: /home/administrator/Masterproject2/20_ROS/src/Robots/install/mir_msgs/include/mir_msgs/mir_msgs/msg/pallet_lifter_status.h
-- Up-to-date: /home/administrator/Masterproject2/20_ROS/src/Robots/install/mir_msgs/include/mir_msgs/mir_msgs/msg/external_robot.h
-- Up-to-date: /home/administrator/Masterproject2/20_ROS/src/Robots/install/mir_msgs/include/mir_msgs/mir_msgs/msg/trolley.h
-- Up-to-date: /home/administrator/Masterproject2/20_ROS/src/Robots/install/mir_msgs/include/mir_msgs/mir_msgs/msg/web_path.h
-- Up-to-date: /home/administrator/Masterproject2/20_ROS/src/Robots/install/mir_msgs/include/mir_msgs/mir_msgs/msg/world_map.h
-- Up-to-date: /home/administrator/Masterproject2/20_ROS/src/Robots/install/mir_msgs/include/mir_msgs/mir_msgs/msg/proximity.h
-- Up-to-date: /home/administrator/Masterproject2/20_ROS/src/Robots/install/mir_msgs/include/mir_msgs/mir_msgs/msg/mir_extra.h
-- Up-to-date: /home/administrator/Masterproject2/20_ROS/src/Robots/install/mir_msgs/include/mir_msgs/mir_msgs/msg/events.h
-- Up-to-date: /home/administrator/Masterproject2/20_ROS/src/Robots/install/mir_msgs/include/mir_msgs/mir_msgs/msg/robot_mode.h
-- Up-to-date: /home/administrator/Masterproject2/20_ROS/src/Robots/install/mir_msgs/include/mir_msgs/mir_msgs/msg/hook_extended_status.h
-- Up-to-date: /home/administrator/Masterproject2/20_ROS/src/Robots/install/mir_msgs/include/mir_msgs/mir_msgs/msg/resources_state.h
-- Up-to-date: /home/administrator/Masterproject2/20_ROS/src/Robots/install/mir_msgs/include/mir_msgs/mir_msgs/msg/precision_docking_status.h
-- Up-to-date: /home/administrator/Masterproject2/20_ROS/src/Robots/install/mir_msgs/include/mir_msgs/mir_msgs/msg/moving_state.h
-- Up-to-date: /home/administrator/Masterproject2/20_ROS/src/Robots/install/mir_msgs/include/mir_msgs/mir_msgs/msg/local_map_stat.h
-- Up-to-date: /home/administrator/Masterproject2/20_ROS/src/Robots/install/mir_msgs/include/mir_msgs/mir_msgs/msg/serial.h
-- Up-to-date: /home/administrator/Masterproject2/20_ROS/src/Robots/install/mir_msgs/include/mir_msgs/mir_msgs/msg/mission_ctrl_state.h
-- Up-to-date: /home/administrator/Masterproject2/20_ROS/src/Robots/install/mir_msgs/include/mir_msgs/mir_msgs/msg/path.h
-- Up-to-date: /home/administrator/Masterproject2/20_ROS/src/Robots/install/mir_msgs/include/mir_msgs/mir_msgs/msg/gripper_state.h
-- Up-to-date: /home/administrator/Masterproject2/20_ROS/src/Robots/install/mir_msgs/include/mir_msgs/mir_msgs/msg/stamped_encoders.h
-- Up-to-date: /home/administrator/Masterproject2/20_ROS/src/Robots/install/mir_msgs/include/mir_msgs/mir_msgs/msg/skid_detection_diff.h
-- Up-to-date: /home/administrator/Masterproject2/20_ROS/src/Robots/install/mir_msgs/include/mir_msgs/mir_msgs/msg/plan_segment.h
-- Up-to-date: /home/administrator/Masterproject2/20_ROS/src/Robots/install/mir_msgs/include/mir_msgs/mir_msgs/msg/gpio.h
-- Up-to-date: /home/administrator/Masterproject2/20_ROS/src/Robots/install/mir_msgs/include/mir_msgs/mir_msgs/msg/twist2_d.h
-- Up-to-date: /home/administrator/Masterproject2/20_ROS/src/Robots/install/mir_msgs/include/mir_msgs/mir_msgs/msg/pose2_d.h
-- Up-to-date: /home/administrator/Masterproject2/20_ROS/src/Robots/install/mir_msgs/include/mir_msgs/mir_msgs/msg/encoder_test_entry.h
-- Up-to-date: /home/administrator/Masterproject2/20_ROS/src/Robots/install/mir_msgs/include/mir_msgs/mir_msgs/msg/time_debug.h
-- Up-to-date: /home/administrator/Masterproject2/20_ROS/src/Robots/install/mir_msgs/include/mir_msgs/mir_msgs/msg/encoders.h
-- Up-to-date: /home/administrator/Masterproject2/20_ROS/src/Robots/install/mir_msgs/include/mir_msgs/mir_msgs/msg/external_robots.h
-- Up-to-date: /home/administrator/Masterproject2/20_ROS/src/Robots/install/mir_msgs/include/mir_msgs/mir_msgs/msg/device.h
-- Up-to-date: /home/administrator/Masterproject2/20_ROS/src/Robots/install/mir_msgs/include/mir_msgs/mir_msgs/msg/rosidl_generator_c__visibility_control.h
-- Up-to-date: /home/administrator/Masterproject2/20_ROS/src/Robots/install/mir_msgs/include/mir_msgs/mir_msgs/msg/angle_measurment.h
-- Up-to-date: /home/administrator/Masterproject2/20_ROS/src/Robots/install/mir_msgs/include/mir_msgs/mir_msgs/msg/pendant.h
-- Up-to-date: /home/administrator/Masterproject2/20_ROS/src/Robots/install/mir_msgs/include/mir_msgs/mir_msgs/msg/user_prompt.h
-- Up-to-date: /home/administrator/Masterproject2/20_ROS/src/Robots/install/mir_msgs/include/mir_msgs/mir_msgs/msg/robot_status.h
-- Up-to-date: /home/administrator/Masterproject2/20_ROS/src/Robots/install/mir_msgs/include/mir_msgs/mir_msgs/msg/mission_ctrl_command.h
-- Up-to-date: /home/administrator/Masterproject2/20_ROS/src/Robots/install/mir_msgs/include/mir_msgs/mir_msgs/msg/joystick_vel.h
-- Up-to-date: /home/administrator/Masterproject2/20_ROS/src/Robots/install/mir_msgs/include/mir_msgs/mir_msgs/msg/power_board_motor_status.h
-- Up-to-date: /home/administrator/Masterproject2/20_ROS/src/Robots/install/mir_msgs/include/mir_msgs/mir_msgs/msg/service_response_header.h
-- Up-to-date: /home/administrator/Masterproject2/20_ROS/src/Robots/install/mir_msgs/include/mir_msgs/mir_msgs/msg/sound_event.h
-- Up-to-date: /home/administrator/Masterproject2/20_ROS/src/Robots/install/mir_msgs/include/mir_msgs/mir_msgs/msg/devices.h
-- Up-to-date: /home/administrator/Masterproject2/20_ROS/src/Robots/install/mir_msgs/include/mir_msgs/mir_msgs/msg/plan_segments.h
-- Up-to-date: /home/administrator/Masterproject2/20_ROS/src/Robots/install/mir_msgs/include/mir_msgs/mir_msgs/msg/robot_state.h
-- Up-to-date: /home/administrator/Masterproject2/20_ROS/src/Robots/install/mir_msgs/include/mir_msgs/mir_msgs/msg/error.h
-- Up-to-date: /home/administrator/Masterproject2/20_ROS/src/Robots/install/mir_msgs/include/mir_msgs/mir_msgs/msg/brake_state.h
-- Up-to-date: /home/administrator/Masterproject2/20_ROS/src/Robots/install/mir_msgs/include/mir_msgs/mir_msgs/msg/world_model.h
-- Up-to-date: /home/administrator/Masterproject2/20_ROS/src/Robots/install/mir_msgs/include/mir_msgs/mir_msgs/msg/detail
-- Up-to-date: /home/administrator/Masterproject2/20_ROS/src/Robots/install/mir_msgs/include/mir_msgs/mir_msgs/msg/detail/moving_state__functions.h
-- Up-to-date: /home/administrator/Masterproject2/20_ROS/src/Robots/install/mir_msgs/include/mir_msgs/mir_msgs/msg/detail/mission_ctrl_command__type_support.h
-- Up-to-date: /home/administrator/Masterproject2/20_ROS/src/Robots/install/mir_msgs/include/mir_msgs/mir_msgs/msg/detail/stamped_encoders__description.c
-- Up-to-date: /home/administrator/Masterproject2/20_ROS/src/Robots/install/mir_msgs/include/mir_msgs/mir_msgs/msg/detail/bms_data__description.c
-- Up-to-date: /home/administrator/Masterproject2/20_ROS/src/Robots/install/mir_msgs/include/mir_msgs/mir_msgs/msg/detail/i_os__functions.h
-- Up-to-date: /home/administrator/Masterproject2/20_ROS/src/Robots/install/mir_msgs/include/mir_msgs/mir_msgs/msg/detail/twist2_d__functions.h
-- Up-to-date: /home/administrator/Masterproject2/20_ROS/src/Robots/install/mir_msgs/include/mir_msgs/mir_msgs/msg/detail/hook_data__description.c
-- Up-to-date: /home/administrator/Masterproject2/20_ROS/src/Robots/install/mir_msgs/include/mir_msgs/mir_msgs/msg/detail/i_os__description.c
-- Up-to-date: /home/administrator/Masterproject2/20_ROS/src/Robots/install/mir_msgs/include/mir_msgs/mir_msgs/msg/detail/mission_ctrl_state__struct.h
-- Up-to-date: /home/administrator/Masterproject2/20_ROS/src/Robots/install/mir_msgs/include/mir_msgs/mir_msgs/msg/detail/resources_acquisition__struct.h
-- Installing: /home/administrator/Masterproject2/20_ROS/src/Robots/install/mir_msgs/include/mir_msgs/mir_msgs/msg/detail/pendant__type_support.c
-- Up-to-date: /home/administrator/Masterproject2/20_ROS/src/Robots/install/mir_msgs/include/mir_msgs/mir_msgs/msg/detail/angle_measurment__type_support.h
-- Up-to-date: /home/administrator/Masterproject2/20_ROS/src/Robots/install/mir_msgs/include/mir_msgs/mir_msgs/msg/detail/skid_detection_diff__type_support.h
-- Up-to-date: /home/administrator/Masterproject2/20_ROS/src/Robots/install/mir_msgs/include/mir_msgs/mir_msgs/msg/detail/trolley__functions.c
-- Up-to-date: /home/administrator/Masterproject2/20_ROS/src/Robots/install/mir_msgs/include/mir_msgs/mir_msgs/msg/detail/path__type_support.h
-- Up-to-date: /home/administrator/Masterproject2/20_ROS/src/Robots/install/mir_msgs/include/mir_msgs/mir_msgs/msg/detail/pose2_d__type_support.h
-- Up-to-date: /home/administrator/Masterproject2/20_ROS/src/Robots/install/mir_msgs/include/mir_msgs/mir_msgs/msg/detail/hook_status__functions.h
-- Up-to-date: /home/administrator/Masterproject2/20_ROS/src/Robots/install/mir_msgs/include/mir_msgs/mir_msgs/msg/detail/events__functions.c
-- Installing: /home/administrator/Masterproject2/20_ROS/src/Robots/install/mir_msgs/include/mir_msgs/mir_msgs/msg/detail/bms_data__type_support.c
-- Up-to-date: /home/administrator/Masterproject2/20_ROS/src/Robots/install/mir_msgs/include/mir_msgs/mir_msgs/msg/detail/i_os__struct.h
-- Up-to-date: /home/administrator/Masterproject2/20_ROS/src/Robots/install/mir_msgs/include/mir_msgs/mir_msgs/msg/detail/mission_ctrl_state__functions.h
-- Up-to-date: /home/administrator/Masterproject2/20_ROS/src/Robots/install/mir_msgs/include/mir_msgs/mir_msgs/msg/detail/resources_acquisition__functions.c
-- Up-to-date: /home/administrator/Masterproject2/20_ROS/src/Robots/install/mir_msgs/include/mir_msgs/mir_msgs/msg/detail/robot_state__description.c
-- Up-to-date: /home/administrator/Masterproject2/20_ROS/src/Robots/install/mir_msgs/include/mir_msgs/mir_msgs/msg/detail/external_robot__type_support.h
-- Up-to-date: /home/administrator/Masterproject2/20_ROS/src/Robots/install/mir_msgs/include/mir_msgs/mir_msgs/msg/detail/mir_extra__type_support.h
-- Up-to-date: /home/administrator/Masterproject2/20_ROS/src/Robots/install/mir_msgs/include/mir_msgs/mir_msgs/msg/detail/world_model__type_support.h
-- Up-to-date: /home/administrator/Masterproject2/20_ROS/src/Robots/install/mir_msgs/include/mir_msgs/mir_msgs/msg/detail/mission_ctrl_command__functions.h
-- Installing: /home/administrator/Masterproject2/20_ROS/src/Robots/install/mir_msgs/include/mir_msgs/mir_msgs/msg/detail/robot_status__type_support.c
-- Up-to-date: /home/administrator/Masterproject2/20_ROS/src/Robots/install/mir_msgs/include/mir_msgs/mir_msgs/msg/detail/precision_docking_status__functions.c
-- Up-to-date: /home/administrator/Masterproject2/20_ROS/src/Robots/install/mir_msgs/include/mir_msgs/mir_msgs/msg/detail/power_board_motor_status__type_support.h
-- Up-to-date: /home/administrator/Masterproject2/20_ROS/src/Robots/install/mir_msgs/include/mir_msgs/mir_msgs/msg/detail/event__description.c
-- Up-to-date: /home/administrator/Masterproject2/20_ROS/src/Robots/install/mir_msgs/include/mir_msgs/mir_msgs/msg/detail/joystick_vel__functions.h
-- Up-to-date: /home/administrator/Masterproject2/20_ROS/src/Robots/install/mir_msgs/include/mir_msgs/mir_msgs/msg/detail/height_state__type_support.h
-- Up-to-date: /home/administrator/Masterproject2/20_ROS/src/Robots/install/mir_msgs/include/mir_msgs/mir_msgs/msg/detail/proximity__type_support.h
-- Up-to-date: /home/administrator/Masterproject2/20_ROS/src/Robots/install/mir_msgs/include/mir_msgs/mir_msgs/msg/detail/battery_currents__description.c
-- Up-to-date: /home/administrator/Masterproject2/20_ROS/src/Robots/install/mir_msgs/include/mir_msgs/mir_msgs/msg/detail/sound_event__description.c
-- Installing: /home/administrator/Masterproject2/20_ROS/src/Robots/install/mir_msgs/include/mir_msgs/mir_msgs/msg/detail/time_debug__type_support.c
-- Up-to-date: /home/administrator/Masterproject2/20_ROS/src/Robots/install/mir_msgs/include/mir_msgs/mir_msgs/msg/detail/joystick_vel__struct.h
-- Up-to-date: /home/administrator/Masterproject2/20_ROS/src/Robots/install/mir_msgs/include/mir_msgs/mir_msgs/msg/detail/hook_status__type_support.h
-- Up-to-date: /home/administrator/Masterproject2/20_ROS/src/Robots/install/mir_msgs/include/mir_msgs/mir_msgs/msg/detail/encoders__struct.h
-- Installing: /home/administrator/Masterproject2/20_ROS/src/Robots/install/mir_msgs/include/mir_msgs/mir_msgs/msg/detail/mission_ctrl_state__type_support.c
-- Up-to-date: /home/administrator/Masterproject2/20_ROS/src/Robots/install/mir_msgs/include/mir_msgs/mir_msgs/msg/detail/external_robots__description.c
-- Up-to-date: /home/administrator/Masterproject2/20_ROS/src/Robots/install/mir_msgs/include/mir_msgs/mir_msgs/msg/detail/twist2_d__description.c
-- Up-to-date: /home/administrator/Masterproject2/20_ROS/src/Robots/install/mir_msgs/include/mir_msgs/mir_msgs/msg/detail/mission_ctrl_state__description.c
-- Up-to-date: /home/administrator/Masterproject2/20_ROS/src/Robots/install/mir_msgs/include/mir_msgs/mir_msgs/msg/detail/devices__functions.c
-- Up-to-date: /home/administrator/Masterproject2/20_ROS/src/Robots/install/mir_msgs/include/mir_msgs/mir_msgs/msg/detail/world_map__functions.c
-- Up-to-date: /home/administrator/Masterproject2/20_ROS/src/Robots/install/mir_msgs/include/mir_msgs/mir_msgs/msg/detail/skid_detection_stamped_float__functions.h
-- Up-to-date: /home/administrator/Masterproject2/20_ROS/src/Robots/install/mir_msgs/include/mir_msgs/mir_msgs/msg/detail/pendant__struct.h
-- Up-to-date: /home/administrator/Masterproject2/20_ROS/src/Robots/install/mir_msgs/include/mir_msgs/mir_msgs/msg/detail/hook_extended_status__type_support.h
-- Up-to-date: /home/administrator/Masterproject2/20_ROS/src/Robots/install/mir_msgs/include/mir_msgs/mir_msgs/msg/detail/brake_state__type_support.h
-- Up-to-date: /home/administrator/Masterproject2/20_ROS/src/Robots/install/mir_msgs/include/mir_msgs/mir_msgs/msg/detail/world_model__functions.h
-- Up-to-date: /home/administrator/Masterproject2/20_ROS/src/Robots/install/mir_msgs/include/mir_msgs/mir_msgs/msg/detail/robot_mode__functions.c
-- Installing: /home/administrator/Masterproject2/20_ROS/src/Robots/install/mir_msgs/include/mir_msgs/mir_msgs/msg/detail/skid_detection_diff__type_support.c
-- Up-to-date: /home/administrator/Masterproject2/20_ROS/src/Robots/install/mir_msgs/include/mir_msgs/mir_msgs/msg/detail/mission_ctrl_command__description.c
-- Up-to-date: /home/administrator/Masterproject2/20_ROS/src/Robots/install/mir_msgs/include/mir_msgs/mir_msgs/msg/detail/events__type_support.h
-- Up-to-date: /home/administrator/Masterproject2/20_ROS/src/Robots/install/mir_msgs/include/mir_msgs/mir_msgs/msg/detail/error__type_support.h
-- Installing: /home/administrator/Masterproject2/20_ROS/src/Robots/install/mir_msgs/include/mir_msgs/mir_msgs/msg/detail/brake_state__type_support.c
-- Installing: /home/administrator/Masterproject2/20_ROS/src/Robots/install/mir_msgs/include/mir_msgs/mir_msgs/msg/detail/plan_segment__type_support.c
-- Up-to-date: /home/administrator/Masterproject2/20_ROS/src/Robots/install/mir_msgs/include/mir_msgs/mir_msgs/msg/detail/skid_detection_stamped_float__description.c
-- Up-to-date: /home/administrator/Masterproject2/20_ROS/src/Robots/install/mir_msgs/include/mir_msgs/mir_msgs/msg/detail/pose2_d__functions.c
-- Up-to-date: /home/administrator/Masterproject2/20_ROS/src/Robots/install/mir_msgs/include/mir_msgs/mir_msgs/msg/detail/devices__description.c
-- Up-to-date: /home/administrator/Masterproject2/20_ROS/src/Robots/install/mir_msgs/include/mir_msgs/mir_msgs/msg/detail/event__functions.c
-- Up-to-date: /home/administrator/Masterproject2/20_ROS/src/Robots/install/mir_msgs/include/mir_msgs/mir_msgs/msg/detail/events__struct.h
-- Installing: /home/administrator/Masterproject2/20_ROS/src/Robots/install/mir_msgs/include/mir_msgs/mir_msgs/msg/detail/event__type_support.c
-- Up-to-date: /home/administrator/Masterproject2/20_ROS/src/Robots/install/mir_msgs/include/mir_msgs/mir_msgs/msg/detail/world_model__description.c
-- Up-to-date: /home/administrator/Masterproject2/20_ROS/src/Robots/install/mir_msgs/include/mir_msgs/mir_msgs/msg/detail/local_map_stat__description.c
-- Up-to-date: /home/administrator/Masterproject2/20_ROS/src/Robots/install/mir_msgs/include/mir_msgs/mir_msgs/msg/detail/devices__type_support.h
-- Up-to-date: /home/administrator/Masterproject2/20_ROS/src/Robots/install/mir_msgs/include/mir_msgs/mir_msgs/msg/detail/safety_status__struct.h
-- Up-to-date: /home/administrator/Masterproject2/20_ROS/src/Robots/install/mir_msgs/include/mir_msgs/mir_msgs/msg/detail/pallet_lifter_status__type_support.h
-- Up-to-date: /home/administrator/Masterproject2/20_ROS/src/Robots/install/mir_msgs/include/mir_msgs/mir_msgs/msg/detail/resource_state__type_support.h
-- Up-to-date: /home/administrator/Masterproject2/20_ROS/src/Robots/install/mir_msgs/include/mir_msgs/mir_msgs/msg/detail/stamped_encoders__type_support.h
-- Up-to-date: /home/administrator/Masterproject2/20_ROS/src/Robots/install/mir_msgs/include/mir_msgs/mir_msgs/msg/detail/time_debug__functions.h
-- Installing: /home/administrator/Masterproject2/20_ROS/src/Robots/install/mir_msgs/include/mir_msgs/mir_msgs/msg/detail/hook_extended_status__type_support.c
-- Up-to-date: /home/administrator/Masterproject2/20_ROS/src/Robots/install/mir_msgs/include/mir_msgs/mir_msgs/msg/detail/moving_state__type_support.h
-- Installing: /home/administrator/Masterproject2/20_ROS/src/Robots/install/mir_msgs/include/mir_msgs/mir_msgs/msg/detail/moving_state__type_support.c
-- Up-to-date: /home/administrator/Masterproject2/20_ROS/src/Robots/install/mir_msgs/include/mir_msgs/mir_msgs/msg/detail/mission_ctrl_command__struct.h
-- Up-to-date: /home/administrator/Masterproject2/20_ROS/src/Robots/install/mir_msgs/include/mir_msgs/mir_msgs/msg/detail/hook_status__description.c
-- Up-to-date: /home/administrator/Masterproject2/20_ROS/src/Robots/install/mir_msgs/include/mir_msgs/mir_msgs/msg/detail/time_debug__functions.c
-- Up-to-date: /home/administrator/Masterproject2/20_ROS/src/Robots/install/mir_msgs/include/mir_msgs/mir_msgs/msg/detail/web_path__functions.c
-- Up-to-date: /home/administrator/Masterproject2/20_ROS/src/Robots/install/mir_msgs/include/mir_msgs/mir_msgs/msg/detail/angle_measurment__functions.c
-- Up-to-date: /home/administrator/Masterproject2/20_ROS/src/Robots/install/mir_msgs/include/mir_msgs/mir_msgs/msg/detail/moving_state__struct.h
-- Installing: /home/administrator/Masterproject2/20_ROS/src/Robots/install/mir_msgs/include/mir_msgs/mir_msgs/msg/detail/user_prompt__type_support.c
-- Up-to-date: /home/administrator/Masterproject2/20_ROS/src/Robots/install/mir_msgs/include/mir_msgs/mir_msgs/msg/detail/path__struct.h
-- Up-to-date: /home/administrator/Masterproject2/20_ROS/src/Robots/install/mir_msgs/include/mir_msgs/mir_msgs/msg/detail/battery_currents__functions.c
-- Up-to-date: /home/administrator/Masterproject2/20_ROS/src/Robots/install/mir_msgs/include/mir_msgs/mir_msgs/msg/detail/hook_data__functions.h
-- Up-to-date: /home/administrator/Masterproject2/20_ROS/src/Robots/install/mir_msgs/include/mir_msgs/mir_msgs/msg/detail/external_robots__functions.h
-- Installing: /home/administrator/Masterproject2/20_ROS/src/Robots/install/mir_msgs/include/mir_msgs/mir_msgs/msg/detail/mir_extra__type_support.c
-- Up-to-date: /home/administrator/Masterproject2/20_ROS/src/Robots/install/mir_msgs/include/mir_msgs/mir_msgs/msg/detail/hook_status__struct.h
-- Up-to-date: /home/administrator/Masterproject2/20_ROS/src/Robots/install/mir_msgs/include/mir_msgs/mir_msgs/msg/detail/stamped_encoders__struct.h
-- Up-to-date: /home/administrator/Masterproject2/20_ROS/src/Robots/install/mir_msgs/include/mir_msgs/mir_msgs/msg/detail/brake_state__description.c
-- Up-to-date: /home/administrator/Masterproject2/20_ROS/src/Robots/install/mir_msgs/include/mir_msgs/mir_msgs/msg/detail/devices__functions.h
-- Up-to-date: /home/administrator/Masterproject2/20_ROS/src/Robots/install/mir_msgs/include/mir_msgs/mir_msgs/msg/detail/charging_state__description.c
-- Installing: /home/administrator/Masterproject2/20_ROS/src/Robots/install/mir_msgs/include/mir_msgs/mir_msgs/msg/detail/world_model__type_support.c
-- Installing: /home/administrator/Masterproject2/20_ROS/src/Robots/install/mir_msgs/include/mir_msgs/mir_msgs/msg/detail/plan_segments__type_support.c
-- Up-to-date: /home/administrator/Masterproject2/20_ROS/src/Robots/install/mir_msgs/include/mir_msgs/mir_msgs/msg/detail/encoders__functions.c
-- Up-to-date: /home/administrator/Masterproject2/20_ROS/src/Robots/install/mir_msgs/include/mir_msgs/mir_msgs/msg/detail/power_board_motor_status__functions.c
-- Up-to-date: /home/administrator/Masterproject2/20_ROS/src/Robots/install/mir_msgs/include/mir_msgs/mir_msgs/msg/detail/skid_detection_diff__functions.c
-- Up-to-date: /home/administrator/Masterproject2/20_ROS/src/Robots/install/mir_msgs/include/mir_msgs/mir_msgs/msg/detail/pallet_lifter_status__description.c
-- Installing: /home/administrator/Masterproject2/20_ROS/src/Robots/install/mir_msgs/include/mir_msgs/mir_msgs/msg/detail/skid_detection_stamped_float__type_support.c
-- Up-to-date: /home/administrator/Masterproject2/20_ROS/src/Robots/install/mir_msgs/include/mir_msgs/mir_msgs/msg/detail/event__functions.h
-- Up-to-date: /home/administrator/Masterproject2/20_ROS/src/Robots/install/mir_msgs/include/mir_msgs/mir_msgs/msg/detail/pendant__functions.h
-- Up-to-date: /home/administrator/Masterproject2/20_ROS/src/Robots/install/mir_msgs/include/mir_msgs/mir_msgs/msg/detail/user_prompt__functions.h
-- Up-to-date: /home/administrator/Masterproject2/20_ROS/src/Robots/install/mir_msgs/include/mir_msgs/mir_msgs/msg/detail/brake_state__functions.h
-- Up-to-date: /home/administrator/Masterproject2/20_ROS/src/Robots/install/mir_msgs/include/mir_msgs/mir_msgs/msg/detail/sound_event__type_support.h
-- Up-to-date: /home/administrator/Masterproject2/20_ROS/src/Robots/install/mir_msgs/include/mir_msgs/mir_msgs/msg/detail/battery_currents__type_support.h
-- Installing: /home/administrator/Masterproject2/20_ROS/src/Robots/install/mir_msgs/include/mir_msgs/mir_msgs/msg/detail/resources_state__type_support.c
-- Up-to-date: /home/administrator/Masterproject2/20_ROS/src/Robots/install/mir_msgs/include/mir_msgs/mir_msgs/msg/detail/moving_state__functions.c
-- Installing: /home/administrator/Masterproject2/20_ROS/src/Robots/install/mir_msgs/include/mir_msgs/mir_msgs/msg/detail/joystick_vel__type_support.c
-- Up-to-date: /home/administrator/Masterproject2/20_ROS/src/Robots/install/mir_msgs/include/mir_msgs/mir_msgs/msg/detail/angle_measurment__description.c
-- Up-to-date: /home/administrator/Masterproject2/20_ROS/src/Robots/install/mir_msgs/include/mir_msgs/mir_msgs/msg/detail/bms_data__functions.h
-- Up-to-date: /home/administrator/Masterproject2/20_ROS/src/Robots/install/mir_msgs/include/mir_msgs/mir_msgs/msg/detail/time_debug__struct.h
-- Up-to-date: /home/administrator/Masterproject2/20_ROS/src/Robots/install/mir_msgs/include/mir_msgs/mir_msgs/msg/detail/robot_status__struct.h
-- Up-to-date: /home/administrator/Masterproject2/20_ROS/src/Robots/install/mir_msgs/include/mir_msgs/mir_msgs/msg/detail/user_prompt__functions.c
-- Up-to-date: /home/administrator/Masterproject2/20_ROS/src/Robots/install/mir_msgs/include/mir_msgs/mir_msgs/msg/detail/charging_state__functions.c
-- Up-to-date: /home/administrator/Masterproject2/20_ROS/src/Robots/install/mir_msgs/include/mir_msgs/mir_msgs/msg/detail/world_model__struct.h
-- Up-to-date: /home/administrator/Masterproject2/20_ROS/src/Robots/install/mir_msgs/include/mir_msgs/mir_msgs/msg/detail/service_response_header__struct.h
-- Up-to-date: /home/administrator/Masterproject2/20_ROS/src/Robots/install/mir_msgs/include/mir_msgs/mir_msgs/msg/detail/stamped_encoders__functions.h
-- Up-to-date: /home/administrator/Masterproject2/20_ROS/src/Robots/install/mir_msgs/include/mir_msgs/mir_msgs/msg/detail/skid_detection_diff__struct.h
-- Up-to-date: /home/administrator/Masterproject2/20_ROS/src/Robots/install/mir_msgs/include/mir_msgs/mir_msgs/msg/detail/plan_segments__functions.c
-- Installing: /home/administrator/Masterproject2/20_ROS/src/Robots/install/mir_msgs/include/mir_msgs/mir_msgs/msg/detail/world_map__type_support.c
-- Up-to-date: /home/administrator/Masterproject2/20_ROS/src/Robots/install/mir_msgs/include/mir_msgs/mir_msgs/msg/detail/hook_extended_status__struct.h
-- Up-to-date: /home/administrator/Masterproject2/20_ROS/src/Robots/install/mir_msgs/include/mir_msgs/mir_msgs/msg/detail/web_path__description.c
-- Installing: /home/administrator/Masterproject2/20_ROS/src/Robots/install/mir_msgs/include/mir_msgs/mir_msgs/msg/detail/safety_status__type_support.c
-- Installing: /home/administrator/Masterproject2/20_ROS/src/Robots/install/mir_msgs/include/mir_msgs/mir_msgs/msg/detail/events__type_support.c
-- Up-to-date: /home/administrator/Masterproject2/20_ROS/src/Robots/install/mir_msgs/include/mir_msgs/mir_msgs/msg/detail/mission_ctrl_command__functions.c
-- Up-to-date: /home/administrator/Masterproject2/20_ROS/src/Robots/install/mir_msgs/include/mir_msgs/mir_msgs/msg/detail/brake_state__functions.c
-- Up-to-date: /home/administrator/Masterproject2/20_ROS/src/Robots/install/mir_msgs/include/mir_msgs/mir_msgs/msg/detail/error__struct.h
-- Up-to-date: /home/administrator/Masterproject2/20_ROS/src/Robots/install/mir_msgs/include/mir_msgs/mir_msgs/msg/detail/encoders__type_support.h
-- Up-to-date: /home/administrator/Masterproject2/20_ROS/src/Robots/install/mir_msgs/include/mir_msgs/mir_msgs/msg/detail/height_state__functions.c
-- Up-to-date: /home/administrator/Masterproject2/20_ROS/src/Robots/install/mir_msgs/include/mir_msgs/mir_msgs/msg/detail/safety_status__type_support.h
-- Up-to-date: /home/administrator/Masterproject2/20_ROS/src/Robots/install/mir_msgs/include/mir_msgs/mir_msgs/msg/detail/battery_currents__functions.h
-- Up-to-date: /home/administrator/Masterproject2/20_ROS/src/Robots/install/mir_msgs/include/mir_msgs/mir_msgs/msg/detail/hook_extended_status__functions.c
-- Up-to-date: /home/administrator/Masterproject2/20_ROS/src/Robots/install/mir_msgs/include/mir_msgs/mir_msgs/msg/detail/battery_currents__struct.h
-- Up-to-date: /home/administrator/Masterproject2/20_ROS/src/Robots/install/mir_msgs/include/mir_msgs/mir_msgs/msg/detail/mir_extra__struct.h
-- Up-to-date: /home/administrator/Masterproject2/20_ROS/src/Robots/install/mir_msgs/include/mir_msgs/mir_msgs/msg/detail/plan_segments__functions.h
-- Up-to-date: /home/administrator/Masterproject2/20_ROS/src/Robots/install/mir_msgs/include/mir_msgs/mir_msgs/msg/detail/sound_event__functions.h
-- Installing: /home/administrator/Masterproject2/20_ROS/src/Robots/install/mir_msgs/include/mir_msgs/mir_msgs/msg/detail/robot_state__type_support.c
-- Up-to-date: /home/administrator/Masterproject2/20_ROS/src/Robots/install/mir_msgs/include/mir_msgs/mir_msgs/msg/detail/event__type_support.h
-- Up-to-date: /home/administrator/Masterproject2/20_ROS/src/Robots/install/mir_msgs/include/mir_msgs/mir_msgs/msg/detail/bms_data__struct.h
-- Up-to-date: /home/administrator/Masterproject2/20_ROS/src/Robots/install/mir_msgs/include/mir_msgs/mir_msgs/msg/detail/robot_state__type_support.h
-- Up-to-date: /home/administrator/Masterproject2/20_ROS/src/Robots/install/mir_msgs/include/mir_msgs/mir_msgs/msg/detail/resource_state__struct.h
-- Up-to-date: /home/administrator/Masterproject2/20_ROS/src/Robots/install/mir_msgs/include/mir_msgs/mir_msgs/msg/detail/resource_state__description.c
-- Up-to-date: /home/administrator/Masterproject2/20_ROS/src/Robots/install/mir_msgs/include/mir_msgs/mir_msgs/msg/detail/joystick_vel__functions.c
-- Up-to-date: /home/administrator/Masterproject2/20_ROS/src/Robots/install/mir_msgs/include/mir_msgs/mir_msgs/msg/detail/mir_extra__functions.h
-- Up-to-date: /home/administrator/Masterproject2/20_ROS/src/Robots/install/mir_msgs/include/mir_msgs/mir_msgs/msg/detail/devices__struct.h
-- Installing: /home/administrator/Masterproject2/20_ROS/src/Robots/install/mir_msgs/include/mir_msgs/mir_msgs/msg/detail/charging_state__type_support.c
-- Up-to-date: /home/administrator/Masterproject2/20_ROS/src/Robots/install/mir_msgs/include/mir_msgs/mir_msgs/msg/detail/bms_data__functions.c
-- Up-to-date: /home/administrator/Masterproject2/20_ROS/src/Robots/install/mir_msgs/include/mir_msgs/mir_msgs/msg/detail/resources_state__description.c
-- Up-to-date: /home/administrator/Masterproject2/20_ROS/src/Robots/install/mir_msgs/include/mir_msgs/mir_msgs/msg/detail/encoders__description.c
-- Up-to-date: /home/administrator/Masterproject2/20_ROS/src/Robots/install/mir_msgs/include/mir_msgs/mir_msgs/msg/detail/mir_local_planner_path_types__description.c
-- Up-to-date: /home/administrator/Masterproject2/20_ROS/src/Robots/install/mir_msgs/include/mir_msgs/mir_msgs/msg/detail/user_prompt__description.c
-- Up-to-date: /home/administrator/Masterproject2/20_ROS/src/Robots/install/mir_msgs/include/mir_msgs/mir_msgs/msg/detail/device__description.c
-- Up-to-date: /home/administrator/Masterproject2/20_ROS/src/Robots/install/mir_msgs/include/mir_msgs/mir_msgs/msg/detail/gpio__functions.h
-- Up-to-date: /home/administrator/Masterproject2/20_ROS/src/Robots/install/mir_msgs/include/mir_msgs/mir_msgs/msg/detail/gpio__description.c
-- Installing: /home/administrator/Masterproject2/20_ROS/src/Robots/install/mir_msgs/include/mir_msgs/mir_msgs/msg/detail/gripper_state__type_support.c
-- Up-to-date: /home/administrator/Masterproject2/20_ROS/src/Robots/install/mir_msgs/include/mir_msgs/mir_msgs/msg/detail/world_map__description.c
-- Up-to-date: /home/administrator/Masterproject2/20_ROS/src/Robots/install/mir_msgs/include/mir_msgs/mir_msgs/msg/detail/resources_state__type_support.h
-- Up-to-date: /home/administrator/Masterproject2/20_ROS/src/Robots/install/mir_msgs/include/mir_msgs/mir_msgs/msg/detail/hook_extended_status__functions.h
-- Installing: /home/administrator/Masterproject2/20_ROS/src/Robots/install/mir_msgs/include/mir_msgs/mir_msgs/msg/detail/mission_ctrl_command__type_support.c
-- Up-to-date: /home/administrator/Masterproject2/20_ROS/src/Robots/install/mir_msgs/include/mir_msgs/mir_msgs/msg/detail/gpio__functions.c
-- Installing: /home/administrator/Masterproject2/20_ROS/src/Robots/install/mir_msgs/include/mir_msgs/mir_msgs/msg/detail/robot_mode__type_support.c
-- Up-to-date: /home/administrator/Masterproject2/20_ROS/src/Robots/install/mir_msgs/include/mir_msgs/mir_msgs/msg/detail/path__functions.c
-- Up-to-date: /home/administrator/Masterproject2/20_ROS/src/Robots/install/mir_msgs/include/mir_msgs/mir_msgs/msg/detail/device__struct.h
-- Up-to-date: /home/administrator/Masterproject2/20_ROS/src/Robots/install/mir_msgs/include/mir_msgs/mir_msgs/msg/detail/web_path__struct.h
-- Installing: /home/administrator/Masterproject2/20_ROS/src/Robots/install/mir_msgs/include/mir_msgs/mir_msgs/msg/detail/pose2_d__type_support.c
-- Up-to-date: /home/administrator/Masterproject2/20_ROS/src/Robots/install/mir_msgs/include/mir_msgs/mir_msgs/msg/detail/service_response_header__description.c
-- Up-to-date: /home/administrator/Masterproject2/20_ROS/src/Robots/install/mir_msgs/include/mir_msgs/mir_msgs/msg/detail/device__functions.c
-- Up-to-date: /home/administrator/Masterproject2/20_ROS/src/Robots/install/mir_msgs/include/mir_msgs/mir_msgs/msg/detail/event__struct.h
-- Up-to-date: /home/administrator/Masterproject2/20_ROS/src/Robots/install/mir_msgs/include/mir_msgs/mir_msgs/msg/detail/power_board_motor_status__description.c
-- Up-to-date: /home/administrator/Masterproject2/20_ROS/src/Robots/install/mir_msgs/include/mir_msgs/mir_msgs/msg/detail/trolley__struct.h
-- Up-to-date: /home/administrator/Masterproject2/20_ROS/src/Robots/install/mir_msgs/include/mir_msgs/mir_msgs/msg/detail/error__functions.h
-- Up-to-date: /home/administrator/Masterproject2/20_ROS/src/Robots/install/mir_msgs/include/mir_msgs/mir_msgs/msg/detail/plan_segment__functions.c
-- Up-to-date: /home/administrator/Masterproject2/20_ROS/src/Robots/install/mir_msgs/include/mir_msgs/mir_msgs/msg/detail/trolley__description.c
-- Up-to-date: /home/administrator/Masterproject2/20_ROS/src/Robots/install/mir_msgs/include/mir_msgs/mir_msgs/msg/detail/robot_state__struct.h
-- Installing: /home/administrator/Masterproject2/20_ROS/src/Robots/install/mir_msgs/include/mir_msgs/mir_msgs/msg/detail/external_robot__type_support.c
-- Up-to-date: /home/administrator/Masterproject2/20_ROS/src/Robots/install/mir_msgs/include/mir_msgs/mir_msgs/msg/detail/gpio__struct.h
-- Up-to-date: /home/administrator/Masterproject2/20_ROS/src/Robots/install/mir_msgs/include/mir_msgs/mir_msgs/msg/detail/precision_docking_status__type_support.h
-- Up-to-date: /home/administrator/Masterproject2/20_ROS/src/Robots/install/mir_msgs/include/mir_msgs/mir_msgs/msg/detail/brake_state__struct.h
-- Up-to-date: /home/administrator/Masterproject2/20_ROS/src/Robots/install/mir_msgs/include/mir_msgs/mir_msgs/msg/detail/power_board_motor_status__functions.h
-- Installing: /home/administrator/Masterproject2/20_ROS/src/Robots/install/mir_msgs/include/mir_msgs/mir_msgs/msg/detail/battery_currents__type_support.c
-- Up-to-date: /home/administrator/Masterproject2/20_ROS/src/Robots/install/mir_msgs/include/mir_msgs/mir_msgs/msg/detail/service_response_header__type_support.h
-- Up-to-date: /home/administrator/Masterproject2/20_ROS/src/Robots/install/mir_msgs/include/mir_msgs/mir_msgs/msg/detail/twist2_d__functions.c
-- Up-to-date: /home/administrator/Masterproject2/20_ROS/src/Robots/install/mir_msgs/include/mir_msgs/mir_msgs/msg/detail/robot_status__functions.h
-- Installing: /home/administrator/Masterproject2/20_ROS/src/Robots/install/mir_msgs/include/mir_msgs/mir_msgs/msg/detail/height_state__type_support.c
-- Up-to-date: /home/administrator/Masterproject2/20_ROS/src/Robots/install/mir_msgs/include/mir_msgs/mir_msgs/msg/detail/mission_ctrl_state__functions.c
-- Installing: /home/administrator/Masterproject2/20_ROS/src/Robots/install/mir_msgs/include/mir_msgs/mir_msgs/msg/detail/path__type_support.c
-- Up-to-date: /home/administrator/Masterproject2/20_ROS/src/Robots/install/mir_msgs/include/mir_msgs/mir_msgs/msg/detail/encoder_test_entry__functions.c
-- Up-to-date: /home/administrator/Masterproject2/20_ROS/src/Robots/install/mir_msgs/include/mir_msgs/mir_msgs/msg/detail/gripper_state__description.c
-- Up-to-date: /home/administrator/Masterproject2/20_ROS/src/Robots/install/mir_msgs/include/mir_msgs/mir_msgs/msg/detail/device__type_support.h
-- Installing: /home/administrator/Masterproject2/20_ROS/src/Robots/install/mir_msgs/include/mir_msgs/mir_msgs/msg/detail/error__type_support.c
-- Up-to-date: /home/administrator/Masterproject2/20_ROS/src/Robots/install/mir_msgs/include/mir_msgs/mir_msgs/msg/detail/joystick_vel__type_support.h
-- Up-to-date: /home/administrator/Masterproject2/20_ROS/src/Robots/install/mir_msgs/include/mir_msgs/mir_msgs/msg/detail/skid_detection_stamped_float__struct.h
-- Installing: /home/administrator/Masterproject2/20_ROS/src/Robots/install/mir_msgs/include/mir_msgs/mir_msgs/msg/detail/gpio__type_support.c
-- Up-to-date: /home/administrator/Masterproject2/20_ROS/src/Robots/install/mir_msgs/include/mir_msgs/mir_msgs/msg/detail/mir_local_planner_path_types__struct.h
-- Up-to-date: /home/administrator/Masterproject2/20_ROS/src/Robots/install/mir_msgs/include/mir_msgs/mir_msgs/msg/detail/serial__functions.h
-- Up-to-date: /home/administrator/Masterproject2/20_ROS/src/Robots/install/mir_msgs/include/mir_msgs/mir_msgs/msg/detail/height_state__functions.h
-- Up-to-date: /home/administrator/Masterproject2/20_ROS/src/Robots/install/mir_msgs/include/mir_msgs/mir_msgs/msg/detail/charging_state__functions.h
-- Up-to-date: /home/administrator/Masterproject2/20_ROS/src/Robots/install/mir_msgs/include/mir_msgs/mir_msgs/msg/detail/encoder_test_entry__struct.h
-- Up-to-date: /home/administrator/Masterproject2/20_ROS/src/Robots/install/mir_msgs/include/mir_msgs/mir_msgs/msg/detail/mir_local_planner_path_types__functions.h
-- Up-to-date: /home/administrator/Masterproject2/20_ROS/src/Robots/install/mir_msgs/include/mir_msgs/mir_msgs/msg/detail/resources_state__functions.h
-- Up-to-date: /home/administrator/Masterproject2/20_ROS/src/Robots/install/mir_msgs/include/mir_msgs/mir_msgs/msg/detail/robot_mode__functions.h
-- Installing: /home/administrator/Masterproject2/20_ROS/src/Robots/install/mir_msgs/include/mir_msgs/mir_msgs/msg/detail/mir_local_planner_path_types__type_support.c
-- Up-to-date: /home/administrator/Masterproject2/20_ROS/src/Robots/install/mir_msgs/include/mir_msgs/mir_msgs/msg/detail/angle_measurment__functions.h
-- Up-to-date: /home/administrator/Masterproject2/20_ROS/src/Robots/install/mir_msgs/include/mir_msgs/mir_msgs/msg/detail/pose2_d__functions.h
-- Up-to-date: /home/administrator/Masterproject2/20_ROS/src/Robots/install/mir_msgs/include/mir_msgs/mir_msgs/msg/detail/i_os__type_support.h
-- Up-to-date: /home/administrator/Masterproject2/20_ROS/src/Robots/install/mir_msgs/include/mir_msgs/mir_msgs/msg/detail/proximity__functions.c
-- Installing: /home/administrator/Masterproject2/20_ROS/src/Robots/install/mir_msgs/include/mir_msgs/mir_msgs/msg/detail/twist2_d__type_support.c
-- Up-to-date: /home/administrator/Masterproject2/20_ROS/src/Robots/install/mir_msgs/include/mir_msgs/mir_msgs/msg/detail/robot_status__functions.c
-- Up-to-date: /home/administrator/Masterproject2/20_ROS/src/Robots/install/mir_msgs/include/mir_msgs/mir_msgs/msg/detail/external_robots__functions.c
-- Up-to-date: /home/administrator/Masterproject2/20_ROS/src/Robots/install/mir_msgs/include/mir_msgs/mir_msgs/msg/detail/world_map__struct.h
-- Up-to-date: /home/administrator/Masterproject2/20_ROS/src/Robots/install/mir_msgs/include/mir_msgs/mir_msgs/msg/detail/mir_local_planner_path_types__functions.c
-- Up-to-date: /home/administrator/Masterproject2/20_ROS/src/Robots/install/mir_msgs/include/mir_msgs/mir_msgs/msg/detail/robot_status__description.c
-- Installing: /home/administrator/Masterproject2/20_ROS/src/Robots/install/mir_msgs/include/mir_msgs/mir_msgs/msg/detail/serial__type_support.c
-- Installing: /home/administrator/Masterproject2/20_ROS/src/Robots/install/mir_msgs/include/mir_msgs/mir_msgs/msg/detail/device__type_support.c
-- Up-to-date: /home/administrator/Masterproject2/20_ROS/src/Robots/install/mir_msgs/include/mir_msgs/mir_msgs/msg/detail/external_robots__type_support.h
-- Up-to-date: /home/administrator/Masterproject2/20_ROS/src/Robots/install/mir_msgs/include/mir_msgs/mir_msgs/msg/detail/precision_docking_status__functions.h
-- Up-to-date: /home/administrator/Masterproject2/20_ROS/src/Robots/install/mir_msgs/include/mir_msgs/mir_msgs/msg/detail/trolley__type_support.h
-- Up-to-date: /home/administrator/Masterproject2/20_ROS/src/Robots/install/mir_msgs/include/mir_msgs/mir_msgs/msg/detail/gripper_state__functions.h
-- Up-to-date: /home/administrator/Masterproject2/20_ROS/src/Robots/install/mir_msgs/include/mir_msgs/mir_msgs/msg/detail/pose2_d__description.c
-- Installing: /home/administrator/Masterproject2/20_ROS/src/Robots/install/mir_msgs/include/mir_msgs/mir_msgs/msg/detail/local_map_stat__type_support.c
-- Up-to-date: /home/administrator/Masterproject2/20_ROS/src/Robots/install/mir_msgs/include/mir_msgs/mir_msgs/msg/detail/moving_state__description.c
-- Up-to-date: /home/administrator/Masterproject2/20_ROS/src/Robots/install/mir_msgs/include/mir_msgs/mir_msgs/msg/detail/height_state__description.c
-- Up-to-date: /home/administrator/Masterproject2/20_ROS/src/Robots/install/mir_msgs/include/mir_msgs/mir_msgs/msg/detail/path__functions.h
-- Up-to-date: /home/administrator/Masterproject2/20_ROS/src/Robots/install/mir_msgs/include/mir_msgs/mir_msgs/msg/detail/resources_acquisition__description.c
-- Up-to-date: /home/administrator/Masterproject2/20_ROS/src/Robots/install/mir_msgs/include/mir_msgs/mir_msgs/msg/detail/encoder_test_entry__type_support.h
-- Up-to-date: /home/administrator/Masterproject2/20_ROS/src/Robots/install/mir_msgs/include/mir_msgs/mir_msgs/msg/detail/mission_ctrl_state__type_support.h
-- Up-to-date: /home/administrator/Masterproject2/20_ROS/src/Robots/install/mir_msgs/include/mir_msgs/mir_msgs/msg/detail/robot_mode__type_support.h
-- Installing: /home/administrator/Masterproject2/20_ROS/src/Robots/install/mir_msgs/include/mir_msgs/mir_msgs/msg/detail/sound_event__type_support.c
-- Up-to-date: /home/administrator/Masterproject2/20_ROS/src/Robots/install/mir_msgs/include/mir_msgs/mir_msgs/msg/detail/robot_mode__description.c
-- Installing: /home/administrator/Masterproject2/20_ROS/src/Robots/install/mir_msgs/include/mir_msgs/mir_msgs/msg/detail/resource_state__type_support.c
-- Up-to-date: /home/administrator/Masterproject2/20_ROS/src/Robots/install/mir_msgs/include/mir_msgs/mir_msgs/msg/detail/plan_segment__type_support.h
-- Up-to-date: /home/administrator/Masterproject2/20_ROS/src/Robots/install/mir_msgs/include/mir_msgs/mir_msgs/msg/detail/local_map_stat__functions.h
-- Installing: /home/administrator/Masterproject2/20_ROS/src/Robots/install/mir_msgs/include/mir_msgs/mir_msgs/msg/detail/angle_measurment__type_support.c
-- Up-to-date: /home/administrator/Masterproject2/20_ROS/src/Robots/install/mir_msgs/include/mir_msgs/mir_msgs/msg/detail/plan_segments__description.c
-- Up-to-date: /home/administrator/Masterproject2/20_ROS/src/Robots/install/mir_msgs/include/mir_msgs/mir_msgs/msg/detail/web_path__type_support.h
-- Installing: /home/administrator/Masterproject2/20_ROS/src/Robots/install/mir_msgs/include/mir_msgs/mir_msgs/msg/detail/precision_docking_status__type_support.c
-- Up-to-date: /home/administrator/Masterproject2/20_ROS/src/Robots/install/mir_msgs/include/mir_msgs/mir_msgs/msg/detail/resource_state__functions.c
-- Up-to-date: /home/administrator/Masterproject2/20_ROS/src/Robots/install/mir_msgs/include/mir_msgs/mir_msgs/msg/detail/safety_status__description.c
-- Up-to-date: /home/administrator/Masterproject2/20_ROS/src/Robots/install/mir_msgs/include/mir_msgs/mir_msgs/msg/detail/bms_data__type_support.h
-- Up-to-date: /home/administrator/Masterproject2/20_ROS/src/Robots/install/mir_msgs/include/mir_msgs/mir_msgs/msg/detail/gripper_state__functions.c
-- Up-to-date: /home/administrator/Masterproject2/20_ROS/src/Robots/install/mir_msgs/include/mir_msgs/mir_msgs/msg/detail/serial__struct.h
-- Up-to-date: /home/administrator/Masterproject2/20_ROS/src/Robots/install/mir_msgs/include/mir_msgs/mir_msgs/msg/detail/trolley__functions.h
-- Up-to-date: /home/administrator/Masterproject2/20_ROS/src/Robots/install/mir_msgs/include/mir_msgs/mir_msgs/msg/detail/resources_acquisition__type_support.h
-- Up-to-date: /home/administrator/Masterproject2/20_ROS/src/Robots/install/mir_msgs/include/mir_msgs/mir_msgs/msg/detail/path__description.c
-- Installing: /home/administrator/Masterproject2/20_ROS/src/Robots/install/mir_msgs/include/mir_msgs/mir_msgs/msg/detail/resources_acquisition__type_support.c
-- Up-to-date: /home/administrator/Masterproject2/20_ROS/src/Robots/install/mir_msgs/include/mir_msgs/mir_msgs/msg/detail/stamped_encoders__functions.c
-- Up-to-date: /home/administrator/Masterproject2/20_ROS/src/Robots/install/mir_msgs/include/mir_msgs/mir_msgs/msg/detail/mir_extra__functions.c
-- Up-to-date: /home/administrator/Masterproject2/20_ROS/src/Robots/install/mir_msgs/include/mir_msgs/mir_msgs/msg/detail/resource_state__functions.h
-- Up-to-date: /home/administrator/Masterproject2/20_ROS/src/Robots/install/mir_msgs/include/mir_msgs/mir_msgs/msg/detail/sound_event__struct.h
-- Up-to-date: /home/administrator/Masterproject2/20_ROS/src/Robots/install/mir_msgs/include/mir_msgs/mir_msgs/msg/detail/safety_status__functions.h
-- Up-to-date: /home/administrator/Masterproject2/20_ROS/src/Robots/install/mir_msgs/include/mir_msgs/mir_msgs/msg/detail/proximity__description.c
-- Installing: /home/administrator/Masterproject2/20_ROS/src/Robots/install/mir_msgs/include/mir_msgs/mir_msgs/msg/detail/devices__type_support.c
-- Up-to-date: /home/administrator/Masterproject2/20_ROS/src/Robots/install/mir_msgs/include/mir_msgs/mir_msgs/msg/detail/local_map_stat__struct.h
-- Up-to-date: /home/administrator/Masterproject2/20_ROS/src/Robots/install/mir_msgs/include/mir_msgs/mir_msgs/msg/detail/power_board_motor_status__struct.h
-- Up-to-date: /home/administrator/Masterproject2/20_ROS/src/Robots/install/mir_msgs/include/mir_msgs/mir_msgs/msg/detail/hook_data__functions.c
-- Installing: /home/administrator/Masterproject2/20_ROS/src/Robots/install/mir_msgs/include/mir_msgs/mir_msgs/msg/detail/web_path__type_support.c
-- Up-to-date: /home/administrator/Masterproject2/20_ROS/src/Robots/install/mir_msgs/include/mir_msgs/mir_msgs/msg/detail/plan_segment__struct.h
-- Up-to-date: /home/administrator/Masterproject2/20_ROS/src/Robots/install/mir_msgs/include/mir_msgs/mir_msgs/msg/detail/plan_segments__struct.h
-- Installing: /home/administrator/Masterproject2/20_ROS/src/Robots/install/mir_msgs/include/mir_msgs/mir_msgs/msg/detail/encoders__type_support.c
-- Up-to-date: /home/administrator/Masterproject2/20_ROS/src/Robots/install/mir_msgs/include/mir_msgs/mir_msgs/msg/detail/skid_detection_diff__functions.h
-- Up-to-date: /home/administrator/Masterproject2/20_ROS/src/Robots/install/mir_msgs/include/mir_msgs/mir_msgs/msg/detail/encoder_test_entry__description.c
-- Up-to-date: /home/administrator/Masterproject2/20_ROS/src/Robots/install/mir_msgs/include/mir_msgs/mir_msgs/msg/detail/proximity__functions.h
-- Up-to-date: /home/administrator/Masterproject2/20_ROS/src/Robots/install/mir_msgs/include/mir_msgs/mir_msgs/msg/detail/error__functions.c
-- Up-to-date: /home/administrator/Masterproject2/20_ROS/src/Robots/install/mir_msgs/include/mir_msgs/mir_msgs/msg/detail/robot_state__functions.c
-- Up-to-date: /home/administrator/Masterproject2/20_ROS/src/Robots/install/mir_msgs/include/mir_msgs/mir_msgs/msg/detail/pendant__description.c
-- Up-to-date: /home/administrator/Masterproject2/20_ROS/src/Robots/install/mir_msgs/include/mir_msgs/mir_msgs/msg/detail/serial__description.c
-- Up-to-date: /home/administrator/Masterproject2/20_ROS/src/Robots/install/mir_msgs/include/mir_msgs/mir_msgs/msg/detail/plan_segment__description.c
-- Up-to-date: /home/administrator/Masterproject2/20_ROS/src/Robots/install/mir_msgs/include/mir_msgs/mir_msgs/msg/detail/plan_segments__type_support.h
-- Up-to-date: /home/administrator/Masterproject2/20_ROS/src/Robots/install/mir_msgs/include/mir_msgs/mir_msgs/msg/detail/external_robot__functions.c
-- Installing: /home/administrator/Masterproject2/20_ROS/src/Robots/install/mir_msgs/include/mir_msgs/mir_msgs/msg/detail/proximity__type_support.c
-- Up-to-date: /home/administrator/Masterproject2/20_ROS/src/Robots/install/mir_msgs/include/mir_msgs/mir_msgs/msg/detail/user_prompt__struct.h
-- Up-to-date: /home/administrator/Masterproject2/20_ROS/src/Robots/install/mir_msgs/include/mir_msgs/mir_msgs/msg/detail/hook_data__struct.h
-- Up-to-date: /home/administrator/Masterproject2/20_ROS/src/Robots/install/mir_msgs/include/mir_msgs/mir_msgs/msg/detail/external_robots__struct.h
-- Installing: /home/administrator/Masterproject2/20_ROS/src/Robots/install/mir_msgs/include/mir_msgs/mir_msgs/msg/detail/service_response_header__type_support.c
-- Installing: /home/administrator/Masterproject2/20_ROS/src/Robots/install/mir_msgs/include/mir_msgs/mir_msgs/msg/detail/external_robots__type_support.c
-- Up-to-date: /home/administrator/Masterproject2/20_ROS/src/Robots/install/mir_msgs/include/mir_msgs/mir_msgs/msg/detail/resources_acquisition__functions.h
-- Up-to-date: /home/administrator/Masterproject2/20_ROS/src/Robots/install/mir_msgs/include/mir_msgs/mir_msgs/msg/detail/encoders__functions.h
-- Up-to-date: /home/administrator/Masterproject2/20_ROS/src/Robots/install/mir_msgs/include/mir_msgs/mir_msgs/msg/detail/pose2_d__struct.h
-- Installing: /home/administrator/Masterproject2/20_ROS/src/Robots/install/mir_msgs/include/mir_msgs/mir_msgs/msg/detail/pallet_lifter_status__type_support.c
-- Up-to-date: /home/administrator/Masterproject2/20_ROS/src/Robots/install/mir_msgs/include/mir_msgs/mir_msgs/msg/detail/twist2_d__type_support.h
-- Up-to-date: /home/administrator/Masterproject2/20_ROS/src/Robots/install/mir_msgs/include/mir_msgs/mir_msgs/msg/detail/hook_status__functions.c
-- Up-to-date: /home/administrator/Masterproject2/20_ROS/src/Robots/install/mir_msgs/include/mir_msgs/mir_msgs/msg/detail/skid_detection_diff__description.c
-- Up-to-date: /home/administrator/Masterproject2/20_ROS/src/Robots/install/mir_msgs/include/mir_msgs/mir_msgs/msg/detail/service_response_header__functions.h
-- Up-to-date: /home/administrator/Masterproject2/20_ROS/src/Robots/install/mir_msgs/include/mir_msgs/mir_msgs/msg/detail/serial__type_support.h
-- Up-to-date: /home/administrator/Masterproject2/20_ROS/src/Robots/install/mir_msgs/include/mir_msgs/mir_msgs/msg/detail/proximity__struct.h
-- Up-to-date: /home/administrator/Masterproject2/20_ROS/src/Robots/install/mir_msgs/include/mir_msgs/mir_msgs/msg/detail/skid_detection_stamped_float__functions.c
-- Up-to-date: /home/administrator/Masterproject2/20_ROS/src/Robots/install/mir_msgs/include/mir_msgs/mir_msgs/msg/detail/world_map__type_support.h
-- Up-to-date: /home/administrator/Masterproject2/20_ROS/src/Robots/install/mir_msgs/include/mir_msgs/mir_msgs/msg/detail/pallet_lifter_status__struct.h
-- Up-to-date: /home/administrator/Masterproject2/20_ROS/src/Robots/install/mir_msgs/include/mir_msgs/mir_msgs/msg/detail/local_map_stat__functions.c
-- Up-to-date: /home/administrator/Masterproject2/20_ROS/src/Robots/install/mir_msgs/include/mir_msgs/mir_msgs/msg/detail/hook_extended_status__description.c
-- Up-to-date: /home/administrator/Masterproject2/20_ROS/src/Robots/install/mir_msgs/include/mir_msgs/mir_msgs/msg/detail/pallet_lifter_status__functions.c
-- Installing: /home/administrator/Masterproject2/20_ROS/src/Robots/install/mir_msgs/include/mir_msgs/mir_msgs/msg/detail/hook_data__type_support.c
-- Installing: /home/administrator/Masterproject2/20_ROS/src/Robots/install/mir_msgs/include/mir_msgs/mir_msgs/msg/detail/power_board_motor_status__type_support.c
-- Up-to-date: /home/administrator/Masterproject2/20_ROS/src/Robots/install/mir_msgs/include/mir_msgs/mir_msgs/msg/detail/pendant__type_support.h
-- Up-to-date: /home/administrator/Masterproject2/20_ROS/src/Robots/install/mir_msgs/include/mir_msgs/mir_msgs/msg/detail/charging_state__struct.h
-- Up-to-date: /home/administrator/Masterproject2/20_ROS/src/Robots/install/mir_msgs/include/mir_msgs/mir_msgs/msg/detail/time_debug__type_support.h
-- Up-to-date: /home/administrator/Masterproject2/20_ROS/src/Robots/install/mir_msgs/include/mir_msgs/mir_msgs/msg/detail/mir_extra__description.c
-- Up-to-date: /home/administrator/Masterproject2/20_ROS/src/Robots/install/mir_msgs/include/mir_msgs/mir_msgs/msg/detail/safety_status__functions.c
-- Up-to-date: /home/administrator/Masterproject2/20_ROS/src/Robots/install/mir_msgs/include/mir_msgs/mir_msgs/msg/detail/device__functions.h
-- Up-to-date: /home/administrator/Masterproject2/20_ROS/src/Robots/install/mir_msgs/include/mir_msgs/mir_msgs/msg/detail/gripper_state__struct.h
-- Up-to-date: /home/administrator/Masterproject2/20_ROS/src/Robots/install/mir_msgs/include/mir_msgs/mir_msgs/msg/detail/height_state__struct.h
-- Up-to-date: /home/administrator/Masterproject2/20_ROS/src/Robots/install/mir_msgs/include/mir_msgs/mir_msgs/msg/detail/i_os__functions.c
-- Up-to-date: /home/administrator/Masterproject2/20_ROS/src/Robots/install/mir_msgs/include/mir_msgs/mir_msgs/msg/detail/service_response_header__functions.c
-- Up-to-date: /home/administrator/Masterproject2/20_ROS/src/Robots/install/mir_msgs/include/mir_msgs/mir_msgs/msg/detail/robot_status__type_support.h
-- Up-to-date: /home/administrator/Masterproject2/20_ROS/src/Robots/install/mir_msgs/include/mir_msgs/mir_msgs/msg/detail/charging_state__type_support.h
-- Up-to-date: /home/administrator/Masterproject2/20_ROS/src/Robots/install/mir_msgs/include/mir_msgs/mir_msgs/msg/detail/hook_data__type_support.h
-- Up-to-date: /home/administrator/Masterproject2/20_ROS/src/Robots/install/mir_msgs/include/mir_msgs/mir_msgs/msg/detail/external_robot__description.c
-- Up-to-date: /home/administrator/Masterproject2/20_ROS/src/Robots/install/mir_msgs/include/mir_msgs/mir_msgs/msg/detail/serial__functions.c
-- Up-to-date: /home/administrator/Masterproject2/20_ROS/src/Robots/install/mir_msgs/include/mir_msgs/mir_msgs/msg/detail/resources_state__functions.c
-- Up-to-date: /home/administrator/Masterproject2/20_ROS/src/Robots/install/mir_msgs/include/mir_msgs/mir_msgs/msg/detail/robot_mode__struct.h
-- Up-to-date: /home/administrator/Masterproject2/20_ROS/src/Robots/install/mir_msgs/include/mir_msgs/mir_msgs/msg/detail/user_prompt__type_support.h
-- Up-to-date: /home/administrator/Masterproject2/20_ROS/src/Robots/install/mir_msgs/include/mir_msgs/mir_msgs/msg/detail/gpio__type_support.h
-- Up-to-date: /home/administrator/Masterproject2/20_ROS/src/Robots/install/mir_msgs/include/mir_msgs/mir_msgs/msg/detail/precision_docking_status__struct.h
-- Up-to-date: /home/administrator/Masterproject2/20_ROS/src/Robots/install/mir_msgs/include/mir_msgs/mir_msgs/msg/detail/web_path__functions.h
-- Up-to-date: /home/administrator/Masterproject2/20_ROS/src/Robots/install/mir_msgs/include/mir_msgs/mir_msgs/msg/detail/pendant__functions.c
-- Up-to-date: /home/administrator/Masterproject2/20_ROS/src/Robots/install/mir_msgs/include/mir_msgs/mir_msgs/msg/detail/gripper_state__type_support.h
-- Up-to-date: /home/administrator/Masterproject2/20_ROS/src/Robots/install/mir_msgs/include/mir_msgs/mir_msgs/msg/detail/external_robot__struct.h
-- Up-to-date: /home/administrator/Masterproject2/20_ROS/src/Robots/install/mir_msgs/include/mir_msgs/mir_msgs/msg/detail/local_map_stat__type_support.h
-- Installing: /home/administrator/Masterproject2/20_ROS/src/Robots/install/mir_msgs/include/mir_msgs/mir_msgs/msg/detail/i_os__type_support.c
-- Up-to-date: /home/administrator/Masterproject2/20_ROS/src/Robots/install/mir_msgs/include/mir_msgs/mir_msgs/msg/detail/joystick_vel__description.c
-- Up-to-date: /home/administrator/Masterproject2/20_ROS/src/Robots/install/mir_msgs/include/mir_msgs/mir_msgs/msg/detail/world_map__functions.h
-- Installing: /home/administrator/Masterproject2/20_ROS/src/Robots/install/mir_msgs/include/mir_msgs/mir_msgs/msg/detail/encoder_test_entry__type_support.c
-- Up-to-date: /home/administrator/Masterproject2/20_ROS/src/Robots/install/mir_msgs/include/mir_msgs/mir_msgs/msg/detail/error__description.c
-- Up-to-date: /home/administrator/Masterproject2/20_ROS/src/Robots/install/mir_msgs/include/mir_msgs/mir_msgs/msg/detail/sound_event__functions.c
-- Installing: /home/administrator/Masterproject2/20_ROS/src/Robots/install/mir_msgs/include/mir_msgs/mir_msgs/msg/detail/trolley__type_support.c
-- Up-to-date: /home/administrator/Masterproject2/20_ROS/src/Robots/install/mir_msgs/include/mir_msgs/mir_msgs/msg/detail/events__functions.h
-- Up-to-date: /home/administrator/Masterproject2/20_ROS/src/Robots/install/mir_msgs/include/mir_msgs/mir_msgs/msg/detail/plan_segment__functions.h
-- Up-to-date: /home/administrator/Masterproject2/20_ROS/src/Robots/install/mir_msgs/include/mir_msgs/mir_msgs/msg/detail/world_model__functions.c
-- Installing: /home/administrator/Masterproject2/20_ROS/src/Robots/install/mir_msgs/include/mir_msgs/mir_msgs/msg/detail/stamped_encoders__type_support.c
-- Up-to-date: /home/administrator/Masterproject2/20_ROS/src/Robots/install/mir_msgs/include/mir_msgs/mir_msgs/msg/detail/angle_measurment__struct.h
-- Up-to-date: /home/administrator/Masterproject2/20_ROS/src/Robots/install/mir_msgs/include/mir_msgs/mir_msgs/msg/detail/pallet_lifter_status__functions.h
-- Up-to-date: /home/administrator/Masterproject2/20_ROS/src/Robots/install/mir_msgs/include/mir_msgs/mir_msgs/msg/detail/resources_state__struct.h
-- Up-to-date: /home/administrator/Masterproject2/20_ROS/src/Robots/install/mir_msgs/include/mir_msgs/mir_msgs/msg/detail/events__description.c
-- Installing: /home/administrator/Masterproject2/20_ROS/src/Robots/install/mir_msgs/include/mir_msgs/mir_msgs/msg/detail/hook_status__type_support.c
-- Up-to-date: /home/administrator/Masterproject2/20_ROS/src/Robots/install/mir_msgs/include/mir_msgs/mir_msgs/msg/detail/time_debug__description.c
-- Up-to-date: /home/administrator/Masterproject2/20_ROS/src/Robots/install/mir_msgs/include/mir_msgs/mir_msgs/msg/detail/skid_detection_stamped_float__type_support.h
-- Up-to-date: /home/administrator/Masterproject2/20_ROS/src/Robots/install/mir_msgs/include/mir_msgs/mir_msgs/msg/detail/external_robot__functions.h
-- Up-to-date: /home/administrator/Masterproject2/20_ROS/src/Robots/install/mir_msgs/include/mir_msgs/mir_msgs/msg/detail/encoder_test_entry__functions.h
-- Up-to-date: /home/administrator/Masterproject2/20_ROS/src/Robots/install/mir_msgs/include/mir_msgs/mir_msgs/msg/detail/robot_state__functions.h
-- Up-to-date: /home/administrator/Masterproject2/20_ROS/src/Robots/install/mir_msgs/include/mir_msgs/mir_msgs/msg/detail/twist2_d__struct.h
-- Up-to-date: /home/administrator/Masterproject2/20_ROS/src/Robots/install/mir_msgs/include/mir_msgs/mir_msgs/msg/detail/mir_local_planner_path_types__type_support.h
-- Up-to-date: /home/administrator/Masterproject2/20_ROS/src/Robots/install/mir_msgs/include/mir_msgs/mir_msgs/msg/detail/precision_docking_status__description.c
-- Up-to-date: /home/administrator/Masterproject2/20_ROS/src/Robots/install/mir_msgs/include/mir_msgs/mir_msgs/msg/safety_status.h
-- Up-to-date: /home/administrator/Masterproject2/20_ROS/src/Robots/install/mir_msgs/include/mir_msgs/mir_msgs/msg/charging_state.h
-- Up-to-date: /home/administrator/Masterproject2/20_ROS/src/Robots/install/mir_msgs/include/mir_msgs/mir_msgs/msg/resource_state.h
-- Up-to-date: /home/administrator/Masterproject2/20_ROS/src/Robots/install/mir_msgs/include/mir_msgs/mir_msgs/msg/battery_currents.h
-- Up-to-date: /home/administrator/Masterproject2/20_ROS/src/Robots/install/mir_msgs/include/mir_msgs/mir_msgs/msg/hook_data.h
-- Up-to-date: /home/administrator/Masterproject2/20_ROS/src/Robots/install/mir_msgs/share/mir_msgs/environment/library_path.sh
-- Up-to-date: /home/administrator/Masterproject2/20_ROS/src/Robots/install/mir_msgs/share/mir_msgs/environment/library_path.dsv
-- Up-to-date: /home/administrator/Masterproject2/20_ROS/src/Robots/install/mir_msgs/lib/libmir_msgs__rosidl_generator_c.so
-- Up-to-date: /home/administrator/Masterproject2/20_ROS/src/Robots/install/mir_msgs/include/mir_msgs/mir_msgs
-- Up-to-date: /home/administrator/Masterproject2/20_ROS/src/Robots/install/mir_msgs/include/mir_msgs/mir_msgs/msg
-- Up-to-date: /home/administrator/Masterproject2/20_ROS/src/Robots/install/mir_msgs/include/mir_msgs/mir_msgs/msg/detail
-- Up-to-date: /home/administrator/Masterproject2/20_ROS/src/Robots/install/mir_msgs/include/mir_msgs/mir_msgs/msg/detail/events__rosidl_typesupport_fastrtps_c.h
-- Up-to-date: /home/administrator/Masterproject2/20_ROS/src/Robots/install/mir_msgs/include/mir_msgs/mir_msgs/msg/detail/local_map_stat__rosidl_typesupport_fastrtps_c.h
-- Up-to-date: /home/administrator/Masterproject2/20_ROS/src/Robots/install/mir_msgs/include/mir_msgs/mir_msgs/msg/detail/pendant__rosidl_typesupport_fastrtps_c.h
-- Up-to-date: /home/administrator/Masterproject2/20_ROS/src/Robots/install/mir_msgs/include/mir_msgs/mir_msgs/msg/detail/pallet_lifter_status__rosidl_typesupport_fastrtps_c.h
-- Up-to-date: /home/administrator/Masterproject2/20_ROS/src/Robots/install/mir_msgs/include/mir_msgs/mir_msgs/msg/detail/encoders__rosidl_typesupport_fastrtps_c.h
-- Up-to-date: /home/administrator/Masterproject2/20_ROS/src/Robots/install/mir_msgs/include/mir_msgs/mir_msgs/msg/detail/error__rosidl_typesupport_fastrtps_c.h
-- Up-to-date: /home/administrator/Masterproject2/20_ROS/src/Robots/install/mir_msgs/include/mir_msgs/mir_msgs/msg/detail/gripper_state__rosidl_typesupport_fastrtps_c.h
-- Up-to-date: /home/administrator/Masterproject2/20_ROS/src/Robots/install/mir_msgs/include/mir_msgs/mir_msgs/msg/detail/twist2_d__rosidl_typesupport_fastrtps_c.h
-- Up-to-date: /home/administrator/Masterproject2/20_ROS/src/Robots/install/mir_msgs/include/mir_msgs/mir_msgs/msg/detail/height_state__rosidl_typesupport_fastrtps_c.h
-- Up-to-date: /home/administrator/Masterproject2/20_ROS/src/Robots/install/mir_msgs/include/mir_msgs/mir_msgs/msg/detail/encoder_test_entry__rosidl_typesupport_fastrtps_c.h
-- Up-to-date: /home/administrator/Masterproject2/20_ROS/src/Robots/install/mir_msgs/include/mir_msgs/mir_msgs/msg/detail/serial__rosidl_typesupport_fastrtps_c.h
-- Up-to-date: /home/administrator/Masterproject2/20_ROS/src/Robots/install/mir_msgs/include/mir_msgs/mir_msgs/msg/detail/device__rosidl_typesupport_fastrtps_c.h
-- Up-to-date: /home/administrator/Masterproject2/20_ROS/src/Robots/install/mir_msgs/include/mir_msgs/mir_msgs/msg/detail/trolley__rosidl_typesupport_fastrtps_c.h
-- Up-to-date: /home/administrator/Masterproject2/20_ROS/src/Robots/install/mir_msgs/include/mir_msgs/mir_msgs/msg/detail/hook_data__rosidl_typesupport_fastrtps_c.h
-- Up-to-date: /home/administrator/Masterproject2/20_ROS/src/Robots/install/mir_msgs/include/mir_msgs/mir_msgs/msg/detail/brake_state__rosidl_typesupport_fastrtps_c.h
-- Up-to-date: /home/administrator/Masterproject2/20_ROS/src/Robots/install/mir_msgs/include/mir_msgs/mir_msgs/msg/detail/mission_ctrl_command__rosidl_typesupport_fastrtps_c.h
-- Up-to-date: /home/administrator/Masterproject2/20_ROS/src/Robots/install/mir_msgs/include/mir_msgs/mir_msgs/msg/detail/hook_status__rosidl_typesupport_fastrtps_c.h
-- Up-to-date: /home/administrator/Masterproject2/20_ROS/src/Robots/install/mir_msgs/include/mir_msgs/mir_msgs/msg/detail/resource_state__rosidl_typesupport_fastrtps_c.h
-- Up-to-date: /home/administrator/Masterproject2/20_ROS/src/Robots/install/mir_msgs/include/mir_msgs/mir_msgs/msg/detail/external_robots__rosidl_typesupport_fastrtps_c.h
-- Up-to-date: /home/administrator/Masterproject2/20_ROS/src/Robots/install/mir_msgs/include/mir_msgs/mir_msgs/msg/detail/safety_status__rosidl_typesupport_fastrtps_c.h
-- Up-to-date: /home/administrator/Masterproject2/20_ROS/src/Robots/install/mir_msgs/include/mir_msgs/mir_msgs/msg/detail/joystick_vel__rosidl_typesupport_fastrtps_c.h
-- Up-to-date: /home/administrator/Masterproject2/20_ROS/src/Robots/install/mir_msgs/include/mir_msgs/mir_msgs/msg/detail/i_os__rosidl_typesupport_fastrtps_c.h
-- Up-to-date: /home/administrator/Masterproject2/20_ROS/src/Robots/install/mir_msgs/include/mir_msgs/mir_msgs/msg/detail/hook_extended_status__rosidl_typesupport_fastrtps_c.h
-- Up-to-date: /home/administrator/Masterproject2/20_ROS/src/Robots/install/mir_msgs/include/mir_msgs/mir_msgs/msg/detail/skid_detection_stamped_float__rosidl_typesupport_fastrtps_c.h
-- Up-to-date: /home/administrator/Masterproject2/20_ROS/src/Robots/install/mir_msgs/include/mir_msgs/mir_msgs/msg/detail/devices__rosidl_typesupport_fastrtps_c.h
-- Up-to-date: /home/administrator/Masterproject2/20_ROS/src/Robots/install/mir_msgs/include/mir_msgs/mir_msgs/msg/detail/event__rosidl_typesupport_fastrtps_c.h
-- Up-to-date: /home/administrator/Masterproject2/20_ROS/src/Robots/install/mir_msgs/include/mir_msgs/mir_msgs/msg/detail/moving_state__rosidl_typesupport_fastrtps_c.h
-- Up-to-date: /home/administrator/Masterproject2/20_ROS/src/Robots/install/mir_msgs/include/mir_msgs/mir_msgs/msg/detail/mir_extra__rosidl_typesupport_fastrtps_c.h
-- Up-to-date: /home/administrator/Masterproject2/20_ROS/src/Robots/install/mir_msgs/include/mir_msgs/mir_msgs/msg/detail/sound_event__rosidl_typesupport_fastrtps_c.h
-- Up-to-date: /home/administrator/Masterproject2/20_ROS/src/Robots/install/mir_msgs/include/mir_msgs/mir_msgs/msg/detail/resources_acquisition__rosidl_typesupport_fastrtps_c.h
-- Up-to-date: /home/administrator/Masterproject2/20_ROS/src/Robots/install/mir_msgs/include/mir_msgs/mir_msgs/msg/detail/service_response_header__rosidl_typesupport_fastrtps_c.h
-- Up-to-date: /home/administrator/Masterproject2/20_ROS/src/Robots/install/mir_msgs/include/mir_msgs/mir_msgs/msg/detail/charging_state__rosidl_typesupport_fastrtps_c.h
-- Up-to-date: /home/administrator/Masterproject2/20_ROS/src/Robots/install/mir_msgs/include/mir_msgs/mir_msgs/msg/detail/resources_state__rosidl_typesupport_fastrtps_c.h
-- Up-to-date: /home/administrator/Masterproject2/20_ROS/src/Robots/install/mir_msgs/include/mir_msgs/mir_msgs/msg/detail/web_path__rosidl_typesupport_fastrtps_c.h
-- Up-to-date: /home/administrator/Masterproject2/20_ROS/src/Robots/install/mir_msgs/include/mir_msgs/mir_msgs/msg/detail/robot_mode__rosidl_typesupport_fastrtps_c.h
-- Up-to-date: /home/administrator/Masterproject2/20_ROS/src/Robots/install/mir_msgs/include/mir_msgs/mir_msgs/msg/detail/bms_data__rosidl_typesupport_fastrtps_c.h
-- Up-to-date: /home/administrator/Masterproject2/20_ROS/src/Robots/install/mir_msgs/include/mir_msgs/mir_msgs/msg/detail/plan_segment__rosidl_typesupport_fastrtps_c.h
-- Up-to-date: /home/administrator/Masterproject2/20_ROS/src/Robots/install/mir_msgs/include/mir_msgs/mir_msgs/msg/detail/world_map__rosidl_typesupport_fastrtps_c.h
-- Up-to-date: /home/administrator/Masterproject2/20_ROS/src/Robots/install/mir_msgs/include/mir_msgs/mir_msgs/msg/detail/time_debug__rosidl_typesupport_fastrtps_c.h
-- Up-to-date: /home/administrator/Masterproject2/20_ROS/src/Robots/install/mir_msgs/include/mir_msgs/mir_msgs/msg/detail/robot_status__rosidl_typesupport_fastrtps_c.h
-- Up-to-date: /home/administrator/Masterproject2/20_ROS/src/Robots/install/mir_msgs/include/mir_msgs/mir_msgs/msg/detail/gpio__rosidl_typesupport_fastrtps_c.h
-- Up-to-date: /home/administrator/Masterproject2/20_ROS/src/Robots/install/mir_msgs/include/mir_msgs/mir_msgs/msg/detail/battery_currents__rosidl_typesupport_fastrtps_c.h
-- Up-to-date: /home/administrator/Masterproject2/20_ROS/src/Robots/install/mir_msgs/include/mir_msgs/mir_msgs/msg/detail/user_prompt__rosidl_typesupport_fastrtps_c.h
-- Up-to-date: /home/administrator/Masterproject2/20_ROS/src/Robots/install/mir_msgs/include/mir_msgs/mir_msgs/msg/detail/plan_segments__rosidl_typesupport_fastrtps_c.h
-- Up-to-date: /home/administrator/Masterproject2/20_ROS/src/Robots/install/mir_msgs/include/mir_msgs/mir_msgs/msg/detail/power_board_motor_status__rosidl_typesupport_fastrtps_c.h
-- Up-to-date: /home/administrator/Masterproject2/20_ROS/src/Robots/install/mir_msgs/include/mir_msgs/mir_msgs/msg/detail/angle_measurment__rosidl_typesupport_fastrtps_c.h
-- Up-to-date: /home/administrator/Masterproject2/20_ROS/src/Robots/install/mir_msgs/include/mir_msgs/mir_msgs/msg/detail/external_robot__rosidl_typesupport_fastrtps_c.h
-- Up-to-date: /home/administrator/Masterproject2/20_ROS/src/Robots/install/mir_msgs/include/mir_msgs/mir_msgs/msg/detail/robot_state__rosidl_typesupport_fastrtps_c.h
-- Up-to-date: /home/administrator/Masterproject2/20_ROS/src/Robots/install/mir_msgs/include/mir_msgs/mir_msgs/msg/detail/stamped_encoders__rosidl_typesupport_fastrtps_c.h
-- Up-to-date: /home/administrator/Masterproject2/20_ROS/src/Robots/install/mir_msgs/include/mir_msgs/mir_msgs/msg/detail/path__rosidl_typesupport_fastrtps_c.h
-- Up-to-date: /home/administrator/Masterproject2/20_ROS/src/Robots/install/mir_msgs/include/mir_msgs/mir_msgs/msg/detail/mission_ctrl_state__rosidl_typesupport_fastrtps_c.h
-- Up-to-date: /home/administrator/Masterproject2/20_ROS/src/Robots/install/mir_msgs/include/mir_msgs/mir_msgs/msg/detail/mir_local_planner_path_types__rosidl_typesupport_fastrtps_c.h
-- Up-to-date: /home/administrator/Masterproject2/20_ROS/src/Robots/install/mir_msgs/include/mir_msgs/mir_msgs/msg/detail/precision_docking_status__rosidl_typesupport_fastrtps_c.h
-- Up-to-date: /home/administrator/Masterproject2/20_ROS/src/Robots/install/mir_msgs/include/mir_msgs/mir_msgs/msg/detail/skid_detection_diff__rosidl_typesupport_fastrtps_c.h
-- Up-to-date: /home/administrator/Masterproject2/20_ROS/src/Robots/install/mir_msgs/include/mir_msgs/mir_msgs/msg/detail/pose2_d__rosidl_typesupport_fastrtps_c.h
-- Up-to-date: /home/administrator/Masterproject2/20_ROS/src/Robots/install/mir_msgs/include/mir_msgs/mir_msgs/msg/detail/proximity__rosidl_typesupport_fastrtps_c.h
-- Up-to-date: /home/administrator/Masterproject2/20_ROS/src/Robots/install/mir_msgs/include/mir_msgs/mir_msgs/msg/detail/world_model__rosidl_typesupport_fastrtps_c.h
-- Up-to-date: /home/administrator/Masterproject2/20_ROS/src/Robots/install/mir_msgs/include/mir_msgs/mir_msgs/msg/rosidl_typesupport_fastrtps_c__visibility_control.h
-- Up-to-date: /home/administrator/Masterproject2/20_ROS/src/Robots/install/mir_msgs/lib/libmir_msgs__rosidl_typesupport_fastrtps_c.so
-- Up-to-date: /home/administrator/Masterproject2/20_ROS/src/Robots/install/mir_msgs/include/mir_msgs/mir_msgs
-- Up-to-date: /home/administrator/Masterproject2/20_ROS/src/Robots/install/mir_msgs/include/mir_msgs/mir_msgs/msg
-- Up-to-date: /home/administrator/Masterproject2/20_ROS/src/Robots/install/mir_msgs/include/mir_msgs/mir_msgs/msg/world_model.hpp
-- Up-to-date: /home/administrator/Masterproject2/20_ROS/src/Robots/install/mir_msgs/include/mir_msgs/mir_msgs/msg/twist2_d.hpp
-- Up-to-date: /home/administrator/Masterproject2/20_ROS/src/Robots/install/mir_msgs/include/mir_msgs/mir_msgs/msg/proximity.hpp
-- Up-to-date: /home/administrator/Masterproject2/20_ROS/src/Robots/install/mir_msgs/include/mir_msgs/mir_msgs/msg/error.hpp
-- Up-to-date: /home/administrator/Masterproject2/20_ROS/src/Robots/install/mir_msgs/include/mir_msgs/mir_msgs/msg/sound_event.hpp
-- Up-to-date: /home/administrator/Masterproject2/20_ROS/src/Robots/install/mir_msgs/include/mir_msgs/mir_msgs/msg/world_map.hpp
-- Up-to-date: /home/administrator/Masterproject2/20_ROS/src/Robots/install/mir_msgs/include/mir_msgs/mir_msgs/msg/web_path.hpp
-- Up-to-date: /home/administrator/Masterproject2/20_ROS/src/Robots/install/mir_msgs/include/mir_msgs/mir_msgs/msg/resources_acquisition.hpp
-- Up-to-date: /home/administrator/Masterproject2/20_ROS/src/Robots/install/mir_msgs/include/mir_msgs/mir_msgs/msg/encoders.hpp
-- Up-to-date: /home/administrator/Masterproject2/20_ROS/src/Robots/install/mir_msgs/include/mir_msgs/mir_msgs/msg/mission_ctrl_command.hpp
-- Up-to-date: /home/administrator/Masterproject2/20_ROS/src/Robots/install/mir_msgs/include/mir_msgs/mir_msgs/msg/hook_data.hpp
-- Up-to-date: /home/administrator/Masterproject2/20_ROS/src/Robots/install/mir_msgs/include/mir_msgs/mir_msgs/msg/i_os.hpp
-- Up-to-date: /home/administrator/Masterproject2/20_ROS/src/Robots/install/mir_msgs/include/mir_msgs/mir_msgs/msg/bms_data.hpp
-- Up-to-date: /home/administrator/Masterproject2/20_ROS/src/Robots/install/mir_msgs/include/mir_msgs/mir_msgs/msg/serial.hpp
-- Up-to-date: /home/administrator/Masterproject2/20_ROS/src/Robots/install/mir_msgs/include/mir_msgs/mir_msgs/msg/device.hpp
-- Up-to-date: /home/administrator/Masterproject2/20_ROS/src/Robots/install/mir_msgs/include/mir_msgs/mir_msgs/msg/external_robot.hpp
-- Up-to-date: /home/administrator/Masterproject2/20_ROS/src/Robots/install/mir_msgs/include/mir_msgs/mir_msgs/msg/pallet_lifter_status.hpp
-- Up-to-date: /home/administrator/Masterproject2/20_ROS/src/Robots/install/mir_msgs/include/mir_msgs/mir_msgs/msg/resources_state.hpp
-- Up-to-date: /home/administrator/Masterproject2/20_ROS/src/Robots/install/mir_msgs/include/mir_msgs/mir_msgs/msg/hook_extended_status.hpp
-- Up-to-date: /home/administrator/Masterproject2/20_ROS/src/Robots/install/mir_msgs/include/mir_msgs/mir_msgs/msg/events.hpp
-- Up-to-date: /home/administrator/Masterproject2/20_ROS/src/Robots/install/mir_msgs/include/mir_msgs/mir_msgs/msg/devices.hpp
-- Up-to-date: /home/administrator/Masterproject2/20_ROS/src/Robots/install/mir_msgs/include/mir_msgs/mir_msgs/msg/time_debug.hpp
-- Up-to-date: /home/administrator/Masterproject2/20_ROS/src/Robots/install/mir_msgs/include/mir_msgs/mir_msgs/msg/mir_local_planner_path_types.hpp
-- Up-to-date: /home/administrator/Masterproject2/20_ROS/src/Robots/install/mir_msgs/include/mir_msgs/mir_msgs/msg/moving_state.hpp
-- Up-to-date: /home/administrator/Masterproject2/20_ROS/src/Robots/install/mir_msgs/include/mir_msgs/mir_msgs/msg/power_board_motor_status.hpp
-- Up-to-date: /home/administrator/Masterproject2/20_ROS/src/Robots/install/mir_msgs/include/mir_msgs/mir_msgs/msg/brake_state.hpp
-- Up-to-date: /home/administrator/Masterproject2/20_ROS/src/Robots/install/mir_msgs/include/mir_msgs/mir_msgs/msg/pendant.hpp
-- Up-to-date: /home/administrator/Masterproject2/20_ROS/src/Robots/install/mir_msgs/include/mir_msgs/mir_msgs/msg/trolley.hpp
-- Up-to-date: /home/administrator/Masterproject2/20_ROS/src/Robots/install/mir_msgs/include/mir_msgs/mir_msgs/msg/robot_state.hpp
-- Up-to-date: /home/administrator/Masterproject2/20_ROS/src/Robots/install/mir_msgs/include/mir_msgs/mir_msgs/msg/service_response_header.hpp
-- Up-to-date: /home/administrator/Masterproject2/20_ROS/src/Robots/install/mir_msgs/include/mir_msgs/mir_msgs/msg/local_map_stat.hpp
-- Up-to-date: /home/administrator/Masterproject2/20_ROS/src/Robots/install/mir_msgs/include/mir_msgs/mir_msgs/msg/plan_segments.hpp
-- Up-to-date: /home/administrator/Masterproject2/20_ROS/src/Robots/install/mir_msgs/include/mir_msgs/mir_msgs/msg/hook_status.hpp
-- Up-to-date: /home/administrator/Masterproject2/20_ROS/src/Robots/install/mir_msgs/include/mir_msgs/mir_msgs/msg/event.hpp
-- Up-to-date: /home/administrator/Masterproject2/20_ROS/src/Robots/install/mir_msgs/include/mir_msgs/mir_msgs/msg/mir_extra.hpp
-- Up-to-date: /home/administrator/Masterproject2/20_ROS/src/Robots/install/mir_msgs/include/mir_msgs/mir_msgs/msg/resource_state.hpp
-- Up-to-date: /home/administrator/Masterproject2/20_ROS/src/Robots/install/mir_msgs/include/mir_msgs/mir_msgs/msg/skid_detection_stamped_float.hpp
-- Up-to-date: /home/administrator/Masterproject2/20_ROS/src/Robots/install/mir_msgs/include/mir_msgs/mir_msgs/msg/encoder_test_entry.hpp
-- Up-to-date: /home/administrator/Masterproject2/20_ROS/src/Robots/install/mir_msgs/include/mir_msgs/mir_msgs/msg/robot_status.hpp
-- Up-to-date: /home/administrator/Masterproject2/20_ROS/src/Robots/install/mir_msgs/include/mir_msgs/mir_msgs/msg/rosidl_generator_cpp__visibility_control.hpp
-- Up-to-date: /home/administrator/Masterproject2/20_ROS/src/Robots/install/mir_msgs/include/mir_msgs/mir_msgs/msg/robot_mode.hpp
-- Up-to-date: /home/administrator/Masterproject2/20_ROS/src/Robots/install/mir_msgs/include/mir_msgs/mir_msgs/msg/stamped_encoders.hpp
-- Up-to-date: /home/administrator/Masterproject2/20_ROS/src/Robots/install/mir_msgs/include/mir_msgs/mir_msgs/msg/joystick_vel.hpp
-- Up-to-date: /home/administrator/Masterproject2/20_ROS/src/Robots/install/mir_msgs/include/mir_msgs/mir_msgs/msg/precision_docking_status.hpp
-- Up-to-date: /home/administrator/Masterproject2/20_ROS/src/Robots/install/mir_msgs/include/mir_msgs/mir_msgs/msg/user_prompt.hpp
-- Up-to-date: /home/administrator/Masterproject2/20_ROS/src/Robots/install/mir_msgs/include/mir_msgs/mir_msgs/msg/mission_ctrl_state.hpp
-- Up-to-date: /home/administrator/Masterproject2/20_ROS/src/Robots/install/mir_msgs/include/mir_msgs/mir_msgs/msg/path.hpp
-- Up-to-date: /home/administrator/Masterproject2/20_ROS/src/Robots/install/mir_msgs/include/mir_msgs/mir_msgs/msg/pose2_d.hpp
-- Up-to-date: /home/administrator/Masterproject2/20_ROS/src/Robots/install/mir_msgs/include/mir_msgs/mir_msgs/msg/safety_status.hpp
-- Up-to-date: /home/administrator/Masterproject2/20_ROS/src/Robots/install/mir_msgs/include/mir_msgs/mir_msgs/msg/angle_measurment.hpp
-- Up-to-date: /home/administrator/Masterproject2/20_ROS/src/Robots/install/mir_msgs/include/mir_msgs/mir_msgs/msg/skid_detection_diff.hpp
-- Up-to-date: /home/administrator/Masterproject2/20_ROS/src/Robots/install/mir_msgs/include/mir_msgs/mir_msgs/msg/detail
-- Up-to-date: /home/administrator/Masterproject2/20_ROS/src/Robots/install/mir_msgs/include/mir_msgs/mir_msgs/msg/detail/resource_state__traits.hpp
-- Up-to-date: /home/administrator/Masterproject2/20_ROS/src/Robots/install/mir_msgs/include/mir_msgs/mir_msgs/msg/detail/world_map__builder.hpp
-- Up-to-date: /home/administrator/Masterproject2/20_ROS/src/Robots/install/mir_msgs/include/mir_msgs/mir_msgs/msg/detail/brake_state__traits.hpp
-- Up-to-date: /home/administrator/Masterproject2/20_ROS/src/Robots/install/mir_msgs/include/mir_msgs/mir_msgs/msg/detail/error__builder.hpp
-- Up-to-date: /home/administrator/Masterproject2/20_ROS/src/Robots/install/mir_msgs/include/mir_msgs/mir_msgs/msg/detail/plan_segments__traits.hpp
-- Up-to-date: /home/administrator/Masterproject2/20_ROS/src/Robots/install/mir_msgs/include/mir_msgs/mir_msgs/msg/detail/world_map__struct.hpp
-- Up-to-date: /home/administrator/Masterproject2/20_ROS/src/Robots/install/mir_msgs/include/mir_msgs/mir_msgs/msg/detail/resources_state__builder.hpp
-- Up-to-date: /home/administrator/Masterproject2/20_ROS/src/Robots/install/mir_msgs/include/mir_msgs/mir_msgs/msg/detail/hook_extended_status__traits.hpp
-- Up-to-date: /home/administrator/Masterproject2/20_ROS/src/Robots/install/mir_msgs/include/mir_msgs/mir_msgs/msg/detail/gripper_state__traits.hpp
-- Up-to-date: /home/administrator/Masterproject2/20_ROS/src/Robots/install/mir_msgs/include/mir_msgs/mir_msgs/msg/detail/twist2_d__type_support.hpp
-- Up-to-date: /home/administrator/Masterproject2/20_ROS/src/Robots/install/mir_msgs/include/mir_msgs/mir_msgs/msg/detail/service_response_header__builder.hpp
-- Up-to-date: /home/administrator/Masterproject2/20_ROS/src/Robots/install/mir_msgs/include/mir_msgs/mir_msgs/msg/detail/robot_status__traits.hpp
-- Up-to-date: /home/administrator/Masterproject2/20_ROS/src/Robots/install/mir_msgs/include/mir_msgs/mir_msgs/msg/detail/charging_state__type_support.hpp
-- Up-to-date: /home/administrator/Masterproject2/20_ROS/src/Robots/install/mir_msgs/include/mir_msgs/mir_msgs/msg/detail/hook_status__struct.hpp
-- Up-to-date: /home/administrator/Masterproject2/20_ROS/src/Robots/install/mir_msgs/include/mir_msgs/mir_msgs/msg/detail/hook_extended_status__struct.hpp
-- Up-to-date: /home/administrator/Masterproject2/20_ROS/src/Robots/install/mir_msgs/include/mir_msgs/mir_msgs/msg/detail/gripper_state__struct.hpp
-- Up-to-date: /home/administrator/Masterproject2/20_ROS/src/Robots/install/mir_msgs/include/mir_msgs/mir_msgs/msg/detail/skid_detection_diff__struct.hpp
-- Up-to-date: /home/administrator/Masterproject2/20_ROS/src/Robots/install/mir_msgs/include/mir_msgs/mir_msgs/msg/detail/time_debug__builder.hpp
-- Up-to-date: /home/administrator/Masterproject2/20_ROS/src/Robots/install/mir_msgs/include/mir_msgs/mir_msgs/msg/detail/path__traits.hpp
-- Up-to-date: /home/administrator/Masterproject2/20_ROS/src/Robots/install/mir_msgs/include/mir_msgs/mir_msgs/msg/detail/pallet_lifter_status__type_support.hpp
-- Up-to-date: /home/administrator/Masterproject2/20_ROS/src/Robots/install/mir_msgs/include/mir_msgs/mir_msgs/msg/detail/world_model__struct.hpp
-- Up-to-date: /home/administrator/Masterproject2/20_ROS/src/Robots/install/mir_msgs/include/mir_msgs/mir_msgs/msg/detail/pendant__traits.hpp
-- Up-to-date: /home/administrator/Masterproject2/20_ROS/src/Robots/install/mir_msgs/include/mir_msgs/mir_msgs/msg/detail/sound_event__type_support.hpp
-- Up-to-date: /home/administrator/Masterproject2/20_ROS/src/Robots/install/mir_msgs/include/mir_msgs/mir_msgs/msg/detail/encoder_test_entry__type_support.hpp
-- Up-to-date: /home/administrator/Masterproject2/20_ROS/src/Robots/install/mir_msgs/include/mir_msgs/mir_msgs/msg/detail/precision_docking_status__type_support.hpp
-- Up-to-date: /home/administrator/Masterproject2/20_ROS/src/Robots/install/mir_msgs/include/mir_msgs/mir_msgs/msg/detail/safety_status__type_support.hpp
-- Up-to-date: /home/administrator/Masterproject2/20_ROS/src/Robots/install/mir_msgs/include/mir_msgs/mir_msgs/msg/detail/stamped_encoders__type_support.hpp
-- Up-to-date: /home/administrator/Masterproject2/20_ROS/src/Robots/install/mir_msgs/include/mir_msgs/mir_msgs/msg/detail/local_map_stat__type_support.hpp
-- Up-to-date: /home/administrator/Masterproject2/20_ROS/src/Robots/install/mir_msgs/include/mir_msgs/mir_msgs/msg/detail/pendant__struct.hpp
-- Up-to-date: /home/administrator/Masterproject2/20_ROS/src/Robots/install/mir_msgs/include/mir_msgs/mir_msgs/msg/detail/pose2_d__type_support.hpp
-- Up-to-date: /home/administrator/Masterproject2/20_ROS/src/Robots/install/mir_msgs/include/mir_msgs/mir_msgs/msg/detail/user_prompt__traits.hpp
-- Up-to-date: /home/administrator/Masterproject2/20_ROS/src/Robots/install/mir_msgs/include/mir_msgs/mir_msgs/msg/detail/pose2_d__struct.hpp
-- Up-to-date: /home/administrator/Masterproject2/20_ROS/src/Robots/install/mir_msgs/include/mir_msgs/mir_msgs/msg/detail/power_board_motor_status__struct.hpp
-- Up-to-date: /home/administrator/Masterproject2/20_ROS/src/Robots/install/mir_msgs/include/mir_msgs/mir_msgs/msg/detail/encoders__struct.hpp
-- Up-to-date: /home/administrator/Masterproject2/20_ROS/src/Robots/install/mir_msgs/include/mir_msgs/mir_msgs/msg/detail/trolley__builder.hpp
-- Up-to-date: /home/administrator/Masterproject2/20_ROS/src/Robots/install/mir_msgs/include/mir_msgs/mir_msgs/msg/detail/mir_local_planner_path_types__builder.hpp
-- Up-to-date: /home/administrator/Masterproject2/20_ROS/src/Robots/install/mir_msgs/include/mir_msgs/mir_msgs/msg/detail/skid_detection_diff__traits.hpp
-- Up-to-date: /home/administrator/Masterproject2/20_ROS/src/Robots/install/mir_msgs/include/mir_msgs/mir_msgs/msg/detail/hook_status__type_support.hpp
-- Up-to-date: /home/administrator/Masterproject2/20_ROS/src/Robots/install/mir_msgs/include/mir_msgs/mir_msgs/msg/detail/robot_state__type_support.hpp
-- Up-to-date: /home/administrator/Masterproject2/20_ROS/src/Robots/install/mir_msgs/include/mir_msgs/mir_msgs/msg/detail/power_board_motor_status__type_support.hpp
-- Up-to-date: /home/administrator/Masterproject2/20_ROS/src/Robots/install/mir_msgs/include/mir_msgs/mir_msgs/msg/detail/angle_measurment__struct.hpp
-- Up-to-date: /home/administrator/Masterproject2/20_ROS/src/Robots/install/mir_msgs/include/mir_msgs/mir_msgs/msg/detail/external_robots__type_support.hpp
-- Up-to-date: /home/administrator/Masterproject2/20_ROS/src/Robots/install/mir_msgs/include/mir_msgs/mir_msgs/msg/detail/pallet_lifter_status__traits.hpp
-- Up-to-date: /home/administrator/Masterproject2/20_ROS/src/Robots/install/mir_msgs/include/mir_msgs/mir_msgs/msg/detail/devices__type_support.hpp
-- Up-to-date: /home/administrator/Masterproject2/20_ROS/src/Robots/install/mir_msgs/include/mir_msgs/mir_msgs/msg/detail/safety_status__builder.hpp
-- Up-to-date: /home/administrator/Masterproject2/20_ROS/src/Robots/install/mir_msgs/include/mir_msgs/mir_msgs/msg/detail/resources_acquisition__type_support.hpp
-- Up-to-date: /home/administrator/Masterproject2/20_ROS/src/Robots/install/mir_msgs/include/mir_msgs/mir_msgs/msg/detail/path__struct.hpp
-- Up-to-date: /home/administrator/Masterproject2/20_ROS/src/Robots/install/mir_msgs/include/mir_msgs/mir_msgs/msg/detail/event__traits.hpp
-- Up-to-date: /home/administrator/Masterproject2/20_ROS/src/Robots/install/mir_msgs/include/mir_msgs/mir_msgs/msg/detail/device__type_support.hpp
-- Up-to-date: /home/administrator/Masterproject2/20_ROS/src/Robots/install/mir_msgs/include/mir_msgs/mir_msgs/msg/detail/robot_mode__struct.hpp
-- Up-to-date: /home/administrator/Masterproject2/20_ROS/src/Robots/install/mir_msgs/include/mir_msgs/mir_msgs/msg/detail/pose2_d__builder.hpp
-- Up-to-date: /home/administrator/Masterproject2/20_ROS/src/Robots/install/mir_msgs/include/mir_msgs/mir_msgs/msg/detail/stamped_encoders__traits.hpp
-- Up-to-date: /home/administrator/Masterproject2/20_ROS/src/Robots/install/mir_msgs/include/mir_msgs/mir_msgs/msg/detail/external_robots__traits.hpp
-- Up-to-date: /home/administrator/Masterproject2/20_ROS/src/Robots/install/mir_msgs/include/mir_msgs/mir_msgs/msg/detail/battery_currents__builder.hpp
-- Up-to-date: /home/administrator/Masterproject2/20_ROS/src/Robots/install/mir_msgs/include/mir_msgs/mir_msgs/msg/detail/height_state__type_support.hpp
-- Up-to-date: /home/administrator/Masterproject2/20_ROS/src/Robots/install/mir_msgs/include/mir_msgs/mir_msgs/msg/detail/hook_data__builder.hpp
-- Up-to-date: /home/administrator/Masterproject2/20_ROS/src/Robots/install/mir_msgs/include/mir_msgs/mir_msgs/msg/detail/mission_ctrl_command__type_support.hpp
-- Up-to-date: /home/administrator/Masterproject2/20_ROS/src/Robots/install/mir_msgs/include/mir_msgs/mir_msgs/msg/detail/serial__builder.hpp
-- Up-to-date: /home/administrator/Masterproject2/20_ROS/src/Robots/install/mir_msgs/include/mir_msgs/mir_msgs/msg/detail/sound_event__builder.hpp
-- Up-to-date: /home/administrator/Masterproject2/20_ROS/src/Robots/install/mir_msgs/include/mir_msgs/mir_msgs/msg/detail/skid_detection_diff__builder.hpp
-- Up-to-date: /home/administrator/Masterproject2/20_ROS/src/Robots/install/mir_msgs/include/mir_msgs/mir_msgs/msg/detail/charging_state__builder.hpp
-- Up-to-date: /home/administrator/Masterproject2/20_ROS/src/Robots/install/mir_msgs/include/mir_msgs/mir_msgs/msg/detail/mission_ctrl_command__traits.hpp
-- Up-to-date: /home/administrator/Masterproject2/20_ROS/src/Robots/install/mir_msgs/include/mir_msgs/mir_msgs/msg/detail/safety_status__struct.hpp
-- Up-to-date: /home/administrator/Masterproject2/20_ROS/src/Robots/install/mir_msgs/include/mir_msgs/mir_msgs/msg/detail/user_prompt__struct.hpp
-- Up-to-date: /home/administrator/Masterproject2/20_ROS/src/Robots/install/mir_msgs/include/mir_msgs/mir_msgs/msg/detail/skid_detection_stamped_float__traits.hpp
-- Up-to-date: /home/administrator/Masterproject2/20_ROS/src/Robots/install/mir_msgs/include/mir_msgs/mir_msgs/msg/detail/twist2_d__builder.hpp
-- Up-to-date: /home/administrator/Masterproject2/20_ROS/src/Robots/install/mir_msgs/include/mir_msgs/mir_msgs/msg/detail/event__type_support.hpp
-- Up-to-date: /home/administrator/Masterproject2/20_ROS/src/Robots/install/mir_msgs/include/mir_msgs/mir_msgs/msg/detail/local_map_stat__struct.hpp
-- Up-to-date: /home/administrator/Masterproject2/20_ROS/src/Robots/install/mir_msgs/include/mir_msgs/mir_msgs/msg/detail/charging_state__struct.hpp
-- Up-to-date: /home/administrator/Masterproject2/20_ROS/src/Robots/install/mir_msgs/include/mir_msgs/mir_msgs/msg/detail/proximity__struct.hpp
-- Up-to-date: /home/administrator/Masterproject2/20_ROS/src/Robots/install/mir_msgs/include/mir_msgs/mir_msgs/msg/detail/external_robot__traits.hpp
-- Up-to-date: /home/administrator/Masterproject2/20_ROS/src/Robots/install/mir_msgs/include/mir_msgs/mir_msgs/msg/detail/resources_acquisition__builder.hpp
-- Up-to-date: /home/administrator/Masterproject2/20_ROS/src/Robots/install/mir_msgs/include/mir_msgs/mir_msgs/msg/detail/bms_data__builder.hpp
-- Up-to-date: /home/administrator/Masterproject2/20_ROS/src/Robots/install/mir_msgs/include/mir_msgs/mir_msgs/msg/detail/sound_event__struct.hpp
-- Up-to-date: /home/administrator/Masterproject2/20_ROS/src/Robots/install/mir_msgs/include/mir_msgs/mir_msgs/msg/detail/web_path__struct.hpp
-- Up-to-date: /home/administrator/Masterproject2/20_ROS/src/Robots/install/mir_msgs/include/mir_msgs/mir_msgs/msg/detail/web_path__type_support.hpp
-- Up-to-date: /home/administrator/Masterproject2/20_ROS/src/Robots/install/mir_msgs/include/mir_msgs/mir_msgs/msg/detail/resources_acquisition__traits.hpp
-- Up-to-date: /home/administrator/Masterproject2/20_ROS/src/Robots/install/mir_msgs/include/mir_msgs/mir_msgs/msg/detail/mir_extra__traits.hpp
-- Up-to-date: /home/administrator/Masterproject2/20_ROS/src/Robots/install/mir_msgs/include/mir_msgs/mir_msgs/msg/detail/time_debug__traits.hpp
-- Up-to-date: /home/administrator/Masterproject2/20_ROS/src/Robots/install/mir_msgs/include/mir_msgs/mir_msgs/msg/detail/joystick_vel__builder.hpp
-- Up-to-date: /home/administrator/Masterproject2/20_ROS/src/Robots/install/mir_msgs/include/mir_msgs/mir_msgs/msg/detail/robot_mode__builder.hpp
-- Up-to-date: /home/administrator/Masterproject2/20_ROS/src/Robots/install/mir_msgs/include/mir_msgs/mir_msgs/msg/detail/trolley__type_support.hpp
-- Up-to-date: /home/administrator/Masterproject2/20_ROS/src/Robots/install/mir_msgs/include/mir_msgs/mir_msgs/msg/detail/plan_segment__builder.hpp
-- Up-to-date: /home/administrator/Masterproject2/20_ROS/src/Robots/install/mir_msgs/include/mir_msgs/mir_msgs/msg/detail/plan_segments__type_support.hpp
-- Up-to-date: /home/administrator/Masterproject2/20_ROS/src/Robots/install/mir_msgs/include/mir_msgs/mir_msgs/msg/detail/moving_state__struct.hpp
-- Up-to-date: /home/administrator/Masterproject2/20_ROS/src/Robots/install/mir_msgs/include/mir_msgs/mir_msgs/msg/detail/pallet_lifter_status__struct.hpp
-- Up-to-date: /home/administrator/Masterproject2/20_ROS/src/Robots/install/mir_msgs/include/mir_msgs/mir_msgs/msg/detail/bms_data__type_support.hpp
-- Up-to-date: /home/administrator/Masterproject2/20_ROS/src/Robots/install/mir_msgs/include/mir_msgs/mir_msgs/msg/detail/angle_measurment__traits.hpp
-- Up-to-date: /home/administrator/Masterproject2/20_ROS/src/Robots/install/mir_msgs/include/mir_msgs/mir_msgs/msg/detail/hook_status__builder.hpp
-- Up-to-date: /home/administrator/Masterproject2/20_ROS/src/Robots/install/mir_msgs/include/mir_msgs/mir_msgs/msg/detail/hook_status__traits.hpp
-- Up-to-date: /home/administrator/Masterproject2/20_ROS/src/Robots/install/mir_msgs/include/mir_msgs/mir_msgs/msg/detail/hook_data__struct.hpp
-- Up-to-date: /home/administrator/Masterproject2/20_ROS/src/Robots/install/mir_msgs/include/mir_msgs/mir_msgs/msg/detail/serial__struct.hpp
-- Up-to-date: /home/administrator/Masterproject2/20_ROS/src/Robots/install/mir_msgs/include/mir_msgs/mir_msgs/msg/detail/encoders__traits.hpp
-- Up-to-date: /home/administrator/Masterproject2/20_ROS/src/Robots/install/mir_msgs/include/mir_msgs/mir_msgs/msg/detail/gripper_state__builder.hpp
-- Up-to-date: /home/administrator/Masterproject2/20_ROS/src/Robots/install/mir_msgs/include/mir_msgs/mir_msgs/msg/detail/pendant__builder.hpp
-- Up-to-date: /home/administrator/Masterproject2/20_ROS/src/Robots/install/mir_msgs/include/mir_msgs/mir_msgs/msg/detail/stamped_encoders__struct.hpp
-- Up-to-date: /home/administrator/Masterproject2/20_ROS/src/Robots/install/mir_msgs/include/mir_msgs/mir_msgs/msg/detail/event__struct.hpp
-- Up-to-date: /home/administrator/Masterproject2/20_ROS/src/Robots/install/mir_msgs/include/mir_msgs/mir_msgs/msg/detail/external_robots__builder.hpp
-- Up-to-date: /home/administrator/Masterproject2/20_ROS/src/Robots/install/mir_msgs/include/mir_msgs/mir_msgs/msg/detail/battery_currents__traits.hpp
-- Up-to-date: /home/administrator/Masterproject2/20_ROS/src/Robots/install/mir_msgs/include/mir_msgs/mir_msgs/msg/detail/resources_state__traits.hpp
-- Up-to-date: /home/administrator/Masterproject2/20_ROS/src/Robots/install/mir_msgs/include/mir_msgs/mir_msgs/msg/detail/stamped_encoders__builder.hpp
-- Up-to-date: /home/administrator/Masterproject2/20_ROS/src/Robots/install/mir_msgs/include/mir_msgs/mir_msgs/msg/detail/plan_segments__builder.hpp
-- Up-to-date: /home/administrator/Masterproject2/20_ROS/src/Robots/install/mir_msgs/include/mir_msgs/mir_msgs/msg/detail/hook_data__traits.hpp
-- Up-to-date: /home/administrator/Masterproject2/20_ROS/src/Robots/install/mir_msgs/include/mir_msgs/mir_msgs/msg/detail/brake_state__struct.hpp
-- Up-to-date: /home/administrator/Masterproject2/20_ROS/src/Robots/install/mir_msgs/include/mir_msgs/mir_msgs/msg/detail/bms_data__traits.hpp
-- Up-to-date: /home/administrator/Masterproject2/20_ROS/src/Robots/install/mir_msgs/include/mir_msgs/mir_msgs/msg/detail/mir_extra__builder.hpp
-- Up-to-date: /home/administrator/Masterproject2/20_ROS/src/Robots/install/mir_msgs/include/mir_msgs/mir_msgs/msg/detail/height_state__traits.hpp
-- Up-to-date: /home/administrator/Masterproject2/20_ROS/src/Robots/install/mir_msgs/include/mir_msgs/mir_msgs/msg/detail/encoders__builder.hpp
-- Up-to-date: /home/administrator/Masterproject2/20_ROS/src/Robots/install/mir_msgs/include/mir_msgs/mir_msgs/msg/detail/skid_detection_stamped_float__type_support.hpp
-- Up-to-date: /home/administrator/Masterproject2/20_ROS/src/Robots/install/mir_msgs/include/mir_msgs/mir_msgs/msg/detail/proximity__builder.hpp
-- Up-to-date: /home/administrator/Masterproject2/20_ROS/src/Robots/install/mir_msgs/include/mir_msgs/mir_msgs/msg/detail/serial__traits.hpp
-- Up-to-date: /home/administrator/Masterproject2/20_ROS/src/Robots/install/mir_msgs/include/mir_msgs/mir_msgs/msg/detail/service_response_header__traits.hpp
-- Up-to-date: /home/administrator/Masterproject2/20_ROS/src/Robots/install/mir_msgs/include/mir_msgs/mir_msgs/msg/detail/gpio__type_support.hpp
-- Up-to-date: /home/administrator/Masterproject2/20_ROS/src/Robots/install/mir_msgs/include/mir_msgs/mir_msgs/msg/detail/robot_mode__type_support.hpp
-- Up-to-date: /home/administrator/Masterproject2/20_ROS/src/Robots/install/mir_msgs/include/mir_msgs/mir_msgs/msg/detail/moving_state__builder.hpp
-- Up-to-date: /home/administrator/Masterproject2/20_ROS/src/Robots/install/mir_msgs/include/mir_msgs/mir_msgs/msg/detail/proximity__type_support.hpp
-- Up-to-date: /home/administrator/Masterproject2/20_ROS/src/Robots/install/mir_msgs/include/mir_msgs/mir_msgs/msg/detail/joystick_vel__struct.hpp
-- Up-to-date: /home/administrator/Masterproject2/20_ROS/src/Robots/install/mir_msgs/include/mir_msgs/mir_msgs/msg/detail/bms_data__struct.hpp
-- Up-to-date: /home/administrator/Masterproject2/20_ROS/src/Robots/install/mir_msgs/include/mir_msgs/mir_msgs/msg/detail/robot_status__struct.hpp
-- Up-to-date: /home/administrator/Masterproject2/20_ROS/src/Robots/install/mir_msgs/include/mir_msgs/mir_msgs/msg/detail/mission_ctrl_state__builder.hpp
-- Up-to-date: /home/administrator/Masterproject2/20_ROS/src/Robots/install/mir_msgs/include/mir_msgs/mir_msgs/msg/detail/height_state__builder.hpp
-- Up-to-date: /home/administrator/Masterproject2/20_ROS/src/Robots/install/mir_msgs/include/mir_msgs/mir_msgs/msg/detail/robot_state__builder.hpp
-- Up-to-date: /home/administrator/Masterproject2/20_ROS/src/Robots/install/mir_msgs/include/mir_msgs/mir_msgs/msg/detail/local_map_stat__builder.hpp
-- Up-to-date: /home/administrator/Masterproject2/20_ROS/src/Robots/install/mir_msgs/include/mir_msgs/mir_msgs/msg/detail/world_model__type_support.hpp
-- Up-to-date: /home/administrator/Masterproject2/20_ROS/src/Robots/install/mir_msgs/include/mir_msgs/mir_msgs/msg/detail/user_prompt__builder.hpp
-- Up-to-date: /home/administrator/Masterproject2/20_ROS/src/Robots/install/mir_msgs/include/mir_msgs/mir_msgs/msg/detail/moving_state__traits.hpp
-- Up-to-date: /home/administrator/Masterproject2/20_ROS/src/Robots/install/mir_msgs/include/mir_msgs/mir_msgs/msg/detail/skid_detection_stamped_float__builder.hpp
-- Up-to-date: /home/administrator/Masterproject2/20_ROS/src/Robots/install/mir_msgs/include/mir_msgs/mir_msgs/msg/detail/angle_measurment__type_support.hpp
-- Up-to-date: /home/administrator/Masterproject2/20_ROS/src/Robots/install/mir_msgs/include/mir_msgs/mir_msgs/msg/detail/resource_state__struct.hpp
-- Up-to-date: /home/administrator/Masterproject2/20_ROS/src/Robots/install/mir_msgs/include/mir_msgs/mir_msgs/msg/detail/hook_extended_status__type_support.hpp
-- Up-to-date: /home/administrator/Masterproject2/20_ROS/src/Robots/install/mir_msgs/include/mir_msgs/mir_msgs/msg/detail/path__type_support.hpp
-- Up-to-date: /home/administrator/Masterproject2/20_ROS/src/Robots/install/mir_msgs/include/mir_msgs/mir_msgs/msg/detail/hook_extended_status__builder.hpp
-- Up-to-date: /home/administrator/Masterproject2/20_ROS/src/Robots/install/mir_msgs/include/mir_msgs/mir_msgs/msg/detail/encoder_test_entry__struct.hpp
-- Up-to-date: /home/administrator/Masterproject2/20_ROS/src/Robots/install/mir_msgs/include/mir_msgs/mir_msgs/msg/detail/safety_status__traits.hpp
-- Up-to-date: /home/administrator/Masterproject2/20_ROS/src/Robots/install/mir_msgs/include/mir_msgs/mir_msgs/msg/detail/error__traits.hpp
-- Up-to-date: /home/administrator/Masterproject2/20_ROS/src/Robots/install/mir_msgs/include/mir_msgs/mir_msgs/msg/detail/path__builder.hpp
-- Up-to-date: /home/administrator/Masterproject2/20_ROS/src/Robots/install/mir_msgs/include/mir_msgs/mir_msgs/msg/detail/mission_ctrl_state__type_support.hpp
-- Up-to-date: /home/administrator/Masterproject2/20_ROS/src/Robots/install/mir_msgs/include/mir_msgs/mir_msgs/msg/detail/plan_segments__struct.hpp
-- Up-to-date: /home/administrator/Masterproject2/20_ROS/src/Robots/install/mir_msgs/include/mir_msgs/mir_msgs/msg/detail/service_response_header__type_support.hpp
-- Up-to-date: /home/administrator/Masterproject2/20_ROS/src/Robots/install/mir_msgs/include/mir_msgs/mir_msgs/msg/detail/precision_docking_status__traits.hpp
-- Up-to-date: /home/administrator/Masterproject2/20_ROS/src/Robots/install/mir_msgs/include/mir_msgs/mir_msgs/msg/detail/devices__traits.hpp
-- Up-to-date: /home/administrator/Masterproject2/20_ROS/src/Robots/install/mir_msgs/include/mir_msgs/mir_msgs/msg/detail/events__builder.hpp
-- Up-to-date: /home/administrator/Masterproject2/20_ROS/src/Robots/install/mir_msgs/include/mir_msgs/mir_msgs/msg/detail/charging_state__traits.hpp
-- Up-to-date: /home/administrator/Masterproject2/20_ROS/src/Robots/install/mir_msgs/include/mir_msgs/mir_msgs/msg/detail/service_response_header__struct.hpp
-- Up-to-date: /home/administrator/Masterproject2/20_ROS/src/Robots/install/mir_msgs/include/mir_msgs/mir_msgs/msg/detail/trolley__struct.hpp
-- Up-to-date: /home/administrator/Masterproject2/20_ROS/src/Robots/install/mir_msgs/include/mir_msgs/mir_msgs/msg/detail/battery_currents__type_support.hpp
-- Up-to-date: /home/administrator/Masterproject2/20_ROS/src/Robots/install/mir_msgs/include/mir_msgs/mir_msgs/msg/detail/encoders__type_support.hpp
-- Up-to-date: /home/administrator/Masterproject2/20_ROS/src/Robots/install/mir_msgs/include/mir_msgs/mir_msgs/msg/detail/mission_ctrl_command__struct.hpp
-- Up-to-date: /home/administrator/Masterproject2/20_ROS/src/Robots/install/mir_msgs/include/mir_msgs/mir_msgs/msg/detail/devices__builder.hpp
-- Up-to-date: /home/administrator/Masterproject2/20_ROS/src/Robots/install/mir_msgs/include/mir_msgs/mir_msgs/msg/detail/mir_extra__type_support.hpp
-- Up-to-date: /home/administrator/Masterproject2/20_ROS/src/Robots/install/mir_msgs/include/mir_msgs/mir_msgs/msg/detail/encoder_test_entry__traits.hpp
-- Up-to-date: /home/administrator/Masterproject2/20_ROS/src/Robots/install/mir_msgs/include/mir_msgs/mir_msgs/msg/detail/web_path__traits.hpp
-- Up-to-date: /home/administrator/Masterproject2/20_ROS/src/Robots/install/mir_msgs/include/mir_msgs/mir_msgs/msg/detail/web_path__builder.hpp
-- Up-to-date: /home/administrator/Masterproject2/20_ROS/src/Robots/install/mir_msgs/include/mir_msgs/mir_msgs/msg/detail/resources_state__type_support.hpp
-- Up-to-date: /home/administrator/Masterproject2/20_ROS/src/Robots/install/mir_msgs/include/mir_msgs/mir_msgs/msg/detail/precision_docking_status__struct.hpp
-- Up-to-date: /home/administrator/Masterproject2/20_ROS/src/Robots/install/mir_msgs/include/mir_msgs/mir_msgs/msg/detail/device__builder.hpp
-- Up-to-date: /home/administrator/Masterproject2/20_ROS/src/Robots/install/mir_msgs/include/mir_msgs/mir_msgs/msg/detail/robot_mode__traits.hpp
-- Up-to-date: /home/administrator/Masterproject2/20_ROS/src/Robots/install/mir_msgs/include/mir_msgs/mir_msgs/msg/detail/angle_measurment__builder.hpp
-- Up-to-date: /home/administrator/Masterproject2/20_ROS/src/Robots/install/mir_msgs/include/mir_msgs/mir_msgs/msg/detail/pendant__type_support.hpp
-- Up-to-date: /home/administrator/Masterproject2/20_ROS/src/Robots/install/mir_msgs/include/mir_msgs/mir_msgs/msg/detail/device__struct.hpp
-- Up-to-date: /home/administrator/Masterproject2/20_ROS/src/Robots/install/mir_msgs/include/mir_msgs/mir_msgs/msg/detail/external_robots__struct.hpp
-- Up-to-date: /home/administrator/Masterproject2/20_ROS/src/Robots/install/mir_msgs/include/mir_msgs/mir_msgs/msg/detail/robot_status__builder.hpp
-- Up-to-date: /home/administrator/Masterproject2/20_ROS/src/Robots/install/mir_msgs/include/mir_msgs/mir_msgs/msg/detail/brake_state__type_support.hpp
-- Up-to-date: /home/administrator/Masterproject2/20_ROS/src/Robots/install/mir_msgs/include/mir_msgs/mir_msgs/msg/detail/device__traits.hpp
-- Up-to-date: /home/administrator/Masterproject2/20_ROS/src/Robots/install/mir_msgs/include/mir_msgs/mir_msgs/msg/detail/plan_segment__traits.hpp
-- Up-to-date: /home/administrator/Masterproject2/20_ROS/src/Robots/install/mir_msgs/include/mir_msgs/mir_msgs/msg/detail/serial__type_support.hpp
-- Up-to-date: /home/administrator/Masterproject2/20_ROS/src/Robots/install/mir_msgs/include/mir_msgs/mir_msgs/msg/detail/local_map_stat__traits.hpp
-- Up-to-date: /home/administrator/Masterproject2/20_ROS/src/Robots/install/mir_msgs/include/mir_msgs/mir_msgs/msg/detail/resources_state__struct.hpp
-- Up-to-date: /home/administrator/Masterproject2/20_ROS/src/Robots/install/mir_msgs/include/mir_msgs/mir_msgs/msg/detail/time_debug__type_support.hpp
-- Up-to-date: /home/administrator/Masterproject2/20_ROS/src/Robots/install/mir_msgs/include/mir_msgs/mir_msgs/msg/detail/mir_local_planner_path_types__struct.hpp
-- Up-to-date: /home/administrator/Masterproject2/20_ROS/src/Robots/install/mir_msgs/include/mir_msgs/mir_msgs/msg/detail/battery_currents__struct.hpp
-- Up-to-date: /home/administrator/Masterproject2/20_ROS/src/Robots/install/mir_msgs/include/mir_msgs/mir_msgs/msg/detail/robot_state__traits.hpp
-- Up-to-date: /home/administrator/Masterproject2/20_ROS/src/Robots/install/mir_msgs/include/mir_msgs/mir_msgs/msg/detail/mission_ctrl_state__struct.hpp
-- Up-to-date: /home/administrator/Masterproject2/20_ROS/src/Robots/install/mir_msgs/include/mir_msgs/mir_msgs/msg/detail/precision_docking_status__builder.hpp
-- Up-to-date: /home/administrator/Masterproject2/20_ROS/src/Robots/install/mir_msgs/include/mir_msgs/mir_msgs/msg/detail/events__struct.hpp
-- Up-to-date: /home/administrator/Masterproject2/20_ROS/src/Robots/install/mir_msgs/include/mir_msgs/mir_msgs/msg/detail/world_map__type_support.hpp
-- Up-to-date: /home/administrator/Masterproject2/20_ROS/src/Robots/install/mir_msgs/include/mir_msgs/mir_msgs/msg/detail/events__traits.hpp
-- Up-to-date: /home/administrator/Masterproject2/20_ROS/src/Robots/install/mir_msgs/include/mir_msgs/mir_msgs/msg/detail/joystick_vel__traits.hpp
-- Up-to-date: /home/administrator/Masterproject2/20_ROS/src/Robots/install/mir_msgs/include/mir_msgs/mir_msgs/msg/detail/gpio__traits.hpp
-- Up-to-date: /home/administrator/Masterproject2/20_ROS/src/Robots/install/mir_msgs/include/mir_msgs/mir_msgs/msg/detail/i_os__struct.hpp
-- Up-to-date: /home/administrator/Masterproject2/20_ROS/src/Robots/install/mir_msgs/include/mir_msgs/mir_msgs/msg/detail/mission_ctrl_state__traits.hpp
-- Up-to-date: /home/administrator/Masterproject2/20_ROS/src/Robots/install/mir_msgs/include/mir_msgs/mir_msgs/msg/detail/trolley__traits.hpp
-- Up-to-date: /home/administrator/Masterproject2/20_ROS/src/Robots/install/mir_msgs/include/mir_msgs/mir_msgs/msg/detail/user_prompt__type_support.hpp
-- Up-to-date: /home/administrator/Masterproject2/20_ROS/src/Robots/install/mir_msgs/include/mir_msgs/mir_msgs/msg/detail/plan_segment__struct.hpp
-- Up-to-date: /home/administrator/Masterproject2/20_ROS/src/Robots/install/mir_msgs/include/mir_msgs/mir_msgs/msg/detail/twist2_d__struct.hpp
-- Up-to-date: /home/administrator/Masterproject2/20_ROS/src/Robots/install/mir_msgs/include/mir_msgs/mir_msgs/msg/detail/gpio__struct.hpp
-- Up-to-date: /home/administrator/Masterproject2/20_ROS/src/Robots/install/mir_msgs/include/mir_msgs/mir_msgs/msg/detail/external_robot__builder.hpp
-- Up-to-date: /home/administrator/Masterproject2/20_ROS/src/Robots/install/mir_msgs/include/mir_msgs/mir_msgs/msg/detail/pose2_d__traits.hpp
-- Up-to-date: /home/administrator/Masterproject2/20_ROS/src/Robots/install/mir_msgs/include/mir_msgs/mir_msgs/msg/detail/world_map__traits.hpp
-- Up-to-date: /home/administrator/Masterproject2/20_ROS/src/Robots/install/mir_msgs/include/mir_msgs/mir_msgs/msg/detail/hook_data__type_support.hpp
-- Up-to-date: /home/administrator/Masterproject2/20_ROS/src/Robots/install/mir_msgs/include/mir_msgs/mir_msgs/msg/detail/mir_extra__struct.hpp
-- Up-to-date: /home/administrator/Masterproject2/20_ROS/src/Robots/install/mir_msgs/include/mir_msgs/mir_msgs/msg/detail/i_os__traits.hpp
-- Up-to-date: /home/administrator/Masterproject2/20_ROS/src/Robots/install/mir_msgs/include/mir_msgs/mir_msgs/msg/detail/external_robot__type_support.hpp
-- Up-to-date: /home/administrator/Masterproject2/20_ROS/src/Robots/install/mir_msgs/include/mir_msgs/mir_msgs/msg/detail/external_robot__struct.hpp
-- Up-to-date: /home/administrator/Masterproject2/20_ROS/src/Robots/install/mir_msgs/include/mir_msgs/mir_msgs/msg/detail/events__type_support.hpp
-- Up-to-date: /home/administrator/Masterproject2/20_ROS/src/Robots/install/mir_msgs/include/mir_msgs/mir_msgs/msg/detail/mission_ctrl_command__builder.hpp
-- Up-to-date: /home/administrator/Masterproject2/20_ROS/src/Robots/install/mir_msgs/include/mir_msgs/mir_msgs/msg/detail/skid_detection_stamped_float__struct.hpp
-- Up-to-date: /home/administrator/Masterproject2/20_ROS/src/Robots/install/mir_msgs/include/mir_msgs/mir_msgs/msg/detail/gripper_state__type_support.hpp
-- Up-to-date: /home/administrator/Masterproject2/20_ROS/src/Robots/install/mir_msgs/include/mir_msgs/mir_msgs/msg/detail/robot_status__type_support.hpp
-- Up-to-date: /home/administrator/Masterproject2/20_ROS/src/Robots/install/mir_msgs/include/mir_msgs/mir_msgs/msg/detail/joystick_vel__type_support.hpp
-- Up-to-date: /home/administrator/Masterproject2/20_ROS/src/Robots/install/mir_msgs/include/mir_msgs/mir_msgs/msg/detail/mir_local_planner_path_types__traits.hpp
-- Up-to-date: /home/administrator/Masterproject2/20_ROS/src/Robots/install/mir_msgs/include/mir_msgs/mir_msgs/msg/detail/resource_state__type_support.hpp
-- Up-to-date: /home/administrator/Masterproject2/20_ROS/src/Robots/install/mir_msgs/include/mir_msgs/mir_msgs/msg/detail/devices__struct.hpp
-- Up-to-date: /home/administrator/Masterproject2/20_ROS/src/Robots/install/mir_msgs/include/mir_msgs/mir_msgs/msg/detail/brake_state__builder.hpp
-- Up-to-date: /home/administrator/Masterproject2/20_ROS/src/Robots/install/mir_msgs/include/mir_msgs/mir_msgs/msg/detail/plan_segment__type_support.hpp
-- Up-to-date: /home/administrator/Masterproject2/20_ROS/src/Robots/install/mir_msgs/include/mir_msgs/mir_msgs/msg/detail/world_model__traits.hpp
-- Up-to-date: /home/administrator/Masterproject2/20_ROS/src/Robots/install/mir_msgs/include/mir_msgs/mir_msgs/msg/detail/robot_state__struct.hpp
-- Up-to-date: /home/administrator/Masterproject2/20_ROS/src/Robots/install/mir_msgs/include/mir_msgs/mir_msgs/msg/detail/resources_acquisition__struct.hpp
-- Up-to-date: /home/administrator/Masterproject2/20_ROS/src/Robots/install/mir_msgs/include/mir_msgs/mir_msgs/msg/detail/skid_detection_diff__type_support.hpp
-- Up-to-date: /home/administrator/Masterproject2/20_ROS/src/Robots/install/mir_msgs/include/mir_msgs/mir_msgs/msg/detail/power_board_motor_status__traits.hpp
-- Up-to-date: /home/administrator/Masterproject2/20_ROS/src/Robots/install/mir_msgs/include/mir_msgs/mir_msgs/msg/detail/error__struct.hpp
-- Up-to-date: /home/administrator/Masterproject2/20_ROS/src/Robots/install/mir_msgs/include/mir_msgs/mir_msgs/msg/detail/height_state__struct.hpp
-- Up-to-date: /home/administrator/Masterproject2/20_ROS/src/Robots/install/mir_msgs/include/mir_msgs/mir_msgs/msg/detail/pallet_lifter_status__builder.hpp
-- Up-to-date: /home/administrator/Masterproject2/20_ROS/src/Robots/install/mir_msgs/include/mir_msgs/mir_msgs/msg/detail/mir_local_planner_path_types__type_support.hpp
-- Up-to-date: /home/administrator/Masterproject2/20_ROS/src/Robots/install/mir_msgs/include/mir_msgs/mir_msgs/msg/detail/gpio__builder.hpp
-- Up-to-date: /home/administrator/Masterproject2/20_ROS/src/Robots/install/mir_msgs/include/mir_msgs/mir_msgs/msg/detail/encoder_test_entry__builder.hpp
-- Up-to-date: /home/administrator/Masterproject2/20_ROS/src/Robots/install/mir_msgs/include/mir_msgs/mir_msgs/msg/detail/event__builder.hpp
-- Up-to-date: /home/administrator/Masterproject2/20_ROS/src/Robots/install/mir_msgs/include/mir_msgs/mir_msgs/msg/detail/error__type_support.hpp
-- Up-to-date: /home/administrator/Masterproject2/20_ROS/src/Robots/install/mir_msgs/include/mir_msgs/mir_msgs/msg/detail/proximity__traits.hpp
-- Up-to-date: /home/administrator/Masterproject2/20_ROS/src/Robots/install/mir_msgs/include/mir_msgs/mir_msgs/msg/detail/world_model__builder.hpp
-- Up-to-date: /home/administrator/Masterproject2/20_ROS/src/Robots/install/mir_msgs/include/mir_msgs/mir_msgs/msg/detail/i_os__type_support.hpp
-- Up-to-date: /home/administrator/Masterproject2/20_ROS/src/Robots/install/mir_msgs/include/mir_msgs/mir_msgs/msg/detail/power_board_motor_status__builder.hpp
-- Up-to-date: /home/administrator/Masterproject2/20_ROS/src/Robots/install/mir_msgs/include/mir_msgs/mir_msgs/msg/detail/i_os__builder.hpp
-- Up-to-date: /home/administrator/Masterproject2/20_ROS/src/Robots/install/mir_msgs/include/mir_msgs/mir_msgs/msg/detail/resource_state__builder.hpp
-- Up-to-date: /home/administrator/Masterproject2/20_ROS/src/Robots/install/mir_msgs/include/mir_msgs/mir_msgs/msg/detail/moving_state__type_support.hpp
-- Up-to-date: /home/administrator/Masterproject2/20_ROS/src/Robots/install/mir_msgs/include/mir_msgs/mir_msgs/msg/detail/sound_event__traits.hpp
-- Up-to-date: /home/administrator/Masterproject2/20_ROS/src/Robots/install/mir_msgs/include/mir_msgs/mir_msgs/msg/detail/twist2_d__traits.hpp
-- Up-to-date: /home/administrator/Masterproject2/20_ROS/src/Robots/install/mir_msgs/include/mir_msgs/mir_msgs/msg/detail/time_debug__struct.hpp
-- Up-to-date: /home/administrator/Masterproject2/20_ROS/src/Robots/install/mir_msgs/include/mir_msgs/mir_msgs/msg/external_robots.hpp
-- Up-to-date: /home/administrator/Masterproject2/20_ROS/src/Robots/install/mir_msgs/include/mir_msgs/mir_msgs/msg/charging_state.hpp
-- Up-to-date: /home/administrator/Masterproject2/20_ROS/src/Robots/install/mir_msgs/include/mir_msgs/mir_msgs/msg/gpio.hpp
-- Up-to-date: /home/administrator/Masterproject2/20_ROS/src/Robots/install/mir_msgs/include/mir_msgs/mir_msgs/msg/battery_currents.hpp
-- Up-to-date: /home/administrator/Masterproject2/20_ROS/src/Robots/install/mir_msgs/include/mir_msgs/mir_msgs/msg/height_state.hpp
-- Up-to-date: /home/administrator/Masterproject2/20_ROS/src/Robots/install/mir_msgs/include/mir_msgs/mir_msgs/msg/gripper_state.hpp
-- Up-to-date: /home/administrator/Masterproject2/20_ROS/src/Robots/install/mir_msgs/include/mir_msgs/mir_msgs/msg/plan_segment.hpp
-- Up-to-date: /home/administrator/Masterproject2/20_ROS/src/Robots/install/mir_msgs/include/mir_msgs/mir_msgs
-- Up-to-date: /home/administrator/Masterproject2/20_ROS/src/Robots/install/mir_msgs/include/mir_msgs/mir_msgs/msg
-- Up-to-date: /home/administrator/Masterproject2/20_ROS/src/Robots/install/mir_msgs/include/mir_msgs/mir_msgs/msg/rosidl_typesupport_fastrtps_cpp__visibility_control.h
-- Up-to-date: /home/administrator/Masterproject2/20_ROS/src/Robots/install/mir_msgs/include/mir_msgs/mir_msgs/msg/detail
-- Up-to-date: /home/administrator/Masterproject2/20_ROS/src/Robots/install/mir_msgs/include/mir_msgs/mir_msgs/msg/detail/stamped_encoders__rosidl_typesupport_fastrtps_cpp.hpp
-- Up-to-date: /home/administrator/Masterproject2/20_ROS/src/Robots/install/mir_msgs/include/mir_msgs/mir_msgs/msg/detail/event__rosidl_typesupport_fastrtps_cpp.hpp
-- Up-to-date: /home/administrator/Masterproject2/20_ROS/src/Robots/install/mir_msgs/include/mir_msgs/mir_msgs/msg/detail/skid_detection_diff__rosidl_typesupport_fastrtps_cpp.hpp
-- Up-to-date: /home/administrator/Masterproject2/20_ROS/src/Robots/install/mir_msgs/include/mir_msgs/mir_msgs/msg/detail/brake_state__rosidl_typesupport_fastrtps_cpp.hpp
-- Up-to-date: /home/administrator/Masterproject2/20_ROS/src/Robots/install/mir_msgs/include/mir_msgs/mir_msgs/msg/detail/pose2_d__rosidl_typesupport_fastrtps_cpp.hpp
-- Up-to-date: /home/administrator/Masterproject2/20_ROS/src/Robots/install/mir_msgs/include/mir_msgs/mir_msgs/msg/detail/user_prompt__rosidl_typesupport_fastrtps_cpp.hpp
-- Up-to-date: /home/administrator/Masterproject2/20_ROS/src/Robots/install/mir_msgs/include/mir_msgs/mir_msgs/msg/detail/mir_extra__rosidl_typesupport_fastrtps_cpp.hpp
-- Up-to-date: /home/administrator/Masterproject2/20_ROS/src/Robots/install/mir_msgs/include/mir_msgs/mir_msgs/msg/detail/gpio__rosidl_typesupport_fastrtps_cpp.hpp
-- Up-to-date: /home/administrator/Masterproject2/20_ROS/src/Robots/install/mir_msgs/include/mir_msgs/mir_msgs/msg/detail/moving_state__rosidl_typesupport_fastrtps_cpp.hpp
-- Up-to-date: /home/administrator/Masterproject2/20_ROS/src/Robots/install/mir_msgs/include/mir_msgs/mir_msgs/msg/detail/robot_state__rosidl_typesupport_fastrtps_cpp.hpp
-- Up-to-date: /home/administrator/Masterproject2/20_ROS/src/Robots/install/mir_msgs/include/mir_msgs/mir_msgs/msg/detail/external_robot__rosidl_typesupport_fastrtps_cpp.hpp
-- Up-to-date: /home/administrator/Masterproject2/20_ROS/src/Robots/install/mir_msgs/include/mir_msgs/mir_msgs/msg/detail/world_model__rosidl_typesupport_fastrtps_cpp.hpp
-- Up-to-date: /home/administrator/Masterproject2/20_ROS/src/Robots/install/mir_msgs/include/mir_msgs/mir_msgs/msg/detail/world_map__rosidl_typesupport_fastrtps_cpp.hpp
-- Up-to-date: /home/administrator/Masterproject2/20_ROS/src/Robots/install/mir_msgs/include/mir_msgs/mir_msgs/msg/detail/trolley__rosidl_typesupport_fastrtps_cpp.hpp
-- Up-to-date: /home/administrator/Masterproject2/20_ROS/src/Robots/install/mir_msgs/include/mir_msgs/mir_msgs/msg/detail/error__rosidl_typesupport_fastrtps_cpp.hpp
-- Up-to-date: /home/administrator/Masterproject2/20_ROS/src/Robots/install/mir_msgs/include/mir_msgs/mir_msgs/msg/detail/time_debug__rosidl_typesupport_fastrtps_cpp.hpp
-- Up-to-date: /home/administrator/Masterproject2/20_ROS/src/Robots/install/mir_msgs/include/mir_msgs/mir_msgs/msg/detail/resource_state__rosidl_typesupport_fastrtps_cpp.hpp
-- Up-to-date: /home/administrator/Masterproject2/20_ROS/src/Robots/install/mir_msgs/include/mir_msgs/mir_msgs/msg/detail/local_map_stat__rosidl_typesupport_fastrtps_cpp.hpp
-- Up-to-date: /home/administrator/Masterproject2/20_ROS/src/Robots/install/mir_msgs/include/mir_msgs/mir_msgs/msg/detail/angle_measurment__rosidl_typesupport_fastrtps_cpp.hpp
-- Up-to-date: /home/administrator/Masterproject2/20_ROS/src/Robots/install/mir_msgs/include/mir_msgs/mir_msgs/msg/detail/resources_acquisition__rosidl_typesupport_fastrtps_cpp.hpp
-- Up-to-date: /home/administrator/Masterproject2/20_ROS/src/Robots/install/mir_msgs/include/mir_msgs/mir_msgs/msg/detail/device__rosidl_typesupport_fastrtps_cpp.hpp
-- Up-to-date: /home/administrator/Masterproject2/20_ROS/src/Robots/install/mir_msgs/include/mir_msgs/mir_msgs/msg/detail/serial__rosidl_typesupport_fastrtps_cpp.hpp
-- Up-to-date: /home/administrator/Masterproject2/20_ROS/src/Robots/install/mir_msgs/include/mir_msgs/mir_msgs/msg/detail/plan_segment__rosidl_typesupport_fastrtps_cpp.hpp
-- Up-to-date: /home/administrator/Masterproject2/20_ROS/src/Robots/install/mir_msgs/include/mir_msgs/mir_msgs/msg/detail/events__rosidl_typesupport_fastrtps_cpp.hpp
-- Up-to-date: /home/administrator/Masterproject2/20_ROS/src/Robots/install/mir_msgs/include/mir_msgs/mir_msgs/msg/detail/skid_detection_stamped_float__rosidl_typesupport_fastrtps_cpp.hpp
-- Up-to-date: /home/administrator/Masterproject2/20_ROS/src/Robots/install/mir_msgs/include/mir_msgs/mir_msgs/msg/detail/pendant__rosidl_typesupport_fastrtps_cpp.hpp
-- Up-to-date: /home/administrator/Masterproject2/20_ROS/src/Robots/install/mir_msgs/include/mir_msgs/mir_msgs/msg/detail/robot_status__rosidl_typesupport_fastrtps_cpp.hpp
-- Up-to-date: /home/administrator/Masterproject2/20_ROS/src/Robots/install/mir_msgs/include/mir_msgs/mir_msgs/msg/detail/twist2_d__rosidl_typesupport_fastrtps_cpp.hpp
-- Up-to-date: /home/administrator/Masterproject2/20_ROS/src/Robots/install/mir_msgs/include/mir_msgs/mir_msgs/msg/detail/battery_currents__rosidl_typesupport_fastrtps_cpp.hpp
-- Up-to-date: /home/administrator/Masterproject2/20_ROS/src/Robots/install/mir_msgs/include/mir_msgs/mir_msgs/msg/detail/charging_state__rosidl_typesupport_fastrtps_cpp.hpp
-- Up-to-date: /home/administrator/Masterproject2/20_ROS/src/Robots/install/mir_msgs/include/mir_msgs/mir_msgs/msg/detail/robot_mode__rosidl_typesupport_fastrtps_cpp.hpp
-- Up-to-date: /home/administrator/Masterproject2/20_ROS/src/Robots/install/mir_msgs/include/mir_msgs/mir_msgs/msg/detail/service_response_header__rosidl_typesupport_fastrtps_cpp.hpp
-- Up-to-date: /home/administrator/Masterproject2/20_ROS/src/Robots/install/mir_msgs/include/mir_msgs/mir_msgs/msg/detail/safety_status__rosidl_typesupport_fastrtps_cpp.hpp
-- Up-to-date: /home/administrator/Masterproject2/20_ROS/src/Robots/install/mir_msgs/include/mir_msgs/mir_msgs/msg/detail/hook_data__rosidl_typesupport_fastrtps_cpp.hpp
-- Up-to-date: /home/administrator/Masterproject2/20_ROS/src/Robots/install/mir_msgs/include/mir_msgs/mir_msgs/msg/detail/external_robots__rosidl_typesupport_fastrtps_cpp.hpp
-- Up-to-date: /home/administrator/Masterproject2/20_ROS/src/Robots/install/mir_msgs/include/mir_msgs/mir_msgs/msg/detail/plan_segments__rosidl_typesupport_fastrtps_cpp.hpp
-- Up-to-date: /home/administrator/Masterproject2/20_ROS/src/Robots/install/mir_msgs/include/mir_msgs/mir_msgs/msg/detail/hook_status__rosidl_typesupport_fastrtps_cpp.hpp
-- Up-to-date: /home/administrator/Masterproject2/20_ROS/src/Robots/install/mir_msgs/include/mir_msgs/mir_msgs/msg/detail/proximity__rosidl_typesupport_fastrtps_cpp.hpp
-- Up-to-date: /home/administrator/Masterproject2/20_ROS/src/Robots/install/mir_msgs/include/mir_msgs/mir_msgs/msg/detail/power_board_motor_status__rosidl_typesupport_fastrtps_cpp.hpp
-- Up-to-date: /home/administrator/Masterproject2/20_ROS/src/Robots/install/mir_msgs/include/mir_msgs/mir_msgs/msg/detail/i_os__rosidl_typesupport_fastrtps_cpp.hpp
-- Up-to-date: /home/administrator/Masterproject2/20_ROS/src/Robots/install/mir_msgs/include/mir_msgs/mir_msgs/msg/detail/height_state__rosidl_typesupport_fastrtps_cpp.hpp
-- Up-to-date: /home/administrator/Masterproject2/20_ROS/src/Robots/install/mir_msgs/include/mir_msgs/mir_msgs/msg/detail/encoder_test_entry__rosidl_typesupport_fastrtps_cpp.hpp
-- Up-to-date: /home/administrator/Masterproject2/20_ROS/src/Robots/install/mir_msgs/include/mir_msgs/mir_msgs/msg/detail/mission_ctrl_command__rosidl_typesupport_fastrtps_cpp.hpp
-- Up-to-date: /home/administrator/Masterproject2/20_ROS/src/Robots/install/mir_msgs/include/mir_msgs/mir_msgs/msg/detail/gripper_state__rosidl_typesupport_fastrtps_cpp.hpp
-- Up-to-date: /home/administrator/Masterproject2/20_ROS/src/Robots/install/mir_msgs/include/mir_msgs/mir_msgs/msg/detail/hook_extended_status__rosidl_typesupport_fastrtps_cpp.hpp
-- Up-to-date: /home/administrator/Masterproject2/20_ROS/src/Robots/install/mir_msgs/include/mir_msgs/mir_msgs/msg/detail/mir_local_planner_path_types__rosidl_typesupport_fastrtps_cpp.hpp
-- Up-to-date: /home/administrator/Masterproject2/20_ROS/src/Robots/install/mir_msgs/include/mir_msgs/mir_msgs/msg/detail/encoders__rosidl_typesupport_fastrtps_cpp.hpp
-- Up-to-date: /home/administrator/Masterproject2/20_ROS/src/Robots/install/mir_msgs/include/mir_msgs/mir_msgs/msg/detail/precision_docking_status__rosidl_typesupport_fastrtps_cpp.hpp
-- Up-to-date: /home/administrator/Masterproject2/20_ROS/src/Robots/install/mir_msgs/include/mir_msgs/mir_msgs/msg/detail/pallet_lifter_status__rosidl_typesupport_fastrtps_cpp.hpp
-- Up-to-date: /home/administrator/Masterproject2/20_ROS/src/Robots/install/mir_msgs/include/mir_msgs/mir_msgs/msg/detail/path__rosidl_typesupport_fastrtps_cpp.hpp
-- Up-to-date: /home/administrator/Masterproject2/20_ROS/src/Robots/install/mir_msgs/include/mir_msgs/mir_msgs/msg/detail/web_path__rosidl_typesupport_fastrtps_cpp.hpp
-- Up-to-date: /home/administrator/Masterproject2/20_ROS/src/Robots/install/mir_msgs/include/mir_msgs/mir_msgs/msg/detail/joystick_vel__rosidl_typesupport_fastrtps_cpp.hpp
-- Up-to-date: /home/administrator/Masterproject2/20_ROS/src/Robots/install/mir_msgs/include/mir_msgs/mir_msgs/msg/detail/sound_event__rosidl_typesupport_fastrtps_cpp.hpp
-- Up-to-date: /home/administrator/Masterproject2/20_ROS/src/Robots/install/mir_msgs/include/mir_msgs/mir_msgs/msg/detail/devices__rosidl_typesupport_fastrtps_cpp.hpp
-- Up-to-date: /home/administrator/Masterproject2/20_ROS/src/Robots/install/mir_msgs/include/mir_msgs/mir_msgs/msg/detail/bms_data__rosidl_typesupport_fastrtps_cpp.hpp
-- Up-to-date: /home/administrator/Masterproject2/20_ROS/src/Robots/install/mir_msgs/include/mir_msgs/mir_msgs/msg/detail/dds_fastrtps
-- Up-to-date: /home/administrator/Masterproject2/20_ROS/src/Robots/install/mir_msgs/include/mir_msgs/mir_msgs/msg/detail/resources_state__rosidl_typesupport_fastrtps_cpp.hpp
-- Up-to-date: /home/administrator/Masterproject2/20_ROS/src/Robots/install/mir_msgs/include/mir_msgs/mir_msgs/msg/detail/mission_ctrl_state__rosidl_typesupport_fastrtps_cpp.hpp
-- Up-to-date: /home/administrator/Masterproject2/20_ROS/src/Robots/install/mir_msgs/lib/libmir_msgs__rosidl_typesupport_fastrtps_cpp.so
-- Up-to-date: /home/administrator/Masterproject2/20_ROS/src/Robots/install/mir_msgs/include/mir_msgs/mir_msgs
-- Up-to-date: /home/administrator/Masterproject2/20_ROS/src/Robots/install/mir_msgs/include/mir_msgs/mir_msgs/msg
-- Up-to-date: /home/administrator/Masterproject2/20_ROS/src/Robots/install/mir_msgs/include/mir_msgs/mir_msgs/msg/rosidl_typesupport_introspection_c__visibility_control.h
-- Up-to-date: /home/administrator/Masterproject2/20_ROS/src/Robots/install/mir_msgs/include/mir_msgs/mir_msgs/msg/detail
-- Up-to-date: /home/administrator/Masterproject2/20_ROS/src/Robots/install/mir_msgs/include/mir_msgs/mir_msgs/msg/detail/device__rosidl_typesupport_introspection_c.h
-- Installing: /home/administrator/Masterproject2/20_ROS/src/Robots/install/mir_msgs/include/mir_msgs/mir_msgs/msg/detail/pendant__type_support.c
-- Installing: /home/administrator/Masterproject2/20_ROS/src/Robots/install/mir_msgs/include/mir_msgs/mir_msgs/msg/detail/bms_data__type_support.c
-- Up-to-date: /home/administrator/Masterproject2/20_ROS/src/Robots/install/mir_msgs/include/mir_msgs/mir_msgs/msg/detail/mir_local_planner_path_types__rosidl_typesupport_introspection_c.h
-- Installing: /home/administrator/Masterproject2/20_ROS/src/Robots/install/mir_msgs/include/mir_msgs/mir_msgs/msg/detail/robot_status__type_support.c
-- Up-to-date: /home/administrator/Masterproject2/20_ROS/src/Robots/install/mir_msgs/include/mir_msgs/mir_msgs/msg/detail/resource_state__rosidl_typesupport_introspection_c.h
-- Up-to-date: /home/administrator/Masterproject2/20_ROS/src/Robots/install/mir_msgs/include/mir_msgs/mir_msgs/msg/detail/path__rosidl_typesupport_introspection_c.h
-- Installing: /home/administrator/Masterproject2/20_ROS/src/Robots/install/mir_msgs/include/mir_msgs/mir_msgs/msg/detail/time_debug__type_support.c
-- Installing: /home/administrator/Masterproject2/20_ROS/src/Robots/install/mir_msgs/include/mir_msgs/mir_msgs/msg/detail/mission_ctrl_state__type_support.c
-- Up-to-date: /home/administrator/Masterproject2/20_ROS/src/Robots/install/mir_msgs/include/mir_msgs/mir_msgs/msg/detail/robot_mode__rosidl_typesupport_introspection_c.h
-- Up-to-date: /home/administrator/Masterproject2/20_ROS/src/Robots/install/mir_msgs/include/mir_msgs/mir_msgs/msg/detail/i_os__rosidl_typesupport_introspection_c.h
-- Up-to-date: /home/administrator/Masterproject2/20_ROS/src/Robots/install/mir_msgs/include/mir_msgs/mir_msgs/msg/detail/mission_ctrl_state__rosidl_typesupport_introspection_c.h
-- Up-to-date: /home/administrator/Masterproject2/20_ROS/src/Robots/install/mir_msgs/include/mir_msgs/mir_msgs/msg/detail/precision_docking_status__rosidl_typesupport_introspection_c.h
-- Up-to-date: /home/administrator/Masterproject2/20_ROS/src/Robots/install/mir_msgs/include/mir_msgs/mir_msgs/msg/detail/pallet_lifter_status__rosidl_typesupport_introspection_c.h
-- Installing: /home/administrator/Masterproject2/20_ROS/src/Robots/install/mir_msgs/include/mir_msgs/mir_msgs/msg/detail/skid_detection_diff__type_support.c
-- Installing: /home/administrator/Masterproject2/20_ROS/src/Robots/install/mir_msgs/include/mir_msgs/mir_msgs/msg/detail/brake_state__type_support.c
-- Installing: /home/administrator/Masterproject2/20_ROS/src/Robots/install/mir_msgs/include/mir_msgs/mir_msgs/msg/detail/plan_segment__type_support.c
-- Up-to-date: /home/administrator/Masterproject2/20_ROS/src/Robots/install/mir_msgs/include/mir_msgs/mir_msgs/msg/detail/service_response_header__rosidl_typesupport_introspection_c.h
-- Up-to-date: /home/administrator/Masterproject2/20_ROS/src/Robots/install/mir_msgs/include/mir_msgs/mir_msgs/msg/detail/battery_currents__rosidl_typesupport_introspection_c.h
-- Up-to-date: /home/administrator/Masterproject2/20_ROS/src/Robots/install/mir_msgs/include/mir_msgs/mir_msgs/msg/detail/world_map__rosidl_typesupport_introspection_c.h
-- Up-to-date: /home/administrator/Masterproject2/20_ROS/src/Robots/install/mir_msgs/include/mir_msgs/mir_msgs/msg/detail/bms_data__rosidl_typesupport_introspection_c.h
-- Up-to-date: /home/administrator/Masterproject2/20_ROS/src/Robots/install/mir_msgs/include/mir_msgs/mir_msgs/msg/detail/mission_ctrl_command__rosidl_typesupport_introspection_c.h
-- Installing: /home/administrator/Masterproject2/20_ROS/src/Robots/install/mir_msgs/include/mir_msgs/mir_msgs/msg/detail/event__type_support.c
-- Up-to-date: /home/administrator/Masterproject2/20_ROS/src/Robots/install/mir_msgs/include/mir_msgs/mir_msgs/msg/detail/twist2_d__rosidl_typesupport_introspection_c.h
-- Up-to-date: /home/administrator/Masterproject2/20_ROS/src/Robots/install/mir_msgs/include/mir_msgs/mir_msgs/msg/detail/stamped_encoders__rosidl_typesupport_introspection_c.h
-- Up-to-date: /home/administrator/Masterproject2/20_ROS/src/Robots/install/mir_msgs/include/mir_msgs/mir_msgs/msg/detail/moving_state__rosidl_typesupport_introspection_c.h
-- Up-to-date: /home/administrator/Masterproject2/20_ROS/src/Robots/install/mir_msgs/include/mir_msgs/mir_msgs/msg/detail/gpio__rosidl_typesupport_introspection_c.h
-- Installing: /home/administrator/Masterproject2/20_ROS/src/Robots/install/mir_msgs/include/mir_msgs/mir_msgs/msg/detail/hook_extended_status__type_support.c
-- Installing: /home/administrator/Masterproject2/20_ROS/src/Robots/install/mir_msgs/include/mir_msgs/mir_msgs/msg/detail/moving_state__type_support.c
-- Up-to-date: /home/administrator/Masterproject2/20_ROS/src/Robots/install/mir_msgs/include/mir_msgs/mir_msgs/msg/detail/serial__rosidl_typesupport_introspection_c.h
-- Up-to-date: /home/administrator/Masterproject2/20_ROS/src/Robots/install/mir_msgs/include/mir_msgs/mir_msgs/msg/detail/safety_status__rosidl_typesupport_introspection_c.h
-- Installing: /home/administrator/Masterproject2/20_ROS/src/Robots/install/mir_msgs/include/mir_msgs/mir_msgs/msg/detail/user_prompt__type_support.c
-- Installing: /home/administrator/Masterproject2/20_ROS/src/Robots/install/mir_msgs/include/mir_msgs/mir_msgs/msg/detail/mir_extra__type_support.c
-- Up-to-date: /home/administrator/Masterproject2/20_ROS/src/Robots/install/mir_msgs/include/mir_msgs/mir_msgs/msg/detail/user_prompt__rosidl_typesupport_introspection_c.h
-- Installing: /home/administrator/Masterproject2/20_ROS/src/Robots/install/mir_msgs/include/mir_msgs/mir_msgs/msg/detail/world_model__type_support.c
-- Up-to-date: /home/administrator/Masterproject2/20_ROS/src/Robots/install/mir_msgs/include/mir_msgs/mir_msgs/msg/detail/resources_acquisition__rosidl_typesupport_introspection_c.h
-- Installing: /home/administrator/Masterproject2/20_ROS/src/Robots/install/mir_msgs/include/mir_msgs/mir_msgs/msg/detail/plan_segments__type_support.c
-- Up-to-date: /home/administrator/Masterproject2/20_ROS/src/Robots/install/mir_msgs/include/mir_msgs/mir_msgs/msg/detail/encoders__rosidl_typesupport_introspection_c.h
-- Installing: /home/administrator/Masterproject2/20_ROS/src/Robots/install/mir_msgs/include/mir_msgs/mir_msgs/msg/detail/skid_detection_stamped_float__type_support.c
-- Installing: /home/administrator/Masterproject2/20_ROS/src/Robots/install/mir_msgs/include/mir_msgs/mir_msgs/msg/detail/resources_state__type_support.c
-- Up-to-date: /home/administrator/Masterproject2/20_ROS/src/Robots/install/mir_msgs/include/mir_msgs/mir_msgs/msg/detail/angle_measurment__rosidl_typesupport_introspection_c.h
-- Installing: /home/administrator/Masterproject2/20_ROS/src/Robots/install/mir_msgs/include/mir_msgs/mir_msgs/msg/detail/joystick_vel__type_support.c
-- Up-to-date: /home/administrator/Masterproject2/20_ROS/src/Robots/install/mir_msgs/include/mir_msgs/mir_msgs/msg/detail/hook_extended_status__rosidl_typesupport_introspection_c.h
-- Up-to-date: /home/administrator/Masterproject2/20_ROS/src/Robots/install/mir_msgs/include/mir_msgs/mir_msgs/msg/detail/skid_detection_stamped_float__rosidl_typesupport_introspection_c.h
-- Installing: /home/administrator/Masterproject2/20_ROS/src/Robots/install/mir_msgs/include/mir_msgs/mir_msgs/msg/detail/world_map__type_support.c
-- Up-to-date: /home/administrator/Masterproject2/20_ROS/src/Robots/install/mir_msgs/include/mir_msgs/mir_msgs/msg/detail/sound_event__rosidl_typesupport_introspection_c.h
-- Installing: /home/administrator/Masterproject2/20_ROS/src/Robots/install/mir_msgs/include/mir_msgs/mir_msgs/msg/detail/safety_status__type_support.c
-- Installing: /home/administrator/Masterproject2/20_ROS/src/Robots/install/mir_msgs/include/mir_msgs/mir_msgs/msg/detail/events__type_support.c
-- Up-to-date: /home/administrator/Masterproject2/20_ROS/src/Robots/install/mir_msgs/include/mir_msgs/mir_msgs/msg/detail/pendant__rosidl_typesupport_introspection_c.h
-- Up-to-date: /home/administrator/Masterproject2/20_ROS/src/Robots/install/mir_msgs/include/mir_msgs/mir_msgs/msg/detail/time_debug__rosidl_typesupport_introspection_c.h
-- Up-to-date: /home/administrator/Masterproject2/20_ROS/src/Robots/install/mir_msgs/include/mir_msgs/mir_msgs/msg/detail/robot_status__rosidl_typesupport_introspection_c.h
-- Installing: /home/administrator/Masterproject2/20_ROS/src/Robots/install/mir_msgs/include/mir_msgs/mir_msgs/msg/detail/robot_state__type_support.c
-- Installing: /home/administrator/Masterproject2/20_ROS/src/Robots/install/mir_msgs/include/mir_msgs/mir_msgs/msg/detail/charging_state__type_support.c
-- Up-to-date: /home/administrator/Masterproject2/20_ROS/src/Robots/install/mir_msgs/include/mir_msgs/mir_msgs/msg/detail/encoder_test_entry__rosidl_typesupport_introspection_c.h
-- Installing: /home/administrator/Masterproject2/20_ROS/src/Robots/install/mir_msgs/include/mir_msgs/mir_msgs/msg/detail/gripper_state__type_support.c
-- Installing: /home/administrator/Masterproject2/20_ROS/src/Robots/install/mir_msgs/include/mir_msgs/mir_msgs/msg/detail/mission_ctrl_command__type_support.c
-- Installing: /home/administrator/Masterproject2/20_ROS/src/Robots/install/mir_msgs/include/mir_msgs/mir_msgs/msg/detail/robot_mode__type_support.c
-- Installing: /home/administrator/Masterproject2/20_ROS/src/Robots/install/mir_msgs/include/mir_msgs/mir_msgs/msg/detail/pose2_d__type_support.c
-- Up-to-date: /home/administrator/Masterproject2/20_ROS/src/Robots/install/mir_msgs/include/mir_msgs/mir_msgs/msg/detail/resources_state__rosidl_typesupport_introspection_c.h
-- Installing: /home/administrator/Masterproject2/20_ROS/src/Robots/install/mir_msgs/include/mir_msgs/mir_msgs/msg/detail/external_robot__type_support.c
-- Up-to-date: /home/administrator/Masterproject2/20_ROS/src/Robots/install/mir_msgs/include/mir_msgs/mir_msgs/msg/detail/events__rosidl_typesupport_introspection_c.h
-- Up-to-date: /home/administrator/Masterproject2/20_ROS/src/Robots/install/mir_msgs/include/mir_msgs/mir_msgs/msg/detail/height_state__rosidl_typesupport_introspection_c.h
-- Installing: /home/administrator/Masterproject2/20_ROS/src/Robots/install/mir_msgs/include/mir_msgs/mir_msgs/msg/detail/battery_currents__type_support.c
-- Up-to-date: /home/administrator/Masterproject2/20_ROS/src/Robots/install/mir_msgs/include/mir_msgs/mir_msgs/msg/detail/proximity__rosidl_typesupport_introspection_c.h
-- Installing: /home/administrator/Masterproject2/20_ROS/src/Robots/install/mir_msgs/include/mir_msgs/mir_msgs/msg/detail/height_state__type_support.c
-- Up-to-date: /home/administrator/Masterproject2/20_ROS/src/Robots/install/mir_msgs/include/mir_msgs/mir_msgs/msg/detail/local_map_stat__rosidl_typesupport_introspection_c.h
-- Installing: /home/administrator/Masterproject2/20_ROS/src/Robots/install/mir_msgs/include/mir_msgs/mir_msgs/msg/detail/path__type_support.c
-- Up-to-date: /home/administrator/Masterproject2/20_ROS/src/Robots/install/mir_msgs/include/mir_msgs/mir_msgs/msg/detail/gripper_state__rosidl_typesupport_introspection_c.h
-- Installing: /home/administrator/Masterproject2/20_ROS/src/Robots/install/mir_msgs/include/mir_msgs/mir_msgs/msg/detail/error__type_support.c
-- Installing: /home/administrator/Masterproject2/20_ROS/src/Robots/install/mir_msgs/include/mir_msgs/mir_msgs/msg/detail/gpio__type_support.c
-- Installing: /home/administrator/Masterproject2/20_ROS/src/Robots/install/mir_msgs/include/mir_msgs/mir_msgs/msg/detail/mir_local_planner_path_types__type_support.c
-- Installing: /home/administrator/Masterproject2/20_ROS/src/Robots/install/mir_msgs/include/mir_msgs/mir_msgs/msg/detail/twist2_d__type_support.c
-- Up-to-date: /home/administrator/Masterproject2/20_ROS/src/Robots/install/mir_msgs/include/mir_msgs/mir_msgs/msg/detail/robot_state__rosidl_typesupport_introspection_c.h
-- Up-to-date: /home/administrator/Masterproject2/20_ROS/src/Robots/install/mir_msgs/include/mir_msgs/mir_msgs/msg/detail/hook_data__rosidl_typesupport_introspection_c.h
-- Installing: /home/administrator/Masterproject2/20_ROS/src/Robots/install/mir_msgs/include/mir_msgs/mir_msgs/msg/detail/serial__type_support.c
-- Installing: /home/administrator/Masterproject2/20_ROS/src/Robots/install/mir_msgs/include/mir_msgs/mir_msgs/msg/detail/device__type_support.c
-- Installing: /home/administrator/Masterproject2/20_ROS/src/Robots/install/mir_msgs/include/mir_msgs/mir_msgs/msg/detail/local_map_stat__type_support.c
-- Up-to-date: /home/administrator/Masterproject2/20_ROS/src/Robots/install/mir_msgs/include/mir_msgs/mir_msgs/msg/detail/brake_state__rosidl_typesupport_introspection_c.h
-- Up-to-date: /home/administrator/Masterproject2/20_ROS/src/Robots/install/mir_msgs/include/mir_msgs/mir_msgs/msg/detail/trolley__rosidl_typesupport_introspection_c.h
-- Installing: /home/administrator/Masterproject2/20_ROS/src/Robots/install/mir_msgs/include/mir_msgs/mir_msgs/msg/detail/sound_event__type_support.c
-- Installing: /home/administrator/Masterproject2/20_ROS/src/Robots/install/mir_msgs/include/mir_msgs/mir_msgs/msg/detail/resource_state__type_support.c
-- Installing: /home/administrator/Masterproject2/20_ROS/src/Robots/install/mir_msgs/include/mir_msgs/mir_msgs/msg/detail/angle_measurment__type_support.c
-- Installing: /home/administrator/Masterproject2/20_ROS/src/Robots/install/mir_msgs/include/mir_msgs/mir_msgs/msg/detail/precision_docking_status__type_support.c
-- Up-to-date: /home/administrator/Masterproject2/20_ROS/src/Robots/install/mir_msgs/include/mir_msgs/mir_msgs/msg/detail/external_robots__rosidl_typesupport_introspection_c.h
-- Installing: /home/administrator/Masterproject2/20_ROS/src/Robots/install/mir_msgs/include/mir_msgs/mir_msgs/msg/detail/resources_acquisition__type_support.c
-- Up-to-date: /home/administrator/Masterproject2/20_ROS/src/Robots/install/mir_msgs/include/mir_msgs/mir_msgs/msg/detail/error__rosidl_typesupport_introspection_c.h
-- Installing: /home/administrator/Masterproject2/20_ROS/src/Robots/install/mir_msgs/include/mir_msgs/mir_msgs/msg/detail/devices__type_support.c
-- Up-to-date: /home/administrator/Masterproject2/20_ROS/src/Robots/install/mir_msgs/include/mir_msgs/mir_msgs/msg/detail/hook_status__rosidl_typesupport_introspection_c.h
-- Up-to-date: /home/administrator/Masterproject2/20_ROS/src/Robots/install/mir_msgs/include/mir_msgs/mir_msgs/msg/detail/event__rosidl_typesupport_introspection_c.h
-- Installing: /home/administrator/Masterproject2/20_ROS/src/Robots/install/mir_msgs/include/mir_msgs/mir_msgs/msg/detail/web_path__type_support.c
-- Installing: /home/administrator/Masterproject2/20_ROS/src/Robots/install/mir_msgs/include/mir_msgs/mir_msgs/msg/detail/encoders__type_support.c
-- Up-to-date: /home/administrator/Masterproject2/20_ROS/src/Robots/install/mir_msgs/include/mir_msgs/mir_msgs/msg/detail/power_board_motor_status__rosidl_typesupport_introspection_c.h
-- Up-to-date: /home/administrator/Masterproject2/20_ROS/src/Robots/install/mir_msgs/include/mir_msgs/mir_msgs/msg/detail/web_path__rosidl_typesupport_introspection_c.h
-- Installing: /home/administrator/Masterproject2/20_ROS/src/Robots/install/mir_msgs/include/mir_msgs/mir_msgs/msg/detail/proximity__type_support.c
-- Up-to-date: /home/administrator/Masterproject2/20_ROS/src/Robots/install/mir_msgs/include/mir_msgs/mir_msgs/msg/detail/world_model__rosidl_typesupport_introspection_c.h
-- Installing: /home/administrator/Masterproject2/20_ROS/src/Robots/install/mir_msgs/include/mir_msgs/mir_msgs/msg/detail/service_response_header__type_support.c
-- Installing: /home/administrator/Masterproject2/20_ROS/src/Robots/install/mir_msgs/include/mir_msgs/mir_msgs/msg/detail/external_robots__type_support.c
-- Installing: /home/administrator/Masterproject2/20_ROS/src/Robots/install/mir_msgs/include/mir_msgs/mir_msgs/msg/detail/pallet_lifter_status__type_support.c
-- Up-to-date: /home/administrator/Masterproject2/20_ROS/src/Robots/install/mir_msgs/include/mir_msgs/mir_msgs/msg/detail/pose2_d__rosidl_typesupport_introspection_c.h
-- Up-to-date: /home/administrator/Masterproject2/20_ROS/src/Robots/install/mir_msgs/include/mir_msgs/mir_msgs/msg/detail/joystick_vel__rosidl_typesupport_introspection_c.h
-- Installing: /home/administrator/Masterproject2/20_ROS/src/Robots/install/mir_msgs/include/mir_msgs/mir_msgs/msg/detail/hook_data__type_support.c
-- Installing: /home/administrator/Masterproject2/20_ROS/src/Robots/install/mir_msgs/include/mir_msgs/mir_msgs/msg/detail/power_board_motor_status__type_support.c
-- Up-to-date: /home/administrator/Masterproject2/20_ROS/src/Robots/install/mir_msgs/include/mir_msgs/mir_msgs/msg/detail/mir_extra__rosidl_typesupport_introspection_c.h
-- Up-to-date: /home/administrator/Masterproject2/20_ROS/src/Robots/install/mir_msgs/include/mir_msgs/mir_msgs/msg/detail/devices__rosidl_typesupport_introspection_c.h
-- Installing: /home/administrator/Masterproject2/20_ROS/src/Robots/install/mir_msgs/include/mir_msgs/mir_msgs/msg/detail/i_os__type_support.c
-- Up-to-date: /home/administrator/Masterproject2/20_ROS/src/Robots/install/mir_msgs/include/mir_msgs/mir_msgs/msg/detail/plan_segment__rosidl_typesupport_introspection_c.h
-- Up-to-date: /home/administrator/Masterproject2/20_ROS/src/Robots/install/mir_msgs/include/mir_msgs/mir_msgs/msg/detail/plan_segments__rosidl_typesupport_introspection_c.h
-- Installing: /home/administrator/Masterproject2/20_ROS/src/Robots/install/mir_msgs/include/mir_msgs/mir_msgs/msg/detail/encoder_test_entry__type_support.c
-- Installing: /home/administrator/Masterproject2/20_ROS/src/Robots/install/mir_msgs/include/mir_msgs/mir_msgs/msg/detail/trolley__type_support.c
-- Installing: /home/administrator/Masterproject2/20_ROS/src/Robots/install/mir_msgs/include/mir_msgs/mir_msgs/msg/detail/stamped_encoders__type_support.c
-- Up-to-date: /home/administrator/Masterproject2/20_ROS/src/Robots/install/mir_msgs/include/mir_msgs/mir_msgs/msg/detail/external_robot__rosidl_typesupport_introspection_c.h
-- Installing: /home/administrator/Masterproject2/20_ROS/src/Robots/install/mir_msgs/include/mir_msgs/mir_msgs/msg/detail/hook_status__type_support.c
-- Up-to-date: /home/administrator/Masterproject2/20_ROS/src/Robots/install/mir_msgs/include/mir_msgs/mir_msgs/msg/detail/skid_detection_diff__rosidl_typesupport_introspection_c.h
-- Up-to-date: /home/administrator/Masterproject2/20_ROS/src/Robots/install/mir_msgs/include/mir_msgs/mir_msgs/msg/detail/charging_state__rosidl_typesupport_introspection_c.h
-- Up-to-date: /home/administrator/Masterproject2/20_ROS/src/Robots/install/mir_msgs/lib/libmir_msgs__rosidl_typesupport_introspection_c.so
-- Up-to-date: /home/administrator/Masterproject2/20_ROS/src/Robots/install/mir_msgs/lib/libmir_msgs__rosidl_typesupport_c.so
-- Up-to-date: /home/administrator/Masterproject2/20_ROS/src/Robots/install/mir_msgs/include/mir_msgs/mir_msgs
-- Up-to-date: /home/administrator/Masterproject2/20_ROS/src/Robots/install/mir_msgs/include/mir_msgs/mir_msgs/msg
-- Up-to-date: /home/administrator/Masterproject2/20_ROS/src/Robots/install/mir_msgs/include/mir_msgs/mir_msgs/msg/detail
-- Up-to-date: /home/administrator/Masterproject2/20_ROS/src/Robots/install/mir_msgs/include/mir_msgs/mir_msgs/msg/detail/gripper_state__rosidl_typesupport_introspection_cpp.hpp
-- Up-to-date: /home/administrator/Masterproject2/20_ROS/src/Robots/install/mir_msgs/include/mir_msgs/mir_msgs/msg/detail/robot_mode__rosidl_typesupport_introspection_cpp.hpp
-- Up-to-date: /home/administrator/Masterproject2/20_ROS/src/Robots/install/mir_msgs/include/mir_msgs/mir_msgs/msg/detail/safety_status__rosidl_typesupport_introspection_cpp.hpp
-- Up-to-date: /home/administrator/Masterproject2/20_ROS/src/Robots/install/mir_msgs/include/mir_msgs/mir_msgs/msg/detail/mission_ctrl_state__type_support.cpp
-- Up-to-date: /home/administrator/Masterproject2/20_ROS/src/Robots/install/mir_msgs/include/mir_msgs/mir_msgs/msg/detail/power_board_motor_status__rosidl_typesupport_introspection_cpp.hpp
-- Up-to-date: /home/administrator/Masterproject2/20_ROS/src/Robots/install/mir_msgs/include/mir_msgs/mir_msgs/msg/detail/resource_state__rosidl_typesupport_introspection_cpp.hpp
-- Up-to-date: /home/administrator/Masterproject2/20_ROS/src/Robots/install/mir_msgs/include/mir_msgs/mir_msgs/msg/detail/pendant__type_support.cpp
-- Up-to-date: /home/administrator/Masterproject2/20_ROS/src/Robots/install/mir_msgs/include/mir_msgs/mir_msgs/msg/detail/resources_state__type_support.cpp
-- Up-to-date: /home/administrator/Masterproject2/20_ROS/src/Robots/install/mir_msgs/include/mir_msgs/mir_msgs/msg/detail/serial__rosidl_typesupport_introspection_cpp.hpp
-- Up-to-date: /home/administrator/Masterproject2/20_ROS/src/Robots/install/mir_msgs/include/mir_msgs/mir_msgs/msg/detail/moving_state__type_support.cpp
-- Up-to-date: /home/administrator/Masterproject2/20_ROS/src/Robots/install/mir_msgs/include/mir_msgs/mir_msgs/msg/detail/error__rosidl_typesupport_introspection_cpp.hpp
-- Up-to-date: /home/administrator/Masterproject2/20_ROS/src/Robots/install/mir_msgs/include/mir_msgs/mir_msgs/msg/detail/skid_detection_stamped_float__rosidl_typesupport_introspection_cpp.hpp
-- Up-to-date: /home/administrator/Masterproject2/20_ROS/src/Robots/install/mir_msgs/include/mir_msgs/mir_msgs/msg/detail/world_model__type_support.cpp
-- Up-to-date: /home/administrator/Masterproject2/20_ROS/src/Robots/install/mir_msgs/include/mir_msgs/mir_msgs/msg/detail/precision_docking_status__type_support.cpp
-- Up-to-date: /home/administrator/Masterproject2/20_ROS/src/Robots/install/mir_msgs/include/mir_msgs/mir_msgs/msg/detail/battery_currents__rosidl_typesupport_introspection_cpp.hpp
-- Up-to-date: /home/administrator/Masterproject2/20_ROS/src/Robots/install/mir_msgs/include/mir_msgs/mir_msgs/msg/detail/stamped_encoders__type_support.cpp
-- Up-to-date: /home/administrator/Masterproject2/20_ROS/src/Robots/install/mir_msgs/include/mir_msgs/mir_msgs/msg/detail/time_debug__rosidl_typesupport_introspection_cpp.hpp
-- Up-to-date: /home/administrator/Masterproject2/20_ROS/src/Robots/install/mir_msgs/include/mir_msgs/mir_msgs/msg/detail/external_robot__type_support.cpp
-- Up-to-date: /home/administrator/Masterproject2/20_ROS/src/Robots/install/mir_msgs/include/mir_msgs/mir_msgs/msg/detail/pose2_d__rosidl_typesupport_introspection_cpp.hpp
-- Up-to-date: /home/administrator/Masterproject2/20_ROS/src/Robots/install/mir_msgs/include/mir_msgs/mir_msgs/msg/detail/plan_segments__rosidl_typesupport_introspection_cpp.hpp
-- Up-to-date: /home/administrator/Masterproject2/20_ROS/src/Robots/install/mir_msgs/include/mir_msgs/mir_msgs/msg/detail/encoder_test_entry__type_support.cpp
-- Up-to-date: /home/administrator/Masterproject2/20_ROS/src/Robots/install/mir_msgs/include/mir_msgs/mir_msgs/msg/detail/local_map_stat__rosidl_typesupport_introspection_cpp.hpp
-- Up-to-date: /home/administrator/Masterproject2/20_ROS/src/Robots/install/mir_msgs/include/mir_msgs/mir_msgs/msg/detail/user_prompt__rosidl_typesupport_introspection_cpp.hpp
-- Up-to-date: /home/administrator/Masterproject2/20_ROS/src/Robots/install/mir_msgs/include/mir_msgs/mir_msgs/msg/detail/encoders__type_support.cpp
-- Up-to-date: /home/administrator/Masterproject2/20_ROS/src/Robots/install/mir_msgs/include/mir_msgs/mir_msgs/msg/detail/twist2_d__rosidl_typesupport_introspection_cpp.hpp
-- Up-to-date: /home/administrator/Masterproject2/20_ROS/src/Robots/install/mir_msgs/include/mir_msgs/mir_msgs/msg/detail/mir_extra__rosidl_typesupport_introspection_cpp.hpp
-- Up-to-date: /home/administrator/Masterproject2/20_ROS/src/Robots/install/mir_msgs/include/mir_msgs/mir_msgs/msg/detail/bms_data__rosidl_typesupport_introspection_cpp.hpp
-- Up-to-date: /home/administrator/Masterproject2/20_ROS/src/Robots/install/mir_msgs/include/mir_msgs/mir_msgs/msg/detail/external_robots__type_support.cpp
-- Up-to-date: /home/administrator/Masterproject2/20_ROS/src/Robots/install/mir_msgs/include/mir_msgs/mir_msgs/msg/detail/robot_status__type_support.cpp
-- Up-to-date: /home/administrator/Masterproject2/20_ROS/src/Robots/install/mir_msgs/include/mir_msgs/mir_msgs/msg/detail/resources_state__rosidl_typesupport_introspection_cpp.hpp
-- Up-to-date: /home/administrator/Masterproject2/20_ROS/src/Robots/install/mir_msgs/include/mir_msgs/mir_msgs/msg/detail/devices__rosidl_typesupport_introspection_cpp.hpp
-- Up-to-date: /home/administrator/Masterproject2/20_ROS/src/Robots/install/mir_msgs/include/mir_msgs/mir_msgs/msg/detail/robot_mode__type_support.cpp
-- Up-to-date: /home/administrator/Masterproject2/20_ROS/src/Robots/install/mir_msgs/include/mir_msgs/mir_msgs/msg/detail/encoder_test_entry__rosidl_typesupport_introspection_cpp.hpp
-- Up-to-date: /home/administrator/Masterproject2/20_ROS/src/Robots/install/mir_msgs/include/mir_msgs/mir_msgs/msg/detail/mir_local_planner_path_types__type_support.cpp
-- Up-to-date: /home/administrator/Masterproject2/20_ROS/src/Robots/install/mir_msgs/include/mir_msgs/mir_msgs/msg/detail/skid_detection_stamped_float__type_support.cpp
-- Up-to-date: /home/administrator/Masterproject2/20_ROS/src/Robots/install/mir_msgs/include/mir_msgs/mir_msgs/msg/detail/web_path__rosidl_typesupport_introspection_cpp.hpp
-- Up-to-date: /home/administrator/Masterproject2/20_ROS/src/Robots/install/mir_msgs/include/mir_msgs/mir_msgs/msg/detail/trolley__type_support.cpp
-- Up-to-date: /home/administrator/Masterproject2/20_ROS/src/Robots/install/mir_msgs/include/mir_msgs/mir_msgs/msg/detail/moving_state__rosidl_typesupport_introspection_cpp.hpp
-- Up-to-date: /home/administrator/Masterproject2/20_ROS/src/Robots/install/mir_msgs/include/mir_msgs/mir_msgs/msg/detail/hook_data__rosidl_typesupport_introspection_cpp.hpp
-- Up-to-date: /home/administrator/Masterproject2/20_ROS/src/Robots/install/mir_msgs/include/mir_msgs/mir_msgs/msg/detail/event__rosidl_typesupport_introspection_cpp.hpp
-- Up-to-date: /home/administrator/Masterproject2/20_ROS/src/Robots/install/mir_msgs/include/mir_msgs/mir_msgs/msg/detail/encoders__rosidl_typesupport_introspection_cpp.hpp
-- Up-to-date: /home/administrator/Masterproject2/20_ROS/src/Robots/install/mir_msgs/include/mir_msgs/mir_msgs/msg/detail/skid_detection_diff__type_support.cpp
-- Up-to-date: /home/administrator/Masterproject2/20_ROS/src/Robots/install/mir_msgs/include/mir_msgs/mir_msgs/msg/detail/pose2_d__type_support.cpp
-- Up-to-date: /home/administrator/Masterproject2/20_ROS/src/Robots/install/mir_msgs/include/mir_msgs/mir_msgs/msg/detail/events__rosidl_typesupport_introspection_cpp.hpp
-- Up-to-date: /home/administrator/Masterproject2/20_ROS/src/Robots/install/mir_msgs/include/mir_msgs/mir_msgs/msg/detail/power_board_motor_status__type_support.cpp
-- Up-to-date: /home/administrator/Masterproject2/20_ROS/src/Robots/install/mir_msgs/include/mir_msgs/mir_msgs/msg/detail/world_map__rosidl_typesupport_introspection_cpp.hpp
-- Up-to-date: /home/administrator/Masterproject2/20_ROS/src/Robots/install/mir_msgs/include/mir_msgs/mir_msgs/msg/detail/mir_extra__type_support.cpp
-- Up-to-date: /home/administrator/Masterproject2/20_ROS/src/Robots/install/mir_msgs/include/mir_msgs/mir_msgs/msg/detail/skid_detection_diff__rosidl_typesupport_introspection_cpp.hpp
-- Up-to-date: /home/administrator/Masterproject2/20_ROS/src/Robots/install/mir_msgs/include/mir_msgs/mir_msgs/msg/detail/twist2_d__type_support.cpp
-- Up-to-date: /home/administrator/Masterproject2/20_ROS/src/Robots/install/mir_msgs/include/mir_msgs/mir_msgs/msg/detail/hook_data__type_support.cpp
-- Up-to-date: /home/administrator/Masterproject2/20_ROS/src/Robots/install/mir_msgs/include/mir_msgs/mir_msgs/msg/detail/resource_state__type_support.cpp
-- Up-to-date: /home/administrator/Masterproject2/20_ROS/src/Robots/install/mir_msgs/include/mir_msgs/mir_msgs/msg/detail/events__type_support.cpp
-- Up-to-date: /home/administrator/Masterproject2/20_ROS/src/Robots/install/mir_msgs/include/mir_msgs/mir_msgs/msg/detail/stamped_encoders__rosidl_typesupport_introspection_cpp.hpp
-- Up-to-date: /home/administrator/Masterproject2/20_ROS/src/Robots/install/mir_msgs/include/mir_msgs/mir_msgs/msg/detail/device__rosidl_typesupport_introspection_cpp.hpp
-- Up-to-date: /home/administrator/Masterproject2/20_ROS/src/Robots/install/mir_msgs/include/mir_msgs/mir_msgs/msg/detail/external_robots__rosidl_typesupport_introspection_cpp.hpp
-- Up-to-date: /home/administrator/Masterproject2/20_ROS/src/Robots/install/mir_msgs/include/mir_msgs/mir_msgs/msg/detail/hook_status__rosidl_typesupport_introspection_cpp.hpp
-- Up-to-date: /home/administrator/Masterproject2/20_ROS/src/Robots/install/mir_msgs/include/mir_msgs/mir_msgs/msg/detail/world_model__rosidl_typesupport_introspection_cpp.hpp
-- Up-to-date: /home/administrator/Masterproject2/20_ROS/src/Robots/install/mir_msgs/include/mir_msgs/mir_msgs/msg/detail/pallet_lifter_status__rosidl_typesupport_introspection_cpp.hpp
-- Up-to-date: /home/administrator/Masterproject2/20_ROS/src/Robots/install/mir_msgs/include/mir_msgs/mir_msgs/msg/detail/world_map__type_support.cpp
-- Up-to-date: /home/administrator/Masterproject2/20_ROS/src/Robots/install/mir_msgs/include/mir_msgs/mir_msgs/msg/detail/joystick_vel__rosidl_typesupport_introspection_cpp.hpp
-- Up-to-date: /home/administrator/Masterproject2/20_ROS/src/Robots/install/mir_msgs/include/mir_msgs/mir_msgs/msg/detail/resources_acquisition__rosidl_typesupport_introspection_cpp.hpp
-- Up-to-date: /home/administrator/Masterproject2/20_ROS/src/Robots/install/mir_msgs/include/mir_msgs/mir_msgs/msg/detail/brake_state__rosidl_typesupport_introspection_cpp.hpp
-- Up-to-date: /home/administrator/Masterproject2/20_ROS/src/Robots/install/mir_msgs/include/mir_msgs/mir_msgs/msg/detail/plan_segment__rosidl_typesupport_introspection_cpp.hpp
-- Up-to-date: /home/administrator/Masterproject2/20_ROS/src/Robots/install/mir_msgs/include/mir_msgs/mir_msgs/msg/detail/mission_ctrl_command__type_support.cpp
-- Up-to-date: /home/administrator/Masterproject2/20_ROS/src/Robots/install/mir_msgs/include/mir_msgs/mir_msgs/msg/detail/i_os__type_support.cpp
-- Up-to-date: /home/administrator/Masterproject2/20_ROS/src/Robots/install/mir_msgs/include/mir_msgs/mir_msgs/msg/detail/proximity__type_support.cpp
-- Up-to-date: /home/administrator/Masterproject2/20_ROS/src/Robots/install/mir_msgs/include/mir_msgs/mir_msgs/msg/detail/hook_extended_status__rosidl_typesupport_introspection_cpp.hpp
-- Up-to-date: /home/administrator/Masterproject2/20_ROS/src/Robots/install/mir_msgs/include/mir_msgs/mir_msgs/msg/detail/device__type_support.cpp
-- Up-to-date: /home/administrator/Masterproject2/20_ROS/src/Robots/install/mir_msgs/include/mir_msgs/mir_msgs/msg/detail/plan_segments__type_support.cpp
-- Up-to-date: /home/administrator/Masterproject2/20_ROS/src/Robots/install/mir_msgs/include/mir_msgs/mir_msgs/msg/detail/time_debug__type_support.cpp
-- Up-to-date: /home/administrator/Masterproject2/20_ROS/src/Robots/install/mir_msgs/include/mir_msgs/mir_msgs/msg/detail/charging_state__type_support.cpp
-- Up-to-date: /home/administrator/Masterproject2/20_ROS/src/Robots/install/mir_msgs/include/mir_msgs/mir_msgs/msg/detail/charging_state__rosidl_typesupport_introspection_cpp.hpp
-- Up-to-date: /home/administrator/Masterproject2/20_ROS/src/Robots/install/mir_msgs/include/mir_msgs/mir_msgs/msg/detail/web_path__type_support.cpp
-- Up-to-date: /home/administrator/Masterproject2/20_ROS/src/Robots/install/mir_msgs/include/mir_msgs/mir_msgs/msg/detail/angle_measurment__type_support.cpp
-- Up-to-date: /home/administrator/Masterproject2/20_ROS/src/Robots/install/mir_msgs/include/mir_msgs/mir_msgs/msg/detail/trolley__rosidl_typesupport_introspection_cpp.hpp
-- Up-to-date: /home/administrator/Masterproject2/20_ROS/src/Robots/install/mir_msgs/include/mir_msgs/mir_msgs/msg/detail/gripper_state__type_support.cpp
-- Up-to-date: /home/administrator/Masterproject2/20_ROS/src/Robots/install/mir_msgs/include/mir_msgs/mir_msgs/msg/detail/joystick_vel__type_support.cpp
-- Up-to-date: /home/administrator/Masterproject2/20_ROS/src/Robots/install/mir_msgs/include/mir_msgs/mir_msgs/msg/detail/angle_measurment__rosidl_typesupport_introspection_cpp.hpp
-- Up-to-date: /home/administrator/Masterproject2/20_ROS/src/Robots/install/mir_msgs/include/mir_msgs/mir_msgs/msg/detail/external_robot__rosidl_typesupport_introspection_cpp.hpp
-- Up-to-date: /home/administrator/Masterproject2/20_ROS/src/Robots/install/mir_msgs/include/mir_msgs/mir_msgs/msg/detail/error__type_support.cpp
-- Up-to-date: /home/administrator/Masterproject2/20_ROS/src/Robots/install/mir_msgs/include/mir_msgs/mir_msgs/msg/detail/precision_docking_status__rosidl_typesupport_introspection_cpp.hpp
-- Up-to-date: /home/administrator/Masterproject2/20_ROS/src/Robots/install/mir_msgs/include/mir_msgs/mir_msgs/msg/detail/resources_acquisition__type_support.cpp
-- Up-to-date: /home/administrator/Masterproject2/20_ROS/src/Robots/install/mir_msgs/include/mir_msgs/mir_msgs/msg/detail/gpio__type_support.cpp
-- Up-to-date: /home/administrator/Masterproject2/20_ROS/src/Robots/install/mir_msgs/include/mir_msgs/mir_msgs/msg/detail/mission_ctrl_command__rosidl_typesupport_introspection_cpp.hpp
-- Up-to-date: /home/administrator/Masterproject2/20_ROS/src/Robots/install/mir_msgs/include/mir_msgs/mir_msgs/msg/detail/event__type_support.cpp
-- Up-to-date: /home/administrator/Masterproject2/20_ROS/src/Robots/install/mir_msgs/include/mir_msgs/mir_msgs/msg/detail/path__type_support.cpp
-- Up-to-date: /home/administrator/Masterproject2/20_ROS/src/Robots/install/mir_msgs/include/mir_msgs/mir_msgs/msg/detail/pallet_lifter_status__type_support.cpp
-- Up-to-date: /home/administrator/Masterproject2/20_ROS/src/Robots/install/mir_msgs/include/mir_msgs/mir_msgs/msg/detail/mission_ctrl_state__rosidl_typesupport_introspection_cpp.hpp
-- Up-to-date: /home/administrator/Masterproject2/20_ROS/src/Robots/install/mir_msgs/include/mir_msgs/mir_msgs/msg/detail/local_map_stat__type_support.cpp
-- Up-to-date: /home/administrator/Masterproject2/20_ROS/src/Robots/install/mir_msgs/include/mir_msgs/mir_msgs/msg/detail/battery_currents__type_support.cpp
-- Up-to-date: /home/administrator/Masterproject2/20_ROS/src/Robots/install/mir_msgs/include/mir_msgs/mir_msgs/msg/detail/i_os__rosidl_typesupport_introspection_cpp.hpp
-- Up-to-date: /home/administrator/Masterproject2/20_ROS/src/Robots/install/mir_msgs/include/mir_msgs/mir_msgs/msg/detail/sound_event__type_support.cpp
-- Up-to-date: /home/administrator/Masterproject2/20_ROS/src/Robots/install/mir_msgs/include/mir_msgs/mir_msgs/msg/detail/serial__type_support.cpp
-- Up-to-date: /home/administrator/Masterproject2/20_ROS/src/Robots/install/mir_msgs/include/mir_msgs/mir_msgs/msg/detail/safety_status__type_support.cpp
-- Up-to-date: /home/administrator/Masterproject2/20_ROS/src/Robots/install/mir_msgs/include/mir_msgs/mir_msgs/msg/detail/plan_segment__type_support.cpp
-- Up-to-date: /home/administrator/Masterproject2/20_ROS/src/Robots/install/mir_msgs/include/mir_msgs/mir_msgs/msg/detail/robot_state__type_support.cpp
-- Up-to-date: /home/administrator/Masterproject2/20_ROS/src/Robots/install/mir_msgs/include/mir_msgs/mir_msgs/msg/detail/service_response_header__rosidl_typesupport_introspection_cpp.hpp
-- Up-to-date: /home/administrator/Masterproject2/20_ROS/src/Robots/install/mir_msgs/include/mir_msgs/mir_msgs/msg/detail/devices__type_support.cpp
-- Up-to-date: /home/administrator/Masterproject2/20_ROS/src/Robots/install/mir_msgs/include/mir_msgs/mir_msgs/msg/detail/hook_status__type_support.cpp
-- Up-to-date: /home/administrator/Masterproject2/20_ROS/src/Robots/install/mir_msgs/include/mir_msgs/mir_msgs/msg/detail/pendant__rosidl_typesupport_introspection_cpp.hpp
-- Up-to-date: /home/administrator/Masterproject2/20_ROS/src/Robots/install/mir_msgs/include/mir_msgs/mir_msgs/msg/detail/brake_state__type_support.cpp
-- Up-to-date: /home/administrator/Masterproject2/20_ROS/src/Robots/install/mir_msgs/include/mir_msgs/mir_msgs/msg/detail/service_response_header__type_support.cpp
-- Up-to-date: /home/administrator/Masterproject2/20_ROS/src/Robots/install/mir_msgs/include/mir_msgs/mir_msgs/msg/detail/path__rosidl_typesupport_introspection_cpp.hpp
-- Up-to-date: /home/administrator/Masterproject2/20_ROS/src/Robots/install/mir_msgs/include/mir_msgs/mir_msgs/msg/detail/height_state__rosidl_typesupport_introspection_cpp.hpp
-- Up-to-date: /home/administrator/Masterproject2/20_ROS/src/Robots/install/mir_msgs/include/mir_msgs/mir_msgs/msg/detail/user_prompt__type_support.cpp
-- Up-to-date: /home/administrator/Masterproject2/20_ROS/src/Robots/install/mir_msgs/include/mir_msgs/mir_msgs/msg/detail/hook_extended_status__type_support.cpp
-- Up-to-date: /home/administrator/Masterproject2/20_ROS/src/Robots/install/mir_msgs/include/mir_msgs/mir_msgs/msg/detail/robot_status__rosidl_typesupport_introspection_cpp.hpp
-- Up-to-date: /home/administrator/Masterproject2/20_ROS/src/Robots/install/mir_msgs/include/mir_msgs/mir_msgs/msg/detail/robot_state__rosidl_typesupport_introspection_cpp.hpp
-- Up-to-date: /home/administrator/Masterproject2/20_ROS/src/Robots/install/mir_msgs/include/mir_msgs/mir_msgs/msg/detail/bms_data__type_support.cpp
-- Up-to-date: /home/administrator/Masterproject2/20_ROS/src/Robots/install/mir_msgs/include/mir_msgs/mir_msgs/msg/detail/height_state__type_support.cpp
-- Up-to-date: /home/administrator/Masterproject2/20_ROS/src/Robots/install/mir_msgs/include/mir_msgs/mir_msgs/msg/detail/gpio__rosidl_typesupport_introspection_cpp.hpp
-- Up-to-date: /home/administrator/Masterproject2/20_ROS/src/Robots/install/mir_msgs/include/mir_msgs/mir_msgs/msg/detail/mir_local_planner_path_types__rosidl_typesupport_introspection_cpp.hpp
-- Up-to-date: /home/administrator/Masterproject2/20_ROS/src/Robots/install/mir_msgs/include/mir_msgs/mir_msgs/msg/detail/sound_event__rosidl_typesupport_introspection_cpp.hpp
-- Up-to-date: /home/administrator/Masterproject2/20_ROS/src/Robots/install/mir_msgs/include/mir_msgs/mir_msgs/msg/detail/proximity__rosidl_typesupport_introspection_cpp.hpp
-- Up-to-date: /home/administrator/Masterproject2/20_ROS/src/Robots/install/mir_msgs/lib/libmir_msgs__rosidl_typesupport_introspection_cpp.so
-- Up-to-date: /home/administrator/Masterproject2/20_ROS/src/Robots/install/mir_msgs/lib/libmir_msgs__rosidl_typesupport_cpp.so
-- Up-to-date: /home/administrator/Masterproject2/20_ROS/src/Robots/install/mir_msgs/share/mir_msgs/environment/pythonpath.sh
-- Up-to-date: /home/administrator/Masterproject2/20_ROS/src/Robots/install/mir_msgs/share/mir_msgs/environment/pythonpath.dsv
-- Up-to-date: /home/administrator/Masterproject2/20_ROS/src/Robots/install/mir_msgs/lib/python3.12/site-packages/mir_msgs-1.1.8-py3.12.egg-info
-- Installing: /home/administrator/Masterproject2/20_ROS/src/Robots/install/mir_msgs/lib/python3.12/site-packages/mir_msgs-1.1.8-py3.12.egg-info/dependency_links.txt
-- Installing: /home/administrator/Masterproject2/20_ROS/src/Robots/install/mir_msgs/lib/python3.12/site-packages/mir_msgs-1.1.8-py3.12.egg-info/top_level.txt
-- Installing: /home/administrator/Masterproject2/20_ROS/src/Robots/install/mir_msgs/lib/python3.12/site-packages/mir_msgs-1.1.8-py3.12.egg-info/SOURCES.txt
-- Installing: /home/administrator/Masterproject2/20_ROS/src/Robots/install/mir_msgs/lib/python3.12/site-packages/mir_msgs-1.1.8-py3.12.egg-info/PKG-INFO
-- Up-to-date: /home/administrator/Masterproject2/20_ROS/src/Robots/install/mir_msgs/lib/python3.12/site-packages/mir_msgs
-- Up-to-date: /home/administrator/Masterproject2/20_ROS/src/Robots/install/mir_msgs/lib/python3.12/site-packages/mir_msgs/_mir_msgs_s.ep.rosidl_typesupport_introspection_c.c
-- Up-to-date: /home/administrator/Masterproject2/20_ROS/src/Robots/install/mir_msgs/lib/python3.12/site-packages/mir_msgs/mir_msgs_s__rosidl_typesupport_c.so
-- Up-to-date: /home/administrator/Masterproject2/20_ROS/src/Robots/install/mir_msgs/lib/python3.12/site-packages/mir_msgs/__init__.py
-- Up-to-date: /home/administrator/Masterproject2/20_ROS/src/Robots/install/mir_msgs/lib/python3.12/site-packages/mir_msgs/mir_msgs_s__rosidl_typesupport_fastrtps_c.so
-- Up-to-date: /home/administrator/Masterproject2/20_ROS/src/Robots/install/mir_msgs/lib/python3.12/site-packages/mir_msgs/mir_msgs_s__rosidl_typesupport_introspection_c.so
-- Up-to-date: /home/administrator/Masterproject2/20_ROS/src/Robots/install/mir_msgs/lib/python3.12/site-packages/mir_msgs/_mir_msgs_s.ep.rosidl_typesupport_fastrtps_c.c
-- Up-to-date: /home/administrator/Masterproject2/20_ROS/src/Robots/install/mir_msgs/lib/python3.12/site-packages/mir_msgs/msg
-- Up-to-date: /home/administrator/Masterproject2/20_ROS/src/Robots/install/mir_msgs/lib/python3.12/site-packages/mir_msgs/msg/_height_state.py
-- Up-to-date: /home/administrator/Masterproject2/20_ROS/src/Robots/install/mir_msgs/lib/python3.12/site-packages/mir_msgs/msg/_plan_segments.py
-- Up-to-date: /home/administrator/Masterproject2/20_ROS/src/Robots/install/mir_msgs/lib/python3.12/site-packages/mir_msgs/msg/_world_model.py
-- Up-to-date: /home/administrator/Masterproject2/20_ROS/src/Robots/install/mir_msgs/lib/python3.12/site-packages/mir_msgs/msg/_mir_local_planner_path_types_s.c
-- Up-to-date: /home/administrator/Masterproject2/20_ROS/src/Robots/install/mir_msgs/lib/python3.12/site-packages/mir_msgs/msg/_gpio_s.c
-- Up-to-date: /home/administrator/Masterproject2/20_ROS/src/Robots/install/mir_msgs/lib/python3.12/site-packages/mir_msgs/msg/_devices.py
-- Up-to-date: /home/administrator/Masterproject2/20_ROS/src/Robots/install/mir_msgs/lib/python3.12/site-packages/mir_msgs/msg/_external_robot_s.c
-- Up-to-date: /home/administrator/Masterproject2/20_ROS/src/Robots/install/mir_msgs/lib/python3.12/site-packages/mir_msgs/msg/_robot_state.py
-- Up-to-date: /home/administrator/Masterproject2/20_ROS/src/Robots/install/mir_msgs/lib/python3.12/site-packages/mir_msgs/msg/_mission_ctrl_command.py
-- Up-to-date: /home/administrator/Masterproject2/20_ROS/src/Robots/install/mir_msgs/lib/python3.12/site-packages/mir_msgs/msg/_stamped_encoders_s.c
-- Up-to-date: /home/administrator/Masterproject2/20_ROS/src/Robots/install/mir_msgs/lib/python3.12/site-packages/mir_msgs/msg/_resource_state.py
-- Up-to-date: /home/administrator/Masterproject2/20_ROS/src/Robots/install/mir_msgs/lib/python3.12/site-packages/mir_msgs/msg/_robot_mode_s.c
-- Up-to-date: /home/administrator/Masterproject2/20_ROS/src/Robots/install/mir_msgs/lib/python3.12/site-packages/mir_msgs/msg/_user_prompt_s.c
-- Up-to-date: /home/administrator/Masterproject2/20_ROS/src/Robots/install/mir_msgs/lib/python3.12/site-packages/mir_msgs/msg/_proximity_s.c
-- Up-to-date: /home/administrator/Masterproject2/20_ROS/src/Robots/install/mir_msgs/lib/python3.12/site-packages/mir_msgs/msg/_proximity.py
-- Up-to-date: /home/administrator/Masterproject2/20_ROS/src/Robots/install/mir_msgs/lib/python3.12/site-packages/mir_msgs/msg/_mir_extra.py
-- Up-to-date: /home/administrator/Masterproject2/20_ROS/src/Robots/install/mir_msgs/lib/python3.12/site-packages/mir_msgs/msg/_pendant_s.c
-- Up-to-date: /home/administrator/Masterproject2/20_ROS/src/Robots/install/mir_msgs/lib/python3.12/site-packages/mir_msgs/msg/_i_os.py
-- Up-to-date: /home/administrator/Masterproject2/20_ROS/src/Robots/install/mir_msgs/lib/python3.12/site-packages/mir_msgs/msg/_user_prompt.py
-- Up-to-date: /home/administrator/Masterproject2/20_ROS/src/Robots/install/mir_msgs/lib/python3.12/site-packages/mir_msgs/msg/_bms_data_s.c
-- Up-to-date: /home/administrator/Masterproject2/20_ROS/src/Robots/install/mir_msgs/lib/python3.12/site-packages/mir_msgs/msg/_web_path_s.c
-- Up-to-date: /home/administrator/Masterproject2/20_ROS/src/Robots/install/mir_msgs/lib/python3.12/site-packages/mir_msgs/msg/_plan_segment_s.c
-- Up-to-date: /home/administrator/Masterproject2/20_ROS/src/Robots/install/mir_msgs/lib/python3.12/site-packages/mir_msgs/msg/_serial.py
-- Up-to-date: /home/administrator/Masterproject2/20_ROS/src/Robots/install/mir_msgs/lib/python3.12/site-packages/mir_msgs/msg/_hook_extended_status_s.c
-- Up-to-date: /home/administrator/Masterproject2/20_ROS/src/Robots/install/mir_msgs/lib/python3.12/site-packages/mir_msgs/msg/_error.py
-- Up-to-date: /home/administrator/Masterproject2/20_ROS/src/Robots/install/mir_msgs/lib/python3.12/site-packages/mir_msgs/msg/_twist2_d.py
-- Up-to-date: /home/administrator/Masterproject2/20_ROS/src/Robots/install/mir_msgs/lib/python3.12/site-packages/mir_msgs/msg/_power_board_motor_status_s.c
-- Up-to-date: /home/administrator/Masterproject2/20_ROS/src/Robots/install/mir_msgs/lib/python3.12/site-packages/mir_msgs/msg/_external_robots.py
-- Up-to-date: /home/administrator/Masterproject2/20_ROS/src/Robots/install/mir_msgs/lib/python3.12/site-packages/mir_msgs/msg/_skid_detection_diff.py
-- Up-to-date: /home/administrator/Masterproject2/20_ROS/src/Robots/install/mir_msgs/lib/python3.12/site-packages/mir_msgs/msg/_sound_event_s.c
-- Up-to-date: /home/administrator/Masterproject2/20_ROS/src/Robots/install/mir_msgs/lib/python3.12/site-packages/mir_msgs/msg/_robot_status.py
-- Up-to-date: /home/administrator/Masterproject2/20_ROS/src/Robots/install/mir_msgs/lib/python3.12/site-packages/mir_msgs/msg/_moving_state.py
-- Up-to-date: /home/administrator/Masterproject2/20_ROS/src/Robots/install/mir_msgs/lib/python3.12/site-packages/mir_msgs/msg/_safety_status_s.c
-- Up-to-date: /home/administrator/Masterproject2/20_ROS/src/Robots/install/mir_msgs/lib/python3.12/site-packages/mir_msgs/msg/_local_map_stat_s.c
-- Up-to-date: /home/administrator/Masterproject2/20_ROS/src/Robots/install/mir_msgs/lib/python3.12/site-packages/mir_msgs/msg/_skid_detection_stamped_float_s.c
-- Up-to-date: /home/administrator/Masterproject2/20_ROS/src/Robots/install/mir_msgs/lib/python3.12/site-packages/mir_msgs/msg/_resources_state.py
-- Up-to-date: /home/administrator/Masterproject2/20_ROS/src/Robots/install/mir_msgs/lib/python3.12/site-packages/mir_msgs/msg/_pose2_d.py
-- Up-to-date: /home/administrator/Masterproject2/20_ROS/src/Robots/install/mir_msgs/lib/python3.12/site-packages/mir_msgs/msg/__init__.py
-- Up-to-date: /home/administrator/Masterproject2/20_ROS/src/Robots/install/mir_msgs/lib/python3.12/site-packages/mir_msgs/msg/_skid_detection_diff_s.c
-- Up-to-date: /home/administrator/Masterproject2/20_ROS/src/Robots/install/mir_msgs/lib/python3.12/site-packages/mir_msgs/msg/_battery_currents.py
-- Up-to-date: /home/administrator/Masterproject2/20_ROS/src/Robots/install/mir_msgs/lib/python3.12/site-packages/mir_msgs/msg/_power_board_motor_status.py
-- Up-to-date: /home/administrator/Masterproject2/20_ROS/src/Robots/install/mir_msgs/lib/python3.12/site-packages/mir_msgs/msg/_pose2_d_s.c
-- Up-to-date: /home/administrator/Masterproject2/20_ROS/src/Robots/install/mir_msgs/lib/python3.12/site-packages/mir_msgs/msg/_robot_state_s.c
-- Up-to-date: /home/administrator/Masterproject2/20_ROS/src/Robots/install/mir_msgs/lib/python3.12/site-packages/mir_msgs/msg/_charging_state_s.c
-- Up-to-date: /home/administrator/Masterproject2/20_ROS/src/Robots/install/mir_msgs/lib/python3.12/site-packages/mir_msgs/msg/_events.py
-- Up-to-date: /home/administrator/Masterproject2/20_ROS/src/Robots/install/mir_msgs/lib/python3.12/site-packages/mir_msgs/msg/_pallet_lifter_status.py
-- Up-to-date: /home/administrator/Masterproject2/20_ROS/src/Robots/install/mir_msgs/lib/python3.12/site-packages/mir_msgs/msg/_pendant.py
-- Up-to-date: /home/administrator/Masterproject2/20_ROS/src/Robots/install/mir_msgs/lib/python3.12/site-packages/mir_msgs/msg/_time_debug.py
-- Up-to-date: /home/administrator/Masterproject2/20_ROS/src/Robots/install/mir_msgs/lib/python3.12/site-packages/mir_msgs/msg/_encoder_test_entry.py
-- Up-to-date: /home/administrator/Masterproject2/20_ROS/src/Robots/install/mir_msgs/lib/python3.12/site-packages/mir_msgs/msg/_service_response_header.py
-- Up-to-date: /home/administrator/Masterproject2/20_ROS/src/Robots/install/mir_msgs/lib/python3.12/site-packages/mir_msgs/msg/_angle_measurment.py
-- Up-to-date: /home/administrator/Masterproject2/20_ROS/src/Robots/install/mir_msgs/lib/python3.12/site-packages/mir_msgs/msg/_resource_state_s.c
-- Up-to-date: /home/administrator/Masterproject2/20_ROS/src/Robots/install/mir_msgs/lib/python3.12/site-packages/mir_msgs/msg/_i_os_s.c
-- Up-to-date: /home/administrator/Masterproject2/20_ROS/src/Robots/install/mir_msgs/lib/python3.12/site-packages/mir_msgs/msg/_hook_status_s.c
-- Up-to-date: /home/administrator/Masterproject2/20_ROS/src/Robots/install/mir_msgs/lib/python3.12/site-packages/mir_msgs/msg/_event_s.c
-- Up-to-date: /home/administrator/Masterproject2/20_ROS/src/Robots/install/mir_msgs/lib/python3.12/site-packages/mir_msgs/msg/_time_debug_s.c
-- Up-to-date: /home/administrator/Masterproject2/20_ROS/src/Robots/install/mir_msgs/lib/python3.12/site-packages/mir_msgs/msg/_error_s.c
-- Up-to-date: /home/administrator/Masterproject2/20_ROS/src/Robots/install/mir_msgs/lib/python3.12/site-packages/mir_msgs/msg/_robot_mode.py
-- Up-to-date: /home/administrator/Masterproject2/20_ROS/src/Robots/install/mir_msgs/lib/python3.12/site-packages/mir_msgs/msg/_angle_measurment_s.c
-- Up-to-date: /home/administrator/Masterproject2/20_ROS/src/Robots/install/mir_msgs/lib/python3.12/site-packages/mir_msgs/msg/_resources_state_s.c
-- Up-to-date: /home/administrator/Masterproject2/20_ROS/src/Robots/install/mir_msgs/lib/python3.12/site-packages/mir_msgs/msg/_path.py
-- Up-to-date: /home/administrator/Masterproject2/20_ROS/src/Robots/install/mir_msgs/lib/python3.12/site-packages/mir_msgs/msg/_device.py
-- Up-to-date: /home/administrator/Masterproject2/20_ROS/src/Robots/install/mir_msgs/lib/python3.12/site-packages/mir_msgs/msg/_gripper_state.py
-- Up-to-date: /home/administrator/Masterproject2/20_ROS/src/Robots/install/mir_msgs/lib/python3.12/site-packages/mir_msgs/msg/_resources_acquisition_s.c
-- Up-to-date: /home/administrator/Masterproject2/20_ROS/src/Robots/install/mir_msgs/lib/python3.12/site-packages/mir_msgs/msg/_mir_local_planner_path_types.py
-- Up-to-date: /home/administrator/Masterproject2/20_ROS/src/Robots/install/mir_msgs/lib/python3.12/site-packages/mir_msgs/msg/_height_state_s.c
-- Up-to-date: /home/administrator/Masterproject2/20_ROS/src/Robots/install/mir_msgs/lib/python3.12/site-packages/mir_msgs/msg/_world_map_s.c
-- Up-to-date: /home/administrator/Masterproject2/20_ROS/src/Robots/install/mir_msgs/lib/python3.12/site-packages/mir_msgs/msg/_mission_ctrl_command_s.c
-- Up-to-date: /home/administrator/Masterproject2/20_ROS/src/Robots/install/mir_msgs/lib/python3.12/site-packages/mir_msgs/msg/_hook_data_s.c
-- Up-to-date: /home/administrator/Masterproject2/20_ROS/src/Robots/install/mir_msgs/lib/python3.12/site-packages/mir_msgs/msg/_stamped_encoders.py
-- Up-to-date: /home/administrator/Masterproject2/20_ROS/src/Robots/install/mir_msgs/lib/python3.12/site-packages/mir_msgs/msg/_hook_status.py
-- Up-to-date: /home/administrator/Masterproject2/20_ROS/src/Robots/install/mir_msgs/lib/python3.12/site-packages/mir_msgs/msg/_resources_acquisition.py
-- Up-to-date: /home/administrator/Masterproject2/20_ROS/src/Robots/install/mir_msgs/lib/python3.12/site-packages/mir_msgs/msg/_event.py
-- Up-to-date: /home/administrator/Masterproject2/20_ROS/src/Robots/install/mir_msgs/lib/python3.12/site-packages/mir_msgs/msg/_brake_state.py
-- Up-to-date: /home/administrator/Masterproject2/20_ROS/src/Robots/install/mir_msgs/lib/python3.12/site-packages/mir_msgs/msg/_sound_event.py
-- Up-to-date: /home/administrator/Masterproject2/20_ROS/src/Robots/install/mir_msgs/lib/python3.12/site-packages/mir_msgs/msg/_gripper_state_s.c
-- Up-to-date: /home/administrator/Masterproject2/20_ROS/src/Robots/install/mir_msgs/lib/python3.12/site-packages/mir_msgs/msg/_serial_s.c
-- Up-to-date: /home/administrator/Masterproject2/20_ROS/src/Robots/install/mir_msgs/lib/python3.12/site-packages/mir_msgs/msg/_precision_docking_status_s.c
-- Up-to-date: /home/administrator/Masterproject2/20_ROS/src/Robots/install/mir_msgs/lib/python3.12/site-packages/mir_msgs/msg/_hook_extended_status.py
-- Up-to-date: /home/administrator/Masterproject2/20_ROS/src/Robots/install/mir_msgs/lib/python3.12/site-packages/mir_msgs/msg/_local_map_stat.py
-- Up-to-date: /home/administrator/Masterproject2/20_ROS/src/Robots/install/mir_msgs/lib/python3.12/site-packages/mir_msgs/msg/_hook_data.py
-- Up-to-date: /home/administrator/Masterproject2/20_ROS/src/Robots/install/mir_msgs/lib/python3.12/site-packages/mir_msgs/msg/_gpio.py
-- Up-to-date: /home/administrator/Masterproject2/20_ROS/src/Robots/install/mir_msgs/lib/python3.12/site-packages/mir_msgs/msg/_battery_currents_s.c
-- Up-to-date: /home/administrator/Masterproject2/20_ROS/src/Robots/install/mir_msgs/lib/python3.12/site-packages/mir_msgs/msg/_web_path.py
-- Up-to-date: /home/administrator/Masterproject2/20_ROS/src/Robots/install/mir_msgs/lib/python3.12/site-packages/mir_msgs/msg/_robot_status_s.c
-- Up-to-date: /home/administrator/Masterproject2/20_ROS/src/Robots/install/mir_msgs/lib/python3.12/site-packages/mir_msgs/msg/_service_response_header_s.c
-- Up-to-date: /home/administrator/Masterproject2/20_ROS/src/Robots/install/mir_msgs/lib/python3.12/site-packages/mir_msgs/msg/_joystick_vel_s.c
-- Up-to-date: /home/administrator/Masterproject2/20_ROS/src/Robots/install/mir_msgs/lib/python3.12/site-packages/mir_msgs/msg/_devices_s.c
-- Up-to-date: /home/administrator/Masterproject2/20_ROS/src/Robots/install/mir_msgs/lib/python3.12/site-packages/mir_msgs/msg/_encoders.py
-- Up-to-date: /home/administrator/Masterproject2/20_ROS/src/Robots/install/mir_msgs/lib/python3.12/site-packages/mir_msgs/msg/_precision_docking_status.py
-- Up-to-date: /home/administrator/Masterproject2/20_ROS/src/Robots/install/mir_msgs/lib/python3.12/site-packages/mir_msgs/msg/_safety_status.py
-- Up-to-date: /home/administrator/Masterproject2/20_ROS/src/Robots/install/mir_msgs/lib/python3.12/site-packages/mir_msgs/msg/_external_robot.py
-- Up-to-date: /home/administrator/Masterproject2/20_ROS/src/Robots/install/mir_msgs/lib/python3.12/site-packages/mir_msgs/msg/_mir_extra_s.c
-- Up-to-date: /home/administrator/Masterproject2/20_ROS/src/Robots/install/mir_msgs/lib/python3.12/site-packages/mir_msgs/msg/_moving_state_s.c
-- Up-to-date: /home/administrator/Masterproject2/20_ROS/src/Robots/install/mir_msgs/lib/python3.12/site-packages/mir_msgs/msg/_device_s.c
-- Up-to-date: /home/administrator/Masterproject2/20_ROS/src/Robots/install/mir_msgs/lib/python3.12/site-packages/mir_msgs/msg/_trolley_s.c
-- Up-to-date: /home/administrator/Masterproject2/20_ROS/src/Robots/install/mir_msgs/lib/python3.12/site-packages/mir_msgs/msg/_plan_segments_s.c
-- Up-to-date: /home/administrator/Masterproject2/20_ROS/src/Robots/install/mir_msgs/lib/python3.12/site-packages/mir_msgs/msg/_plan_segment.py
-- Up-to-date: /home/administrator/Masterproject2/20_ROS/src/Robots/install/mir_msgs/lib/python3.12/site-packages/mir_msgs/msg/_path_s.c
-- Up-to-date: /home/administrator/Masterproject2/20_ROS/src/Robots/install/mir_msgs/lib/python3.12/site-packages/mir_msgs/msg/_skid_detection_stamped_float.py
-- Up-to-date: /home/administrator/Masterproject2/20_ROS/src/Robots/install/mir_msgs/lib/python3.12/site-packages/mir_msgs/msg/_encoder_test_entry_s.c
-- Up-to-date: /home/administrator/Masterproject2/20_ROS/src/Robots/install/mir_msgs/lib/python3.12/site-packages/mir_msgs/msg/_brake_state_s.c
-- Up-to-date: /home/administrator/Masterproject2/20_ROS/src/Robots/install/mir_msgs/lib/python3.12/site-packages/mir_msgs/msg/_trolley.py
-- Up-to-date: /home/administrator/Masterproject2/20_ROS/src/Robots/install/mir_msgs/lib/python3.12/site-packages/mir_msgs/msg/_events_s.c
-- Up-to-date: /home/administrator/Masterproject2/20_ROS/src/Robots/install/mir_msgs/lib/python3.12/site-packages/mir_msgs/msg/_world_model_s.c
-- Up-to-date: /home/administrator/Masterproject2/20_ROS/src/Robots/install/mir_msgs/lib/python3.12/site-packages/mir_msgs/msg/_external_robots_s.c
-- Up-to-date: /home/administrator/Masterproject2/20_ROS/src/Robots/install/mir_msgs/lib/python3.12/site-packages/mir_msgs/msg/_bms_data.py
-- Up-to-date: /home/administrator/Masterproject2/20_ROS/src/Robots/install/mir_msgs/lib/python3.12/site-packages/mir_msgs/msg/_world_map.py
-- Up-to-date: /home/administrator/Masterproject2/20_ROS/src/Robots/install/mir_msgs/lib/python3.12/site-packages/mir_msgs/msg/_twist2_d_s.c
-- Up-to-date: /home/administrator/Masterproject2/20_ROS/src/Robots/install/mir_msgs/lib/python3.12/site-packages/mir_msgs/msg/_joystick_vel.py
-- Up-to-date: /home/administrator/Masterproject2/20_ROS/src/Robots/install/mir_msgs/lib/python3.12/site-packages/mir_msgs/msg/_encoders_s.c
-- Up-to-date: /home/administrator/Masterproject2/20_ROS/src/Robots/install/mir_msgs/lib/python3.12/site-packages/mir_msgs/msg/_mission_ctrl_state.py
-- Up-to-date: /home/administrator/Masterproject2/20_ROS/src/Robots/install/mir_msgs/lib/python3.12/site-packages/mir_msgs/msg/_mission_ctrl_state_s.c
-- Up-to-date: /home/administrator/Masterproject2/20_ROS/src/Robots/install/mir_msgs/lib/python3.12/site-packages/mir_msgs/msg/_pallet_lifter_status_s.c
-- Up-to-date: /home/administrator/Masterproject2/20_ROS/src/Robots/install/mir_msgs/lib/python3.12/site-packages/mir_msgs/msg/_charging_state.py
-- Up-to-date: /home/administrator/Masterproject2/20_ROS/src/Robots/install/mir_msgs/lib/python3.12/site-packages/mir_msgs/_mir_msgs_s.ep.rosidl_typesupport_c.c
Listing '/home/administrator/Masterproject2/20_ROS/src/Robots/install/mir_msgs/lib/python3.12/site-packages/mir_msgs'...
Listing '/home/administrator/Masterproject2/20_ROS/src/Robots/install/mir_msgs/lib/python3.12/site-packages/mir_msgs/msg'...
-- Up-to-date: /home/administrator/Masterproject2/20_ROS/src/Robots/install/mir_msgs/lib/python3.12/site-packages/mir_msgs/mir_msgs_s__rosidl_typesupport_fastrtps_c.so
-- Up-to-date: /home/administrator/Masterproject2/20_ROS/src/Robots/install/mir_msgs/lib/python3.12/site-packages/mir_msgs/mir_msgs_s__rosidl_typesupport_introspection_c.so
-- Up-to-date: /home/administrator/Masterproject2/20_ROS/src/Robots/install/mir_msgs/lib/python3.12/site-packages/mir_msgs/mir_msgs_s__rosidl_typesupport_c.so
-- Up-to-date: /home/administrator/Masterproject2/20_ROS/src/Robots/install/mir_msgs/lib/libmir_msgs__rosidl_generator_py.so
-- Up-to-date: /home/administrator/Masterproject2/20_ROS/src/Robots/install/mir_msgs/share/ament_index/resource_index/rust_packages/mir_msgs
-- Up-to-date: /home/administrator/Masterproject2/20_ROS/src/Robots/install/mir_msgs/share/mir_msgs/rust
-- Up-to-date: /home/administrator/Masterproject2/20_ROS/src/Robots/install/mir_msgs/share/mir_msgs/rust/Cargo.toml
-- Up-to-date: /home/administrator/Masterproject2/20_ROS/src/Robots/install/mir_msgs/share/mir_msgs/rust/build.rs
-- Up-to-date: /home/administrator/Masterproject2/20_ROS/src/Robots/install/mir_msgs/share/mir_msgs/rust/src
-- Up-to-date: /home/administrator/Masterproject2/20_ROS/src/Robots/install/mir_msgs/share/mir_msgs/rust/src/msg
-- Up-to-date: /home/administrator/Masterproject2/20_ROS/src/Robots/install/mir_msgs/share/mir_msgs/rust/src/msg/rmw.rs
-- Up-to-date: /home/administrator/Masterproject2/20_ROS/src/Robots/install/mir_msgs/share/mir_msgs/rust/src/msg.rs
-- Up-to-date: /home/administrator/Masterproject2/20_ROS/src/Robots/install/mir_msgs/share/mir_msgs/rust/src/lib.rs
-- Up-to-date: /home/administrator/Masterproject2/20_ROS/src/Robots/install/mir_msgs/share/mir_msgs/msg/AngleMeasurment.idl
-- Up-to-date: /home/administrator/Masterproject2/20_ROS/src/Robots/install/mir_msgs/share/mir_msgs/msg/BMSData.idl
-- Up-to-date: /home/administrator/Masterproject2/20_ROS/src/Robots/install/mir_msgs/share/mir_msgs/msg/BatteryCurrents.idl
-- Up-to-date: /home/administrator/Masterproject2/20_ROS/src/Robots/install/mir_msgs/share/mir_msgs/msg/BrakeState.idl
-- Up-to-date: /home/administrator/Masterproject2/20_ROS/src/Robots/install/mir_msgs/share/mir_msgs/msg/ChargingState.idl
-- Up-to-date: /home/administrator/Masterproject2/20_ROS/src/Robots/install/mir_msgs/share/mir_msgs/msg/Device.idl
-- Up-to-date: /home/administrator/Masterproject2/20_ROS/src/Robots/install/mir_msgs/share/mir_msgs/msg/Devices.idl
-- Up-to-date: /home/administrator/Masterproject2/20_ROS/src/Robots/install/mir_msgs/share/mir_msgs/msg/EncoderTestEntry.idl
-- Up-to-date: /home/administrator/Masterproject2/20_ROS/src/Robots/install/mir_msgs/share/mir_msgs/msg/Encoders.idl
-- Up-to-date: /home/administrator/Masterproject2/20_ROS/src/Robots/install/mir_msgs/share/mir_msgs/msg/Error.idl
-- Up-to-date: /home/administrator/Masterproject2/20_ROS/src/Robots/install/mir_msgs/share/mir_msgs/msg/Event.idl
-- Up-to-date: /home/administrator/Masterproject2/20_ROS/src/Robots/install/mir_msgs/share/mir_msgs/msg/Events.idl
-- Up-to-date: /home/administrator/Masterproject2/20_ROS/src/Robots/install/mir_msgs/share/mir_msgs/msg/ExternalRobot.idl
-- Up-to-date: /home/administrator/Masterproject2/20_ROS/src/Robots/install/mir_msgs/share/mir_msgs/msg/ExternalRobots.idl
-- Up-to-date: /home/administrator/Masterproject2/20_ROS/src/Robots/install/mir_msgs/share/mir_msgs/msg/Gpio.idl
-- Up-to-date: /home/administrator/Masterproject2/20_ROS/src/Robots/install/mir_msgs/share/mir_msgs/msg/GripperState.idl
-- Up-to-date: /home/administrator/Masterproject2/20_ROS/src/Robots/install/mir_msgs/share/mir_msgs/msg/HeightState.idl
-- Up-to-date: /home/administrator/Masterproject2/20_ROS/src/Robots/install/mir_msgs/share/mir_msgs/msg/HookData.idl
-- Up-to-date: /home/administrator/Masterproject2/20_ROS/src/Robots/install/mir_msgs/share/mir_msgs/msg/HookExtendedStatus.idl
-- Up-to-date: /home/administrator/Masterproject2/20_ROS/src/Robots/install/mir_msgs/share/mir_msgs/msg/HookStatus.idl
-- Up-to-date: /home/administrator/Masterproject2/20_ROS/src/Robots/install/mir_msgs/share/mir_msgs/msg/IOs.idl
-- Up-to-date: /home/administrator/Masterproject2/20_ROS/src/Robots/install/mir_msgs/share/mir_msgs/msg/JoystickVel.idl
-- Up-to-date: /home/administrator/Masterproject2/20_ROS/src/Robots/install/mir_msgs/share/mir_msgs/msg/LocalMapStat.idl
-- Up-to-date: /home/administrator/Masterproject2/20_ROS/src/Robots/install/mir_msgs/share/mir_msgs/msg/MirExtra.idl
-- Up-to-date: /home/administrator/Masterproject2/20_ROS/src/Robots/install/mir_msgs/share/mir_msgs/msg/MirLocalPlannerPathTypes.idl
-- Up-to-date: /home/administrator/Masterproject2/20_ROS/src/Robots/install/mir_msgs/share/mir_msgs/msg/MissionCtrlCommand.idl
-- Up-to-date: /home/administrator/Masterproject2/20_ROS/src/Robots/install/mir_msgs/share/mir_msgs/msg/MissionCtrlState.idl
-- Up-to-date: /home/administrator/Masterproject2/20_ROS/src/Robots/install/mir_msgs/share/mir_msgs/msg/MovingState.idl
-- Up-to-date: /home/administrator/Masterproject2/20_ROS/src/Robots/install/mir_msgs/share/mir_msgs/msg/PalletLifterStatus.idl
-- Up-to-date: /home/administrator/Masterproject2/20_ROS/src/Robots/install/mir_msgs/share/mir_msgs/msg/Path.idl
-- Up-to-date: /home/administrator/Masterproject2/20_ROS/src/Robots/install/mir_msgs/share/mir_msgs/msg/Pendant.idl
-- Up-to-date: /home/administrator/Masterproject2/20_ROS/src/Robots/install/mir_msgs/share/mir_msgs/msg/PlanSegment.idl
-- Up-to-date: /home/administrator/Masterproject2/20_ROS/src/Robots/install/mir_msgs/share/mir_msgs/msg/PlanSegments.idl
-- Up-to-date: /home/administrator/Masterproject2/20_ROS/src/Robots/install/mir_msgs/share/mir_msgs/msg/Pose2D.idl
-- Up-to-date: /home/administrator/Masterproject2/20_ROS/src/Robots/install/mir_msgs/share/mir_msgs/msg/PowerBoardMotorStatus.idl
-- Up-to-date: /home/administrator/Masterproject2/20_ROS/src/Robots/install/mir_msgs/share/mir_msgs/msg/PrecisionDockingStatus.idl
-- Up-to-date: /home/administrator/Masterproject2/20_ROS/src/Robots/install/mir_msgs/share/mir_msgs/msg/Proximity.idl
-- Up-to-date: /home/administrator/Masterproject2/20_ROS/src/Robots/install/mir_msgs/share/mir_msgs/msg/ResourceState.idl
-- Up-to-date: /home/administrator/Masterproject2/20_ROS/src/Robots/install/mir_msgs/share/mir_msgs/msg/ResourcesAcquisition.idl
-- Up-to-date: /home/administrator/Masterproject2/20_ROS/src/Robots/install/mir_msgs/share/mir_msgs/msg/ResourcesState.idl
-- Up-to-date: /home/administrator/Masterproject2/20_ROS/src/Robots/install/mir_msgs/share/mir_msgs/msg/RobotMode.idl
-- Up-to-date: /home/administrator/Masterproject2/20_ROS/src/Robots/install/mir_msgs/share/mir_msgs/msg/RobotState.idl
-- Up-to-date: /home/administrator/Masterproject2/20_ROS/src/Robots/install/mir_msgs/share/mir_msgs/msg/RobotStatus.idl
-- Up-to-date: /home/administrator/Masterproject2/20_ROS/src/Robots/install/mir_msgs/share/mir_msgs/msg/SafetyStatus.idl
-- Up-to-date: /home/administrator/Masterproject2/20_ROS/src/Robots/install/mir_msgs/share/mir_msgs/msg/Serial.idl
-- Up-to-date: /home/administrator/Masterproject2/20_ROS/src/Robots/install/mir_msgs/share/mir_msgs/msg/ServiceResponseHeader.idl
-- Up-to-date: /home/administrator/Masterproject2/20_ROS/src/Robots/install/mir_msgs/share/mir_msgs/msg/SkidDetectionDiff.idl
-- Up-to-date: /home/administrator/Masterproject2/20_ROS/src/Robots/install/mir_msgs/share/mir_msgs/msg/SkidDetectionStampedFloat.idl
-- Up-to-date: /home/administrator/Masterproject2/20_ROS/src/Robots/install/mir_msgs/share/mir_msgs/msg/SoundEvent.idl
-- Up-to-date: /home/administrator/Masterproject2/20_ROS/src/Robots/install/mir_msgs/share/mir_msgs/msg/StampedEncoders.idl
-- Up-to-date: /home/administrator/Masterproject2/20_ROS/src/Robots/install/mir_msgs/share/mir_msgs/msg/TimeDebug.idl
-- Up-to-date: /home/administrator/Masterproject2/20_ROS/src/Robots/install/mir_msgs/share/mir_msgs/msg/Trolley.idl
-- Up-to-date: /home/administrator/Masterproject2/20_ROS/src/Robots/install/mir_msgs/share/mir_msgs/msg/Twist2D.idl
-- Up-to-date: /home/administrator/Masterproject2/20_ROS/src/Robots/install/mir_msgs/share/mir_msgs/msg/UserPrompt.idl
-- Up-to-date: /home/administrator/Masterproject2/20_ROS/src/Robots/install/mir_msgs/share/mir_msgs/msg/WebPath.idl
-- Up-to-date: /home/administrator/Masterproject2/20_ROS/src/Robots/install/mir_msgs/share/mir_msgs/msg/WorldMap.idl
-- Up-to-date: /home/administrator/Masterproject2/20_ROS/src/Robots/install/mir_msgs/share/mir_msgs/msg/WorldModel.idl
-- Up-to-date: /home/administrator/Masterproject2/20_ROS/src/Robots/install/mir_msgs/share/mir_msgs/msg/AngleMeasurment.msg
-- Up-to-date: /home/administrator/Masterproject2/20_ROS/src/Robots/install/mir_msgs/share/mir_msgs/msg/BMSData.msg
-- Up-to-date: /home/administrator/Masterproject2/20_ROS/src/Robots/install/mir_msgs/share/mir_msgs/msg/BatteryCurrents.msg
-- Up-to-date: /home/administrator/Masterproject2/20_ROS/src/Robots/install/mir_msgs/share/mir_msgs/msg/BrakeState.msg
-- Up-to-date: /home/administrator/Masterproject2/20_ROS/src/Robots/install/mir_msgs/share/mir_msgs/msg/ChargingState.msg
-- Up-to-date: /home/administrator/Masterproject2/20_ROS/src/Robots/install/mir_msgs/share/mir_msgs/msg/Device.msg
-- Up-to-date: /home/administrator/Masterproject2/20_ROS/src/Robots/install/mir_msgs/share/mir_msgs/msg/Devices.msg
-- Up-to-date: /home/administrator/Masterproject2/20_ROS/src/Robots/install/mir_msgs/share/mir_msgs/msg/EncoderTestEntry.msg
-- Up-to-date: /home/administrator/Masterproject2/20_ROS/src/Robots/install/mir_msgs/share/mir_msgs/msg/Encoders.msg
-- Up-to-date: /home/administrator/Masterproject2/20_ROS/src/Robots/install/mir_msgs/share/mir_msgs/msg/Error.msg
-- Up-to-date: /home/administrator/Masterproject2/20_ROS/src/Robots/install/mir_msgs/share/mir_msgs/msg/Event.msg
-- Up-to-date: /home/administrator/Masterproject2/20_ROS/src/Robots/install/mir_msgs/share/mir_msgs/msg/Events.msg
-- Up-to-date: /home/administrator/Masterproject2/20_ROS/src/Robots/install/mir_msgs/share/mir_msgs/msg/ExternalRobot.msg
-- Up-to-date: /home/administrator/Masterproject2/20_ROS/src/Robots/install/mir_msgs/share/mir_msgs/msg/ExternalRobots.msg
-- Up-to-date: /home/administrator/Masterproject2/20_ROS/src/Robots/install/mir_msgs/share/mir_msgs/msg/Gpio.msg
-- Up-to-date: /home/administrator/Masterproject2/20_ROS/src/Robots/install/mir_msgs/share/mir_msgs/msg/GripperState.msg
-- Up-to-date: /home/administrator/Masterproject2/20_ROS/src/Robots/install/mir_msgs/share/mir_msgs/msg/HeightState.msg
-- Up-to-date: /home/administrator/Masterproject2/20_ROS/src/Robots/install/mir_msgs/share/mir_msgs/msg/HookData.msg
-- Up-to-date: /home/administrator/Masterproject2/20_ROS/src/Robots/install/mir_msgs/share/mir_msgs/msg/HookExtendedStatus.msg
-- Up-to-date: /home/administrator/Masterproject2/20_ROS/src/Robots/install/mir_msgs/share/mir_msgs/msg/HookStatus.msg
-- Up-to-date: /home/administrator/Masterproject2/20_ROS/src/Robots/install/mir_msgs/share/mir_msgs/msg/IOs.msg
-- Up-to-date: /home/administrator/Masterproject2/20_ROS/src/Robots/install/mir_msgs/share/mir_msgs/msg/JoystickVel.msg
-- Up-to-date: /home/administrator/Masterproject2/20_ROS/src/Robots/install/mir_msgs/share/mir_msgs/msg/LocalMapStat.msg
-- Up-to-date: /home/administrator/Masterproject2/20_ROS/src/Robots/install/mir_msgs/share/mir_msgs/msg/MirExtra.msg
-- Up-to-date: /home/administrator/Masterproject2/20_ROS/src/Robots/install/mir_msgs/share/mir_msgs/msg/MirLocalPlannerPathTypes.msg
-- Up-to-date: /home/administrator/Masterproject2/20_ROS/src/Robots/install/mir_msgs/share/mir_msgs/msg/MissionCtrlCommand.msg
-- Up-to-date: /home/administrator/Masterproject2/20_ROS/src/Robots/install/mir_msgs/share/mir_msgs/msg/MissionCtrlState.msg
-- Up-to-date: /home/administrator/Masterproject2/20_ROS/src/Robots/install/mir_msgs/share/mir_msgs/msg/MovingState.msg
-- Up-to-date: /home/administrator/Masterproject2/20_ROS/src/Robots/install/mir_msgs/share/mir_msgs/msg/PalletLifterStatus.msg
-- Up-to-date: /home/administrator/Masterproject2/20_ROS/src/Robots/install/mir_msgs/share/mir_msgs/msg/Path.msg
-- Up-to-date: /home/administrator/Masterproject2/20_ROS/src/Robots/install/mir_msgs/share/mir_msgs/msg/Pendant.msg
-- Up-to-date: /home/administrator/Masterproject2/20_ROS/src/Robots/install/mir_msgs/share/mir_msgs/msg/PlanSegment.msg
-- Up-to-date: /home/administrator/Masterproject2/20_ROS/src/Robots/install/mir_msgs/share/mir_msgs/msg/PlanSegments.msg
-- Up-to-date: /home/administrator/Masterproject2/20_ROS/src/Robots/install/mir_msgs/share/mir_msgs/msg/Pose2D.msg
-- Up-to-date: /home/administrator/Masterproject2/20_ROS/src/Robots/install/mir_msgs/share/mir_msgs/msg/PowerBoardMotorStatus.msg
-- Up-to-date: /home/administrator/Masterproject2/20_ROS/src/Robots/install/mir_msgs/share/mir_msgs/msg/PrecisionDockingStatus.msg
-- Up-to-date: /home/administrator/Masterproject2/20_ROS/src/Robots/install/mir_msgs/share/mir_msgs/msg/Proximity.msg
-- Up-to-date: /home/administrator/Masterproject2/20_ROS/src/Robots/install/mir_msgs/share/mir_msgs/msg/ResourceState.msg
-- Up-to-date: /home/administrator/Masterproject2/20_ROS/src/Robots/install/mir_msgs/share/mir_msgs/msg/ResourcesAcquisition.msg
-- Up-to-date: /home/administrator/Masterproject2/20_ROS/src/Robots/install/mir_msgs/share/mir_msgs/msg/ResourcesState.msg
-- Up-to-date: /home/administrator/Masterproject2/20_ROS/src/Robots/install/mir_msgs/share/mir_msgs/msg/RobotMode.msg
-- Up-to-date: /home/administrator/Masterproject2/20_ROS/src/Robots/install/mir_msgs/share/mir_msgs/msg/RobotState.msg
-- Up-to-date: /home/administrator/Masterproject2/20_ROS/src/Robots/install/mir_msgs/share/mir_msgs/msg/RobotStatus.msg
-- Up-to-date: /home/administrator/Masterproject2/20_ROS/src/Robots/install/mir_msgs/share/mir_msgs/msg/SafetyStatus.msg
-- Up-to-date: /home/administrator/Masterproject2/20_ROS/src/Robots/install/mir_msgs/share/mir_msgs/msg/Serial.msg
-- Up-to-date: /home/administrator/Masterproject2/20_ROS/src/Robots/install/mir_msgs/share/mir_msgs/msg/ServiceResponseHeader.msg
-- Up-to-date: /home/administrator/Masterproject2/20_ROS/src/Robots/install/mir_msgs/share/mir_msgs/msg/SkidDetectionDiff.msg
-- Up-to-date: /home/administrator/Masterproject2/20_ROS/src/Robots/install/mir_msgs/share/mir_msgs/msg/SkidDetectionStampedFloat.msg
-- Up-to-date: /home/administrator/Masterproject2/20_ROS/src/Robots/install/mir_msgs/share/mir_msgs/msg/SoundEvent.msg
-- Up-to-date: /home/administrator/Masterproject2/20_ROS/src/Robots/install/mir_msgs/share/mir_msgs/msg/StampedEncoders.msg
-- Up-to-date: /home/administrator/Masterproject2/20_ROS/src/Robots/install/mir_msgs/share/mir_msgs/msg/TimeDebug.msg
-- Up-to-date: /home/administrator/Masterproject2/20_ROS/src/Robots/install/mir_msgs/share/mir_msgs/msg/Trolley.msg
-- Up-to-date: /home/administrator/Masterproject2/20_ROS/src/Robots/install/mir_msgs/share/mir_msgs/msg/Twist2D.msg
-- Up-to-date: /home/administrator/Masterproject2/20_ROS/src/Robots/install/mir_msgs/share/mir_msgs/msg/UserPrompt.msg
-- Up-to-date: /home/administrator/Masterproject2/20_ROS/src/Robots/install/mir_msgs/share/mir_msgs/msg/WebPath.msg
-- Up-to-date: /home/administrator/Masterproject2/20_ROS/src/Robots/install/mir_msgs/share/mir_msgs/msg/WorldMap.msg
-- Up-to-date: /home/administrator/Masterproject2/20_ROS/src/Robots/install/mir_msgs/share/mir_msgs/msg/WorldModel.msg
-- Up-to-date: /home/administrator/Masterproject2/20_ROS/src/Robots/install/mir_msgs/share/ament_index/resource_index/package_run_dependencies/mir_msgs
-- Up-to-date: /home/administrator/Masterproject2/20_ROS/src/Robots/install/mir_msgs/share/ament_index/resource_index/parent_prefix_path/mir_msgs
-- Up-to-date: /home/administrator/Masterproject2/20_ROS/src/Robots/install/mir_msgs/share/mir_msgs/environment/ament_prefix_path.sh
-- Up-to-date: /home/administrator/Masterproject2/20_ROS/src/Robots/install/mir_msgs/share/mir_msgs/environment/ament_prefix_path.dsv
-- Up-to-date: /home/administrator/Masterproject2/20_ROS/src/Robots/install/mir_msgs/share/mir_msgs/environment/path.sh
-- Up-to-date: /home/administrator/Masterproject2/20_ROS/src/Robots/install/mir_msgs/share/mir_msgs/environment/path.dsv
-- Up-to-date: /home/administrator/Masterproject2/20_ROS/src/Robots/install/mir_msgs/share/mir_msgs/local_setup.bash
-- Up-to-date: /home/administrator/Masterproject2/20_ROS/src/Robots/install/mir_msgs/share/mir_msgs/local_setup.sh
-- Up-to-date: /home/administrator/Masterproject2/20_ROS/src/Robots/install/mir_msgs/share/mir_msgs/local_setup.zsh
-- Up-to-date: /home/administrator/Masterproject2/20_ROS/src/Robots/install/mir_msgs/share/mir_msgs/local_setup.dsv
-- Up-to-date: /home/administrator/Masterproject2/20_ROS/src/Robots/install/mir_msgs/share/mir_msgs/package.dsv
-- Up-to-date: /home/administrator/Masterproject2/20_ROS/src/Robots/install/mir_msgs/share/ament_index/resource_index/packages/mir_msgs
-- Up-to-date: /home/administrator/Masterproject2/20_ROS/src/Robots/install/mir_msgs/share/mir_msgs/cmake/export_mir_msgs__rosidl_generator_cExport.cmake
-- Up-to-date: /home/administrator/Masterproject2/20_ROS/src/Robots/install/mir_msgs/share/mir_msgs/cmake/export_mir_msgs__rosidl_generator_cExport-noconfig.cmake
-- Up-to-date: /home/administrator/Masterproject2/20_ROS/src/Robots/install/mir_msgs/share/mir_msgs/cmake/export_mir_msgs__rosidl_typesupport_fastrtps_cExport.cmake
-- Up-to-date: /home/administrator/Masterproject2/20_ROS/src/Robots/install/mir_msgs/share/mir_msgs/cmake/export_mir_msgs__rosidl_typesupport_fastrtps_cExport-noconfig.cmake
-- Up-to-date: /home/administrator/Masterproject2/20_ROS/src/Robots/install/mir_msgs/share/mir_msgs/cmake/export_mir_msgs__rosidl_generator_cppExport.cmake
-- Up-to-date: /home/administrator/Masterproject2/20_ROS/src/Robots/install/mir_msgs/share/mir_msgs/cmake/export_mir_msgs__rosidl_typesupport_fastrtps_cppExport.cmake
-- Up-to-date: /home/administrator/Masterproject2/20_ROS/src/Robots/install/mir_msgs/share/mir_msgs/cmake/export_mir_msgs__rosidl_typesupport_fastrtps_cppExport-noconfig.cmake
-- Up-to-date: /home/administrator/Masterproject2/20_ROS/src/Robots/install/mir_msgs/share/mir_msgs/cmake/mir_msgs__rosidl_typesupport_introspection_cExport.cmake
-- Up-to-date: /home/administrator/Masterproject2/20_ROS/src/Robots/install/mir_msgs/share/mir_msgs/cmake/mir_msgs__rosidl_typesupport_introspection_cExport-noconfig.cmake
-- Up-to-date: /home/administrator/Masterproject2/20_ROS/src/Robots/install/mir_msgs/share/mir_msgs/cmake/mir_msgs__rosidl_typesupport_cExport.cmake
-- Up-to-date: /home/administrator/Masterproject2/20_ROS/src/Robots/install/mir_msgs/share/mir_msgs/cmake/mir_msgs__rosidl_typesupport_cExport-noconfig.cmake
-- Up-to-date: /home/administrator/Masterproject2/20_ROS/src/Robots/install/mir_msgs/share/mir_msgs/cmake/mir_msgs__rosidl_typesupport_introspection_cppExport.cmake
-- Up-to-date: /home/administrator/Masterproject2/20_ROS/src/Robots/install/mir_msgs/share/mir_msgs/cmake/mir_msgs__rosidl_typesupport_introspection_cppExport-noconfig.cmake
-- Up-to-date: /home/administrator/Masterproject2/20_ROS/src/Robots/install/mir_msgs/share/mir_msgs/cmake/mir_msgs__rosidl_typesupport_cppExport.cmake
-- Up-to-date: /home/administrator/Masterproject2/20_ROS/src/Robots/install/mir_msgs/share/mir_msgs/cmake/mir_msgs__rosidl_typesupport_cppExport-noconfig.cmake
-- Up-to-date: /home/administrator/Masterproject2/20_ROS/src/Robots/install/mir_msgs/share/mir_msgs/cmake/export_mir_msgs__rosidl_generator_pyExport.cmake
-- Up-to-date: /home/administrator/Masterproject2/20_ROS/src/Robots/install/mir_msgs/share/mir_msgs/cmake/export_mir_msgs__rosidl_generator_pyExport-noconfig.cmake
-- Up-to-date: /home/administrator/Masterproject2/20_ROS/src/Robots/install/mir_msgs/share/mir_msgs/cmake/rosidl_cmake-extras.cmake
-- Up-to-date: /home/administrator/Masterproject2/20_ROS/src/Robots/install/mir_msgs/share/mir_msgs/cmake/ament_cmake_export_dependencies-extras.cmake
-- Up-to-date: /home/administrator/Masterproject2/20_ROS/src/Robots/install/mir_msgs/share/mir_msgs/cmake/ament_cmake_export_include_directories-extras.cmake
-- Up-to-date: /home/administrator/Masterproject2/20_ROS/src/Robots/install/mir_msgs/share/mir_msgs/cmake/ament_cmake_export_libraries-extras.cmake
-- Up-to-date: /home/administrator/Masterproject2/20_ROS/src/Robots/install/mir_msgs/share/mir_msgs/cmake/ament_cmake_export_targets-extras.cmake
-- Up-to-date: /home/administrator/Masterproject2/20_ROS/src/Robots/install/mir_msgs/share/mir_msgs/cmake/rosidl_cmake_export_typesupport_targets-extras.cmake
-- Up-to-date: /home/administrator/Masterproject2/20_ROS/src/Robots/install/mir_msgs/share/mir_msgs/cmake/rosidl_cmake_export_typesupport_libraries-extras.cmake
-- Up-to-date: /home/administrator/Masterproject2/20_ROS/src/Robots/install/mir_msgs/share/mir_msgs/cmake/mir_msgsConfig.cmake
-- Up-to-date: /home/administrator/Masterproject2/20_ROS/src/Robots/install/mir_msgs/share/mir_msgs/cmake/mir_msgsConfig-version.cmake
-- Up-to-date: /home/administrator/Masterproject2/20_ROS/src/Robots/install/mir_msgs/share/mir_msgs/package.xml
