[0.019s] Invoking command in '/home/administrator/Masterproject2/20_ROS/src/Robots/build/mir_msgs': CMAKE_PREFIX_PATH=${CMAKE_PREFIX_PATH}:/opt/ros/kilted DEBUGINFOD_URLS=https://debuginfod.ubuntu.com /usr/bin/cmake --build /home/administrator/Masterproject2/20_ROS/src/Robots/build/mir_msgs -- -j14 -l14
[0.125s] [  0%] Built target mir_msgs__rs
[0.138s] [  0%] Built target mir_msgs__rosidl_generator_type_description
[0.143s] [  0%] Built target ament_cmake_python_copy_mir_msgs
[0.161s] [  0%] Built target mir_msgs__cpp
[0.204s] [ 29%] Built target mir_msgs__rosidl_generator_c
[0.263s] [ 39%] Built target mir_msgs__rosidl_typesupport_introspection_c
[0.268s] [ 48%] Built target mir_msgs__rosidl_typesupport_fastrtps_cpp
[0.276s] [ 58%] Built target mir_msgs__rosidl_typesupport_c
[0.286s] [ 68%] Built target mir_msgs__rosidl_typesupport_cpp
[0.300s] [ 78%] Built target mir_msgs__rosidl_typesupport_fastrtps_c
[0.310s] [ 88%] Built target mir_msgs__rosidl_typesupport_introspection_cpp
[0.311s] running egg_info
[0.320s] writing mir_msgs.egg-info/PKG-INFO
[0.321s] writing dependency_links to mir_msgs.egg-info/dependency_links.txt
[0.321s] writing top-level names to mir_msgs.egg-info/top_level.txt
[0.328s] [ 88%] Built target mir_msgs
[0.355s] [ 88%] Built target mir_msgs__py
[0.357s] reading manifest file 'mir_msgs.egg-info/SOURCES.txt'
[0.358s] writing manifest file 'mir_msgs.egg-info/SOURCES.txt'
[0.375s] [ 88%] Built target ament_cmake_python_build_mir_msgs_egg
[0.382s] [ 98%] Built target mir_msgs__rosidl_generator_py
[0.398s] [100%] Built target mir_msgs_s__rosidl_typesupport_c
[0.398s] [100%] Built target mir_msgs_s__rosidl_typesupport_fastrtps_c
[0.398s] [100%] Built target mir_msgs_s__rosidl_typesupport_introspection_c
[0.429s] Invoked command in '/home/administrator/Masterproject2/20_ROS/src/Robots/build/mir_msgs' returned '0': CMAKE_PREFIX_PATH=${CMAKE_PREFIX_PATH}:/opt/ros/kilted DEBUGINFOD_URLS=https://debuginfod.ubuntu.com /usr/bin/cmake --build /home/administrator/Masterproject2/20_ROS/src/Robots/build/mir_msgs -- -j14 -l14
[0.429s] Invoking command in '/home/administrator/Masterproject2/20_ROS/src/Robots/build/mir_msgs': CMAKE_PREFIX_PATH=${CMAKE_PREFIX_PATH}:/opt/ros/kilted DEBUGINFOD_URLS=https://debuginfod.ubuntu.com /usr/bin/cmake --install /home/administrator/Masterproject2/20_ROS/src/Robots/build/mir_msgs
[0.455s] -- Install configuration: ""
[0.455s] -- Up-to-date: /home/administrator/Masterproject2/20_ROS/src/Robots/install/mir_msgs/share/ament_index/resource_index/rosidl_interfaces/mir_msgs
[0.455s] -- Up-to-date: /home/administrator/Masterproject2/20_ROS/src/Robots/install/mir_msgs/share/mir_msgs/msg/AngleMeasurment.json
[0.455s] -- Up-to-date: /home/administrator/Masterproject2/20_ROS/src/Robots/install/mir_msgs/share/mir_msgs/msg/BMSData.json
[0.455s] -- Up-to-date: /home/administrator/Masterproject2/20_ROS/src/Robots/install/mir_msgs/share/mir_msgs/msg/BatteryCurrents.json
[0.456s] -- Up-to-date: /home/administrator/Masterproject2/20_ROS/src/Robots/install/mir_msgs/share/mir_msgs/msg/BrakeState.json
[0.456s] -- Up-to-date: /home/administrator/Masterproject2/20_ROS/src/Robots/install/mir_msgs/share/mir_msgs/msg/ChargingState.json
[0.456s] -- Up-to-date: /home/administrator/Masterproject2/20_ROS/src/Robots/install/mir_msgs/share/mir_msgs/msg/Device.json
[0.456s] -- Up-to-date: /home/administrator/Masterproject2/20_ROS/src/Robots/install/mir_msgs/share/mir_msgs/msg/Devices.json
[0.456s] -- Up-to-date: /home/administrator/Masterproject2/20_ROS/src/Robots/install/mir_msgs/share/mir_msgs/msg/EncoderTestEntry.json
[0.456s] -- Up-to-date: /home/administrator/Masterproject2/20_ROS/src/Robots/install/mir_msgs/share/mir_msgs/msg/Encoders.json
[0.457s] -- Up-to-date: /home/administrator/Masterproject2/20_ROS/src/Robots/install/mir_msgs/share/mir_msgs/msg/Error.json
[0.457s] -- Up-to-date: /home/administrator/Masterproject2/20_ROS/src/Robots/install/mir_msgs/share/mir_msgs/msg/Event.json
[0.457s] -- Up-to-date: /home/administrator/Masterproject2/20_ROS/src/Robots/install/mir_msgs/share/mir_msgs/msg/Events.json
[0.457s] -- Up-to-date: /home/administrator/Masterproject2/20_ROS/src/Robots/install/mir_msgs/share/mir_msgs/msg/ExternalRobot.json
[0.457s] -- Up-to-date: /home/administrator/Masterproject2/20_ROS/src/Robots/install/mir_msgs/share/mir_msgs/msg/ExternalRobots.json
[0.457s] -- Up-to-date: /home/administrator/Masterproject2/20_ROS/src/Robots/install/mir_msgs/share/mir_msgs/msg/Gpio.json
[0.457s] -- Up-to-date: /home/administrator/Masterproject2/20_ROS/src/Robots/install/mir_msgs/share/mir_msgs/msg/GripperState.json
[0.457s] -- Up-to-date: /home/administrator/Masterproject2/20_ROS/src/Robots/install/mir_msgs/share/mir_msgs/msg/HeightState.json
[0.457s] -- Up-to-date: /home/administrator/Masterproject2/20_ROS/src/Robots/install/mir_msgs/share/mir_msgs/msg/HookData.json
[0.457s] -- Up-to-date: /home/administrator/Masterproject2/20_ROS/src/Robots/install/mir_msgs/share/mir_msgs/msg/HookExtendedStatus.json
[0.457s] -- Up-to-date: /home/administrator/Masterproject2/20_ROS/src/Robots/install/mir_msgs/share/mir_msgs/msg/HookStatus.json
[0.457s] -- Up-to-date: /home/administrator/Masterproject2/20_ROS/src/Robots/install/mir_msgs/share/mir_msgs/msg/IOs.json
[0.458s] -- Up-to-date: /home/administrator/Masterproject2/20_ROS/src/Robots/install/mir_msgs/share/mir_msgs/msg/JoystickVel.json
[0.458s] -- Up-to-date: /home/administrator/Masterproject2/20_ROS/src/Robots/install/mir_msgs/share/mir_msgs/msg/LocalMapStat.json
[0.458s] -- Up-to-date: /home/administrator/Masterproject2/20_ROS/src/Robots/install/mir_msgs/share/mir_msgs/msg/MirExtra.json
[0.458s] -- Up-to-date: /home/administrator/Masterproject2/20_ROS/src/Robots/install/mir_msgs/share/mir_msgs/msg/MirLocalPlannerPathTypes.json
[0.458s] -- Up-to-date: /home/administrator/Masterproject2/20_ROS/src/Robots/install/mir_msgs/share/mir_msgs/msg/MissionCtrlCommand.json
[0.458s] -- Up-to-date: /home/administrator/Masterproject2/20_ROS/src/Robots/install/mir_msgs/share/mir_msgs/msg/MissionCtrlState.json
[0.458s] -- Up-to-date: /home/administrator/Masterproject2/20_ROS/src/Robots/install/mir_msgs/share/mir_msgs/msg/MovingState.json
[0.458s] -- Up-to-date: /home/administrator/Masterproject2/20_ROS/src/Robots/install/mir_msgs/share/mir_msgs/msg/PalletLifterStatus.json
[0.458s] -- Up-to-date: /home/administrator/Masterproject2/20_ROS/src/Robots/install/mir_msgs/share/mir_msgs/msg/Path.json
[0.458s] -- Up-to-date: /home/administrator/Masterproject2/20_ROS/src/Robots/install/mir_msgs/share/mir_msgs/msg/Pendant.json
[0.458s] -- Up-to-date: /home/administrator/Masterproject2/20_ROS/src/Robots/install/mir_msgs/share/mir_msgs/msg/PlanSegment.json
[0.459s] -- Up-to-date: /home/administrator/Masterproject2/20_ROS/src/Robots/install/mir_msgs/share/mir_msgs/msg/PlanSegments.json
[0.459s] -- Up-to-date: /home/administrator/Masterproject2/20_ROS/src/Robots/install/mir_msgs/share/mir_msgs/msg/Pose2D.json
[0.459s] -- Up-to-date: /home/administrator/Masterproject2/20_ROS/src/Robots/install/mir_msgs/share/mir_msgs/msg/PowerBoardMotorStatus.json
[0.459s] -- Up-to-date: /home/administrator/Masterproject2/20_ROS/src/Robots/install/mir_msgs/share/mir_msgs/msg/PrecisionDockingStatus.json
[0.459s] -- Up-to-date: /home/administrator/Masterproject2/20_ROS/src/Robots/install/mir_msgs/share/mir_msgs/msg/Proximity.json
[0.459s] -- Up-to-date: /home/administrator/Masterproject2/20_ROS/src/Robots/install/mir_msgs/share/mir_msgs/msg/ResourceState.json
[0.460s] -- Up-to-date: /home/administrator/Masterproject2/20_ROS/src/Robots/install/mir_msgs/share/mir_msgs/msg/ResourcesAcquisition.json
[0.460s] -- Up-to-date: /home/administrator/Masterproject2/20_ROS/src/Robots/install/mir_msgs/share/mir_msgs/msg/ResourcesState.json
[0.460s] -- Up-to-date: /home/administrator/Masterproject2/20_ROS/src/Robots/install/mir_msgs/share/mir_msgs/msg/RobotMode.json
[0.460s] -- Up-to-date: /home/administrator/Masterproject2/20_ROS/src/Robots/install/mir_msgs/share/mir_msgs/msg/RobotState.json
[0.460s] -- Up-to-date: /home/administrator/Masterproject2/20_ROS/src/Robots/install/mir_msgs/share/mir_msgs/msg/RobotStatus.json
[0.460s] -- Up-to-date: /home/administrator/Masterproject2/20_ROS/src/Robots/install/mir_msgs/share/mir_msgs/msg/SafetyStatus.json
[0.460s] -- Up-to-date: /home/administrator/Masterproject2/20_ROS/src/Robots/install/mir_msgs/share/mir_msgs/msg/Serial.json
[0.460s] -- Up-to-date: /home/administrator/Masterproject2/20_ROS/src/Robots/install/mir_msgs/share/mir_msgs/msg/ServiceResponseHeader.json
[0.460s] -- Up-to-date: /home/administrator/Masterproject2/20_ROS/src/Robots/install/mir_msgs/share/mir_msgs/msg/SkidDetectionDiff.json
[0.460s] -- Up-to-date: /home/administrator/Masterproject2/20_ROS/src/Robots/install/mir_msgs/share/mir_msgs/msg/SkidDetectionStampedFloat.json
[0.461s] -- Up-to-date: /home/administrator/Masterproject2/20_ROS/src/Robots/install/mir_msgs/share/mir_msgs/msg/SoundEvent.json
[0.461s] -- Up-to-date: /home/administrator/Masterproject2/20_ROS/src/Robots/install/mir_msgs/share/mir_msgs/msg/StampedEncoders.json
[0.461s] -- Up-to-date: /home/administrator/Masterproject2/20_ROS/src/Robots/install/mir_msgs/share/mir_msgs/msg/TimeDebug.json
[0.461s] -- Up-to-date: /home/administrator/Masterproject2/20_ROS/src/Robots/install/mir_msgs/share/mir_msgs/msg/Trolley.json
[0.461s] -- Up-to-date: /home/administrator/Masterproject2/20_ROS/src/Robots/install/mir_msgs/share/mir_msgs/msg/Twist2D.json
[0.461s] -- Up-to-date: /home/administrator/Masterproject2/20_ROS/src/Robots/install/mir_msgs/share/mir_msgs/msg/UserPrompt.json
[0.461s] -- Up-to-date: /home/administrator/Masterproject2/20_ROS/src/Robots/install/mir_msgs/share/mir_msgs/msg/WebPath.json
[0.462s] -- Up-to-date: /home/administrator/Masterproject2/20_ROS/src/Robots/install/mir_msgs/share/mir_msgs/msg/WorldMap.json
[0.462s] -- Up-to-date: /home/administrator/Masterproject2/20_ROS/src/Robots/install/mir_msgs/share/mir_msgs/msg/WorldModel.json
[0.462s] -- Up-to-date: /home/administrator/Masterproject2/20_ROS/src/Robots/install/mir_msgs/include/mir_msgs/mir_msgs
[0.462s] -- Up-to-date: /home/administrator/Masterproject2/20_ROS/src/Robots/install/mir_msgs/include/mir_msgs/mir_msgs/msg
[0.462s] -- Up-to-date: /home/administrator/Masterproject2/20_ROS/src/Robots/install/mir_msgs/include/mir_msgs/mir_msgs/msg/bms_data.h
[0.462s] -- Up-to-date: /home/administrator/Masterproject2/20_ROS/src/Robots/install/mir_msgs/include/mir_msgs/mir_msgs/msg/skid_detection_stamped_float.h
[0.463s] -- Up-to-date: /home/administrator/Masterproject2/20_ROS/src/Robots/install/mir_msgs/include/mir_msgs/mir_msgs/msg/i_os.h
[0.463s] -- Up-to-date: /home/administrator/Masterproject2/20_ROS/src/Robots/install/mir_msgs/include/mir_msgs/mir_msgs/msg/resources_acquisition.h
[0.463s] -- Up-to-date: /home/administrator/Masterproject2/20_ROS/src/Robots/install/mir_msgs/include/mir_msgs/mir_msgs/msg/hook_status.h
[0.463s] -- Up-to-date: /home/administrator/Masterproject2/20_ROS/src/Robots/install/mir_msgs/include/mir_msgs/mir_msgs/msg/event.h
[0.463s] -- Up-to-date: /home/administrator/Masterproject2/20_ROS/src/Robots/install/mir_msgs/include/mir_msgs/mir_msgs/msg/mir_local_planner_path_types.h
[0.464s] -- Up-to-date: /home/administrator/Masterproject2/20_ROS/src/Robots/install/mir_msgs/include/mir_msgs/mir_msgs/msg/height_state.h
[0.464s] -- Up-to-date: /home/administrator/Masterproject2/20_ROS/src/Robots/install/mir_msgs/include/mir_msgs/mir_msgs/msg/pallet_lifter_status.h
[0.464s] -- Up-to-date: /home/administrator/Masterproject2/20_ROS/src/Robots/install/mir_msgs/include/mir_msgs/mir_msgs/msg/external_robot.h
[0.464s] -- Up-to-date: /home/administrator/Masterproject2/20_ROS/src/Robots/install/mir_msgs/include/mir_msgs/mir_msgs/msg/trolley.h
[0.464s] -- Up-to-date: /home/administrator/Masterproject2/20_ROS/src/Robots/install/mir_msgs/include/mir_msgs/mir_msgs/msg/web_path.h
[0.464s] -- Up-to-date: /home/administrator/Masterproject2/20_ROS/src/Robots/install/mir_msgs/include/mir_msgs/mir_msgs/msg/world_map.h
[0.464s] -- Up-to-date: /home/administrator/Masterproject2/20_ROS/src/Robots/install/mir_msgs/include/mir_msgs/mir_msgs/msg/proximity.h
[0.464s] -- Up-to-date: /home/administrator/Masterproject2/20_ROS/src/Robots/install/mir_msgs/include/mir_msgs/mir_msgs/msg/mir_extra.h
[0.465s] -- Up-to-date: /home/administrator/Masterproject2/20_ROS/src/Robots/install/mir_msgs/include/mir_msgs/mir_msgs/msg/events.h
[0.465s] -- Up-to-date: /home/administrator/Masterproject2/20_ROS/src/Robots/install/mir_msgs/include/mir_msgs/mir_msgs/msg/robot_mode.h
[0.465s] -- Up-to-date: /home/administrator/Masterproject2/20_ROS/src/Robots/install/mir_msgs/include/mir_msgs/mir_msgs/msg/hook_extended_status.h
[0.465s] -- Up-to-date: /home/administrator/Masterproject2/20_ROS/src/Robots/install/mir_msgs/include/mir_msgs/mir_msgs/msg/resources_state.h
[0.465s] -- Up-to-date: /home/administrator/Masterproject2/20_ROS/src/Robots/install/mir_msgs/include/mir_msgs/mir_msgs/msg/precision_docking_status.h
[0.465s] -- Up-to-date: /home/administrator/Masterproject2/20_ROS/src/Robots/install/mir_msgs/include/mir_msgs/mir_msgs/msg/moving_state.h
[0.465s] -- Up-to-date: /home/administrator/Masterproject2/20_ROS/src/Robots/install/mir_msgs/include/mir_msgs/mir_msgs/msg/local_map_stat.h
[0.466s] -- Up-to-date: /home/administrator/Masterproject2/20_ROS/src/Robots/install/mir_msgs/include/mir_msgs/mir_msgs/msg/serial.h
[0.466s] -- Up-to-date: /home/administrator/Masterproject2/20_ROS/src/Robots/install/mir_msgs/include/mir_msgs/mir_msgs/msg/mission_ctrl_state.h
[0.467s] -- Up-to-date: /home/administrator/Masterproject2/20_ROS/src/Robots/install/mir_msgs/include/mir_msgs/mir_msgs/msg/path.h
[0.467s] -- Up-to-date: /home/administrator/Masterproject2/20_ROS/src/Robots/install/mir_msgs/include/mir_msgs/mir_msgs/msg/gripper_state.h
[0.467s] -- Up-to-date: /home/administrator/Masterproject2/20_ROS/src/Robots/install/mir_msgs/include/mir_msgs/mir_msgs/msg/stamped_encoders.h
[0.467s] -- Up-to-date: /home/administrator/Masterproject2/20_ROS/src/Robots/install/mir_msgs/include/mir_msgs/mir_msgs/msg/skid_detection_diff.h
[0.467s] -- Up-to-date: /home/administrator/Masterproject2/20_ROS/src/Robots/install/mir_msgs/include/mir_msgs/mir_msgs/msg/plan_segment.h
[0.467s] -- Up-to-date: /home/administrator/Masterproject2/20_ROS/src/Robots/install/mir_msgs/include/mir_msgs/mir_msgs/msg/gpio.h
[0.467s] -- Up-to-date: /home/administrator/Masterproject2/20_ROS/src/Robots/install/mir_msgs/include/mir_msgs/mir_msgs/msg/twist2_d.h
[0.467s] -- Up-to-date: /home/administrator/Masterproject2/20_ROS/src/Robots/install/mir_msgs/include/mir_msgs/mir_msgs/msg/pose2_d.h
[0.468s] -- Up-to-date: /home/administrator/Masterproject2/20_ROS/src/Robots/install/mir_msgs/include/mir_msgs/mir_msgs/msg/encoder_test_entry.h
[0.468s] -- Up-to-date: /home/administrator/Masterproject2/20_ROS/src/Robots/install/mir_msgs/include/mir_msgs/mir_msgs/msg/time_debug.h
[0.468s] -- Up-to-date: /home/administrator/Masterproject2/20_ROS/src/Robots/install/mir_msgs/include/mir_msgs/mir_msgs/msg/encoders.h
[0.468s] -- Up-to-date: /home/administrator/Masterproject2/20_ROS/src/Robots/install/mir_msgs/include/mir_msgs/mir_msgs/msg/external_robots.h
[0.468s] -- Up-to-date: /home/administrator/Masterproject2/20_ROS/src/Robots/install/mir_msgs/include/mir_msgs/mir_msgs/msg/device.h
[0.468s] -- Up-to-date: /home/administrator/Masterproject2/20_ROS/src/Robots/install/mir_msgs/include/mir_msgs/mir_msgs/msg/rosidl_generator_c__visibility_control.h
[0.468s] -- Up-to-date: /home/administrator/Masterproject2/20_ROS/src/Robots/install/mir_msgs/include/mir_msgs/mir_msgs/msg/angle_measurment.h
[0.468s] -- Up-to-date: /home/administrator/Masterproject2/20_ROS/src/Robots/install/mir_msgs/include/mir_msgs/mir_msgs/msg/pendant.h
[0.468s] -- Up-to-date: /home/administrator/Masterproject2/20_ROS/src/Robots/install/mir_msgs/include/mir_msgs/mir_msgs/msg/user_prompt.h
[0.468s] -- Up-to-date: /home/administrator/Masterproject2/20_ROS/src/Robots/install/mir_msgs/include/mir_msgs/mir_msgs/msg/robot_status.h
[0.469s] -- Up-to-date: /home/administrator/Masterproject2/20_ROS/src/Robots/install/mir_msgs/include/mir_msgs/mir_msgs/msg/mission_ctrl_command.h
[0.469s] -- Up-to-date: /home/administrator/Masterproject2/20_ROS/src/Robots/install/mir_msgs/include/mir_msgs/mir_msgs/msg/joystick_vel.h
[0.469s] -- Up-to-date: /home/administrator/Masterproject2/20_ROS/src/Robots/install/mir_msgs/include/mir_msgs/mir_msgs/msg/power_board_motor_status.h
[0.469s] -- Up-to-date: /home/administrator/Masterproject2/20_ROS/src/Robots/install/mir_msgs/include/mir_msgs/mir_msgs/msg/service_response_header.h
[0.469s] -- Up-to-date: /home/administrator/Masterproject2/20_ROS/src/Robots/install/mir_msgs/include/mir_msgs/mir_msgs/msg/sound_event.h
[0.469s] -- Up-to-date: /home/administrator/Masterproject2/20_ROS/src/Robots/install/mir_msgs/include/mir_msgs/mir_msgs/msg/devices.h
[0.469s] -- Up-to-date: /home/administrator/Masterproject2/20_ROS/src/Robots/install/mir_msgs/include/mir_msgs/mir_msgs/msg/plan_segments.h
[0.469s] -- Up-to-date: /home/administrator/Masterproject2/20_ROS/src/Robots/install/mir_msgs/include/mir_msgs/mir_msgs/msg/robot_state.h
[0.469s] -- Up-to-date: /home/administrator/Masterproject2/20_ROS/src/Robots/install/mir_msgs/include/mir_msgs/mir_msgs/msg/error.h
[0.469s] -- Up-to-date: /home/administrator/Masterproject2/20_ROS/src/Robots/install/mir_msgs/include/mir_msgs/mir_msgs/msg/brake_state.h
[0.470s] -- Up-to-date: /home/administrator/Masterproject2/20_ROS/src/Robots/install/mir_msgs/include/mir_msgs/mir_msgs/msg/world_model.h
[0.470s] -- Up-to-date: /home/administrator/Masterproject2/20_ROS/src/Robots/install/mir_msgs/include/mir_msgs/mir_msgs/msg/detail
[0.470s] -- Up-to-date: /home/administrator/Masterproject2/20_ROS/src/Robots/install/mir_msgs/include/mir_msgs/mir_msgs/msg/detail/moving_state__functions.h
[0.470s] -- Up-to-date: /home/administrator/Masterproject2/20_ROS/src/Robots/install/mir_msgs/include/mir_msgs/mir_msgs/msg/detail/mission_ctrl_command__type_support.h
[0.470s] -- Up-to-date: /home/administrator/Masterproject2/20_ROS/src/Robots/install/mir_msgs/include/mir_msgs/mir_msgs/msg/detail/stamped_encoders__description.c
[0.471s] -- Up-to-date: /home/administrator/Masterproject2/20_ROS/src/Robots/install/mir_msgs/include/mir_msgs/mir_msgs/msg/detail/bms_data__description.c
[0.471s] -- Up-to-date: /home/administrator/Masterproject2/20_ROS/src/Robots/install/mir_msgs/include/mir_msgs/mir_msgs/msg/detail/i_os__functions.h
[0.472s] -- Up-to-date: /home/administrator/Masterproject2/20_ROS/src/Robots/install/mir_msgs/include/mir_msgs/mir_msgs/msg/detail/twist2_d__functions.h
[0.472s] -- Up-to-date: /home/administrator/Masterproject2/20_ROS/src/Robots/install/mir_msgs/include/mir_msgs/mir_msgs/msg/detail/hook_data__description.c
[0.472s] -- Up-to-date: /home/administrator/Masterproject2/20_ROS/src/Robots/install/mir_msgs/include/mir_msgs/mir_msgs/msg/detail/i_os__description.c
[0.472s] -- Up-to-date: /home/administrator/Masterproject2/20_ROS/src/Robots/install/mir_msgs/include/mir_msgs/mir_msgs/msg/detail/mission_ctrl_state__struct.h
[0.472s] -- Up-to-date: /home/administrator/Masterproject2/20_ROS/src/Robots/install/mir_msgs/include/mir_msgs/mir_msgs/msg/detail/resources_acquisition__struct.h
[0.472s] -- Installing: /home/administrator/Masterproject2/20_ROS/src/Robots/install/mir_msgs/include/mir_msgs/mir_msgs/msg/detail/pendant__type_support.c
[0.472s] -- Up-to-date: /home/administrator/Masterproject2/20_ROS/src/Robots/install/mir_msgs/include/mir_msgs/mir_msgs/msg/detail/angle_measurment__type_support.h
[0.472s] -- Up-to-date: /home/administrator/Masterproject2/20_ROS/src/Robots/install/mir_msgs/include/mir_msgs/mir_msgs/msg/detail/skid_detection_diff__type_support.h
[0.472s] -- Up-to-date: /home/administrator/Masterproject2/20_ROS/src/Robots/install/mir_msgs/include/mir_msgs/mir_msgs/msg/detail/trolley__functions.c
[0.472s] -- Up-to-date: /home/administrator/Masterproject2/20_ROS/src/Robots/install/mir_msgs/include/mir_msgs/mir_msgs/msg/detail/path__type_support.h
[0.473s] -- Up-to-date: /home/administrator/Masterproject2/20_ROS/src/Robots/install/mir_msgs/include/mir_msgs/mir_msgs/msg/detail/pose2_d__type_support.h
[0.473s] -- Up-to-date: /home/administrator/Masterproject2/20_ROS/src/Robots/install/mir_msgs/include/mir_msgs/mir_msgs/msg/detail/hook_status__functions.h
[0.473s] -- Up-to-date: /home/administrator/Masterproject2/20_ROS/src/Robots/install/mir_msgs/include/mir_msgs/mir_msgs/msg/detail/events__functions.c
[0.473s] -- Installing: /home/administrator/Masterproject2/20_ROS/src/Robots/install/mir_msgs/include/mir_msgs/mir_msgs/msg/detail/bms_data__type_support.c
[0.473s] -- Up-to-date: /home/administrator/Masterproject2/20_ROS/src/Robots/install/mir_msgs/include/mir_msgs/mir_msgs/msg/detail/i_os__struct.h
[0.473s] -- Up-to-date: /home/administrator/Masterproject2/20_ROS/src/Robots/install/mir_msgs/include/mir_msgs/mir_msgs/msg/detail/mission_ctrl_state__functions.h
[0.473s] -- Up-to-date: /home/administrator/Masterproject2/20_ROS/src/Robots/install/mir_msgs/include/mir_msgs/mir_msgs/msg/detail/resources_acquisition__functions.c
[0.473s] -- Up-to-date: /home/administrator/Masterproject2/20_ROS/src/Robots/install/mir_msgs/include/mir_msgs/mir_msgs/msg/detail/robot_state__description.c
[0.473s] -- Up-to-date: /home/administrator/Masterproject2/20_ROS/src/Robots/install/mir_msgs/include/mir_msgs/mir_msgs/msg/detail/external_robot__type_support.h
[0.473s] -- Up-to-date: /home/administrator/Masterproject2/20_ROS/src/Robots/install/mir_msgs/include/mir_msgs/mir_msgs/msg/detail/mir_extra__type_support.h
[0.473s] -- Up-to-date: /home/administrator/Masterproject2/20_ROS/src/Robots/install/mir_msgs/include/mir_msgs/mir_msgs/msg/detail/world_model__type_support.h
[0.473s] -- Up-to-date: /home/administrator/Masterproject2/20_ROS/src/Robots/install/mir_msgs/include/mir_msgs/mir_msgs/msg/detail/mission_ctrl_command__functions.h
[0.473s] -- Installing: /home/administrator/Masterproject2/20_ROS/src/Robots/install/mir_msgs/include/mir_msgs/mir_msgs/msg/detail/robot_status__type_support.c
[0.473s] -- Up-to-date: /home/administrator/Masterproject2/20_ROS/src/Robots/install/mir_msgs/include/mir_msgs/mir_msgs/msg/detail/precision_docking_status__functions.c
[0.473s] -- Up-to-date: /home/administrator/Masterproject2/20_ROS/src/Robots/install/mir_msgs/include/mir_msgs/mir_msgs/msg/detail/power_board_motor_status__type_support.h
[0.473s] -- Up-to-date: /home/administrator/Masterproject2/20_ROS/src/Robots/install/mir_msgs/include/mir_msgs/mir_msgs/msg/detail/event__description.c
[0.473s] -- Up-to-date: /home/administrator/Masterproject2/20_ROS/src/Robots/install/mir_msgs/include/mir_msgs/mir_msgs/msg/detail/joystick_vel__functions.h
[0.473s] -- Up-to-date: /home/administrator/Masterproject2/20_ROS/src/Robots/install/mir_msgs/include/mir_msgs/mir_msgs/msg/detail/height_state__type_support.h
[0.473s] -- Up-to-date: /home/administrator/Masterproject2/20_ROS/src/Robots/install/mir_msgs/include/mir_msgs/mir_msgs/msg/detail/proximity__type_support.h
[0.473s] -- Up-to-date: /home/administrator/Masterproject2/20_ROS/src/Robots/install/mir_msgs/include/mir_msgs/mir_msgs/msg/detail/battery_currents__description.c
[0.473s] -- Up-to-date: /home/administrator/Masterproject2/20_ROS/src/Robots/install/mir_msgs/include/mir_msgs/mir_msgs/msg/detail/sound_event__description.c
[0.473s] -- Installing: /home/administrator/Masterproject2/20_ROS/src/Robots/install/mir_msgs/include/mir_msgs/mir_msgs/msg/detail/time_debug__type_support.c
[0.473s] -- Up-to-date: /home/administrator/Masterproject2/20_ROS/src/Robots/install/mir_msgs/include/mir_msgs/mir_msgs/msg/detail/joystick_vel__struct.h
[0.474s] -- Up-to-date: /home/administrator/Masterproject2/20_ROS/src/Robots/install/mir_msgs/include/mir_msgs/mir_msgs/msg/detail/hook_status__type_support.h
[0.474s] -- Up-to-date: /home/administrator/Masterproject2/20_ROS/src/Robots/install/mir_msgs/include/mir_msgs/mir_msgs/msg/detail/encoders__struct.h
[0.474s] -- Installing: /home/administrator/Masterproject2/20_ROS/src/Robots/install/mir_msgs/include/mir_msgs/mir_msgs/msg/detail/mission_ctrl_state__type_support.c
[0.474s] -- Up-to-date: /home/administrator/Masterproject2/20_ROS/src/Robots/install/mir_msgs/include/mir_msgs/mir_msgs/msg/detail/external_robots__description.c
[0.474s] -- Up-to-date: /home/administrator/Masterproject2/20_ROS/src/Robots/install/mir_msgs/include/mir_msgs/mir_msgs/msg/detail/twist2_d__description.c
[0.474s] -- Up-to-date: /home/administrator/Masterproject2/20_ROS/src/Robots/install/mir_msgs/include/mir_msgs/mir_msgs/msg/detail/mission_ctrl_state__description.c
[0.474s] -- Up-to-date: /home/administrator/Masterproject2/20_ROS/src/Robots/install/mir_msgs/include/mir_msgs/mir_msgs/msg/detail/devices__functions.c
[0.474s] -- Up-to-date: /home/administrator/Masterproject2/20_ROS/src/Robots/install/mir_msgs/include/mir_msgs/mir_msgs/msg/detail/world_map__functions.c
[0.474s] -- Up-to-date: /home/administrator/Masterproject2/20_ROS/src/Robots/install/mir_msgs/include/mir_msgs/mir_msgs/msg/detail/skid_detection_stamped_float__functions.h
[0.474s] -- Up-to-date: /home/administrator/Masterproject2/20_ROS/src/Robots/install/mir_msgs/include/mir_msgs/mir_msgs/msg/detail/pendant__struct.h
[0.474s] -- Up-to-date: /home/administrator/Masterproject2/20_ROS/src/Robots/install/mir_msgs/include/mir_msgs/mir_msgs/msg/detail/hook_extended_status__type_support.h
[0.474s] -- Up-to-date: /home/administrator/Masterproject2/20_ROS/src/Robots/install/mir_msgs/include/mir_msgs/mir_msgs/msg/detail/brake_state__type_support.h
[0.474s] -- Up-to-date: /home/administrator/Masterproject2/20_ROS/src/Robots/install/mir_msgs/include/mir_msgs/mir_msgs/msg/detail/world_model__functions.h
[0.474s] -- Up-to-date: /home/administrator/Masterproject2/20_ROS/src/Robots/install/mir_msgs/include/mir_msgs/mir_msgs/msg/detail/robot_mode__functions.c
[0.474s] -- Installing: /home/administrator/Masterproject2/20_ROS/src/Robots/install/mir_msgs/include/mir_msgs/mir_msgs/msg/detail/skid_detection_diff__type_support.c
[0.475s] -- Up-to-date: /home/administrator/Masterproject2/20_ROS/src/Robots/install/mir_msgs/include/mir_msgs/mir_msgs/msg/detail/mission_ctrl_command__description.c
[0.475s] -- Up-to-date: /home/administrator/Masterproject2/20_ROS/src/Robots/install/mir_msgs/include/mir_msgs/mir_msgs/msg/detail/events__type_support.h
[0.475s] -- Up-to-date: /home/administrator/Masterproject2/20_ROS/src/Robots/install/mir_msgs/include/mir_msgs/mir_msgs/msg/detail/error__type_support.h
[0.475s] -- Installing: /home/administrator/Masterproject2/20_ROS/src/Robots/install/mir_msgs/include/mir_msgs/mir_msgs/msg/detail/brake_state__type_support.c
[0.475s] -- Installing: /home/administrator/Masterproject2/20_ROS/src/Robots/install/mir_msgs/include/mir_msgs/mir_msgs/msg/detail/plan_segment__type_support.c
[0.475s] -- Up-to-date: /home/administrator/Masterproject2/20_ROS/src/Robots/install/mir_msgs/include/mir_msgs/mir_msgs/msg/detail/skid_detection_stamped_float__description.c
[0.475s] -- Up-to-date: /home/administrator/Masterproject2/20_ROS/src/Robots/install/mir_msgs/include/mir_msgs/mir_msgs/msg/detail/pose2_d__functions.c
[0.475s] -- Up-to-date: /home/administrator/Masterproject2/20_ROS/src/Robots/install/mir_msgs/include/mir_msgs/mir_msgs/msg/detail/devices__description.c
[0.475s] -- Up-to-date: /home/administrator/Masterproject2/20_ROS/src/Robots/install/mir_msgs/include/mir_msgs/mir_msgs/msg/detail/event__functions.c
[0.475s] -- Up-to-date: /home/administrator/Masterproject2/20_ROS/src/Robots/install/mir_msgs/include/mir_msgs/mir_msgs/msg/detail/events__struct.h
[0.475s] -- Installing: /home/administrator/Masterproject2/20_ROS/src/Robots/install/mir_msgs/include/mir_msgs/mir_msgs/msg/detail/event__type_support.c
[0.475s] -- Up-to-date: /home/administrator/Masterproject2/20_ROS/src/Robots/install/mir_msgs/include/mir_msgs/mir_msgs/msg/detail/world_model__description.c
[0.475s] -- Up-to-date: /home/administrator/Masterproject2/20_ROS/src/Robots/install/mir_msgs/include/mir_msgs/mir_msgs/msg/detail/local_map_stat__description.c
[0.475s] -- Up-to-date: /home/administrator/Masterproject2/20_ROS/src/Robots/install/mir_msgs/include/mir_msgs/mir_msgs/msg/detail/devices__type_support.h
[0.475s] -- Up-to-date: /home/administrator/Masterproject2/20_ROS/src/Robots/install/mir_msgs/include/mir_msgs/mir_msgs/msg/detail/safety_status__struct.h
[0.475s] -- Up-to-date: /home/administrator/Masterproject2/20_ROS/src/Robots/install/mir_msgs/include/mir_msgs/mir_msgs/msg/detail/pallet_lifter_status__type_support.h
[0.475s] -- Up-to-date: /home/administrator/Masterproject2/20_ROS/src/Robots/install/mir_msgs/include/mir_msgs/mir_msgs/msg/detail/resource_state__type_support.h
[0.476s] -- Up-to-date: /home/administrator/Masterproject2/20_ROS/src/Robots/install/mir_msgs/include/mir_msgs/mir_msgs/msg/detail/stamped_encoders__type_support.h
[0.476s] -- Up-to-date: /home/administrator/Masterproject2/20_ROS/src/Robots/install/mir_msgs/include/mir_msgs/mir_msgs/msg/detail/time_debug__functions.h
[0.476s] -- Installing: /home/administrator/Masterproject2/20_ROS/src/Robots/install/mir_msgs/include/mir_msgs/mir_msgs/msg/detail/hook_extended_status__type_support.c
[0.476s] -- Up-to-date: /home/administrator/Masterproject2/20_ROS/src/Robots/install/mir_msgs/include/mir_msgs/mir_msgs/msg/detail/moving_state__type_support.h
[0.476s] -- Installing: /home/administrator/Masterproject2/20_ROS/src/Robots/install/mir_msgs/include/mir_msgs/mir_msgs/msg/detail/moving_state__type_support.c
[0.476s] -- Up-to-date: /home/administrator/Masterproject2/20_ROS/src/Robots/install/mir_msgs/include/mir_msgs/mir_msgs/msg/detail/mission_ctrl_command__struct.h
[0.476s] -- Up-to-date: /home/administrator/Masterproject2/20_ROS/src/Robots/install/mir_msgs/include/mir_msgs/mir_msgs/msg/detail/hook_status__description.c
[0.476s] -- Up-to-date: /home/administrator/Masterproject2/20_ROS/src/Robots/install/mir_msgs/include/mir_msgs/mir_msgs/msg/detail/time_debug__functions.c
[0.476s] -- Up-to-date: /home/administrator/Masterproject2/20_ROS/src/Robots/install/mir_msgs/include/mir_msgs/mir_msgs/msg/detail/web_path__functions.c
[0.476s] -- Up-to-date: /home/administrator/Masterproject2/20_ROS/src/Robots/install/mir_msgs/include/mir_msgs/mir_msgs/msg/detail/angle_measurment__functions.c
[0.476s] -- Up-to-date: /home/administrator/Masterproject2/20_ROS/src/Robots/install/mir_msgs/include/mir_msgs/mir_msgs/msg/detail/moving_state__struct.h
[0.476s] -- Installing: /home/administrator/Masterproject2/20_ROS/src/Robots/install/mir_msgs/include/mir_msgs/mir_msgs/msg/detail/user_prompt__type_support.c
[0.476s] -- Up-to-date: /home/administrator/Masterproject2/20_ROS/src/Robots/install/mir_msgs/include/mir_msgs/mir_msgs/msg/detail/path__struct.h
[0.476s] -- Up-to-date: /home/administrator/Masterproject2/20_ROS/src/Robots/install/mir_msgs/include/mir_msgs/mir_msgs/msg/detail/battery_currents__functions.c
[0.476s] -- Up-to-date: /home/administrator/Masterproject2/20_ROS/src/Robots/install/mir_msgs/include/mir_msgs/mir_msgs/msg/detail/hook_data__functions.h
[0.476s] -- Up-to-date: /home/administrator/Masterproject2/20_ROS/src/Robots/install/mir_msgs/include/mir_msgs/mir_msgs/msg/detail/external_robots__functions.h
[0.476s] -- Installing: /home/administrator/Masterproject2/20_ROS/src/Robots/install/mir_msgs/include/mir_msgs/mir_msgs/msg/detail/mir_extra__type_support.c
[0.476s] -- Up-to-date: /home/administrator/Masterproject2/20_ROS/src/Robots/install/mir_msgs/include/mir_msgs/mir_msgs/msg/detail/hook_status__struct.h
[0.476s] -- Up-to-date: /home/administrator/Masterproject2/20_ROS/src/Robots/install/mir_msgs/include/mir_msgs/mir_msgs/msg/detail/stamped_encoders__struct.h
[0.476s] -- Up-to-date: /home/administrator/Masterproject2/20_ROS/src/Robots/install/mir_msgs/include/mir_msgs/mir_msgs/msg/detail/brake_state__description.c
[0.476s] -- Up-to-date: /home/administrator/Masterproject2/20_ROS/src/Robots/install/mir_msgs/include/mir_msgs/mir_msgs/msg/detail/devices__functions.h
[0.476s] -- Up-to-date: /home/administrator/Masterproject2/20_ROS/src/Robots/install/mir_msgs/include/mir_msgs/mir_msgs/msg/detail/charging_state__description.c
[0.476s] -- Installing: /home/administrator/Masterproject2/20_ROS/src/Robots/install/mir_msgs/include/mir_msgs/mir_msgs/msg/detail/world_model__type_support.c
[0.477s] -- Installing: /home/administrator/Masterproject2/20_ROS/src/Robots/install/mir_msgs/include/mir_msgs/mir_msgs/msg/detail/plan_segments__type_support.c
[0.477s] -- Up-to-date: /home/administrator/Masterproject2/20_ROS/src/Robots/install/mir_msgs/include/mir_msgs/mir_msgs/msg/detail/encoders__functions.c
[0.477s] -- Up-to-date: /home/administrator/Masterproject2/20_ROS/src/Robots/install/mir_msgs/include/mir_msgs/mir_msgs/msg/detail/power_board_motor_status__functions.c
[0.477s] -- Up-to-date: /home/administrator/Masterproject2/20_ROS/src/Robots/install/mir_msgs/include/mir_msgs/mir_msgs/msg/detail/skid_detection_diff__functions.c
[0.477s] -- Up-to-date: /home/administrator/Masterproject2/20_ROS/src/Robots/install/mir_msgs/include/mir_msgs/mir_msgs/msg/detail/pallet_lifter_status__description.c
[0.477s] -- Installing: /home/administrator/Masterproject2/20_ROS/src/Robots/install/mir_msgs/include/mir_msgs/mir_msgs/msg/detail/skid_detection_stamped_float__type_support.c
[0.477s] -- Up-to-date: /home/administrator/Masterproject2/20_ROS/src/Robots/install/mir_msgs/include/mir_msgs/mir_msgs/msg/detail/event__functions.h
[0.477s] -- Up-to-date: /home/administrator/Masterproject2/20_ROS/src/Robots/install/mir_msgs/include/mir_msgs/mir_msgs/msg/detail/pendant__functions.h
[0.477s] -- Up-to-date: /home/administrator/Masterproject2/20_ROS/src/Robots/install/mir_msgs/include/mir_msgs/mir_msgs/msg/detail/user_prompt__functions.h
[0.477s] -- Up-to-date: /home/administrator/Masterproject2/20_ROS/src/Robots/install/mir_msgs/include/mir_msgs/mir_msgs/msg/detail/brake_state__functions.h
[0.477s] -- Up-to-date: /home/administrator/Masterproject2/20_ROS/src/Robots/install/mir_msgs/include/mir_msgs/mir_msgs/msg/detail/sound_event__type_support.h
[0.477s] -- Up-to-date: /home/administrator/Masterproject2/20_ROS/src/Robots/install/mir_msgs/include/mir_msgs/mir_msgs/msg/detail/battery_currents__type_support.h
[0.477s] -- Installing: /home/administrator/Masterproject2/20_ROS/src/Robots/install/mir_msgs/include/mir_msgs/mir_msgs/msg/detail/resources_state__type_support.c
[0.477s] -- Up-to-date: /home/administrator/Masterproject2/20_ROS/src/Robots/install/mir_msgs/include/mir_msgs/mir_msgs/msg/detail/moving_state__functions.c
[0.477s] -- Installing: /home/administrator/Masterproject2/20_ROS/src/Robots/install/mir_msgs/include/mir_msgs/mir_msgs/msg/detail/joystick_vel__type_support.c
[0.477s] -- Up-to-date: /home/administrator/Masterproject2/20_ROS/src/Robots/install/mir_msgs/include/mir_msgs/mir_msgs/msg/detail/angle_measurment__description.c
[0.477s] -- Up-to-date: /home/administrator/Masterproject2/20_ROS/src/Robots/install/mir_msgs/include/mir_msgs/mir_msgs/msg/detail/bms_data__functions.h
[0.477s] -- Up-to-date: /home/administrator/Masterproject2/20_ROS/src/Robots/install/mir_msgs/include/mir_msgs/mir_msgs/msg/detail/time_debug__struct.h
[0.477s] -- Up-to-date: /home/administrator/Masterproject2/20_ROS/src/Robots/install/mir_msgs/include/mir_msgs/mir_msgs/msg/detail/robot_status__struct.h
[0.477s] -- Up-to-date: /home/administrator/Masterproject2/20_ROS/src/Robots/install/mir_msgs/include/mir_msgs/mir_msgs/msg/detail/user_prompt__functions.c
[0.477s] -- Up-to-date: /home/administrator/Masterproject2/20_ROS/src/Robots/install/mir_msgs/include/mir_msgs/mir_msgs/msg/detail/charging_state__functions.c
[0.478s] -- Up-to-date: /home/administrator/Masterproject2/20_ROS/src/Robots/install/mir_msgs/include/mir_msgs/mir_msgs/msg/detail/world_model__struct.h
[0.478s] -- Up-to-date: /home/administrator/Masterproject2/20_ROS/src/Robots/install/mir_msgs/include/mir_msgs/mir_msgs/msg/detail/service_response_header__struct.h
[0.478s] -- Up-to-date: /home/administrator/Masterproject2/20_ROS/src/Robots/install/mir_msgs/include/mir_msgs/mir_msgs/msg/detail/stamped_encoders__functions.h
[0.478s] -- Up-to-date: /home/administrator/Masterproject2/20_ROS/src/Robots/install/mir_msgs/include/mir_msgs/mir_msgs/msg/detail/skid_detection_diff__struct.h
[0.478s] -- Up-to-date: /home/administrator/Masterproject2/20_ROS/src/Robots/install/mir_msgs/include/mir_msgs/mir_msgs/msg/detail/plan_segments__functions.c
[0.478s] -- Installing: /home/administrator/Masterproject2/20_ROS/src/Robots/install/mir_msgs/include/mir_msgs/mir_msgs/msg/detail/world_map__type_support.c
[0.478s] -- Up-to-date: /home/administrator/Masterproject2/20_ROS/src/Robots/install/mir_msgs/include/mir_msgs/mir_msgs/msg/detail/hook_extended_status__struct.h
[0.478s] -- Up-to-date: /home/administrator/Masterproject2/20_ROS/src/Robots/install/mir_msgs/include/mir_msgs/mir_msgs/msg/detail/web_path__description.c
[0.478s] -- Installing: /home/administrator/Masterproject2/20_ROS/src/Robots/install/mir_msgs/include/mir_msgs/mir_msgs/msg/detail/safety_status__type_support.c
[0.478s] -- Installing: /home/administrator/Masterproject2/20_ROS/src/Robots/install/mir_msgs/include/mir_msgs/mir_msgs/msg/detail/events__type_support.c
[0.478s] -- Up-to-date: /home/administrator/Masterproject2/20_ROS/src/Robots/install/mir_msgs/include/mir_msgs/mir_msgs/msg/detail/mission_ctrl_command__functions.c
[0.478s] -- Up-to-date: /home/administrator/Masterproject2/20_ROS/src/Robots/install/mir_msgs/include/mir_msgs/mir_msgs/msg/detail/brake_state__functions.c
[0.478s] -- Up-to-date: /home/administrator/Masterproject2/20_ROS/src/Robots/install/mir_msgs/include/mir_msgs/mir_msgs/msg/detail/error__struct.h
[0.478s] -- Up-to-date: /home/administrator/Masterproject2/20_ROS/src/Robots/install/mir_msgs/include/mir_msgs/mir_msgs/msg/detail/encoders__type_support.h
[0.478s] -- Up-to-date: /home/administrator/Masterproject2/20_ROS/src/Robots/install/mir_msgs/include/mir_msgs/mir_msgs/msg/detail/height_state__functions.c
[0.478s] -- Up-to-date: /home/administrator/Masterproject2/20_ROS/src/Robots/install/mir_msgs/include/mir_msgs/mir_msgs/msg/detail/safety_status__type_support.h
[0.478s] -- Up-to-date: /home/administrator/Masterproject2/20_ROS/src/Robots/install/mir_msgs/include/mir_msgs/mir_msgs/msg/detail/battery_currents__functions.h
[0.478s] -- Up-to-date: /home/administrator/Masterproject2/20_ROS/src/Robots/install/mir_msgs/include/mir_msgs/mir_msgs/msg/detail/hook_extended_status__functions.c
[0.478s] -- Up-to-date: /home/administrator/Masterproject2/20_ROS/src/Robots/install/mir_msgs/include/mir_msgs/mir_msgs/msg/detail/battery_currents__struct.h
[0.478s] -- Up-to-date: /home/administrator/Masterproject2/20_ROS/src/Robots/install/mir_msgs/include/mir_msgs/mir_msgs/msg/detail/mir_extra__struct.h
[0.478s] -- Up-to-date: /home/administrator/Masterproject2/20_ROS/src/Robots/install/mir_msgs/include/mir_msgs/mir_msgs/msg/detail/plan_segments__functions.h
[0.478s] -- Up-to-date: /home/administrator/Masterproject2/20_ROS/src/Robots/install/mir_msgs/include/mir_msgs/mir_msgs/msg/detail/sound_event__functions.h
[0.479s] -- Installing: /home/administrator/Masterproject2/20_ROS/src/Robots/install/mir_msgs/include/mir_msgs/mir_msgs/msg/detail/robot_state__type_support.c
[0.479s] -- Up-to-date: /home/administrator/Masterproject2/20_ROS/src/Robots/install/mir_msgs/include/mir_msgs/mir_msgs/msg/detail/event__type_support.h
[0.479s] -- Up-to-date: /home/administrator/Masterproject2/20_ROS/src/Robots/install/mir_msgs/include/mir_msgs/mir_msgs/msg/detail/bms_data__struct.h
[0.479s] -- Up-to-date: /home/administrator/Masterproject2/20_ROS/src/Robots/install/mir_msgs/include/mir_msgs/mir_msgs/msg/detail/robot_state__type_support.h
[0.479s] -- Up-to-date: /home/administrator/Masterproject2/20_ROS/src/Robots/install/mir_msgs/include/mir_msgs/mir_msgs/msg/detail/resource_state__struct.h
[0.479s] -- Up-to-date: /home/administrator/Masterproject2/20_ROS/src/Robots/install/mir_msgs/include/mir_msgs/mir_msgs/msg/detail/resource_state__description.c
[0.479s] -- Up-to-date: /home/administrator/Masterproject2/20_ROS/src/Robots/install/mir_msgs/include/mir_msgs/mir_msgs/msg/detail/joystick_vel__functions.c
[0.479s] -- Up-to-date: /home/administrator/Masterproject2/20_ROS/src/Robots/install/mir_msgs/include/mir_msgs/mir_msgs/msg/detail/mir_extra__functions.h
[0.479s] -- Up-to-date: /home/administrator/Masterproject2/20_ROS/src/Robots/install/mir_msgs/include/mir_msgs/mir_msgs/msg/detail/devices__struct.h
[0.479s] -- Installing: /home/administrator/Masterproject2/20_ROS/src/Robots/install/mir_msgs/include/mir_msgs/mir_msgs/msg/detail/charging_state__type_support.c
[0.479s] -- Up-to-date: /home/administrator/Masterproject2/20_ROS/src/Robots/install/mir_msgs/include/mir_msgs/mir_msgs/msg/detail/bms_data__functions.c
[0.479s] -- Up-to-date: /home/administrator/Masterproject2/20_ROS/src/Robots/install/mir_msgs/include/mir_msgs/mir_msgs/msg/detail/resources_state__description.c
[0.480s] -- Up-to-date: /home/administrator/Masterproject2/20_ROS/src/Robots/install/mir_msgs/include/mir_msgs/mir_msgs/msg/detail/encoders__description.c
[0.480s] -- Up-to-date: /home/administrator/Masterproject2/20_ROS/src/Robots/install/mir_msgs/include/mir_msgs/mir_msgs/msg/detail/mir_local_planner_path_types__description.c
[0.481s] -- Up-to-date: /home/administrator/Masterproject2/20_ROS/src/Robots/install/mir_msgs/include/mir_msgs/mir_msgs/msg/detail/user_prompt__description.c
[0.481s] -- Up-to-date: /home/administrator/Masterproject2/20_ROS/src/Robots/install/mir_msgs/include/mir_msgs/mir_msgs/msg/detail/device__description.c
[0.481s] -- Up-to-date: /home/administrator/Masterproject2/20_ROS/src/Robots/install/mir_msgs/include/mir_msgs/mir_msgs/msg/detail/gpio__functions.h
[0.481s] -- Up-to-date: /home/administrator/Masterproject2/20_ROS/src/Robots/install/mir_msgs/include/mir_msgs/mir_msgs/msg/detail/gpio__description.c
[0.481s] -- Installing: /home/administrator/Masterproject2/20_ROS/src/Robots/install/mir_msgs/include/mir_msgs/mir_msgs/msg/detail/gripper_state__type_support.c
[0.481s] -- Up-to-date: /home/administrator/Masterproject2/20_ROS/src/Robots/install/mir_msgs/include/mir_msgs/mir_msgs/msg/detail/world_map__description.c
[0.481s] -- Up-to-date: /home/administrator/Masterproject2/20_ROS/src/Robots/install/mir_msgs/include/mir_msgs/mir_msgs/msg/detail/resources_state__type_support.h
[0.481s] -- Up-to-date: /home/administrator/Masterproject2/20_ROS/src/Robots/install/mir_msgs/include/mir_msgs/mir_msgs/msg/detail/hook_extended_status__functions.h
[0.481s] -- Installing: /home/administrator/Masterproject2/20_ROS/src/Robots/install/mir_msgs/include/mir_msgs/mir_msgs/msg/detail/mission_ctrl_command__type_support.c
[0.481s] -- Up-to-date: /home/administrator/Masterproject2/20_ROS/src/Robots/install/mir_msgs/include/mir_msgs/mir_msgs/msg/detail/gpio__functions.c
[0.482s] -- Installing: /home/administrator/Masterproject2/20_ROS/src/Robots/install/mir_msgs/include/mir_msgs/mir_msgs/msg/detail/robot_mode__type_support.c
[0.482s] -- Up-to-date: /home/administrator/Masterproject2/20_ROS/src/Robots/install/mir_msgs/include/mir_msgs/mir_msgs/msg/detail/path__functions.c
[0.482s] -- Up-to-date: /home/administrator/Masterproject2/20_ROS/src/Robots/install/mir_msgs/include/mir_msgs/mir_msgs/msg/detail/device__struct.h
[0.482s] -- Up-to-date: /home/administrator/Masterproject2/20_ROS/src/Robots/install/mir_msgs/include/mir_msgs/mir_msgs/msg/detail/web_path__struct.h
[0.482s] -- Installing: /home/administrator/Masterproject2/20_ROS/src/Robots/install/mir_msgs/include/mir_msgs/mir_msgs/msg/detail/pose2_d__type_support.c
[0.482s] -- Up-to-date: /home/administrator/Masterproject2/20_ROS/src/Robots/install/mir_msgs/include/mir_msgs/mir_msgs/msg/detail/service_response_header__description.c
[0.482s] -- Up-to-date: /home/administrator/Masterproject2/20_ROS/src/Robots/install/mir_msgs/include/mir_msgs/mir_msgs/msg/detail/device__functions.c
[0.482s] -- Up-to-date: /home/administrator/Masterproject2/20_ROS/src/Robots/install/mir_msgs/include/mir_msgs/mir_msgs/msg/detail/event__struct.h
[0.482s] -- Up-to-date: /home/administrator/Masterproject2/20_ROS/src/Robots/install/mir_msgs/include/mir_msgs/mir_msgs/msg/detail/power_board_motor_status__description.c
[0.482s] -- Up-to-date: /home/administrator/Masterproject2/20_ROS/src/Robots/install/mir_msgs/include/mir_msgs/mir_msgs/msg/detail/trolley__struct.h
[0.482s] -- Up-to-date: /home/administrator/Masterproject2/20_ROS/src/Robots/install/mir_msgs/include/mir_msgs/mir_msgs/msg/detail/error__functions.h
[0.483s] -- Up-to-date: /home/administrator/Masterproject2/20_ROS/src/Robots/install/mir_msgs/include/mir_msgs/mir_msgs/msg/detail/plan_segment__functions.c
[0.483s] -- Up-to-date: /home/administrator/Masterproject2/20_ROS/src/Robots/install/mir_msgs/include/mir_msgs/mir_msgs/msg/detail/trolley__description.c
[0.483s] -- Up-to-date: /home/administrator/Masterproject2/20_ROS/src/Robots/install/mir_msgs/include/mir_msgs/mir_msgs/msg/detail/robot_state__struct.h
[0.483s] -- Installing: /home/administrator/Masterproject2/20_ROS/src/Robots/install/mir_msgs/include/mir_msgs/mir_msgs/msg/detail/external_robot__type_support.c
[0.483s] -- Up-to-date: /home/administrator/Masterproject2/20_ROS/src/Robots/install/mir_msgs/include/mir_msgs/mir_msgs/msg/detail/gpio__struct.h
[0.483s] -- Up-to-date: /home/administrator/Masterproject2/20_ROS/src/Robots/install/mir_msgs/include/mir_msgs/mir_msgs/msg/detail/precision_docking_status__type_support.h
[0.484s] -- Up-to-date: /home/administrator/Masterproject2/20_ROS/src/Robots/install/mir_msgs/include/mir_msgs/mir_msgs/msg/detail/brake_state__struct.h
[0.484s] -- Up-to-date: /home/administrator/Masterproject2/20_ROS/src/Robots/install/mir_msgs/include/mir_msgs/mir_msgs/msg/detail/power_board_motor_status__functions.h
[0.484s] -- Installing: /home/administrator/Masterproject2/20_ROS/src/Robots/install/mir_msgs/include/mir_msgs/mir_msgs/msg/detail/battery_currents__type_support.c
[0.484s] -- Up-to-date: /home/administrator/Masterproject2/20_ROS/src/Robots/install/mir_msgs/include/mir_msgs/mir_msgs/msg/detail/service_response_header__type_support.h
[0.485s] -- Up-to-date: /home/administrator/Masterproject2/20_ROS/src/Robots/install/mir_msgs/include/mir_msgs/mir_msgs/msg/detail/twist2_d__functions.c
[0.485s] -- Up-to-date: /home/administrator/Masterproject2/20_ROS/src/Robots/install/mir_msgs/include/mir_msgs/mir_msgs/msg/detail/robot_status__functions.h
[0.485s] -- Installing: /home/administrator/Masterproject2/20_ROS/src/Robots/install/mir_msgs/include/mir_msgs/mir_msgs/msg/detail/height_state__type_support.c
[0.485s] -- Up-to-date: /home/administrator/Masterproject2/20_ROS/src/Robots/install/mir_msgs/include/mir_msgs/mir_msgs/msg/detail/mission_ctrl_state__functions.c
[0.485s] -- Installing: /home/administrator/Masterproject2/20_ROS/src/Robots/install/mir_msgs/include/mir_msgs/mir_msgs/msg/detail/path__type_support.c
[0.485s] -- Up-to-date: /home/administrator/Masterproject2/20_ROS/src/Robots/install/mir_msgs/include/mir_msgs/mir_msgs/msg/detail/encoder_test_entry__functions.c
[0.485s] -- Up-to-date: /home/administrator/Masterproject2/20_ROS/src/Robots/install/mir_msgs/include/mir_msgs/mir_msgs/msg/detail/gripper_state__description.c
[0.485s] -- Up-to-date: /home/administrator/Masterproject2/20_ROS/src/Robots/install/mir_msgs/include/mir_msgs/mir_msgs/msg/detail/device__type_support.h
[0.485s] -- Installing: /home/administrator/Masterproject2/20_ROS/src/Robots/install/mir_msgs/include/mir_msgs/mir_msgs/msg/detail/error__type_support.c
[0.485s] -- Up-to-date: /home/administrator/Masterproject2/20_ROS/src/Robots/install/mir_msgs/include/mir_msgs/mir_msgs/msg/detail/joystick_vel__type_support.h
[0.485s] -- Up-to-date: /home/administrator/Masterproject2/20_ROS/src/Robots/install/mir_msgs/include/mir_msgs/mir_msgs/msg/detail/skid_detection_stamped_float__struct.h
[0.485s] -- Installing: /home/administrator/Masterproject2/20_ROS/src/Robots/install/mir_msgs/include/mir_msgs/mir_msgs/msg/detail/gpio__type_support.c
[0.486s] -- Up-to-date: /home/administrator/Masterproject2/20_ROS/src/Robots/install/mir_msgs/include/mir_msgs/mir_msgs/msg/detail/mir_local_planner_path_types__struct.h
[0.486s] -- Up-to-date: /home/administrator/Masterproject2/20_ROS/src/Robots/install/mir_msgs/include/mir_msgs/mir_msgs/msg/detail/serial__functions.h
[0.486s] -- Up-to-date: /home/administrator/Masterproject2/20_ROS/src/Robots/install/mir_msgs/include/mir_msgs/mir_msgs/msg/detail/height_state__functions.h
[0.486s] -- Up-to-date: /home/administrator/Masterproject2/20_ROS/src/Robots/install/mir_msgs/include/mir_msgs/mir_msgs/msg/detail/charging_state__functions.h
[0.486s] -- Up-to-date: /home/administrator/Masterproject2/20_ROS/src/Robots/install/mir_msgs/include/mir_msgs/mir_msgs/msg/detail/encoder_test_entry__struct.h
[0.486s] -- Up-to-date: /home/administrator/Masterproject2/20_ROS/src/Robots/install/mir_msgs/include/mir_msgs/mir_msgs/msg/detail/mir_local_planner_path_types__functions.h
[0.486s] -- Up-to-date: /home/administrator/Masterproject2/20_ROS/src/Robots/install/mir_msgs/include/mir_msgs/mir_msgs/msg/detail/resources_state__functions.h
[0.486s] -- Up-to-date: /home/administrator/Masterproject2/20_ROS/src/Robots/install/mir_msgs/include/mir_msgs/mir_msgs/msg/detail/robot_mode__functions.h
[0.486s] -- Installing: /home/administrator/Masterproject2/20_ROS/src/Robots/install/mir_msgs/include/mir_msgs/mir_msgs/msg/detail/mir_local_planner_path_types__type_support.c
[0.486s] -- Up-to-date: /home/administrator/Masterproject2/20_ROS/src/Robots/install/mir_msgs/include/mir_msgs/mir_msgs/msg/detail/angle_measurment__functions.h
[0.486s] -- Up-to-date: /home/administrator/Masterproject2/20_ROS/src/Robots/install/mir_msgs/include/mir_msgs/mir_msgs/msg/detail/pose2_d__functions.h
[0.486s] -- Up-to-date: /home/administrator/Masterproject2/20_ROS/src/Robots/install/mir_msgs/include/mir_msgs/mir_msgs/msg/detail/i_os__type_support.h
[0.486s] -- Up-to-date: /home/administrator/Masterproject2/20_ROS/src/Robots/install/mir_msgs/include/mir_msgs/mir_msgs/msg/detail/proximity__functions.c
[0.486s] -- Installing: /home/administrator/Masterproject2/20_ROS/src/Robots/install/mir_msgs/include/mir_msgs/mir_msgs/msg/detail/twist2_d__type_support.c
[0.486s] -- Up-to-date: /home/administrator/Masterproject2/20_ROS/src/Robots/install/mir_msgs/include/mir_msgs/mir_msgs/msg/detail/robot_status__functions.c
[0.487s] -- Up-to-date: /home/administrator/Masterproject2/20_ROS/src/Robots/install/mir_msgs/include/mir_msgs/mir_msgs/msg/detail/external_robots__functions.c
[0.487s] -- Up-to-date: /home/administrator/Masterproject2/20_ROS/src/Robots/install/mir_msgs/include/mir_msgs/mir_msgs/msg/detail/world_map__struct.h
[0.487s] -- Up-to-date: /home/administrator/Masterproject2/20_ROS/src/Robots/install/mir_msgs/include/mir_msgs/mir_msgs/msg/detail/mir_local_planner_path_types__functions.c
[0.487s] -- Up-to-date: /home/administrator/Masterproject2/20_ROS/src/Robots/install/mir_msgs/include/mir_msgs/mir_msgs/msg/detail/robot_status__description.c
[0.487s] -- Installing: /home/administrator/Masterproject2/20_ROS/src/Robots/install/mir_msgs/include/mir_msgs/mir_msgs/msg/detail/serial__type_support.c
[0.487s] -- Installing: /home/administrator/Masterproject2/20_ROS/src/Robots/install/mir_msgs/include/mir_msgs/mir_msgs/msg/detail/device__type_support.c
[0.487s] -- Up-to-date: /home/administrator/Masterproject2/20_ROS/src/Robots/install/mir_msgs/include/mir_msgs/mir_msgs/msg/detail/external_robots__type_support.h
[0.487s] -- Up-to-date: /home/administrator/Masterproject2/20_ROS/src/Robots/install/mir_msgs/include/mir_msgs/mir_msgs/msg/detail/precision_docking_status__functions.h
[0.487s] -- Up-to-date: /home/administrator/Masterproject2/20_ROS/src/Robots/install/mir_msgs/include/mir_msgs/mir_msgs/msg/detail/trolley__type_support.h
[0.487s] -- Up-to-date: /home/administrator/Masterproject2/20_ROS/src/Robots/install/mir_msgs/include/mir_msgs/mir_msgs/msg/detail/gripper_state__functions.h
[0.487s] -- Up-to-date: /home/administrator/Masterproject2/20_ROS/src/Robots/install/mir_msgs/include/mir_msgs/mir_msgs/msg/detail/pose2_d__description.c
[0.487s] -- Installing: /home/administrator/Masterproject2/20_ROS/src/Robots/install/mir_msgs/include/mir_msgs/mir_msgs/msg/detail/local_map_stat__type_support.c
[0.487s] -- Up-to-date: /home/administrator/Masterproject2/20_ROS/src/Robots/install/mir_msgs/include/mir_msgs/mir_msgs/msg/detail/moving_state__description.c
[0.487s] -- Up-to-date: /home/administrator/Masterproject2/20_ROS/src/Robots/install/mir_msgs/include/mir_msgs/mir_msgs/msg/detail/height_state__description.c
[0.487s] -- Up-to-date: /home/administrator/Masterproject2/20_ROS/src/Robots/install/mir_msgs/include/mir_msgs/mir_msgs/msg/detail/path__functions.h
[0.487s] -- Up-to-date: /home/administrator/Masterproject2/20_ROS/src/Robots/install/mir_msgs/include/mir_msgs/mir_msgs/msg/detail/resources_acquisition__description.c
[0.487s] -- Up-to-date: /home/administrator/Masterproject2/20_ROS/src/Robots/install/mir_msgs/include/mir_msgs/mir_msgs/msg/detail/encoder_test_entry__type_support.h
[0.487s] -- Up-to-date: /home/administrator/Masterproject2/20_ROS/src/Robots/install/mir_msgs/include/mir_msgs/mir_msgs/msg/detail/mission_ctrl_state__type_support.h
[0.487s] -- Up-to-date: /home/administrator/Masterproject2/20_ROS/src/Robots/install/mir_msgs/include/mir_msgs/mir_msgs/msg/detail/robot_mode__type_support.h
[0.487s] -- Installing: /home/administrator/Masterproject2/20_ROS/src/Robots/install/mir_msgs/include/mir_msgs/mir_msgs/msg/detail/sound_event__type_support.c
[0.488s] -- Up-to-date: /home/administrator/Masterproject2/20_ROS/src/Robots/install/mir_msgs/include/mir_msgs/mir_msgs/msg/detail/robot_mode__description.c
[0.488s] -- Installing: /home/administrator/Masterproject2/20_ROS/src/Robots/install/mir_msgs/include/mir_msgs/mir_msgs/msg/detail/resource_state__type_support.c
[0.488s] -- Up-to-date: /home/administrator/Masterproject2/20_ROS/src/Robots/install/mir_msgs/include/mir_msgs/mir_msgs/msg/detail/plan_segment__type_support.h
[0.488s] -- Up-to-date: /home/administrator/Masterproject2/20_ROS/src/Robots/install/mir_msgs/include/mir_msgs/mir_msgs/msg/detail/local_map_stat__functions.h
[0.488s] -- Installing: /home/administrator/Masterproject2/20_ROS/src/Robots/install/mir_msgs/include/mir_msgs/mir_msgs/msg/detail/angle_measurment__type_support.c
[0.488s] -- Up-to-date: /home/administrator/Masterproject2/20_ROS/src/Robots/install/mir_msgs/include/mir_msgs/mir_msgs/msg/detail/plan_segments__description.c
[0.488s] -- Up-to-date: /home/administrator/Masterproject2/20_ROS/src/Robots/install/mir_msgs/include/mir_msgs/mir_msgs/msg/detail/web_path__type_support.h
[0.488s] -- Installing: /home/administrator/Masterproject2/20_ROS/src/Robots/install/mir_msgs/include/mir_msgs/mir_msgs/msg/detail/precision_docking_status__type_support.c
[0.488s] -- Up-to-date: /home/administrator/Masterproject2/20_ROS/src/Robots/install/mir_msgs/include/mir_msgs/mir_msgs/msg/detail/resource_state__functions.c
[0.488s] -- Up-to-date: /home/administrator/Masterproject2/20_ROS/src/Robots/install/mir_msgs/include/mir_msgs/mir_msgs/msg/detail/safety_status__description.c
[0.488s] -- Up-to-date: /home/administrator/Masterproject2/20_ROS/src/Robots/install/mir_msgs/include/mir_msgs/mir_msgs/msg/detail/bms_data__type_support.h
[0.488s] -- Up-to-date: /home/administrator/Masterproject2/20_ROS/src/Robots/install/mir_msgs/include/mir_msgs/mir_msgs/msg/detail/gripper_state__functions.c
[0.488s] -- Up-to-date: /home/administrator/Masterproject2/20_ROS/src/Robots/install/mir_msgs/include/mir_msgs/mir_msgs/msg/detail/serial__struct.h
[0.488s] -- Up-to-date: /home/administrator/Masterproject2/20_ROS/src/Robots/install/mir_msgs/include/mir_msgs/mir_msgs/msg/detail/trolley__functions.h
[0.488s] -- Up-to-date: /home/administrator/Masterproject2/20_ROS/src/Robots/install/mir_msgs/include/mir_msgs/mir_msgs/msg/detail/resources_acquisition__type_support.h
[0.488s] -- Up-to-date: /home/administrator/Masterproject2/20_ROS/src/Robots/install/mir_msgs/include/mir_msgs/mir_msgs/msg/detail/path__description.c
[0.488s] -- Installing: /home/administrator/Masterproject2/20_ROS/src/Robots/install/mir_msgs/include/mir_msgs/mir_msgs/msg/detail/resources_acquisition__type_support.c
[0.488s] -- Up-to-date: /home/administrator/Masterproject2/20_ROS/src/Robots/install/mir_msgs/include/mir_msgs/mir_msgs/msg/detail/stamped_encoders__functions.c
[0.488s] -- Up-to-date: /home/administrator/Masterproject2/20_ROS/src/Robots/install/mir_msgs/include/mir_msgs/mir_msgs/msg/detail/mir_extra__functions.c
[0.488s] -- Up-to-date: /home/administrator/Masterproject2/20_ROS/src/Robots/install/mir_msgs/include/mir_msgs/mir_msgs/msg/detail/resource_state__functions.h
[0.488s] -- Up-to-date: /home/administrator/Masterproject2/20_ROS/src/Robots/install/mir_msgs/include/mir_msgs/mir_msgs/msg/detail/sound_event__struct.h
[0.489s] -- Up-to-date: /home/administrator/Masterproject2/20_ROS/src/Robots/install/mir_msgs/include/mir_msgs/mir_msgs/msg/detail/safety_status__functions.h
[0.489s] -- Up-to-date: /home/administrator/Masterproject2/20_ROS/src/Robots/install/mir_msgs/include/mir_msgs/mir_msgs/msg/detail/proximity__description.c
[0.489s] -- Installing: /home/administrator/Masterproject2/20_ROS/src/Robots/install/mir_msgs/include/mir_msgs/mir_msgs/msg/detail/devices__type_support.c
[0.489s] -- Up-to-date: /home/administrator/Masterproject2/20_ROS/src/Robots/install/mir_msgs/include/mir_msgs/mir_msgs/msg/detail/local_map_stat__struct.h
[0.489s] -- Up-to-date: /home/administrator/Masterproject2/20_ROS/src/Robots/install/mir_msgs/include/mir_msgs/mir_msgs/msg/detail/power_board_motor_status__struct.h
[0.489s] -- Up-to-date: /home/administrator/Masterproject2/20_ROS/src/Robots/install/mir_msgs/include/mir_msgs/mir_msgs/msg/detail/hook_data__functions.c
[0.489s] -- Installing: /home/administrator/Masterproject2/20_ROS/src/Robots/install/mir_msgs/include/mir_msgs/mir_msgs/msg/detail/web_path__type_support.c
[0.489s] -- Up-to-date: /home/administrator/Masterproject2/20_ROS/src/Robots/install/mir_msgs/include/mir_msgs/mir_msgs/msg/detail/plan_segment__struct.h
[0.489s] -- Up-to-date: /home/administrator/Masterproject2/20_ROS/src/Robots/install/mir_msgs/include/mir_msgs/mir_msgs/msg/detail/plan_segments__struct.h
[0.489s] -- Installing: /home/administrator/Masterproject2/20_ROS/src/Robots/install/mir_msgs/include/mir_msgs/mir_msgs/msg/detail/encoders__type_support.c
[0.489s] -- Up-to-date: /home/administrator/Masterproject2/20_ROS/src/Robots/install/mir_msgs/include/mir_msgs/mir_msgs/msg/detail/skid_detection_diff__functions.h
[0.489s] -- Up-to-date: /home/administrator/Masterproject2/20_ROS/src/Robots/install/mir_msgs/include/mir_msgs/mir_msgs/msg/detail/encoder_test_entry__description.c
[0.489s] -- Up-to-date: /home/administrator/Masterproject2/20_ROS/src/Robots/install/mir_msgs/include/mir_msgs/mir_msgs/msg/detail/proximity__functions.h
[0.489s] -- Up-to-date: /home/administrator/Masterproject2/20_ROS/src/Robots/install/mir_msgs/include/mir_msgs/mir_msgs/msg/detail/error__functions.c
[0.489s] -- Up-to-date: /home/administrator/Masterproject2/20_ROS/src/Robots/install/mir_msgs/include/mir_msgs/mir_msgs/msg/detail/robot_state__functions.c
[0.489s] -- Up-to-date: /home/administrator/Masterproject2/20_ROS/src/Robots/install/mir_msgs/include/mir_msgs/mir_msgs/msg/detail/pendant__description.c
[0.489s] -- Up-to-date: /home/administrator/Masterproject2/20_ROS/src/Robots/install/mir_msgs/include/mir_msgs/mir_msgs/msg/detail/serial__description.c
[0.489s] -- Up-to-date: /home/administrator/Masterproject2/20_ROS/src/Robots/install/mir_msgs/include/mir_msgs/mir_msgs/msg/detail/plan_segment__description.c
[0.490s] -- Up-to-date: /home/administrator/Masterproject2/20_ROS/src/Robots/install/mir_msgs/include/mir_msgs/mir_msgs/msg/detail/plan_segments__type_support.h
[0.490s] -- Up-to-date: /home/administrator/Masterproject2/20_ROS/src/Robots/install/mir_msgs/include/mir_msgs/mir_msgs/msg/detail/external_robot__functions.c
[0.490s] -- Installing: /home/administrator/Masterproject2/20_ROS/src/Robots/install/mir_msgs/include/mir_msgs/mir_msgs/msg/detail/proximity__type_support.c
[0.490s] -- Up-to-date: /home/administrator/Masterproject2/20_ROS/src/Robots/install/mir_msgs/include/mir_msgs/mir_msgs/msg/detail/user_prompt__struct.h
[0.490s] -- Up-to-date: /home/administrator/Masterproject2/20_ROS/src/Robots/install/mir_msgs/include/mir_msgs/mir_msgs/msg/detail/hook_data__struct.h
[0.490s] -- Up-to-date: /home/administrator/Masterproject2/20_ROS/src/Robots/install/mir_msgs/include/mir_msgs/mir_msgs/msg/detail/external_robots__struct.h
[0.490s] -- Installing: /home/administrator/Masterproject2/20_ROS/src/Robots/install/mir_msgs/include/mir_msgs/mir_msgs/msg/detail/service_response_header__type_support.c
[0.490s] -- Installing: /home/administrator/Masterproject2/20_ROS/src/Robots/install/mir_msgs/include/mir_msgs/mir_msgs/msg/detail/external_robots__type_support.c
[0.490s] -- Up-to-date: /home/administrator/Masterproject2/20_ROS/src/Robots/install/mir_msgs/include/mir_msgs/mir_msgs/msg/detail/resources_acquisition__functions.h
[0.490s] -- Up-to-date: /home/administrator/Masterproject2/20_ROS/src/Robots/install/mir_msgs/include/mir_msgs/mir_msgs/msg/detail/encoders__functions.h
[0.490s] -- Up-to-date: /home/administrator/Masterproject2/20_ROS/src/Robots/install/mir_msgs/include/mir_msgs/mir_msgs/msg/detail/pose2_d__struct.h
[0.490s] -- Installing: /home/administrator/Masterproject2/20_ROS/src/Robots/install/mir_msgs/include/mir_msgs/mir_msgs/msg/detail/pallet_lifter_status__type_support.c
[0.490s] -- Up-to-date: /home/administrator/Masterproject2/20_ROS/src/Robots/install/mir_msgs/include/mir_msgs/mir_msgs/msg/detail/twist2_d__type_support.h
[0.490s] -- Up-to-date: /home/administrator/Masterproject2/20_ROS/src/Robots/install/mir_msgs/include/mir_msgs/mir_msgs/msg/detail/hook_status__functions.c
[0.490s] -- Up-to-date: /home/administrator/Masterproject2/20_ROS/src/Robots/install/mir_msgs/include/mir_msgs/mir_msgs/msg/detail/skid_detection_diff__description.c
[0.490s] -- Up-to-date: /home/administrator/Masterproject2/20_ROS/src/Robots/install/mir_msgs/include/mir_msgs/mir_msgs/msg/detail/service_response_header__functions.h
[0.490s] -- Up-to-date: /home/administrator/Masterproject2/20_ROS/src/Robots/install/mir_msgs/include/mir_msgs/mir_msgs/msg/detail/serial__type_support.h
[0.491s] -- Up-to-date: /home/administrator/Masterproject2/20_ROS/src/Robots/install/mir_msgs/include/mir_msgs/mir_msgs/msg/detail/proximity__struct.h
[0.491s] -- Up-to-date: /home/administrator/Masterproject2/20_ROS/src/Robots/install/mir_msgs/include/mir_msgs/mir_msgs/msg/detail/skid_detection_stamped_float__functions.c
[0.491s] -- Up-to-date: /home/administrator/Masterproject2/20_ROS/src/Robots/install/mir_msgs/include/mir_msgs/mir_msgs/msg/detail/world_map__type_support.h
[0.491s] -- Up-to-date: /home/administrator/Masterproject2/20_ROS/src/Robots/install/mir_msgs/include/mir_msgs/mir_msgs/msg/detail/pallet_lifter_status__struct.h
[0.491s] -- Up-to-date: /home/administrator/Masterproject2/20_ROS/src/Robots/install/mir_msgs/include/mir_msgs/mir_msgs/msg/detail/local_map_stat__functions.c
[0.491s] -- Up-to-date: /home/administrator/Masterproject2/20_ROS/src/Robots/install/mir_msgs/include/mir_msgs/mir_msgs/msg/detail/hook_extended_status__description.c
[0.491s] -- Up-to-date: /home/administrator/Masterproject2/20_ROS/src/Robots/install/mir_msgs/include/mir_msgs/mir_msgs/msg/detail/pallet_lifter_status__functions.c
[0.491s] -- Installing: /home/administrator/Masterproject2/20_ROS/src/Robots/install/mir_msgs/include/mir_msgs/mir_msgs/msg/detail/hook_data__type_support.c
[0.491s] -- Installing: /home/administrator/Masterproject2/20_ROS/src/Robots/install/mir_msgs/include/mir_msgs/mir_msgs/msg/detail/power_board_motor_status__type_support.c
[0.491s] -- Up-to-date: /home/administrator/Masterproject2/20_ROS/src/Robots/install/mir_msgs/include/mir_msgs/mir_msgs/msg/detail/pendant__type_support.h
[0.491s] -- Up-to-date: /home/administrator/Masterproject2/20_ROS/src/Robots/install/mir_msgs/include/mir_msgs/mir_msgs/msg/detail/charging_state__struct.h
[0.491s] -- Up-to-date: /home/administrator/Masterproject2/20_ROS/src/Robots/install/mir_msgs/include/mir_msgs/mir_msgs/msg/detail/time_debug__type_support.h
[0.491s] -- Up-to-date: /home/administrator/Masterproject2/20_ROS/src/Robots/install/mir_msgs/include/mir_msgs/mir_msgs/msg/detail/mir_extra__description.c
[0.491s] -- Up-to-date: /home/administrator/Masterproject2/20_ROS/src/Robots/install/mir_msgs/include/mir_msgs/mir_msgs/msg/detail/safety_status__functions.c
[0.491s] -- Up-to-date: /home/administrator/Masterproject2/20_ROS/src/Robots/install/mir_msgs/include/mir_msgs/mir_msgs/msg/detail/device__functions.h
[0.491s] -- Up-to-date: /home/administrator/Masterproject2/20_ROS/src/Robots/install/mir_msgs/include/mir_msgs/mir_msgs/msg/detail/gripper_state__struct.h
[0.491s] -- Up-to-date: /home/administrator/Masterproject2/20_ROS/src/Robots/install/mir_msgs/include/mir_msgs/mir_msgs/msg/detail/height_state__struct.h
[0.491s] -- Up-to-date: /home/administrator/Masterproject2/20_ROS/src/Robots/install/mir_msgs/include/mir_msgs/mir_msgs/msg/detail/i_os__functions.c
[0.492s] -- Up-to-date: /home/administrator/Masterproject2/20_ROS/src/Robots/install/mir_msgs/include/mir_msgs/mir_msgs/msg/detail/service_response_header__functions.c
[0.492s] -- Up-to-date: /home/administrator/Masterproject2/20_ROS/src/Robots/install/mir_msgs/include/mir_msgs/mir_msgs/msg/detail/robot_status__type_support.h
[0.492s] -- Up-to-date: /home/administrator/Masterproject2/20_ROS/src/Robots/install/mir_msgs/include/mir_msgs/mir_msgs/msg/detail/charging_state__type_support.h
[0.492s] -- Up-to-date: /home/administrator/Masterproject2/20_ROS/src/Robots/install/mir_msgs/include/mir_msgs/mir_msgs/msg/detail/hook_data__type_support.h
[0.492s] -- Up-to-date: /home/administrator/Masterproject2/20_ROS/src/Robots/install/mir_msgs/include/mir_msgs/mir_msgs/msg/detail/external_robot__description.c
[0.492s] -- Up-to-date: /home/administrator/Masterproject2/20_ROS/src/Robots/install/mir_msgs/include/mir_msgs/mir_msgs/msg/detail/serial__functions.c
[0.492s] -- Up-to-date: /home/administrator/Masterproject2/20_ROS/src/Robots/install/mir_msgs/include/mir_msgs/mir_msgs/msg/detail/resources_state__functions.c
[0.492s] -- Up-to-date: /home/administrator/Masterproject2/20_ROS/src/Robots/install/mir_msgs/include/mir_msgs/mir_msgs/msg/detail/robot_mode__struct.h
[0.492s] -- Up-to-date: /home/administrator/Masterproject2/20_ROS/src/Robots/install/mir_msgs/include/mir_msgs/mir_msgs/msg/detail/user_prompt__type_support.h
[0.492s] -- Up-to-date: /home/administrator/Masterproject2/20_ROS/src/Robots/install/mir_msgs/include/mir_msgs/mir_msgs/msg/detail/gpio__type_support.h
[0.492s] -- Up-to-date: /home/administrator/Masterproject2/20_ROS/src/Robots/install/mir_msgs/include/mir_msgs/mir_msgs/msg/detail/precision_docking_status__struct.h
[0.492s] -- Up-to-date: /home/administrator/Masterproject2/20_ROS/src/Robots/install/mir_msgs/include/mir_msgs/mir_msgs/msg/detail/web_path__functions.h
[0.492s] -- Up-to-date: /home/administrator/Masterproject2/20_ROS/src/Robots/install/mir_msgs/include/mir_msgs/mir_msgs/msg/detail/pendant__functions.c
[0.492s] -- Up-to-date: /home/administrator/Masterproject2/20_ROS/src/Robots/install/mir_msgs/include/mir_msgs/mir_msgs/msg/detail/gripper_state__type_support.h
[0.492s] -- Up-to-date: /home/administrator/Masterproject2/20_ROS/src/Robots/install/mir_msgs/include/mir_msgs/mir_msgs/msg/detail/external_robot__struct.h
[0.492s] -- Up-to-date: /home/administrator/Masterproject2/20_ROS/src/Robots/install/mir_msgs/include/mir_msgs/mir_msgs/msg/detail/local_map_stat__type_support.h
[0.493s] -- Installing: /home/administrator/Masterproject2/20_ROS/src/Robots/install/mir_msgs/include/mir_msgs/mir_msgs/msg/detail/i_os__type_support.c
[0.493s] -- Up-to-date: /home/administrator/Masterproject2/20_ROS/src/Robots/install/mir_msgs/include/mir_msgs/mir_msgs/msg/detail/joystick_vel__description.c
[0.493s] -- Up-to-date: /home/administrator/Masterproject2/20_ROS/src/Robots/install/mir_msgs/include/mir_msgs/mir_msgs/msg/detail/world_map__functions.h
[0.493s] -- Installing: /home/administrator/Masterproject2/20_ROS/src/Robots/install/mir_msgs/include/mir_msgs/mir_msgs/msg/detail/encoder_test_entry__type_support.c
[0.493s] -- Up-to-date: /home/administrator/Masterproject2/20_ROS/src/Robots/install/mir_msgs/include/mir_msgs/mir_msgs/msg/detail/error__description.c
[0.493s] -- Up-to-date: /home/administrator/Masterproject2/20_ROS/src/Robots/install/mir_msgs/include/mir_msgs/mir_msgs/msg/detail/sound_event__functions.c
[0.493s] -- Installing: /home/administrator/Masterproject2/20_ROS/src/Robots/install/mir_msgs/include/mir_msgs/mir_msgs/msg/detail/trolley__type_support.c
[0.493s] -- Up-to-date: /home/administrator/Masterproject2/20_ROS/src/Robots/install/mir_msgs/include/mir_msgs/mir_msgs/msg/detail/events__functions.h
[0.493s] -- Up-to-date: /home/administrator/Masterproject2/20_ROS/src/Robots/install/mir_msgs/include/mir_msgs/mir_msgs/msg/detail/plan_segment__functions.h
[0.493s] -- Up-to-date: /home/administrator/Masterproject2/20_ROS/src/Robots/install/mir_msgs/include/mir_msgs/mir_msgs/msg/detail/world_model__functions.c
[0.493s] -- Installing: /home/administrator/Masterproject2/20_ROS/src/Robots/install/mir_msgs/include/mir_msgs/mir_msgs/msg/detail/stamped_encoders__type_support.c
[0.493s] -- Up-to-date: /home/administrator/Masterproject2/20_ROS/src/Robots/install/mir_msgs/include/mir_msgs/mir_msgs/msg/detail/angle_measurment__struct.h
[0.493s] -- Up-to-date: /home/administrator/Masterproject2/20_ROS/src/Robots/install/mir_msgs/include/mir_msgs/mir_msgs/msg/detail/pallet_lifter_status__functions.h
[0.493s] -- Up-to-date: /home/administrator/Masterproject2/20_ROS/src/Robots/install/mir_msgs/include/mir_msgs/mir_msgs/msg/detail/resources_state__struct.h
[0.493s] -- Up-to-date: /home/administrator/Masterproject2/20_ROS/src/Robots/install/mir_msgs/include/mir_msgs/mir_msgs/msg/detail/events__description.c
[0.493s] -- Installing: /home/administrator/Masterproject2/20_ROS/src/Robots/install/mir_msgs/include/mir_msgs/mir_msgs/msg/detail/hook_status__type_support.c
[0.494s] -- Up-to-date: /home/administrator/Masterproject2/20_ROS/src/Robots/install/mir_msgs/include/mir_msgs/mir_msgs/msg/detail/time_debug__description.c
[0.494s] -- Up-to-date: /home/administrator/Masterproject2/20_ROS/src/Robots/install/mir_msgs/include/mir_msgs/mir_msgs/msg/detail/skid_detection_stamped_float__type_support.h
[0.494s] -- Up-to-date: /home/administrator/Masterproject2/20_ROS/src/Robots/install/mir_msgs/include/mir_msgs/mir_msgs/msg/detail/external_robot__functions.h
[0.494s] -- Up-to-date: /home/administrator/Masterproject2/20_ROS/src/Robots/install/mir_msgs/include/mir_msgs/mir_msgs/msg/detail/encoder_test_entry__functions.h
[0.494s] -- Up-to-date: /home/administrator/Masterproject2/20_ROS/src/Robots/install/mir_msgs/include/mir_msgs/mir_msgs/msg/detail/robot_state__functions.h
[0.494s] -- Up-to-date: /home/administrator/Masterproject2/20_ROS/src/Robots/install/mir_msgs/include/mir_msgs/mir_msgs/msg/detail/twist2_d__struct.h
[0.494s] -- Up-to-date: /home/administrator/Masterproject2/20_ROS/src/Robots/install/mir_msgs/include/mir_msgs/mir_msgs/msg/detail/mir_local_planner_path_types__type_support.h
[0.494s] -- Up-to-date: /home/administrator/Masterproject2/20_ROS/src/Robots/install/mir_msgs/include/mir_msgs/mir_msgs/msg/detail/precision_docking_status__description.c
[0.494s] -- Up-to-date: /home/administrator/Masterproject2/20_ROS/src/Robots/install/mir_msgs/include/mir_msgs/mir_msgs/msg/safety_status.h
[0.494s] -- Up-to-date: /home/administrator/Masterproject2/20_ROS/src/Robots/install/mir_msgs/include/mir_msgs/mir_msgs/msg/charging_state.h
[0.494s] -- Up-to-date: /home/administrator/Masterproject2/20_ROS/src/Robots/install/mir_msgs/include/mir_msgs/mir_msgs/msg/resource_state.h
[0.494s] -- Up-to-date: /home/administrator/Masterproject2/20_ROS/src/Robots/install/mir_msgs/include/mir_msgs/mir_msgs/msg/battery_currents.h
[0.494s] -- Up-to-date: /home/administrator/Masterproject2/20_ROS/src/Robots/install/mir_msgs/include/mir_msgs/mir_msgs/msg/hook_data.h
[0.494s] -- Up-to-date: /home/administrator/Masterproject2/20_ROS/src/Robots/install/mir_msgs/share/mir_msgs/environment/library_path.sh
[0.494s] -- Up-to-date: /home/administrator/Masterproject2/20_ROS/src/Robots/install/mir_msgs/share/mir_msgs/environment/library_path.dsv
[0.495s] -- Up-to-date: /home/administrator/Masterproject2/20_ROS/src/Robots/install/mir_msgs/lib/libmir_msgs__rosidl_generator_c.so
[0.495s] -- Up-to-date: /home/administrator/Masterproject2/20_ROS/src/Robots/install/mir_msgs/include/mir_msgs/mir_msgs
[0.495s] -- Up-to-date: /home/administrator/Masterproject2/20_ROS/src/Robots/install/mir_msgs/include/mir_msgs/mir_msgs/msg
[0.495s] -- Up-to-date: /home/administrator/Masterproject2/20_ROS/src/Robots/install/mir_msgs/include/mir_msgs/mir_msgs/msg/detail
[0.495s] -- Up-to-date: /home/administrator/Masterproject2/20_ROS/src/Robots/install/mir_msgs/include/mir_msgs/mir_msgs/msg/detail/events__rosidl_typesupport_fastrtps_c.h
[0.495s] -- Up-to-date: /home/administrator/Masterproject2/20_ROS/src/Robots/install/mir_msgs/include/mir_msgs/mir_msgs/msg/detail/local_map_stat__rosidl_typesupport_fastrtps_c.h
[0.495s] -- Up-to-date: /home/administrator/Masterproject2/20_ROS/src/Robots/install/mir_msgs/include/mir_msgs/mir_msgs/msg/detail/pendant__rosidl_typesupport_fastrtps_c.h
[0.495s] -- Up-to-date: /home/administrator/Masterproject2/20_ROS/src/Robots/install/mir_msgs/include/mir_msgs/mir_msgs/msg/detail/pallet_lifter_status__rosidl_typesupport_fastrtps_c.h
[0.495s] -- Up-to-date: /home/administrator/Masterproject2/20_ROS/src/Robots/install/mir_msgs/include/mir_msgs/mir_msgs/msg/detail/encoders__rosidl_typesupport_fastrtps_c.h
[0.495s] -- Up-to-date: /home/administrator/Masterproject2/20_ROS/src/Robots/install/mir_msgs/include/mir_msgs/mir_msgs/msg/detail/error__rosidl_typesupport_fastrtps_c.h
[0.496s] -- Up-to-date: /home/administrator/Masterproject2/20_ROS/src/Robots/install/mir_msgs/include/mir_msgs/mir_msgs/msg/detail/gripper_state__rosidl_typesupport_fastrtps_c.h
[0.496s] -- Up-to-date: /home/administrator/Masterproject2/20_ROS/src/Robots/install/mir_msgs/include/mir_msgs/mir_msgs/msg/detail/twist2_d__rosidl_typesupport_fastrtps_c.h
[0.496s] -- Up-to-date: /home/administrator/Masterproject2/20_ROS/src/Robots/install/mir_msgs/include/mir_msgs/mir_msgs/msg/detail/height_state__rosidl_typesupport_fastrtps_c.h
[0.496s] -- Up-to-date: /home/administrator/Masterproject2/20_ROS/src/Robots/install/mir_msgs/include/mir_msgs/mir_msgs/msg/detail/encoder_test_entry__rosidl_typesupport_fastrtps_c.h
[0.497s] -- Up-to-date: /home/administrator/Masterproject2/20_ROS/src/Robots/install/mir_msgs/include/mir_msgs/mir_msgs/msg/detail/serial__rosidl_typesupport_fastrtps_c.h
[0.497s] -- Up-to-date: /home/administrator/Masterproject2/20_ROS/src/Robots/install/mir_msgs/include/mir_msgs/mir_msgs/msg/detail/device__rosidl_typesupport_fastrtps_c.h
[0.498s] -- Up-to-date: /home/administrator/Masterproject2/20_ROS/src/Robots/install/mir_msgs/include/mir_msgs/mir_msgs/msg/detail/trolley__rosidl_typesupport_fastrtps_c.h
[0.498s] -- Up-to-date: /home/administrator/Masterproject2/20_ROS/src/Robots/install/mir_msgs/include/mir_msgs/mir_msgs/msg/detail/hook_data__rosidl_typesupport_fastrtps_c.h
[0.499s] -- Up-to-date: /home/administrator/Masterproject2/20_ROS/src/Robots/install/mir_msgs/include/mir_msgs/mir_msgs/msg/detail/brake_state__rosidl_typesupport_fastrtps_c.h
[0.501s] -- Up-to-date: /home/administrator/Masterproject2/20_ROS/src/Robots/install/mir_msgs/include/mir_msgs/mir_msgs/msg/detail/mission_ctrl_command__rosidl_typesupport_fastrtps_c.h
[0.501s] -- Up-to-date: /home/administrator/Masterproject2/20_ROS/src/Robots/install/mir_msgs/include/mir_msgs/mir_msgs/msg/detail/hook_status__rosidl_typesupport_fastrtps_c.h
[0.501s] -- Up-to-date: /home/administrator/Masterproject2/20_ROS/src/Robots/install/mir_msgs/include/mir_msgs/mir_msgs/msg/detail/resource_state__rosidl_typesupport_fastrtps_c.h
[0.501s] -- Up-to-date: /home/administrator/Masterproject2/20_ROS/src/Robots/install/mir_msgs/include/mir_msgs/mir_msgs/msg/detail/external_robots__rosidl_typesupport_fastrtps_c.h
[0.501s] -- Up-to-date: /home/administrator/Masterproject2/20_ROS/src/Robots/install/mir_msgs/include/mir_msgs/mir_msgs/msg/detail/safety_status__rosidl_typesupport_fastrtps_c.h
[0.502s] -- Up-to-date: /home/administrator/Masterproject2/20_ROS/src/Robots/install/mir_msgs/include/mir_msgs/mir_msgs/msg/detail/joystick_vel__rosidl_typesupport_fastrtps_c.h
[0.502s] -- Up-to-date: /home/administrator/Masterproject2/20_ROS/src/Robots/install/mir_msgs/include/mir_msgs/mir_msgs/msg/detail/i_os__rosidl_typesupport_fastrtps_c.h
[0.502s] -- Up-to-date: /home/administrator/Masterproject2/20_ROS/src/Robots/install/mir_msgs/include/mir_msgs/mir_msgs/msg/detail/hook_extended_status__rosidl_typesupport_fastrtps_c.h
[0.502s] -- Up-to-date: /home/administrator/Masterproject2/20_ROS/src/Robots/install/mir_msgs/include/mir_msgs/mir_msgs/msg/detail/skid_detection_stamped_float__rosidl_typesupport_fastrtps_c.h
[0.502s] -- Up-to-date: /home/administrator/Masterproject2/20_ROS/src/Robots/install/mir_msgs/include/mir_msgs/mir_msgs/msg/detail/devices__rosidl_typesupport_fastrtps_c.h
[0.502s] -- Up-to-date: /home/administrator/Masterproject2/20_ROS/src/Robots/install/mir_msgs/include/mir_msgs/mir_msgs/msg/detail/event__rosidl_typesupport_fastrtps_c.h
[0.502s] -- Up-to-date: /home/administrator/Masterproject2/20_ROS/src/Robots/install/mir_msgs/include/mir_msgs/mir_msgs/msg/detail/moving_state__rosidl_typesupport_fastrtps_c.h
[0.502s] -- Up-to-date: /home/administrator/Masterproject2/20_ROS/src/Robots/install/mir_msgs/include/mir_msgs/mir_msgs/msg/detail/mir_extra__rosidl_typesupport_fastrtps_c.h
[0.502s] -- Up-to-date: /home/administrator/Masterproject2/20_ROS/src/Robots/install/mir_msgs/include/mir_msgs/mir_msgs/msg/detail/sound_event__rosidl_typesupport_fastrtps_c.h
[0.503s] -- Up-to-date: /home/administrator/Masterproject2/20_ROS/src/Robots/install/mir_msgs/include/mir_msgs/mir_msgs/msg/detail/resources_acquisition__rosidl_typesupport_fastrtps_c.h
[0.503s] -- Up-to-date: /home/administrator/Masterproject2/20_ROS/src/Robots/install/mir_msgs/include/mir_msgs/mir_msgs/msg/detail/service_response_header__rosidl_typesupport_fastrtps_c.h
[0.503s] -- Up-to-date: /home/administrator/Masterproject2/20_ROS/src/Robots/install/mir_msgs/include/mir_msgs/mir_msgs/msg/detail/charging_state__rosidl_typesupport_fastrtps_c.h
[0.503s] -- Up-to-date: /home/administrator/Masterproject2/20_ROS/src/Robots/install/mir_msgs/include/mir_msgs/mir_msgs/msg/detail/resources_state__rosidl_typesupport_fastrtps_c.h
[0.504s] -- Up-to-date: /home/administrator/Masterproject2/20_ROS/src/Robots/install/mir_msgs/include/mir_msgs/mir_msgs/msg/detail/web_path__rosidl_typesupport_fastrtps_c.h
[0.504s] -- Up-to-date: /home/administrator/Masterproject2/20_ROS/src/Robots/install/mir_msgs/include/mir_msgs/mir_msgs/msg/detail/robot_mode__rosidl_typesupport_fastrtps_c.h
[0.504s] -- Up-to-date: /home/administrator/Masterproject2/20_ROS/src/Robots/install/mir_msgs/include/mir_msgs/mir_msgs/msg/detail/bms_data__rosidl_typesupport_fastrtps_c.h
[0.504s] -- Up-to-date: /home/administrator/Masterproject2/20_ROS/src/Robots/install/mir_msgs/include/mir_msgs/mir_msgs/msg/detail/plan_segment__rosidl_typesupport_fastrtps_c.h
[0.504s] -- Up-to-date: /home/administrator/Masterproject2/20_ROS/src/Robots/install/mir_msgs/include/mir_msgs/mir_msgs/msg/detail/world_map__rosidl_typesupport_fastrtps_c.h
[0.504s] -- Up-to-date: /home/administrator/Masterproject2/20_ROS/src/Robots/install/mir_msgs/include/mir_msgs/mir_msgs/msg/detail/time_debug__rosidl_typesupport_fastrtps_c.h
[0.504s] -- Up-to-date: /home/administrator/Masterproject2/20_ROS/src/Robots/install/mir_msgs/include/mir_msgs/mir_msgs/msg/detail/robot_status__rosidl_typesupport_fastrtps_c.h
[0.504s] -- Up-to-date: /home/administrator/Masterproject2/20_ROS/src/Robots/install/mir_msgs/include/mir_msgs/mir_msgs/msg/detail/gpio__rosidl_typesupport_fastrtps_c.h
[0.504s] -- Up-to-date: /home/administrator/Masterproject2/20_ROS/src/Robots/install/mir_msgs/include/mir_msgs/mir_msgs/msg/detail/battery_currents__rosidl_typesupport_fastrtps_c.h
[0.505s] -- Up-to-date: /home/administrator/Masterproject2/20_ROS/src/Robots/install/mir_msgs/include/mir_msgs/mir_msgs/msg/detail/user_prompt__rosidl_typesupport_fastrtps_c.h
[0.505s] -- Up-to-date: /home/administrator/Masterproject2/20_ROS/src/Robots/install/mir_msgs/include/mir_msgs/mir_msgs/msg/detail/plan_segments__rosidl_typesupport_fastrtps_c.h
[0.505s] -- Up-to-date: /home/administrator/Masterproject2/20_ROS/src/Robots/install/mir_msgs/include/mir_msgs/mir_msgs/msg/detail/power_board_motor_status__rosidl_typesupport_fastrtps_c.h
[0.505s] -- Up-to-date: /home/administrator/Masterproject2/20_ROS/src/Robots/install/mir_msgs/include/mir_msgs/mir_msgs/msg/detail/angle_measurment__rosidl_typesupport_fastrtps_c.h
[0.505s] -- Up-to-date: /home/administrator/Masterproject2/20_ROS/src/Robots/install/mir_msgs/include/mir_msgs/mir_msgs/msg/detail/external_robot__rosidl_typesupport_fastrtps_c.h
[0.505s] -- Up-to-date: /home/administrator/Masterproject2/20_ROS/src/Robots/install/mir_msgs/include/mir_msgs/mir_msgs/msg/detail/robot_state__rosidl_typesupport_fastrtps_c.h
[0.505s] -- Up-to-date: /home/administrator/Masterproject2/20_ROS/src/Robots/install/mir_msgs/include/mir_msgs/mir_msgs/msg/detail/stamped_encoders__rosidl_typesupport_fastrtps_c.h
[0.505s] -- Up-to-date: /home/administrator/Masterproject2/20_ROS/src/Robots/install/mir_msgs/include/mir_msgs/mir_msgs/msg/detail/path__rosidl_typesupport_fastrtps_c.h
[0.506s] -- Up-to-date: /home/administrator/Masterproject2/20_ROS/src/Robots/install/mir_msgs/include/mir_msgs/mir_msgs/msg/detail/mission_ctrl_state__rosidl_typesupport_fastrtps_c.h
[0.506s] -- Up-to-date: /home/administrator/Masterproject2/20_ROS/src/Robots/install/mir_msgs/include/mir_msgs/mir_msgs/msg/detail/mir_local_planner_path_types__rosidl_typesupport_fastrtps_c.h
[0.506s] -- Up-to-date: /home/administrator/Masterproject2/20_ROS/src/Robots/install/mir_msgs/include/mir_msgs/mir_msgs/msg/detail/precision_docking_status__rosidl_typesupport_fastrtps_c.h
[0.506s] -- Up-to-date: /home/administrator/Masterproject2/20_ROS/src/Robots/install/mir_msgs/include/mir_msgs/mir_msgs/msg/detail/skid_detection_diff__rosidl_typesupport_fastrtps_c.h
[0.506s] -- Up-to-date: /home/administrator/Masterproject2/20_ROS/src/Robots/install/mir_msgs/include/mir_msgs/mir_msgs/msg/detail/pose2_d__rosidl_typesupport_fastrtps_c.h
[0.506s] -- Up-to-date: /home/administrator/Masterproject2/20_ROS/src/Robots/install/mir_msgs/include/mir_msgs/mir_msgs/msg/detail/proximity__rosidl_typesupport_fastrtps_c.h
[0.506s] -- Up-to-date: /home/administrator/Masterproject2/20_ROS/src/Robots/install/mir_msgs/include/mir_msgs/mir_msgs/msg/detail/world_model__rosidl_typesupport_fastrtps_c.h
[0.506s] -- Up-to-date: /home/administrator/Masterproject2/20_ROS/src/Robots/install/mir_msgs/include/mir_msgs/mir_msgs/msg/rosidl_typesupport_fastrtps_c__visibility_control.h
[0.506s] -- Up-to-date: /home/administrator/Masterproject2/20_ROS/src/Robots/install/mir_msgs/lib/libmir_msgs__rosidl_typesupport_fastrtps_c.so
[0.506s] -- Up-to-date: /home/administrator/Masterproject2/20_ROS/src/Robots/install/mir_msgs/include/mir_msgs/mir_msgs
[0.506s] -- Up-to-date: /home/administrator/Masterproject2/20_ROS/src/Robots/install/mir_msgs/include/mir_msgs/mir_msgs/msg
[0.506s] -- Up-to-date: /home/administrator/Masterproject2/20_ROS/src/Robots/install/mir_msgs/include/mir_msgs/mir_msgs/msg/world_model.hpp
[0.506s] -- Up-to-date: /home/administrator/Masterproject2/20_ROS/src/Robots/install/mir_msgs/include/mir_msgs/mir_msgs/msg/twist2_d.hpp
[0.506s] -- Up-to-date: /home/administrator/Masterproject2/20_ROS/src/Robots/install/mir_msgs/include/mir_msgs/mir_msgs/msg/proximity.hpp
[0.506s] -- Up-to-date: /home/administrator/Masterproject2/20_ROS/src/Robots/install/mir_msgs/include/mir_msgs/mir_msgs/msg/error.hpp
[0.506s] -- Up-to-date: /home/administrator/Masterproject2/20_ROS/src/Robots/install/mir_msgs/include/mir_msgs/mir_msgs/msg/sound_event.hpp
[0.506s] -- Up-to-date: /home/administrator/Masterproject2/20_ROS/src/Robots/install/mir_msgs/include/mir_msgs/mir_msgs/msg/world_map.hpp
[0.507s] -- Up-to-date: /home/administrator/Masterproject2/20_ROS/src/Robots/install/mir_msgs/include/mir_msgs/mir_msgs/msg/web_path.hpp
[0.507s] -- Up-to-date: /home/administrator/Masterproject2/20_ROS/src/Robots/install/mir_msgs/include/mir_msgs/mir_msgs/msg/resources_acquisition.hpp
[0.507s] -- Up-to-date: /home/administrator/Masterproject2/20_ROS/src/Robots/install/mir_msgs/include/mir_msgs/mir_msgs/msg/encoders.hpp
[0.507s] -- Up-to-date: /home/administrator/Masterproject2/20_ROS/src/Robots/install/mir_msgs/include/mir_msgs/mir_msgs/msg/mission_ctrl_command.hpp
[0.507s] -- Up-to-date: /home/administrator/Masterproject2/20_ROS/src/Robots/install/mir_msgs/include/mir_msgs/mir_msgs/msg/hook_data.hpp
[0.507s] -- Up-to-date: /home/administrator/Masterproject2/20_ROS/src/Robots/install/mir_msgs/include/mir_msgs/mir_msgs/msg/i_os.hpp
[0.507s] -- Up-to-date: /home/administrator/Masterproject2/20_ROS/src/Robots/install/mir_msgs/include/mir_msgs/mir_msgs/msg/bms_data.hpp
[0.507s] -- Up-to-date: /home/administrator/Masterproject2/20_ROS/src/Robots/install/mir_msgs/include/mir_msgs/mir_msgs/msg/serial.hpp
[0.507s] -- Up-to-date: /home/administrator/Masterproject2/20_ROS/src/Robots/install/mir_msgs/include/mir_msgs/mir_msgs/msg/device.hpp
[0.507s] -- Up-to-date: /home/administrator/Masterproject2/20_ROS/src/Robots/install/mir_msgs/include/mir_msgs/mir_msgs/msg/external_robot.hpp
[0.507s] -- Up-to-date: /home/administrator/Masterproject2/20_ROS/src/Robots/install/mir_msgs/include/mir_msgs/mir_msgs/msg/pallet_lifter_status.hpp
[0.507s] -- Up-to-date: /home/administrator/Masterproject2/20_ROS/src/Robots/install/mir_msgs/include/mir_msgs/mir_msgs/msg/resources_state.hpp
[0.507s] -- Up-to-date: /home/administrator/Masterproject2/20_ROS/src/Robots/install/mir_msgs/include/mir_msgs/mir_msgs/msg/hook_extended_status.hpp
[0.507s] -- Up-to-date: /home/administrator/Masterproject2/20_ROS/src/Robots/install/mir_msgs/include/mir_msgs/mir_msgs/msg/events.hpp
[0.507s] -- Up-to-date: /home/administrator/Masterproject2/20_ROS/src/Robots/install/mir_msgs/include/mir_msgs/mir_msgs/msg/devices.hpp
[0.507s] -- Up-to-date: /home/administrator/Masterproject2/20_ROS/src/Robots/install/mir_msgs/include/mir_msgs/mir_msgs/msg/time_debug.hpp
[0.507s] -- Up-to-date: /home/administrator/Masterproject2/20_ROS/src/Robots/install/mir_msgs/include/mir_msgs/mir_msgs/msg/mir_local_planner_path_types.hpp
[0.507s] -- Up-to-date: /home/administrator/Masterproject2/20_ROS/src/Robots/install/mir_msgs/include/mir_msgs/mir_msgs/msg/moving_state.hpp
[0.507s] -- Up-to-date: /home/administrator/Masterproject2/20_ROS/src/Robots/install/mir_msgs/include/mir_msgs/mir_msgs/msg/power_board_motor_status.hpp
[0.508s] -- Up-to-date: /home/administrator/Masterproject2/20_ROS/src/Robots/install/mir_msgs/include/mir_msgs/mir_msgs/msg/brake_state.hpp
[0.508s] -- Up-to-date: /home/administrator/Masterproject2/20_ROS/src/Robots/install/mir_msgs/include/mir_msgs/mir_msgs/msg/pendant.hpp
[0.508s] -- Up-to-date: /home/administrator/Masterproject2/20_ROS/src/Robots/install/mir_msgs/include/mir_msgs/mir_msgs/msg/trolley.hpp
[0.508s] -- Up-to-date: /home/administrator/Masterproject2/20_ROS/src/Robots/install/mir_msgs/include/mir_msgs/mir_msgs/msg/robot_state.hpp
[0.508s] -- Up-to-date: /home/administrator/Masterproject2/20_ROS/src/Robots/install/mir_msgs/include/mir_msgs/mir_msgs/msg/service_response_header.hpp
[0.508s] -- Up-to-date: /home/administrator/Masterproject2/20_ROS/src/Robots/install/mir_msgs/include/mir_msgs/mir_msgs/msg/local_map_stat.hpp
[0.508s] -- Up-to-date: /home/administrator/Masterproject2/20_ROS/src/Robots/install/mir_msgs/include/mir_msgs/mir_msgs/msg/plan_segments.hpp
[0.508s] -- Up-to-date: /home/administrator/Masterproject2/20_ROS/src/Robots/install/mir_msgs/include/mir_msgs/mir_msgs/msg/hook_status.hpp
[0.508s] -- Up-to-date: /home/administrator/Masterproject2/20_ROS/src/Robots/install/mir_msgs/include/mir_msgs/mir_msgs/msg/event.hpp
[0.508s] -- Up-to-date: /home/administrator/Masterproject2/20_ROS/src/Robots/install/mir_msgs/include/mir_msgs/mir_msgs/msg/mir_extra.hpp
[0.508s] -- Up-to-date: /home/administrator/Masterproject2/20_ROS/src/Robots/install/mir_msgs/include/mir_msgs/mir_msgs/msg/resource_state.hpp
[0.508s] -- Up-to-date: /home/administrator/Masterproject2/20_ROS/src/Robots/install/mir_msgs/include/mir_msgs/mir_msgs/msg/skid_detection_stamped_float.hpp
[0.508s] -- Up-to-date: /home/administrator/Masterproject2/20_ROS/src/Robots/install/mir_msgs/include/mir_msgs/mir_msgs/msg/encoder_test_entry.hpp
[0.508s] -- Up-to-date: /home/administrator/Masterproject2/20_ROS/src/Robots/install/mir_msgs/include/mir_msgs/mir_msgs/msg/robot_status.hpp
[0.508s] -- Up-to-date: /home/administrator/Masterproject2/20_ROS/src/Robots/install/mir_msgs/include/mir_msgs/mir_msgs/msg/rosidl_generator_cpp__visibility_control.hpp
[0.508s] -- Up-to-date: /home/administrator/Masterproject2/20_ROS/src/Robots/install/mir_msgs/include/mir_msgs/mir_msgs/msg/robot_mode.hpp
[0.508s] -- Up-to-date: /home/administrator/Masterproject2/20_ROS/src/Robots/install/mir_msgs/include/mir_msgs/mir_msgs/msg/stamped_encoders.hpp
[0.508s] -- Up-to-date: /home/administrator/Masterproject2/20_ROS/src/Robots/install/mir_msgs/include/mir_msgs/mir_msgs/msg/joystick_vel.hpp
[0.509s] -- Up-to-date: /home/administrator/Masterproject2/20_ROS/src/Robots/install/mir_msgs/include/mir_msgs/mir_msgs/msg/precision_docking_status.hpp
[0.509s] -- Up-to-date: /home/administrator/Masterproject2/20_ROS/src/Robots/install/mir_msgs/include/mir_msgs/mir_msgs/msg/user_prompt.hpp
[0.509s] -- Up-to-date: /home/administrator/Masterproject2/20_ROS/src/Robots/install/mir_msgs/include/mir_msgs/mir_msgs/msg/mission_ctrl_state.hpp
[0.509s] -- Up-to-date: /home/administrator/Masterproject2/20_ROS/src/Robots/install/mir_msgs/include/mir_msgs/mir_msgs/msg/path.hpp
[0.509s] -- Up-to-date: /home/administrator/Masterproject2/20_ROS/src/Robots/install/mir_msgs/include/mir_msgs/mir_msgs/msg/pose2_d.hpp
[0.509s] -- Up-to-date: /home/administrator/Masterproject2/20_ROS/src/Robots/install/mir_msgs/include/mir_msgs/mir_msgs/msg/safety_status.hpp
[0.509s] -- Up-to-date: /home/administrator/Masterproject2/20_ROS/src/Robots/install/mir_msgs/include/mir_msgs/mir_msgs/msg/angle_measurment.hpp
[0.509s] -- Up-to-date: /home/administrator/Masterproject2/20_ROS/src/Robots/install/mir_msgs/include/mir_msgs/mir_msgs/msg/skid_detection_diff.hpp
[0.509s] -- Up-to-date: /home/administrator/Masterproject2/20_ROS/src/Robots/install/mir_msgs/include/mir_msgs/mir_msgs/msg/detail
[0.509s] -- Up-to-date: /home/administrator/Masterproject2/20_ROS/src/Robots/install/mir_msgs/include/mir_msgs/mir_msgs/msg/detail/resource_state__traits.hpp
[0.509s] -- Up-to-date: /home/administrator/Masterproject2/20_ROS/src/Robots/install/mir_msgs/include/mir_msgs/mir_msgs/msg/detail/world_map__builder.hpp
[0.509s] -- Up-to-date: /home/administrator/Masterproject2/20_ROS/src/Robots/install/mir_msgs/include/mir_msgs/mir_msgs/msg/detail/brake_state__traits.hpp
[0.509s] -- Up-to-date: /home/administrator/Masterproject2/20_ROS/src/Robots/install/mir_msgs/include/mir_msgs/mir_msgs/msg/detail/error__builder.hpp
[0.509s] -- Up-to-date: /home/administrator/Masterproject2/20_ROS/src/Robots/install/mir_msgs/include/mir_msgs/mir_msgs/msg/detail/plan_segments__traits.hpp
[0.509s] -- Up-to-date: /home/administrator/Masterproject2/20_ROS/src/Robots/install/mir_msgs/include/mir_msgs/mir_msgs/msg/detail/world_map__struct.hpp
[0.509s] -- Up-to-date: /home/administrator/Masterproject2/20_ROS/src/Robots/install/mir_msgs/include/mir_msgs/mir_msgs/msg/detail/resources_state__builder.hpp
[0.509s] -- Up-to-date: /home/administrator/Masterproject2/20_ROS/src/Robots/install/mir_msgs/include/mir_msgs/mir_msgs/msg/detail/hook_extended_status__traits.hpp
[0.510s] -- Up-to-date: /home/administrator/Masterproject2/20_ROS/src/Robots/install/mir_msgs/include/mir_msgs/mir_msgs/msg/detail/gripper_state__traits.hpp
[0.510s] -- Up-to-date: /home/administrator/Masterproject2/20_ROS/src/Robots/install/mir_msgs/include/mir_msgs/mir_msgs/msg/detail/twist2_d__type_support.hpp
[0.510s] -- Up-to-date: /home/administrator/Masterproject2/20_ROS/src/Robots/install/mir_msgs/include/mir_msgs/mir_msgs/msg/detail/service_response_header__builder.hpp
[0.510s] -- Up-to-date: /home/administrator/Masterproject2/20_ROS/src/Robots/install/mir_msgs/include/mir_msgs/mir_msgs/msg/detail/robot_status__traits.hpp
[0.510s] -- Up-to-date: /home/administrator/Masterproject2/20_ROS/src/Robots/install/mir_msgs/include/mir_msgs/mir_msgs/msg/detail/charging_state__type_support.hpp
[0.510s] -- Up-to-date: /home/administrator/Masterproject2/20_ROS/src/Robots/install/mir_msgs/include/mir_msgs/mir_msgs/msg/detail/hook_status__struct.hpp
[0.510s] -- Up-to-date: /home/administrator/Masterproject2/20_ROS/src/Robots/install/mir_msgs/include/mir_msgs/mir_msgs/msg/detail/hook_extended_status__struct.hpp
[0.510s] -- Up-to-date: /home/administrator/Masterproject2/20_ROS/src/Robots/install/mir_msgs/include/mir_msgs/mir_msgs/msg/detail/gripper_state__struct.hpp
[0.510s] -- Up-to-date: /home/administrator/Masterproject2/20_ROS/src/Robots/install/mir_msgs/include/mir_msgs/mir_msgs/msg/detail/skid_detection_diff__struct.hpp
[0.510s] -- Up-to-date: /home/administrator/Masterproject2/20_ROS/src/Robots/install/mir_msgs/include/mir_msgs/mir_msgs/msg/detail/time_debug__builder.hpp
[0.510s] -- Up-to-date: /home/administrator/Masterproject2/20_ROS/src/Robots/install/mir_msgs/include/mir_msgs/mir_msgs/msg/detail/path__traits.hpp
[0.510s] -- Up-to-date: /home/administrator/Masterproject2/20_ROS/src/Robots/install/mir_msgs/include/mir_msgs/mir_msgs/msg/detail/pallet_lifter_status__type_support.hpp
[0.510s] -- Up-to-date: /home/administrator/Masterproject2/20_ROS/src/Robots/install/mir_msgs/include/mir_msgs/mir_msgs/msg/detail/world_model__struct.hpp
[0.510s] -- Up-to-date: /home/administrator/Masterproject2/20_ROS/src/Robots/install/mir_msgs/include/mir_msgs/mir_msgs/msg/detail/pendant__traits.hpp
[0.510s] -- Up-to-date: /home/administrator/Masterproject2/20_ROS/src/Robots/install/mir_msgs/include/mir_msgs/mir_msgs/msg/detail/sound_event__type_support.hpp
[0.510s] -- Up-to-date: /home/administrator/Masterproject2/20_ROS/src/Robots/install/mir_msgs/include/mir_msgs/mir_msgs/msg/detail/encoder_test_entry__type_support.hpp
[0.510s] -- Up-to-date: /home/administrator/Masterproject2/20_ROS/src/Robots/install/mir_msgs/include/mir_msgs/mir_msgs/msg/detail/precision_docking_status__type_support.hpp
[0.510s] -- Up-to-date: /home/administrator/Masterproject2/20_ROS/src/Robots/install/mir_msgs/include/mir_msgs/mir_msgs/msg/detail/safety_status__type_support.hpp
[0.511s] -- Up-to-date: /home/administrator/Masterproject2/20_ROS/src/Robots/install/mir_msgs/include/mir_msgs/mir_msgs/msg/detail/stamped_encoders__type_support.hpp
[0.511s] -- Up-to-date: /home/administrator/Masterproject2/20_ROS/src/Robots/install/mir_msgs/include/mir_msgs/mir_msgs/msg/detail/local_map_stat__type_support.hpp
[0.511s] -- Up-to-date: /home/administrator/Masterproject2/20_ROS/src/Robots/install/mir_msgs/include/mir_msgs/mir_msgs/msg/detail/pendant__struct.hpp
[0.511s] -- Up-to-date: /home/administrator/Masterproject2/20_ROS/src/Robots/install/mir_msgs/include/mir_msgs/mir_msgs/msg/detail/pose2_d__type_support.hpp
[0.511s] -- Up-to-date: /home/administrator/Masterproject2/20_ROS/src/Robots/install/mir_msgs/include/mir_msgs/mir_msgs/msg/detail/user_prompt__traits.hpp
[0.511s] -- Up-to-date: /home/administrator/Masterproject2/20_ROS/src/Robots/install/mir_msgs/include/mir_msgs/mir_msgs/msg/detail/pose2_d__struct.hpp
[0.511s] -- Up-to-date: /home/administrator/Masterproject2/20_ROS/src/Robots/install/mir_msgs/include/mir_msgs/mir_msgs/msg/detail/power_board_motor_status__struct.hpp
[0.511s] -- Up-to-date: /home/administrator/Masterproject2/20_ROS/src/Robots/install/mir_msgs/include/mir_msgs/mir_msgs/msg/detail/encoders__struct.hpp
[0.511s] -- Up-to-date: /home/administrator/Masterproject2/20_ROS/src/Robots/install/mir_msgs/include/mir_msgs/mir_msgs/msg/detail/trolley__builder.hpp
[0.511s] -- Up-to-date: /home/administrator/Masterproject2/20_ROS/src/Robots/install/mir_msgs/include/mir_msgs/mir_msgs/msg/detail/mir_local_planner_path_types__builder.hpp
[0.511s] -- Up-to-date: /home/administrator/Masterproject2/20_ROS/src/Robots/install/mir_msgs/include/mir_msgs/mir_msgs/msg/detail/skid_detection_diff__traits.hpp
[0.511s] -- Up-to-date: /home/administrator/Masterproject2/20_ROS/src/Robots/install/mir_msgs/include/mir_msgs/mir_msgs/msg/detail/hook_status__type_support.hpp
[0.511s] -- Up-to-date: /home/administrator/Masterproject2/20_ROS/src/Robots/install/mir_msgs/include/mir_msgs/mir_msgs/msg/detail/robot_state__type_support.hpp
[0.511s] -- Up-to-date: /home/administrator/Masterproject2/20_ROS/src/Robots/install/mir_msgs/include/mir_msgs/mir_msgs/msg/detail/power_board_motor_status__type_support.hpp
[0.511s] -- Up-to-date: /home/administrator/Masterproject2/20_ROS/src/Robots/install/mir_msgs/include/mir_msgs/mir_msgs/msg/detail/angle_measurment__struct.hpp
[0.511s] -- Up-to-date: /home/administrator/Masterproject2/20_ROS/src/Robots/install/mir_msgs/include/mir_msgs/mir_msgs/msg/detail/external_robots__type_support.hpp
[0.511s] -- Up-to-date: /home/administrator/Masterproject2/20_ROS/src/Robots/install/mir_msgs/include/mir_msgs/mir_msgs/msg/detail/pallet_lifter_status__traits.hpp
[0.512s] -- Up-to-date: /home/administrator/Masterproject2/20_ROS/src/Robots/install/mir_msgs/include/mir_msgs/mir_msgs/msg/detail/devices__type_support.hpp
[0.512s] -- Up-to-date: /home/administrator/Masterproject2/20_ROS/src/Robots/install/mir_msgs/include/mir_msgs/mir_msgs/msg/detail/safety_status__builder.hpp
[0.512s] -- Up-to-date: /home/administrator/Masterproject2/20_ROS/src/Robots/install/mir_msgs/include/mir_msgs/mir_msgs/msg/detail/resources_acquisition__type_support.hpp
[0.512s] -- Up-to-date: /home/administrator/Masterproject2/20_ROS/src/Robots/install/mir_msgs/include/mir_msgs/mir_msgs/msg/detail/path__struct.hpp
[0.512s] -- Up-to-date: /home/administrator/Masterproject2/20_ROS/src/Robots/install/mir_msgs/include/mir_msgs/mir_msgs/msg/detail/event__traits.hpp
[0.512s] -- Up-to-date: /home/administrator/Masterproject2/20_ROS/src/Robots/install/mir_msgs/include/mir_msgs/mir_msgs/msg/detail/device__type_support.hpp
[0.512s] -- Up-to-date: /home/administrator/Masterproject2/20_ROS/src/Robots/install/mir_msgs/include/mir_msgs/mir_msgs/msg/detail/robot_mode__struct.hpp
[0.512s] -- Up-to-date: /home/administrator/Masterproject2/20_ROS/src/Robots/install/mir_msgs/include/mir_msgs/mir_msgs/msg/detail/pose2_d__builder.hpp
[0.512s] -- Up-to-date: /home/administrator/Masterproject2/20_ROS/src/Robots/install/mir_msgs/include/mir_msgs/mir_msgs/msg/detail/stamped_encoders__traits.hpp
[0.512s] -- Up-to-date: /home/administrator/Masterproject2/20_ROS/src/Robots/install/mir_msgs/include/mir_msgs/mir_msgs/msg/detail/external_robots__traits.hpp
[0.512s] -- Up-to-date: /home/administrator/Masterproject2/20_ROS/src/Robots/install/mir_msgs/include/mir_msgs/mir_msgs/msg/detail/battery_currents__builder.hpp
[0.512s] -- Up-to-date: /home/administrator/Masterproject2/20_ROS/src/Robots/install/mir_msgs/include/mir_msgs/mir_msgs/msg/detail/height_state__type_support.hpp
[0.512s] -- Up-to-date: /home/administrator/Masterproject2/20_ROS/src/Robots/install/mir_msgs/include/mir_msgs/mir_msgs/msg/detail/hook_data__builder.hpp
[0.513s] -- Up-to-date: /home/administrator/Masterproject2/20_ROS/src/Robots/install/mir_msgs/include/mir_msgs/mir_msgs/msg/detail/mission_ctrl_command__type_support.hpp
[0.514s] -- Up-to-date: /home/administrator/Masterproject2/20_ROS/src/Robots/install/mir_msgs/include/mir_msgs/mir_msgs/msg/detail/serial__builder.hpp
[0.514s] -- Up-to-date: /home/administrator/Masterproject2/20_ROS/src/Robots/install/mir_msgs/include/mir_msgs/mir_msgs/msg/detail/sound_event__builder.hpp
[0.514s] -- Up-to-date: /home/administrator/Masterproject2/20_ROS/src/Robots/install/mir_msgs/include/mir_msgs/mir_msgs/msg/detail/skid_detection_diff__builder.hpp
[0.514s] -- Up-to-date: /home/administrator/Masterproject2/20_ROS/src/Robots/install/mir_msgs/include/mir_msgs/mir_msgs/msg/detail/charging_state__builder.hpp
[0.514s] -- Up-to-date: /home/administrator/Masterproject2/20_ROS/src/Robots/install/mir_msgs/include/mir_msgs/mir_msgs/msg/detail/mission_ctrl_command__traits.hpp
[0.514s] -- Up-to-date: /home/administrator/Masterproject2/20_ROS/src/Robots/install/mir_msgs/include/mir_msgs/mir_msgs/msg/detail/safety_status__struct.hpp
[0.514s] -- Up-to-date: /home/administrator/Masterproject2/20_ROS/src/Robots/install/mir_msgs/include/mir_msgs/mir_msgs/msg/detail/user_prompt__struct.hpp
[0.515s] -- Up-to-date: /home/administrator/Masterproject2/20_ROS/src/Robots/install/mir_msgs/include/mir_msgs/mir_msgs/msg/detail/skid_detection_stamped_float__traits.hpp
[0.515s] -- Up-to-date: /home/administrator/Masterproject2/20_ROS/src/Robots/install/mir_msgs/include/mir_msgs/mir_msgs/msg/detail/twist2_d__builder.hpp
[0.515s] -- Up-to-date: /home/administrator/Masterproject2/20_ROS/src/Robots/install/mir_msgs/include/mir_msgs/mir_msgs/msg/detail/event__type_support.hpp
[0.515s] -- Up-to-date: /home/administrator/Masterproject2/20_ROS/src/Robots/install/mir_msgs/include/mir_msgs/mir_msgs/msg/detail/local_map_stat__struct.hpp
[0.515s] -- Up-to-date: /home/administrator/Masterproject2/20_ROS/src/Robots/install/mir_msgs/include/mir_msgs/mir_msgs/msg/detail/charging_state__struct.hpp
[0.515s] -- Up-to-date: /home/administrator/Masterproject2/20_ROS/src/Robots/install/mir_msgs/include/mir_msgs/mir_msgs/msg/detail/proximity__struct.hpp
[0.515s] -- Up-to-date: /home/administrator/Masterproject2/20_ROS/src/Robots/install/mir_msgs/include/mir_msgs/mir_msgs/msg/detail/external_robot__traits.hpp
[0.517s] -- Up-to-date: /home/administrator/Masterproject2/20_ROS/src/Robots/install/mir_msgs/include/mir_msgs/mir_msgs/msg/detail/resources_acquisition__builder.hpp
[0.517s] -- Up-to-date: /home/administrator/Masterproject2/20_ROS/src/Robots/install/mir_msgs/include/mir_msgs/mir_msgs/msg/detail/bms_data__builder.hpp
[0.518s] -- Up-to-date: /home/administrator/Masterproject2/20_ROS/src/Robots/install/mir_msgs/include/mir_msgs/mir_msgs/msg/detail/sound_event__struct.hpp
[0.518s] -- Up-to-date: /home/administrator/Masterproject2/20_ROS/src/Robots/install/mir_msgs/include/mir_msgs/mir_msgs/msg/detail/web_path__struct.hpp
[0.518s] -- Up-to-date: /home/administrator/Masterproject2/20_ROS/src/Robots/install/mir_msgs/include/mir_msgs/mir_msgs/msg/detail/web_path__type_support.hpp
[0.518s] -- Up-to-date: /home/administrator/Masterproject2/20_ROS/src/Robots/install/mir_msgs/include/mir_msgs/mir_msgs/msg/detail/resources_acquisition__traits.hpp
[0.518s] -- Up-to-date: /home/administrator/Masterproject2/20_ROS/src/Robots/install/mir_msgs/include/mir_msgs/mir_msgs/msg/detail/mir_extra__traits.hpp
[0.518s] -- Up-to-date: /home/administrator/Masterproject2/20_ROS/src/Robots/install/mir_msgs/include/mir_msgs/mir_msgs/msg/detail/time_debug__traits.hpp
[0.519s] -- Up-to-date: /home/administrator/Masterproject2/20_ROS/src/Robots/install/mir_msgs/include/mir_msgs/mir_msgs/msg/detail/joystick_vel__builder.hpp
[0.519s] -- Up-to-date: /home/administrator/Masterproject2/20_ROS/src/Robots/install/mir_msgs/include/mir_msgs/mir_msgs/msg/detail/robot_mode__builder.hpp
[0.519s] -- Up-to-date: /home/administrator/Masterproject2/20_ROS/src/Robots/install/mir_msgs/include/mir_msgs/mir_msgs/msg/detail/trolley__type_support.hpp
[0.520s] -- Up-to-date: /home/administrator/Masterproject2/20_ROS/src/Robots/install/mir_msgs/include/mir_msgs/mir_msgs/msg/detail/plan_segment__builder.hpp
[0.520s] -- Up-to-date: /home/administrator/Masterproject2/20_ROS/src/Robots/install/mir_msgs/include/mir_msgs/mir_msgs/msg/detail/plan_segments__type_support.hpp
[0.520s] -- Up-to-date: /home/administrator/Masterproject2/20_ROS/src/Robots/install/mir_msgs/include/mir_msgs/mir_msgs/msg/detail/moving_state__struct.hpp
[0.520s] -- Up-to-date: /home/administrator/Masterproject2/20_ROS/src/Robots/install/mir_msgs/include/mir_msgs/mir_msgs/msg/detail/pallet_lifter_status__struct.hpp
[0.520s] -- Up-to-date: /home/administrator/Masterproject2/20_ROS/src/Robots/install/mir_msgs/include/mir_msgs/mir_msgs/msg/detail/bms_data__type_support.hpp
[0.521s] -- Up-to-date: /home/administrator/Masterproject2/20_ROS/src/Robots/install/mir_msgs/include/mir_msgs/mir_msgs/msg/detail/angle_measurment__traits.hpp
[0.521s] -- Up-to-date: /home/administrator/Masterproject2/20_ROS/src/Robots/install/mir_msgs/include/mir_msgs/mir_msgs/msg/detail/hook_status__builder.hpp
[0.521s] -- Up-to-date: /home/administrator/Masterproject2/20_ROS/src/Robots/install/mir_msgs/include/mir_msgs/mir_msgs/msg/detail/hook_status__traits.hpp
[0.521s] -- Up-to-date: /home/administrator/Masterproject2/20_ROS/src/Robots/install/mir_msgs/include/mir_msgs/mir_msgs/msg/detail/hook_data__struct.hpp
[0.522s] -- Up-to-date: /home/administrator/Masterproject2/20_ROS/src/Robots/install/mir_msgs/include/mir_msgs/mir_msgs/msg/detail/serial__struct.hpp
[0.522s] -- Up-to-date: /home/administrator/Masterproject2/20_ROS/src/Robots/install/mir_msgs/include/mir_msgs/mir_msgs/msg/detail/encoders__traits.hpp
[0.522s] -- Up-to-date: /home/administrator/Masterproject2/20_ROS/src/Robots/install/mir_msgs/include/mir_msgs/mir_msgs/msg/detail/gripper_state__builder.hpp
[0.522s] -- Up-to-date: /home/administrator/Masterproject2/20_ROS/src/Robots/install/mir_msgs/include/mir_msgs/mir_msgs/msg/detail/pendant__builder.hpp
[0.522s] -- Up-to-date: /home/administrator/Masterproject2/20_ROS/src/Robots/install/mir_msgs/include/mir_msgs/mir_msgs/msg/detail/stamped_encoders__struct.hpp
[0.522s] -- Up-to-date: /home/administrator/Masterproject2/20_ROS/src/Robots/install/mir_msgs/include/mir_msgs/mir_msgs/msg/detail/event__struct.hpp
[0.522s] -- Up-to-date: /home/administrator/Masterproject2/20_ROS/src/Robots/install/mir_msgs/include/mir_msgs/mir_msgs/msg/detail/external_robots__builder.hpp
[0.523s] -- Up-to-date: /home/administrator/Masterproject2/20_ROS/src/Robots/install/mir_msgs/include/mir_msgs/mir_msgs/msg/detail/battery_currents__traits.hpp
[0.523s] -- Up-to-date: /home/administrator/Masterproject2/20_ROS/src/Robots/install/mir_msgs/include/mir_msgs/mir_msgs/msg/detail/resources_state__traits.hpp
[0.523s] -- Up-to-date: /home/administrator/Masterproject2/20_ROS/src/Robots/install/mir_msgs/include/mir_msgs/mir_msgs/msg/detail/stamped_encoders__builder.hpp
[0.523s] -- Up-to-date: /home/administrator/Masterproject2/20_ROS/src/Robots/install/mir_msgs/include/mir_msgs/mir_msgs/msg/detail/plan_segments__builder.hpp
[0.523s] -- Up-to-date: /home/administrator/Masterproject2/20_ROS/src/Robots/install/mir_msgs/include/mir_msgs/mir_msgs/msg/detail/hook_data__traits.hpp
[0.523s] -- Up-to-date: /home/administrator/Masterproject2/20_ROS/src/Robots/install/mir_msgs/include/mir_msgs/mir_msgs/msg/detail/brake_state__struct.hpp
[0.524s] -- Up-to-date: /home/administrator/Masterproject2/20_ROS/src/Robots/install/mir_msgs/include/mir_msgs/mir_msgs/msg/detail/bms_data__traits.hpp
[0.524s] -- Up-to-date: /home/administrator/Masterproject2/20_ROS/src/Robots/install/mir_msgs/include/mir_msgs/mir_msgs/msg/detail/mir_extra__builder.hpp
[0.524s] -- Up-to-date: /home/administrator/Masterproject2/20_ROS/src/Robots/install/mir_msgs/include/mir_msgs/mir_msgs/msg/detail/height_state__traits.hpp
[0.524s] -- Up-to-date: /home/administrator/Masterproject2/20_ROS/src/Robots/install/mir_msgs/include/mir_msgs/mir_msgs/msg/detail/encoders__builder.hpp
[0.524s] -- Up-to-date: /home/administrator/Masterproject2/20_ROS/src/Robots/install/mir_msgs/include/mir_msgs/mir_msgs/msg/detail/skid_detection_stamped_float__type_support.hpp
[0.524s] -- Up-to-date: /home/administrator/Masterproject2/20_ROS/src/Robots/install/mir_msgs/include/mir_msgs/mir_msgs/msg/detail/proximity__builder.hpp
[0.524s] -- Up-to-date: /home/administrator/Masterproject2/20_ROS/src/Robots/install/mir_msgs/include/mir_msgs/mir_msgs/msg/detail/serial__traits.hpp
[0.524s] -- Up-to-date: /home/administrator/Masterproject2/20_ROS/src/Robots/install/mir_msgs/include/mir_msgs/mir_msgs/msg/detail/service_response_header__traits.hpp
[0.525s] -- Up-to-date: /home/administrator/Masterproject2/20_ROS/src/Robots/install/mir_msgs/include/mir_msgs/mir_msgs/msg/detail/gpio__type_support.hpp
[0.525s] -- Up-to-date: /home/administrator/Masterproject2/20_ROS/src/Robots/install/mir_msgs/include/mir_msgs/mir_msgs/msg/detail/robot_mode__type_support.hpp
[0.525s] -- Up-to-date: /home/administrator/Masterproject2/20_ROS/src/Robots/install/mir_msgs/include/mir_msgs/mir_msgs/msg/detail/moving_state__builder.hpp
[0.525s] -- Up-to-date: /home/administrator/Masterproject2/20_ROS/src/Robots/install/mir_msgs/include/mir_msgs/mir_msgs/msg/detail/proximity__type_support.hpp
[0.525s] -- Up-to-date: /home/administrator/Masterproject2/20_ROS/src/Robots/install/mir_msgs/include/mir_msgs/mir_msgs/msg/detail/joystick_vel__struct.hpp
[0.525s] -- Up-to-date: /home/administrator/Masterproject2/20_ROS/src/Robots/install/mir_msgs/include/mir_msgs/mir_msgs/msg/detail/bms_data__struct.hpp
[0.525s] -- Up-to-date: /home/administrator/Masterproject2/20_ROS/src/Robots/install/mir_msgs/include/mir_msgs/mir_msgs/msg/detail/robot_status__struct.hpp
[0.525s] -- Up-to-date: /home/administrator/Masterproject2/20_ROS/src/Robots/install/mir_msgs/include/mir_msgs/mir_msgs/msg/detail/mission_ctrl_state__builder.hpp
[0.525s] -- Up-to-date: /home/administrator/Masterproject2/20_ROS/src/Robots/install/mir_msgs/include/mir_msgs/mir_msgs/msg/detail/height_state__builder.hpp
[0.525s] -- Up-to-date: /home/administrator/Masterproject2/20_ROS/src/Robots/install/mir_msgs/include/mir_msgs/mir_msgs/msg/detail/robot_state__builder.hpp
[0.525s] -- Up-to-date: /home/administrator/Masterproject2/20_ROS/src/Robots/install/mir_msgs/include/mir_msgs/mir_msgs/msg/detail/local_map_stat__builder.hpp
[0.525s] -- Up-to-date: /home/administrator/Masterproject2/20_ROS/src/Robots/install/mir_msgs/include/mir_msgs/mir_msgs/msg/detail/world_model__type_support.hpp
[0.525s] -- Up-to-date: /home/administrator/Masterproject2/20_ROS/src/Robots/install/mir_msgs/include/mir_msgs/mir_msgs/msg/detail/user_prompt__builder.hpp
[0.525s] -- Up-to-date: /home/administrator/Masterproject2/20_ROS/src/Robots/install/mir_msgs/include/mir_msgs/mir_msgs/msg/detail/moving_state__traits.hpp
[0.526s] -- Up-to-date: /home/administrator/Masterproject2/20_ROS/src/Robots/install/mir_msgs/include/mir_msgs/mir_msgs/msg/detail/skid_detection_stamped_float__builder.hpp
[0.526s] -- Up-to-date: /home/administrator/Masterproject2/20_ROS/src/Robots/install/mir_msgs/include/mir_msgs/mir_msgs/msg/detail/angle_measurment__type_support.hpp
[0.526s] -- Up-to-date: /home/administrator/Masterproject2/20_ROS/src/Robots/install/mir_msgs/include/mir_msgs/mir_msgs/msg/detail/resource_state__struct.hpp
[0.526s] -- Up-to-date: /home/administrator/Masterproject2/20_ROS/src/Robots/install/mir_msgs/include/mir_msgs/mir_msgs/msg/detail/hook_extended_status__type_support.hpp
[0.526s] -- Up-to-date: /home/administrator/Masterproject2/20_ROS/src/Robots/install/mir_msgs/include/mir_msgs/mir_msgs/msg/detail/path__type_support.hpp
[0.526s] -- Up-to-date: /home/administrator/Masterproject2/20_ROS/src/Robots/install/mir_msgs/include/mir_msgs/mir_msgs/msg/detail/hook_extended_status__builder.hpp
[0.526s] -- Up-to-date: /home/administrator/Masterproject2/20_ROS/src/Robots/install/mir_msgs/include/mir_msgs/mir_msgs/msg/detail/encoder_test_entry__struct.hpp
[0.526s] -- Up-to-date: /home/administrator/Masterproject2/20_ROS/src/Robots/install/mir_msgs/include/mir_msgs/mir_msgs/msg/detail/safety_status__traits.hpp
[0.526s] -- Up-to-date: /home/administrator/Masterproject2/20_ROS/src/Robots/install/mir_msgs/include/mir_msgs/mir_msgs/msg/detail/error__traits.hpp
[0.526s] -- Up-to-date: /home/administrator/Masterproject2/20_ROS/src/Robots/install/mir_msgs/include/mir_msgs/mir_msgs/msg/detail/path__builder.hpp
[0.526s] -- Up-to-date: /home/administrator/Masterproject2/20_ROS/src/Robots/install/mir_msgs/include/mir_msgs/mir_msgs/msg/detail/mission_ctrl_state__type_support.hpp
[0.526s] -- Up-to-date: /home/administrator/Masterproject2/20_ROS/src/Robots/install/mir_msgs/include/mir_msgs/mir_msgs/msg/detail/plan_segments__struct.hpp
[0.526s] -- Up-to-date: /home/administrator/Masterproject2/20_ROS/src/Robots/install/mir_msgs/include/mir_msgs/mir_msgs/msg/detail/service_response_header__type_support.hpp
[0.526s] -- Up-to-date: /home/administrator/Masterproject2/20_ROS/src/Robots/install/mir_msgs/include/mir_msgs/mir_msgs/msg/detail/precision_docking_status__traits.hpp
[0.526s] -- Up-to-date: /home/administrator/Masterproject2/20_ROS/src/Robots/install/mir_msgs/include/mir_msgs/mir_msgs/msg/detail/devices__traits.hpp
[0.526s] -- Up-to-date: /home/administrator/Masterproject2/20_ROS/src/Robots/install/mir_msgs/include/mir_msgs/mir_msgs/msg/detail/events__builder.hpp
[0.526s] -- Up-to-date: /home/administrator/Masterproject2/20_ROS/src/Robots/install/mir_msgs/include/mir_msgs/mir_msgs/msg/detail/charging_state__traits.hpp
[0.526s] -- Up-to-date: /home/administrator/Masterproject2/20_ROS/src/Robots/install/mir_msgs/include/mir_msgs/mir_msgs/msg/detail/service_response_header__struct.hpp
[0.526s] -- Up-to-date: /home/administrator/Masterproject2/20_ROS/src/Robots/install/mir_msgs/include/mir_msgs/mir_msgs/msg/detail/trolley__struct.hpp
[0.527s] -- Up-to-date: /home/administrator/Masterproject2/20_ROS/src/Robots/install/mir_msgs/include/mir_msgs/mir_msgs/msg/detail/battery_currents__type_support.hpp
[0.527s] -- Up-to-date: /home/administrator/Masterproject2/20_ROS/src/Robots/install/mir_msgs/include/mir_msgs/mir_msgs/msg/detail/encoders__type_support.hpp
[0.527s] -- Up-to-date: /home/administrator/Masterproject2/20_ROS/src/Robots/install/mir_msgs/include/mir_msgs/mir_msgs/msg/detail/mission_ctrl_command__struct.hpp
[0.527s] -- Up-to-date: /home/administrator/Masterproject2/20_ROS/src/Robots/install/mir_msgs/include/mir_msgs/mir_msgs/msg/detail/devices__builder.hpp
[0.527s] -- Up-to-date: /home/administrator/Masterproject2/20_ROS/src/Robots/install/mir_msgs/include/mir_msgs/mir_msgs/msg/detail/mir_extra__type_support.hpp
[0.527s] -- Up-to-date: /home/administrator/Masterproject2/20_ROS/src/Robots/install/mir_msgs/include/mir_msgs/mir_msgs/msg/detail/encoder_test_entry__traits.hpp
[0.527s] -- Up-to-date: /home/administrator/Masterproject2/20_ROS/src/Robots/install/mir_msgs/include/mir_msgs/mir_msgs/msg/detail/web_path__traits.hpp
[0.527s] -- Up-to-date: /home/administrator/Masterproject2/20_ROS/src/Robots/install/mir_msgs/include/mir_msgs/mir_msgs/msg/detail/web_path__builder.hpp
[0.527s] -- Up-to-date: /home/administrator/Masterproject2/20_ROS/src/Robots/install/mir_msgs/include/mir_msgs/mir_msgs/msg/detail/resources_state__type_support.hpp
[0.527s] -- Up-to-date: /home/administrator/Masterproject2/20_ROS/src/Robots/install/mir_msgs/include/mir_msgs/mir_msgs/msg/detail/precision_docking_status__struct.hpp
[0.527s] -- Up-to-date: /home/administrator/Masterproject2/20_ROS/src/Robots/install/mir_msgs/include/mir_msgs/mir_msgs/msg/detail/device__builder.hpp
[0.527s] -- Up-to-date: /home/administrator/Masterproject2/20_ROS/src/Robots/install/mir_msgs/include/mir_msgs/mir_msgs/msg/detail/robot_mode__traits.hpp
[0.527s] -- Up-to-date: /home/administrator/Masterproject2/20_ROS/src/Robots/install/mir_msgs/include/mir_msgs/mir_msgs/msg/detail/angle_measurment__builder.hpp
[0.528s] -- Up-to-date: /home/administrator/Masterproject2/20_ROS/src/Robots/install/mir_msgs/include/mir_msgs/mir_msgs/msg/detail/pendant__type_support.hpp
[0.528s] -- Up-to-date: /home/administrator/Masterproject2/20_ROS/src/Robots/install/mir_msgs/include/mir_msgs/mir_msgs/msg/detail/device__struct.hpp
[0.528s] -- Up-to-date: /home/administrator/Masterproject2/20_ROS/src/Robots/install/mir_msgs/include/mir_msgs/mir_msgs/msg/detail/external_robots__struct.hpp
[0.528s] -- Up-to-date: /home/administrator/Masterproject2/20_ROS/src/Robots/install/mir_msgs/include/mir_msgs/mir_msgs/msg/detail/robot_status__builder.hpp
[0.528s] -- Up-to-date: /home/administrator/Masterproject2/20_ROS/src/Robots/install/mir_msgs/include/mir_msgs/mir_msgs/msg/detail/brake_state__type_support.hpp
[0.528s] -- Up-to-date: /home/administrator/Masterproject2/20_ROS/src/Robots/install/mir_msgs/include/mir_msgs/mir_msgs/msg/detail/device__traits.hpp
[0.528s] -- Up-to-date: /home/administrator/Masterproject2/20_ROS/src/Robots/install/mir_msgs/include/mir_msgs/mir_msgs/msg/detail/plan_segment__traits.hpp
[0.528s] -- Up-to-date: /home/administrator/Masterproject2/20_ROS/src/Robots/install/mir_msgs/include/mir_msgs/mir_msgs/msg/detail/serial__type_support.hpp
[0.529s] -- Up-to-date: /home/administrator/Masterproject2/20_ROS/src/Robots/install/mir_msgs/include/mir_msgs/mir_msgs/msg/detail/local_map_stat__traits.hpp
[0.529s] -- Up-to-date: /home/administrator/Masterproject2/20_ROS/src/Robots/install/mir_msgs/include/mir_msgs/mir_msgs/msg/detail/resources_state__struct.hpp
[0.529s] -- Up-to-date: /home/administrator/Masterproject2/20_ROS/src/Robots/install/mir_msgs/include/mir_msgs/mir_msgs/msg/detail/time_debug__type_support.hpp
[0.529s] -- Up-to-date: /home/administrator/Masterproject2/20_ROS/src/Robots/install/mir_msgs/include/mir_msgs/mir_msgs/msg/detail/mir_local_planner_path_types__struct.hpp
[0.529s] -- Up-to-date: /home/administrator/Masterproject2/20_ROS/src/Robots/install/mir_msgs/include/mir_msgs/mir_msgs/msg/detail/battery_currents__struct.hpp
[0.529s] -- Up-to-date: /home/administrator/Masterproject2/20_ROS/src/Robots/install/mir_msgs/include/mir_msgs/mir_msgs/msg/detail/robot_state__traits.hpp
[0.529s] -- Up-to-date: /home/administrator/Masterproject2/20_ROS/src/Robots/install/mir_msgs/include/mir_msgs/mir_msgs/msg/detail/mission_ctrl_state__struct.hpp
[0.530s] -- Up-to-date: /home/administrator/Masterproject2/20_ROS/src/Robots/install/mir_msgs/include/mir_msgs/mir_msgs/msg/detail/precision_docking_status__builder.hpp
[0.530s] -- Up-to-date: /home/administrator/Masterproject2/20_ROS/src/Robots/install/mir_msgs/include/mir_msgs/mir_msgs/msg/detail/events__struct.hpp
[0.530s] -- Up-to-date: /home/administrator/Masterproject2/20_ROS/src/Robots/install/mir_msgs/include/mir_msgs/mir_msgs/msg/detail/world_map__type_support.hpp
[0.530s] -- Up-to-date: /home/administrator/Masterproject2/20_ROS/src/Robots/install/mir_msgs/include/mir_msgs/mir_msgs/msg/detail/events__traits.hpp
[0.530s] -- Up-to-date: /home/administrator/Masterproject2/20_ROS/src/Robots/install/mir_msgs/include/mir_msgs/mir_msgs/msg/detail/joystick_vel__traits.hpp
[0.530s] -- Up-to-date: /home/administrator/Masterproject2/20_ROS/src/Robots/install/mir_msgs/include/mir_msgs/mir_msgs/msg/detail/gpio__traits.hpp
[0.530s] -- Up-to-date: /home/administrator/Masterproject2/20_ROS/src/Robots/install/mir_msgs/include/mir_msgs/mir_msgs/msg/detail/i_os__struct.hpp
[0.531s] -- Up-to-date: /home/administrator/Masterproject2/20_ROS/src/Robots/install/mir_msgs/include/mir_msgs/mir_msgs/msg/detail/mission_ctrl_state__traits.hpp
[0.531s] -- Up-to-date: /home/administrator/Masterproject2/20_ROS/src/Robots/install/mir_msgs/include/mir_msgs/mir_msgs/msg/detail/trolley__traits.hpp
[0.531s] -- Up-to-date: /home/administrator/Masterproject2/20_ROS/src/Robots/install/mir_msgs/include/mir_msgs/mir_msgs/msg/detail/user_prompt__type_support.hpp
[0.531s] -- Up-to-date: /home/administrator/Masterproject2/20_ROS/src/Robots/install/mir_msgs/include/mir_msgs/mir_msgs/msg/detail/plan_segment__struct.hpp
[0.531s] -- Up-to-date: /home/administrator/Masterproject2/20_ROS/src/Robots/install/mir_msgs/include/mir_msgs/mir_msgs/msg/detail/twist2_d__struct.hpp
[0.531s] -- Up-to-date: /home/administrator/Masterproject2/20_ROS/src/Robots/install/mir_msgs/include/mir_msgs/mir_msgs/msg/detail/gpio__struct.hpp
[0.531s] -- Up-to-date: /home/administrator/Masterproject2/20_ROS/src/Robots/install/mir_msgs/include/mir_msgs/mir_msgs/msg/detail/external_robot__builder.hpp
[0.531s] -- Up-to-date: /home/administrator/Masterproject2/20_ROS/src/Robots/install/mir_msgs/include/mir_msgs/mir_msgs/msg/detail/pose2_d__traits.hpp
[0.531s] -- Up-to-date: /home/administrator/Masterproject2/20_ROS/src/Robots/install/mir_msgs/include/mir_msgs/mir_msgs/msg/detail/world_map__traits.hpp
[0.531s] -- Up-to-date: /home/administrator/Masterproject2/20_ROS/src/Robots/install/mir_msgs/include/mir_msgs/mir_msgs/msg/detail/hook_data__type_support.hpp
[0.531s] -- Up-to-date: /home/administrator/Masterproject2/20_ROS/src/Robots/install/mir_msgs/include/mir_msgs/mir_msgs/msg/detail/mir_extra__struct.hpp
[0.531s] -- Up-to-date: /home/administrator/Masterproject2/20_ROS/src/Robots/install/mir_msgs/include/mir_msgs/mir_msgs/msg/detail/i_os__traits.hpp
[0.531s] -- Up-to-date: /home/administrator/Masterproject2/20_ROS/src/Robots/install/mir_msgs/include/mir_msgs/mir_msgs/msg/detail/external_robot__type_support.hpp
[0.531s] -- Up-to-date: /home/administrator/Masterproject2/20_ROS/src/Robots/install/mir_msgs/include/mir_msgs/mir_msgs/msg/detail/external_robot__struct.hpp
[0.531s] -- Up-to-date: /home/administrator/Masterproject2/20_ROS/src/Robots/install/mir_msgs/include/mir_msgs/mir_msgs/msg/detail/events__type_support.hpp
[0.531s] -- Up-to-date: /home/administrator/Masterproject2/20_ROS/src/Robots/install/mir_msgs/include/mir_msgs/mir_msgs/msg/detail/mission_ctrl_command__builder.hpp
[0.531s] -- Up-to-date: /home/administrator/Masterproject2/20_ROS/src/Robots/install/mir_msgs/include/mir_msgs/mir_msgs/msg/detail/skid_detection_stamped_float__struct.hpp
[0.532s] -- Up-to-date: /home/administrator/Masterproject2/20_ROS/src/Robots/install/mir_msgs/include/mir_msgs/mir_msgs/msg/detail/gripper_state__type_support.hpp
[0.532s] -- Up-to-date: /home/administrator/Masterproject2/20_ROS/src/Robots/install/mir_msgs/include/mir_msgs/mir_msgs/msg/detail/robot_status__type_support.hpp
[0.532s] -- Up-to-date: /home/administrator/Masterproject2/20_ROS/src/Robots/install/mir_msgs/include/mir_msgs/mir_msgs/msg/detail/joystick_vel__type_support.hpp
[0.532s] -- Up-to-date: /home/administrator/Masterproject2/20_ROS/src/Robots/install/mir_msgs/include/mir_msgs/mir_msgs/msg/detail/mir_local_planner_path_types__traits.hpp
[0.532s] -- Up-to-date: /home/administrator/Masterproject2/20_ROS/src/Robots/install/mir_msgs/include/mir_msgs/mir_msgs/msg/detail/resource_state__type_support.hpp
[0.532s] -- Up-to-date: /home/administrator/Masterproject2/20_ROS/src/Robots/install/mir_msgs/include/mir_msgs/mir_msgs/msg/detail/devices__struct.hpp
[0.532s] -- Up-to-date: /home/administrator/Masterproject2/20_ROS/src/Robots/install/mir_msgs/include/mir_msgs/mir_msgs/msg/detail/brake_state__builder.hpp
[0.532s] -- Up-to-date: /home/administrator/Masterproject2/20_ROS/src/Robots/install/mir_msgs/include/mir_msgs/mir_msgs/msg/detail/plan_segment__type_support.hpp
[0.532s] -- Up-to-date: /home/administrator/Masterproject2/20_ROS/src/Robots/install/mir_msgs/include/mir_msgs/mir_msgs/msg/detail/world_model__traits.hpp
[0.532s] -- Up-to-date: /home/administrator/Masterproject2/20_ROS/src/Robots/install/mir_msgs/include/mir_msgs/mir_msgs/msg/detail/robot_state__struct.hpp
[0.532s] -- Up-to-date: /home/administrator/Masterproject2/20_ROS/src/Robots/install/mir_msgs/include/mir_msgs/mir_msgs/msg/detail/resources_acquisition__struct.hpp
[0.532s] -- Up-to-date: /home/administrator/Masterproject2/20_ROS/src/Robots/install/mir_msgs/include/mir_msgs/mir_msgs/msg/detail/skid_detection_diff__type_support.hpp
[0.533s] -- Up-to-date: /home/administrator/Masterproject2/20_ROS/src/Robots/install/mir_msgs/include/mir_msgs/mir_msgs/msg/detail/power_board_motor_status__traits.hpp
[0.533s] -- Up-to-date: /home/administrator/Masterproject2/20_ROS/src/Robots/install/mir_msgs/include/mir_msgs/mir_msgs/msg/detail/error__struct.hpp
[0.533s] -- Up-to-date: /home/administrator/Masterproject2/20_ROS/src/Robots/install/mir_msgs/include/mir_msgs/mir_msgs/msg/detail/height_state__struct.hpp
[0.533s] -- Up-to-date: /home/administrator/Masterproject2/20_ROS/src/Robots/install/mir_msgs/include/mir_msgs/mir_msgs/msg/detail/pallet_lifter_status__builder.hpp
[0.533s] -- Up-to-date: /home/administrator/Masterproject2/20_ROS/src/Robots/install/mir_msgs/include/mir_msgs/mir_msgs/msg/detail/mir_local_planner_path_types__type_support.hpp
[0.533s] -- Up-to-date: /home/administrator/Masterproject2/20_ROS/src/Robots/install/mir_msgs/include/mir_msgs/mir_msgs/msg/detail/gpio__builder.hpp
[0.533s] -- Up-to-date: /home/administrator/Masterproject2/20_ROS/src/Robots/install/mir_msgs/include/mir_msgs/mir_msgs/msg/detail/encoder_test_entry__builder.hpp
[0.533s] -- Up-to-date: /home/administrator/Masterproject2/20_ROS/src/Robots/install/mir_msgs/include/mir_msgs/mir_msgs/msg/detail/event__builder.hpp
[0.533s] -- Up-to-date: /home/administrator/Masterproject2/20_ROS/src/Robots/install/mir_msgs/include/mir_msgs/mir_msgs/msg/detail/error__type_support.hpp
[0.533s] -- Up-to-date: /home/administrator/Masterproject2/20_ROS/src/Robots/install/mir_msgs/include/mir_msgs/mir_msgs/msg/detail/proximity__traits.hpp
[0.533s] -- Up-to-date: /home/administrator/Masterproject2/20_ROS/src/Robots/install/mir_msgs/include/mir_msgs/mir_msgs/msg/detail/world_model__builder.hpp
[0.533s] -- Up-to-date: /home/administrator/Masterproject2/20_ROS/src/Robots/install/mir_msgs/include/mir_msgs/mir_msgs/msg/detail/i_os__type_support.hpp
[0.533s] -- Up-to-date: /home/administrator/Masterproject2/20_ROS/src/Robots/install/mir_msgs/include/mir_msgs/mir_msgs/msg/detail/power_board_motor_status__builder.hpp
[0.533s] -- Up-to-date: /home/administrator/Masterproject2/20_ROS/src/Robots/install/mir_msgs/include/mir_msgs/mir_msgs/msg/detail/i_os__builder.hpp
[0.533s] -- Up-to-date: /home/administrator/Masterproject2/20_ROS/src/Robots/install/mir_msgs/include/mir_msgs/mir_msgs/msg/detail/resource_state__builder.hpp
[0.533s] -- Up-to-date: /home/administrator/Masterproject2/20_ROS/src/Robots/install/mir_msgs/include/mir_msgs/mir_msgs/msg/detail/moving_state__type_support.hpp
[0.534s] -- Up-to-date: /home/administrator/Masterproject2/20_ROS/src/Robots/install/mir_msgs/include/mir_msgs/mir_msgs/msg/detail/sound_event__traits.hpp
[0.534s] -- Up-to-date: /home/administrator/Masterproject2/20_ROS/src/Robots/install/mir_msgs/include/mir_msgs/mir_msgs/msg/detail/twist2_d__traits.hpp
[0.534s] -- Up-to-date: /home/administrator/Masterproject2/20_ROS/src/Robots/install/mir_msgs/include/mir_msgs/mir_msgs/msg/detail/time_debug__struct.hpp
[0.534s] -- Up-to-date: /home/administrator/Masterproject2/20_ROS/src/Robots/install/mir_msgs/include/mir_msgs/mir_msgs/msg/external_robots.hpp
[0.534s] -- Up-to-date: /home/administrator/Masterproject2/20_ROS/src/Robots/install/mir_msgs/include/mir_msgs/mir_msgs/msg/charging_state.hpp
[0.534s] -- Up-to-date: /home/administrator/Masterproject2/20_ROS/src/Robots/install/mir_msgs/include/mir_msgs/mir_msgs/msg/gpio.hpp
[0.535s] -- Up-to-date: /home/administrator/Masterproject2/20_ROS/src/Robots/install/mir_msgs/include/mir_msgs/mir_msgs/msg/battery_currents.hpp
[0.535s] -- Up-to-date: /home/administrator/Masterproject2/20_ROS/src/Robots/install/mir_msgs/include/mir_msgs/mir_msgs/msg/height_state.hpp
[0.535s] -- Up-to-date: /home/administrator/Masterproject2/20_ROS/src/Robots/install/mir_msgs/include/mir_msgs/mir_msgs/msg/gripper_state.hpp
[0.535s] -- Up-to-date: /home/administrator/Masterproject2/20_ROS/src/Robots/install/mir_msgs/include/mir_msgs/mir_msgs/msg/plan_segment.hpp
[0.535s] -- Up-to-date: /home/administrator/Masterproject2/20_ROS/src/Robots/install/mir_msgs/include/mir_msgs/mir_msgs
[0.535s] -- Up-to-date: /home/administrator/Masterproject2/20_ROS/src/Robots/install/mir_msgs/include/mir_msgs/mir_msgs/msg
[0.535s] -- Up-to-date: /home/administrator/Masterproject2/20_ROS/src/Robots/install/mir_msgs/include/mir_msgs/mir_msgs/msg/rosidl_typesupport_fastrtps_cpp__visibility_control.h
[0.535s] -- Up-to-date: /home/administrator/Masterproject2/20_ROS/src/Robots/install/mir_msgs/include/mir_msgs/mir_msgs/msg/detail
[0.536s] -- Up-to-date: /home/administrator/Masterproject2/20_ROS/src/Robots/install/mir_msgs/include/mir_msgs/mir_msgs/msg/detail/stamped_encoders__rosidl_typesupport_fastrtps_cpp.hpp
[0.536s] -- Up-to-date: /home/administrator/Masterproject2/20_ROS/src/Robots/install/mir_msgs/include/mir_msgs/mir_msgs/msg/detail/event__rosidl_typesupport_fastrtps_cpp.hpp
[0.536s] -- Up-to-date: /home/administrator/Masterproject2/20_ROS/src/Robots/install/mir_msgs/include/mir_msgs/mir_msgs/msg/detail/skid_detection_diff__rosidl_typesupport_fastrtps_cpp.hpp
[0.536s] -- Up-to-date: /home/administrator/Masterproject2/20_ROS/src/Robots/install/mir_msgs/include/mir_msgs/mir_msgs/msg/detail/brake_state__rosidl_typesupport_fastrtps_cpp.hpp
[0.536s] -- Up-to-date: /home/administrator/Masterproject2/20_ROS/src/Robots/install/mir_msgs/include/mir_msgs/mir_msgs/msg/detail/pose2_d__rosidl_typesupport_fastrtps_cpp.hpp
[0.536s] -- Up-to-date: /home/administrator/Masterproject2/20_ROS/src/Robots/install/mir_msgs/include/mir_msgs/mir_msgs/msg/detail/user_prompt__rosidl_typesupport_fastrtps_cpp.hpp
[0.536s] -- Up-to-date: /home/administrator/Masterproject2/20_ROS/src/Robots/install/mir_msgs/include/mir_msgs/mir_msgs/msg/detail/mir_extra__rosidl_typesupport_fastrtps_cpp.hpp
[0.536s] -- Up-to-date: /home/administrator/Masterproject2/20_ROS/src/Robots/install/mir_msgs/include/mir_msgs/mir_msgs/msg/detail/gpio__rosidl_typesupport_fastrtps_cpp.hpp
[0.536s] -- Up-to-date: /home/administrator/Masterproject2/20_ROS/src/Robots/install/mir_msgs/include/mir_msgs/mir_msgs/msg/detail/moving_state__rosidl_typesupport_fastrtps_cpp.hpp
[0.536s] -- Up-to-date: /home/administrator/Masterproject2/20_ROS/src/Robots/install/mir_msgs/include/mir_msgs/mir_msgs/msg/detail/robot_state__rosidl_typesupport_fastrtps_cpp.hpp
[0.537s] -- Up-to-date: /home/administrator/Masterproject2/20_ROS/src/Robots/install/mir_msgs/include/mir_msgs/mir_msgs/msg/detail/external_robot__rosidl_typesupport_fastrtps_cpp.hpp
[0.537s] -- Up-to-date: /home/administrator/Masterproject2/20_ROS/src/Robots/install/mir_msgs/include/mir_msgs/mir_msgs/msg/detail/world_model__rosidl_typesupport_fastrtps_cpp.hpp
[0.537s] -- Up-to-date: /home/administrator/Masterproject2/20_ROS/src/Robots/install/mir_msgs/include/mir_msgs/mir_msgs/msg/detail/world_map__rosidl_typesupport_fastrtps_cpp.hpp
[0.537s] -- Up-to-date: /home/administrator/Masterproject2/20_ROS/src/Robots/install/mir_msgs/include/mir_msgs/mir_msgs/msg/detail/trolley__rosidl_typesupport_fastrtps_cpp.hpp
[0.537s] -- Up-to-date: /home/administrator/Masterproject2/20_ROS/src/Robots/install/mir_msgs/include/mir_msgs/mir_msgs/msg/detail/error__rosidl_typesupport_fastrtps_cpp.hpp
[0.537s] -- Up-to-date: /home/administrator/Masterproject2/20_ROS/src/Robots/install/mir_msgs/include/mir_msgs/mir_msgs/msg/detail/time_debug__rosidl_typesupport_fastrtps_cpp.hpp
[0.537s] -- Up-to-date: /home/administrator/Masterproject2/20_ROS/src/Robots/install/mir_msgs/include/mir_msgs/mir_msgs/msg/detail/resource_state__rosidl_typesupport_fastrtps_cpp.hpp
[0.537s] -- Up-to-date: /home/administrator/Masterproject2/20_ROS/src/Robots/install/mir_msgs/include/mir_msgs/mir_msgs/msg/detail/local_map_stat__rosidl_typesupport_fastrtps_cpp.hpp
[0.537s] -- Up-to-date: /home/administrator/Masterproject2/20_ROS/src/Robots/install/mir_msgs/include/mir_msgs/mir_msgs/msg/detail/angle_measurment__rosidl_typesupport_fastrtps_cpp.hpp
[0.537s] -- Up-to-date: /home/administrator/Masterproject2/20_ROS/src/Robots/install/mir_msgs/include/mir_msgs/mir_msgs/msg/detail/resources_acquisition__rosidl_typesupport_fastrtps_cpp.hpp
[0.537s] -- Up-to-date: /home/administrator/Masterproject2/20_ROS/src/Robots/install/mir_msgs/include/mir_msgs/mir_msgs/msg/detail/device__rosidl_typesupport_fastrtps_cpp.hpp
[0.537s] -- Up-to-date: /home/administrator/Masterproject2/20_ROS/src/Robots/install/mir_msgs/include/mir_msgs/mir_msgs/msg/detail/serial__rosidl_typesupport_fastrtps_cpp.hpp
[0.538s] -- Up-to-date: /home/administrator/Masterproject2/20_ROS/src/Robots/install/mir_msgs/include/mir_msgs/mir_msgs/msg/detail/plan_segment__rosidl_typesupport_fastrtps_cpp.hpp
[0.538s] -- Up-to-date: /home/administrator/Masterproject2/20_ROS/src/Robots/install/mir_msgs/include/mir_msgs/mir_msgs/msg/detail/events__rosidl_typesupport_fastrtps_cpp.hpp
[0.538s] -- Up-to-date: /home/administrator/Masterproject2/20_ROS/src/Robots/install/mir_msgs/include/mir_msgs/mir_msgs/msg/detail/skid_detection_stamped_float__rosidl_typesupport_fastrtps_cpp.hpp
[0.538s] -- Up-to-date: /home/administrator/Masterproject2/20_ROS/src/Robots/install/mir_msgs/include/mir_msgs/mir_msgs/msg/detail/pendant__rosidl_typesupport_fastrtps_cpp.hpp
[0.538s] -- Up-to-date: /home/administrator/Masterproject2/20_ROS/src/Robots/install/mir_msgs/include/mir_msgs/mir_msgs/msg/detail/robot_status__rosidl_typesupport_fastrtps_cpp.hpp
[0.538s] -- Up-to-date: /home/administrator/Masterproject2/20_ROS/src/Robots/install/mir_msgs/include/mir_msgs/mir_msgs/msg/detail/twist2_d__rosidl_typesupport_fastrtps_cpp.hpp
[0.538s] -- Up-to-date: /home/administrator/Masterproject2/20_ROS/src/Robots/install/mir_msgs/include/mir_msgs/mir_msgs/msg/detail/battery_currents__rosidl_typesupport_fastrtps_cpp.hpp
[0.538s] -- Up-to-date: /home/administrator/Masterproject2/20_ROS/src/Robots/install/mir_msgs/include/mir_msgs/mir_msgs/msg/detail/charging_state__rosidl_typesupport_fastrtps_cpp.hpp
[0.538s] -- Up-to-date: /home/administrator/Masterproject2/20_ROS/src/Robots/install/mir_msgs/include/mir_msgs/mir_msgs/msg/detail/robot_mode__rosidl_typesupport_fastrtps_cpp.hpp
[0.538s] -- Up-to-date: /home/administrator/Masterproject2/20_ROS/src/Robots/install/mir_msgs/include/mir_msgs/mir_msgs/msg/detail/service_response_header__rosidl_typesupport_fastrtps_cpp.hpp
[0.538s] -- Up-to-date: /home/administrator/Masterproject2/20_ROS/src/Robots/install/mir_msgs/include/mir_msgs/mir_msgs/msg/detail/safety_status__rosidl_typesupport_fastrtps_cpp.hpp
[0.538s] -- Up-to-date: /home/administrator/Masterproject2/20_ROS/src/Robots/install/mir_msgs/include/mir_msgs/mir_msgs/msg/detail/hook_data__rosidl_typesupport_fastrtps_cpp.hpp
[0.538s] -- Up-to-date: /home/administrator/Masterproject2/20_ROS/src/Robots/install/mir_msgs/include/mir_msgs/mir_msgs/msg/detail/external_robots__rosidl_typesupport_fastrtps_cpp.hpp
[0.538s] -- Up-to-date: /home/administrator/Masterproject2/20_ROS/src/Robots/install/mir_msgs/include/mir_msgs/mir_msgs/msg/detail/plan_segments__rosidl_typesupport_fastrtps_cpp.hpp
[0.538s] -- Up-to-date: /home/administrator/Masterproject2/20_ROS/src/Robots/install/mir_msgs/include/mir_msgs/mir_msgs/msg/detail/hook_status__rosidl_typesupport_fastrtps_cpp.hpp
[0.538s] -- Up-to-date: /home/administrator/Masterproject2/20_ROS/src/Robots/install/mir_msgs/include/mir_msgs/mir_msgs/msg/detail/proximity__rosidl_typesupport_fastrtps_cpp.hpp
[0.538s] -- Up-to-date: /home/administrator/Masterproject2/20_ROS/src/Robots/install/mir_msgs/include/mir_msgs/mir_msgs/msg/detail/power_board_motor_status__rosidl_typesupport_fastrtps_cpp.hpp
[0.538s] -- Up-to-date: /home/administrator/Masterproject2/20_ROS/src/Robots/install/mir_msgs/include/mir_msgs/mir_msgs/msg/detail/i_os__rosidl_typesupport_fastrtps_cpp.hpp
[0.538s] -- Up-to-date: /home/administrator/Masterproject2/20_ROS/src/Robots/install/mir_msgs/include/mir_msgs/mir_msgs/msg/detail/height_state__rosidl_typesupport_fastrtps_cpp.hpp
[0.538s] -- Up-to-date: /home/administrator/Masterproject2/20_ROS/src/Robots/install/mir_msgs/include/mir_msgs/mir_msgs/msg/detail/encoder_test_entry__rosidl_typesupport_fastrtps_cpp.hpp
[0.538s] -- Up-to-date: /home/administrator/Masterproject2/20_ROS/src/Robots/install/mir_msgs/include/mir_msgs/mir_msgs/msg/detail/mission_ctrl_command__rosidl_typesupport_fastrtps_cpp.hpp
[0.538s] -- Up-to-date: /home/administrator/Masterproject2/20_ROS/src/Robots/install/mir_msgs/include/mir_msgs/mir_msgs/msg/detail/gripper_state__rosidl_typesupport_fastrtps_cpp.hpp
[0.539s] -- Up-to-date: /home/administrator/Masterproject2/20_ROS/src/Robots/install/mir_msgs/include/mir_msgs/mir_msgs/msg/detail/hook_extended_status__rosidl_typesupport_fastrtps_cpp.hpp
[0.539s] -- Up-to-date: /home/administrator/Masterproject2/20_ROS/src/Robots/install/mir_msgs/include/mir_msgs/mir_msgs/msg/detail/mir_local_planner_path_types__rosidl_typesupport_fastrtps_cpp.hpp
[0.539s] -- Up-to-date: /home/administrator/Masterproject2/20_ROS/src/Robots/install/mir_msgs/include/mir_msgs/mir_msgs/msg/detail/encoders__rosidl_typesupport_fastrtps_cpp.hpp
[0.539s] -- Up-to-date: /home/administrator/Masterproject2/20_ROS/src/Robots/install/mir_msgs/include/mir_msgs/mir_msgs/msg/detail/precision_docking_status__rosidl_typesupport_fastrtps_cpp.hpp
[0.539s] -- Up-to-date: /home/administrator/Masterproject2/20_ROS/src/Robots/install/mir_msgs/include/mir_msgs/mir_msgs/msg/detail/pallet_lifter_status__rosidl_typesupport_fastrtps_cpp.hpp
[0.539s] -- Up-to-date: /home/administrator/Masterproject2/20_ROS/src/Robots/install/mir_msgs/include/mir_msgs/mir_msgs/msg/detail/path__rosidl_typesupport_fastrtps_cpp.hpp
[0.539s] -- Up-to-date: /home/administrator/Masterproject2/20_ROS/src/Robots/install/mir_msgs/include/mir_msgs/mir_msgs/msg/detail/web_path__rosidl_typesupport_fastrtps_cpp.hpp
[0.539s] -- Up-to-date: /home/administrator/Masterproject2/20_ROS/src/Robots/install/mir_msgs/include/mir_msgs/mir_msgs/msg/detail/joystick_vel__rosidl_typesupport_fastrtps_cpp.hpp
[0.539s] -- Up-to-date: /home/administrator/Masterproject2/20_ROS/src/Robots/install/mir_msgs/include/mir_msgs/mir_msgs/msg/detail/sound_event__rosidl_typesupport_fastrtps_cpp.hpp
[0.539s] -- Up-to-date: /home/administrator/Masterproject2/20_ROS/src/Robots/install/mir_msgs/include/mir_msgs/mir_msgs/msg/detail/devices__rosidl_typesupport_fastrtps_cpp.hpp
[0.539s] -- Up-to-date: /home/administrator/Masterproject2/20_ROS/src/Robots/install/mir_msgs/include/mir_msgs/mir_msgs/msg/detail/bms_data__rosidl_typesupport_fastrtps_cpp.hpp
[0.539s] -- Up-to-date: /home/administrator/Masterproject2/20_ROS/src/Robots/install/mir_msgs/include/mir_msgs/mir_msgs/msg/detail/dds_fastrtps
[0.539s] -- Up-to-date: /home/administrator/Masterproject2/20_ROS/src/Robots/install/mir_msgs/include/mir_msgs/mir_msgs/msg/detail/resources_state__rosidl_typesupport_fastrtps_cpp.hpp
[0.539s] -- Up-to-date: /home/administrator/Masterproject2/20_ROS/src/Robots/install/mir_msgs/include/mir_msgs/mir_msgs/msg/detail/mission_ctrl_state__rosidl_typesupport_fastrtps_cpp.hpp
[0.539s] -- Up-to-date: /home/administrator/Masterproject2/20_ROS/src/Robots/install/mir_msgs/lib/libmir_msgs__rosidl_typesupport_fastrtps_cpp.so
[0.539s] -- Up-to-date: /home/administrator/Masterproject2/20_ROS/src/Robots/install/mir_msgs/include/mir_msgs/mir_msgs
[0.539s] -- Up-to-date: /home/administrator/Masterproject2/20_ROS/src/Robots/install/mir_msgs/include/mir_msgs/mir_msgs/msg
[0.539s] -- Up-to-date: /home/administrator/Masterproject2/20_ROS/src/Robots/install/mir_msgs/include/mir_msgs/mir_msgs/msg/rosidl_typesupport_introspection_c__visibility_control.h
[0.539s] -- Up-to-date: /home/administrator/Masterproject2/20_ROS/src/Robots/install/mir_msgs/include/mir_msgs/mir_msgs/msg/detail
[0.539s] -- Up-to-date: /home/administrator/Masterproject2/20_ROS/src/Robots/install/mir_msgs/include/mir_msgs/mir_msgs/msg/detail/device__rosidl_typesupport_introspection_c.h
[0.539s] -- Installing: /home/administrator/Masterproject2/20_ROS/src/Robots/install/mir_msgs/include/mir_msgs/mir_msgs/msg/detail/pendant__type_support.c
[0.539s] -- Installing: /home/administrator/Masterproject2/20_ROS/src/Robots/install/mir_msgs/include/mir_msgs/mir_msgs/msg/detail/bms_data__type_support.c
[0.540s] -- Up-to-date: /home/administrator/Masterproject2/20_ROS/src/Robots/install/mir_msgs/include/mir_msgs/mir_msgs/msg/detail/mir_local_planner_path_types__rosidl_typesupport_introspection_c.h
[0.540s] -- Installing: /home/administrator/Masterproject2/20_ROS/src/Robots/install/mir_msgs/include/mir_msgs/mir_msgs/msg/detail/robot_status__type_support.c
[0.540s] -- Up-to-date: /home/administrator/Masterproject2/20_ROS/src/Robots/install/mir_msgs/include/mir_msgs/mir_msgs/msg/detail/resource_state__rosidl_typesupport_introspection_c.h
[0.540s] -- Up-to-date: /home/administrator/Masterproject2/20_ROS/src/Robots/install/mir_msgs/include/mir_msgs/mir_msgs/msg/detail/path__rosidl_typesupport_introspection_c.h
[0.540s] -- Installing: /home/administrator/Masterproject2/20_ROS/src/Robots/install/mir_msgs/include/mir_msgs/mir_msgs/msg/detail/time_debug__type_support.c
[0.540s] -- Installing: /home/administrator/Masterproject2/20_ROS/src/Robots/install/mir_msgs/include/mir_msgs/mir_msgs/msg/detail/mission_ctrl_state__type_support.c
[0.540s] -- Up-to-date: /home/administrator/Masterproject2/20_ROS/src/Robots/install/mir_msgs/include/mir_msgs/mir_msgs/msg/detail/robot_mode__rosidl_typesupport_introspection_c.h
[0.540s] -- Up-to-date: /home/administrator/Masterproject2/20_ROS/src/Robots/install/mir_msgs/include/mir_msgs/mir_msgs/msg/detail/i_os__rosidl_typesupport_introspection_c.h
[0.540s] -- Up-to-date: /home/administrator/Masterproject2/20_ROS/src/Robots/install/mir_msgs/include/mir_msgs/mir_msgs/msg/detail/mission_ctrl_state__rosidl_typesupport_introspection_c.h
[0.540s] -- Up-to-date: /home/administrator/Masterproject2/20_ROS/src/Robots/install/mir_msgs/include/mir_msgs/mir_msgs/msg/detail/precision_docking_status__rosidl_typesupport_introspection_c.h
[0.540s] -- Up-to-date: /home/administrator/Masterproject2/20_ROS/src/Robots/install/mir_msgs/include/mir_msgs/mir_msgs/msg/detail/pallet_lifter_status__rosidl_typesupport_introspection_c.h
[0.540s] -- Installing: /home/administrator/Masterproject2/20_ROS/src/Robots/install/mir_msgs/include/mir_msgs/mir_msgs/msg/detail/skid_detection_diff__type_support.c
[0.540s] -- Installing: /home/administrator/Masterproject2/20_ROS/src/Robots/install/mir_msgs/include/mir_msgs/mir_msgs/msg/detail/brake_state__type_support.c
[0.540s] -- Installing: /home/administrator/Masterproject2/20_ROS/src/Robots/install/mir_msgs/include/mir_msgs/mir_msgs/msg/detail/plan_segment__type_support.c
[0.540s] -- Up-to-date: /home/administrator/Masterproject2/20_ROS/src/Robots/install/mir_msgs/include/mir_msgs/mir_msgs/msg/detail/service_response_header__rosidl_typesupport_introspection_c.h
[0.540s] -- Up-to-date: /home/administrator/Masterproject2/20_ROS/src/Robots/install/mir_msgs/include/mir_msgs/mir_msgs/msg/detail/battery_currents__rosidl_typesupport_introspection_c.h
[0.540s] -- Up-to-date: /home/administrator/Masterproject2/20_ROS/src/Robots/install/mir_msgs/include/mir_msgs/mir_msgs/msg/detail/world_map__rosidl_typesupport_introspection_c.h
[0.540s] -- Up-to-date: /home/administrator/Masterproject2/20_ROS/src/Robots/install/mir_msgs/include/mir_msgs/mir_msgs/msg/detail/bms_data__rosidl_typesupport_introspection_c.h
[0.540s] -- Up-to-date: /home/administrator/Masterproject2/20_ROS/src/Robots/install/mir_msgs/include/mir_msgs/mir_msgs/msg/detail/mission_ctrl_command__rosidl_typesupport_introspection_c.h
[0.540s] -- Installing: /home/administrator/Masterproject2/20_ROS/src/Robots/install/mir_msgs/include/mir_msgs/mir_msgs/msg/detail/event__type_support.c
[0.540s] -- Up-to-date: /home/administrator/Masterproject2/20_ROS/src/Robots/install/mir_msgs/include/mir_msgs/mir_msgs/msg/detail/twist2_d__rosidl_typesupport_introspection_c.h
[0.540s] -- Up-to-date: /home/administrator/Masterproject2/20_ROS/src/Robots/install/mir_msgs/include/mir_msgs/mir_msgs/msg/detail/stamped_encoders__rosidl_typesupport_introspection_c.h
[0.541s] -- Up-to-date: /home/administrator/Masterproject2/20_ROS/src/Robots/install/mir_msgs/include/mir_msgs/mir_msgs/msg/detail/moving_state__rosidl_typesupport_introspection_c.h
[0.541s] -- Up-to-date: /home/administrator/Masterproject2/20_ROS/src/Robots/install/mir_msgs/include/mir_msgs/mir_msgs/msg/detail/gpio__rosidl_typesupport_introspection_c.h
[0.541s] -- Installing: /home/administrator/Masterproject2/20_ROS/src/Robots/install/mir_msgs/include/mir_msgs/mir_msgs/msg/detail/hook_extended_status__type_support.c
[0.541s] -- Installing: /home/administrator/Masterproject2/20_ROS/src/Robots/install/mir_msgs/include/mir_msgs/mir_msgs/msg/detail/moving_state__type_support.c
[0.541s] -- Up-to-date: /home/administrator/Masterproject2/20_ROS/src/Robots/install/mir_msgs/include/mir_msgs/mir_msgs/msg/detail/serial__rosidl_typesupport_introspection_c.h
[0.541s] -- Up-to-date: /home/administrator/Masterproject2/20_ROS/src/Robots/install/mir_msgs/include/mir_msgs/mir_msgs/msg/detail/safety_status__rosidl_typesupport_introspection_c.h
[0.541s] -- Installing: /home/administrator/Masterproject2/20_ROS/src/Robots/install/mir_msgs/include/mir_msgs/mir_msgs/msg/detail/user_prompt__type_support.c
[0.541s] -- Installing: /home/administrator/Masterproject2/20_ROS/src/Robots/install/mir_msgs/include/mir_msgs/mir_msgs/msg/detail/mir_extra__type_support.c
[0.541s] -- Up-to-date: /home/administrator/Masterproject2/20_ROS/src/Robots/install/mir_msgs/include/mir_msgs/mir_msgs/msg/detail/user_prompt__rosidl_typesupport_introspection_c.h
[0.541s] -- Installing: /home/administrator/Masterproject2/20_ROS/src/Robots/install/mir_msgs/include/mir_msgs/mir_msgs/msg/detail/world_model__type_support.c
[0.541s] -- Up-to-date: /home/administrator/Masterproject2/20_ROS/src/Robots/install/mir_msgs/include/mir_msgs/mir_msgs/msg/detail/resources_acquisition__rosidl_typesupport_introspection_c.h
[0.541s] -- Installing: /home/administrator/Masterproject2/20_ROS/src/Robots/install/mir_msgs/include/mir_msgs/mir_msgs/msg/detail/plan_segments__type_support.c
[0.541s] -- Up-to-date: /home/administrator/Masterproject2/20_ROS/src/Robots/install/mir_msgs/include/mir_msgs/mir_msgs/msg/detail/encoders__rosidl_typesupport_introspection_c.h
[0.541s] -- Installing: /home/administrator/Masterproject2/20_ROS/src/Robots/install/mir_msgs/include/mir_msgs/mir_msgs/msg/detail/skid_detection_stamped_float__type_support.c
[0.541s] -- Installing: /home/administrator/Masterproject2/20_ROS/src/Robots/install/mir_msgs/include/mir_msgs/mir_msgs/msg/detail/resources_state__type_support.c
[0.541s] -- Up-to-date: /home/administrator/Masterproject2/20_ROS/src/Robots/install/mir_msgs/include/mir_msgs/mir_msgs/msg/detail/angle_measurment__rosidl_typesupport_introspection_c.h
[0.541s] -- Installing: /home/administrator/Masterproject2/20_ROS/src/Robots/install/mir_msgs/include/mir_msgs/mir_msgs/msg/detail/joystick_vel__type_support.c
[0.541s] -- Up-to-date: /home/administrator/Masterproject2/20_ROS/src/Robots/install/mir_msgs/include/mir_msgs/mir_msgs/msg/detail/hook_extended_status__rosidl_typesupport_introspection_c.h
[0.541s] -- Up-to-date: /home/administrator/Masterproject2/20_ROS/src/Robots/install/mir_msgs/include/mir_msgs/mir_msgs/msg/detail/skid_detection_stamped_float__rosidl_typesupport_introspection_c.h
[0.541s] -- Installing: /home/administrator/Masterproject2/20_ROS/src/Robots/install/mir_msgs/include/mir_msgs/mir_msgs/msg/detail/world_map__type_support.c
[0.541s] -- Up-to-date: /home/administrator/Masterproject2/20_ROS/src/Robots/install/mir_msgs/include/mir_msgs/mir_msgs/msg/detail/sound_event__rosidl_typesupport_introspection_c.h
[0.541s] -- Installing: /home/administrator/Masterproject2/20_ROS/src/Robots/install/mir_msgs/include/mir_msgs/mir_msgs/msg/detail/safety_status__type_support.c
[0.541s] -- Installing: /home/administrator/Masterproject2/20_ROS/src/Robots/install/mir_msgs/include/mir_msgs/mir_msgs/msg/detail/events__type_support.c
[0.542s] -- Up-to-date: /home/administrator/Masterproject2/20_ROS/src/Robots/install/mir_msgs/include/mir_msgs/mir_msgs/msg/detail/pendant__rosidl_typesupport_introspection_c.h
[0.542s] -- Up-to-date: /home/administrator/Masterproject2/20_ROS/src/Robots/install/mir_msgs/include/mir_msgs/mir_msgs/msg/detail/time_debug__rosidl_typesupport_introspection_c.h
[0.542s] -- Up-to-date: /home/administrator/Masterproject2/20_ROS/src/Robots/install/mir_msgs/include/mir_msgs/mir_msgs/msg/detail/robot_status__rosidl_typesupport_introspection_c.h
[0.542s] -- Installing: /home/administrator/Masterproject2/20_ROS/src/Robots/install/mir_msgs/include/mir_msgs/mir_msgs/msg/detail/robot_state__type_support.c
[0.542s] -- Installing: /home/administrator/Masterproject2/20_ROS/src/Robots/install/mir_msgs/include/mir_msgs/mir_msgs/msg/detail/charging_state__type_support.c
[0.542s] -- Up-to-date: /home/administrator/Masterproject2/20_ROS/src/Robots/install/mir_msgs/include/mir_msgs/mir_msgs/msg/detail/encoder_test_entry__rosidl_typesupport_introspection_c.h
[0.542s] -- Installing: /home/administrator/Masterproject2/20_ROS/src/Robots/install/mir_msgs/include/mir_msgs/mir_msgs/msg/detail/gripper_state__type_support.c
[0.542s] -- Installing: /home/administrator/Masterproject2/20_ROS/src/Robots/install/mir_msgs/include/mir_msgs/mir_msgs/msg/detail/mission_ctrl_command__type_support.c
[0.542s] -- Installing: /home/administrator/Masterproject2/20_ROS/src/Robots/install/mir_msgs/include/mir_msgs/mir_msgs/msg/detail/robot_mode__type_support.c
[0.542s] -- Installing: /home/administrator/Masterproject2/20_ROS/src/Robots/install/mir_msgs/include/mir_msgs/mir_msgs/msg/detail/pose2_d__type_support.c
[0.542s] -- Up-to-date: /home/administrator/Masterproject2/20_ROS/src/Robots/install/mir_msgs/include/mir_msgs/mir_msgs/msg/detail/resources_state__rosidl_typesupport_introspection_c.h
[0.542s] -- Installing: /home/administrator/Masterproject2/20_ROS/src/Robots/install/mir_msgs/include/mir_msgs/mir_msgs/msg/detail/external_robot__type_support.c
[0.542s] -- Up-to-date: /home/administrator/Masterproject2/20_ROS/src/Robots/install/mir_msgs/include/mir_msgs/mir_msgs/msg/detail/events__rosidl_typesupport_introspection_c.h
[0.542s] -- Up-to-date: /home/administrator/Masterproject2/20_ROS/src/Robots/install/mir_msgs/include/mir_msgs/mir_msgs/msg/detail/height_state__rosidl_typesupport_introspection_c.h
[0.542s] -- Installing: /home/administrator/Masterproject2/20_ROS/src/Robots/install/mir_msgs/include/mir_msgs/mir_msgs/msg/detail/battery_currents__type_support.c
[0.542s] -- Up-to-date: /home/administrator/Masterproject2/20_ROS/src/Robots/install/mir_msgs/include/mir_msgs/mir_msgs/msg/detail/proximity__rosidl_typesupport_introspection_c.h
[0.542s] -- Installing: /home/administrator/Masterproject2/20_ROS/src/Robots/install/mir_msgs/include/mir_msgs/mir_msgs/msg/detail/height_state__type_support.c
[0.542s] -- Up-to-date: /home/administrator/Masterproject2/20_ROS/src/Robots/install/mir_msgs/include/mir_msgs/mir_msgs/msg/detail/local_map_stat__rosidl_typesupport_introspection_c.h
[0.542s] -- Installing: /home/administrator/Masterproject2/20_ROS/src/Robots/install/mir_msgs/include/mir_msgs/mir_msgs/msg/detail/path__type_support.c
[0.542s] -- Up-to-date: /home/administrator/Masterproject2/20_ROS/src/Robots/install/mir_msgs/include/mir_msgs/mir_msgs/msg/detail/gripper_state__rosidl_typesupport_introspection_c.h
[0.542s] -- Installing: /home/administrator/Masterproject2/20_ROS/src/Robots/install/mir_msgs/include/mir_msgs/mir_msgs/msg/detail/error__type_support.c
[0.542s] -- Installing: /home/administrator/Masterproject2/20_ROS/src/Robots/install/mir_msgs/include/mir_msgs/mir_msgs/msg/detail/gpio__type_support.c
[0.542s] -- Installing: /home/administrator/Masterproject2/20_ROS/src/Robots/install/mir_msgs/include/mir_msgs/mir_msgs/msg/detail/mir_local_planner_path_types__type_support.c
[0.543s] -- Installing: /home/administrator/Masterproject2/20_ROS/src/Robots/install/mir_msgs/include/mir_msgs/mir_msgs/msg/detail/twist2_d__type_support.c
[0.543s] -- Up-to-date: /home/administrator/Masterproject2/20_ROS/src/Robots/install/mir_msgs/include/mir_msgs/mir_msgs/msg/detail/robot_state__rosidl_typesupport_introspection_c.h
[0.543s] -- Up-to-date: /home/administrator/Masterproject2/20_ROS/src/Robots/install/mir_msgs/include/mir_msgs/mir_msgs/msg/detail/hook_data__rosidl_typesupport_introspection_c.h
[0.543s] -- Installing: /home/administrator/Masterproject2/20_ROS/src/Robots/install/mir_msgs/include/mir_msgs/mir_msgs/msg/detail/serial__type_support.c
[0.543s] -- Installing: /home/administrator/Masterproject2/20_ROS/src/Robots/install/mir_msgs/include/mir_msgs/mir_msgs/msg/detail/device__type_support.c
[0.543s] -- Installing: /home/administrator/Masterproject2/20_ROS/src/Robots/install/mir_msgs/include/mir_msgs/mir_msgs/msg/detail/local_map_stat__type_support.c
[0.543s] -- Up-to-date: /home/administrator/Masterproject2/20_ROS/src/Robots/install/mir_msgs/include/mir_msgs/mir_msgs/msg/detail/brake_state__rosidl_typesupport_introspection_c.h
[0.543s] -- Up-to-date: /home/administrator/Masterproject2/20_ROS/src/Robots/install/mir_msgs/include/mir_msgs/mir_msgs/msg/detail/trolley__rosidl_typesupport_introspection_c.h
[0.543s] -- Installing: /home/administrator/Masterproject2/20_ROS/src/Robots/install/mir_msgs/include/mir_msgs/mir_msgs/msg/detail/sound_event__type_support.c
[0.543s] -- Installing: /home/administrator/Masterproject2/20_ROS/src/Robots/install/mir_msgs/include/mir_msgs/mir_msgs/msg/detail/resource_state__type_support.c
[0.543s] -- Installing: /home/administrator/Masterproject2/20_ROS/src/Robots/install/mir_msgs/include/mir_msgs/mir_msgs/msg/detail/angle_measurment__type_support.c
[0.543s] -- Installing: /home/administrator/Masterproject2/20_ROS/src/Robots/install/mir_msgs/include/mir_msgs/mir_msgs/msg/detail/precision_docking_status__type_support.c
[0.543s] -- Up-to-date: /home/administrator/Masterproject2/20_ROS/src/Robots/install/mir_msgs/include/mir_msgs/mir_msgs/msg/detail/external_robots__rosidl_typesupport_introspection_c.h
[0.543s] -- Installing: /home/administrator/Masterproject2/20_ROS/src/Robots/install/mir_msgs/include/mir_msgs/mir_msgs/msg/detail/resources_acquisition__type_support.c
[0.543s] -- Up-to-date: /home/administrator/Masterproject2/20_ROS/src/Robots/install/mir_msgs/include/mir_msgs/mir_msgs/msg/detail/error__rosidl_typesupport_introspection_c.h
[0.543s] -- Installing: /home/administrator/Masterproject2/20_ROS/src/Robots/install/mir_msgs/include/mir_msgs/mir_msgs/msg/detail/devices__type_support.c
[0.543s] -- Up-to-date: /home/administrator/Masterproject2/20_ROS/src/Robots/install/mir_msgs/include/mir_msgs/mir_msgs/msg/detail/hook_status__rosidl_typesupport_introspection_c.h
[0.543s] -- Up-to-date: /home/administrator/Masterproject2/20_ROS/src/Robots/install/mir_msgs/include/mir_msgs/mir_msgs/msg/detail/event__rosidl_typesupport_introspection_c.h
[0.543s] -- Installing: /home/administrator/Masterproject2/20_ROS/src/Robots/install/mir_msgs/include/mir_msgs/mir_msgs/msg/detail/web_path__type_support.c
[0.543s] -- Installing: /home/administrator/Masterproject2/20_ROS/src/Robots/install/mir_msgs/include/mir_msgs/mir_msgs/msg/detail/encoders__type_support.c
[0.543s] -- Up-to-date: /home/administrator/Masterproject2/20_ROS/src/Robots/install/mir_msgs/include/mir_msgs/mir_msgs/msg/detail/power_board_motor_status__rosidl_typesupport_introspection_c.h
[0.543s] -- Up-to-date: /home/administrator/Masterproject2/20_ROS/src/Robots/install/mir_msgs/include/mir_msgs/mir_msgs/msg/detail/web_path__rosidl_typesupport_introspection_c.h
[0.543s] -- Installing: /home/administrator/Masterproject2/20_ROS/src/Robots/install/mir_msgs/include/mir_msgs/mir_msgs/msg/detail/proximity__type_support.c
[0.543s] -- Up-to-date: /home/administrator/Masterproject2/20_ROS/src/Robots/install/mir_msgs/include/mir_msgs/mir_msgs/msg/detail/world_model__rosidl_typesupport_introspection_c.h
[0.544s] -- Installing: /home/administrator/Masterproject2/20_ROS/src/Robots/install/mir_msgs/include/mir_msgs/mir_msgs/msg/detail/service_response_header__type_support.c
[0.544s] -- Installing: /home/administrator/Masterproject2/20_ROS/src/Robots/install/mir_msgs/include/mir_msgs/mir_msgs/msg/detail/external_robots__type_support.c
[0.544s] -- Installing: /home/administrator/Masterproject2/20_ROS/src/Robots/install/mir_msgs/include/mir_msgs/mir_msgs/msg/detail/pallet_lifter_status__type_support.c
[0.544s] -- Up-to-date: /home/administrator/Masterproject2/20_ROS/src/Robots/install/mir_msgs/include/mir_msgs/mir_msgs/msg/detail/pose2_d__rosidl_typesupport_introspection_c.h
[0.544s] -- Up-to-date: /home/administrator/Masterproject2/20_ROS/src/Robots/install/mir_msgs/include/mir_msgs/mir_msgs/msg/detail/joystick_vel__rosidl_typesupport_introspection_c.h
[0.544s] -- Installing: /home/administrator/Masterproject2/20_ROS/src/Robots/install/mir_msgs/include/mir_msgs/mir_msgs/msg/detail/hook_data__type_support.c
[0.544s] -- Installing: /home/administrator/Masterproject2/20_ROS/src/Robots/install/mir_msgs/include/mir_msgs/mir_msgs/msg/detail/power_board_motor_status__type_support.c
[0.544s] -- Up-to-date: /home/administrator/Masterproject2/20_ROS/src/Robots/install/mir_msgs/include/mir_msgs/mir_msgs/msg/detail/mir_extra__rosidl_typesupport_introspection_c.h
[0.544s] -- Up-to-date: /home/administrator/Masterproject2/20_ROS/src/Robots/install/mir_msgs/include/mir_msgs/mir_msgs/msg/detail/devices__rosidl_typesupport_introspection_c.h
[0.544s] -- Installing: /home/administrator/Masterproject2/20_ROS/src/Robots/install/mir_msgs/include/mir_msgs/mir_msgs/msg/detail/i_os__type_support.c
[0.544s] -- Up-to-date: /home/administrator/Masterproject2/20_ROS/src/Robots/install/mir_msgs/include/mir_msgs/mir_msgs/msg/detail/plan_segment__rosidl_typesupport_introspection_c.h
[0.544s] -- Up-to-date: /home/administrator/Masterproject2/20_ROS/src/Robots/install/mir_msgs/include/mir_msgs/mir_msgs/msg/detail/plan_segments__rosidl_typesupport_introspection_c.h
[0.544s] -- Installing: /home/administrator/Masterproject2/20_ROS/src/Robots/install/mir_msgs/include/mir_msgs/mir_msgs/msg/detail/encoder_test_entry__type_support.c
[0.544s] -- Installing: /home/administrator/Masterproject2/20_ROS/src/Robots/install/mir_msgs/include/mir_msgs/mir_msgs/msg/detail/trolley__type_support.c
[0.544s] -- Installing: /home/administrator/Masterproject2/20_ROS/src/Robots/install/mir_msgs/include/mir_msgs/mir_msgs/msg/detail/stamped_encoders__type_support.c
[0.544s] -- Up-to-date: /home/administrator/Masterproject2/20_ROS/src/Robots/install/mir_msgs/include/mir_msgs/mir_msgs/msg/detail/external_robot__rosidl_typesupport_introspection_c.h
[0.544s] -- Installing: /home/administrator/Masterproject2/20_ROS/src/Robots/install/mir_msgs/include/mir_msgs/mir_msgs/msg/detail/hook_status__type_support.c
[0.544s] -- Up-to-date: /home/administrator/Masterproject2/20_ROS/src/Robots/install/mir_msgs/include/mir_msgs/mir_msgs/msg/detail/skid_detection_diff__rosidl_typesupport_introspection_c.h
[0.544s] -- Up-to-date: /home/administrator/Masterproject2/20_ROS/src/Robots/install/mir_msgs/include/mir_msgs/mir_msgs/msg/detail/charging_state__rosidl_typesupport_introspection_c.h
[0.544s] -- Up-to-date: /home/administrator/Masterproject2/20_ROS/src/Robots/install/mir_msgs/lib/libmir_msgs__rosidl_typesupport_introspection_c.so
[0.544s] -- Up-to-date: /home/administrator/Masterproject2/20_ROS/src/Robots/install/mir_msgs/lib/libmir_msgs__rosidl_typesupport_c.so
[0.544s] -- Up-to-date: /home/administrator/Masterproject2/20_ROS/src/Robots/install/mir_msgs/include/mir_msgs/mir_msgs
[0.544s] -- Up-to-date: /home/administrator/Masterproject2/20_ROS/src/Robots/install/mir_msgs/include/mir_msgs/mir_msgs/msg
[0.545s] -- Up-to-date: /home/administrator/Masterproject2/20_ROS/src/Robots/install/mir_msgs/include/mir_msgs/mir_msgs/msg/detail
[0.545s] -- Up-to-date: /home/administrator/Masterproject2/20_ROS/src/Robots/install/mir_msgs/include/mir_msgs/mir_msgs/msg/detail/gripper_state__rosidl_typesupport_introspection_cpp.hpp
[0.545s] -- Up-to-date: /home/administrator/Masterproject2/20_ROS/src/Robots/install/mir_msgs/include/mir_msgs/mir_msgs/msg/detail/robot_mode__rosidl_typesupport_introspection_cpp.hpp
[0.545s] -- Up-to-date: /home/administrator/Masterproject2/20_ROS/src/Robots/install/mir_msgs/include/mir_msgs/mir_msgs/msg/detail/safety_status__rosidl_typesupport_introspection_cpp.hpp
[0.545s] -- Up-to-date: /home/administrator/Masterproject2/20_ROS/src/Robots/install/mir_msgs/include/mir_msgs/mir_msgs/msg/detail/mission_ctrl_state__type_support.cpp
[0.545s] -- Up-to-date: /home/administrator/Masterproject2/20_ROS/src/Robots/install/mir_msgs/include/mir_msgs/mir_msgs/msg/detail/power_board_motor_status__rosidl_typesupport_introspection_cpp.hpp
[0.545s] -- Up-to-date: /home/administrator/Masterproject2/20_ROS/src/Robots/install/mir_msgs/include/mir_msgs/mir_msgs/msg/detail/resource_state__rosidl_typesupport_introspection_cpp.hpp
[0.545s] -- Up-to-date: /home/administrator/Masterproject2/20_ROS/src/Robots/install/mir_msgs/include/mir_msgs/mir_msgs/msg/detail/pendant__type_support.cpp
[0.545s] -- Up-to-date: /home/administrator/Masterproject2/20_ROS/src/Robots/install/mir_msgs/include/mir_msgs/mir_msgs/msg/detail/resources_state__type_support.cpp
[0.545s] -- Up-to-date: /home/administrator/Masterproject2/20_ROS/src/Robots/install/mir_msgs/include/mir_msgs/mir_msgs/msg/detail/serial__rosidl_typesupport_introspection_cpp.hpp
[0.545s] -- Up-to-date: /home/administrator/Masterproject2/20_ROS/src/Robots/install/mir_msgs/include/mir_msgs/mir_msgs/msg/detail/moving_state__type_support.cpp
[0.545s] -- Up-to-date: /home/administrator/Masterproject2/20_ROS/src/Robots/install/mir_msgs/include/mir_msgs/mir_msgs/msg/detail/error__rosidl_typesupport_introspection_cpp.hpp
[0.545s] -- Up-to-date: /home/administrator/Masterproject2/20_ROS/src/Robots/install/mir_msgs/include/mir_msgs/mir_msgs/msg/detail/skid_detection_stamped_float__rosidl_typesupport_introspection_cpp.hpp
[0.545s] -- Up-to-date: /home/administrator/Masterproject2/20_ROS/src/Robots/install/mir_msgs/include/mir_msgs/mir_msgs/msg/detail/world_model__type_support.cpp
[0.545s] -- Up-to-date: /home/administrator/Masterproject2/20_ROS/src/Robots/install/mir_msgs/include/mir_msgs/mir_msgs/msg/detail/precision_docking_status__type_support.cpp
[0.545s] -- Up-to-date: /home/administrator/Masterproject2/20_ROS/src/Robots/install/mir_msgs/include/mir_msgs/mir_msgs/msg/detail/battery_currents__rosidl_typesupport_introspection_cpp.hpp
[0.545s] -- Up-to-date: /home/administrator/Masterproject2/20_ROS/src/Robots/install/mir_msgs/include/mir_msgs/mir_msgs/msg/detail/stamped_encoders__type_support.cpp
[0.545s] -- Up-to-date: /home/administrator/Masterproject2/20_ROS/src/Robots/install/mir_msgs/include/mir_msgs/mir_msgs/msg/detail/time_debug__rosidl_typesupport_introspection_cpp.hpp
[0.545s] -- Up-to-date: /home/administrator/Masterproject2/20_ROS/src/Robots/install/mir_msgs/include/mir_msgs/mir_msgs/msg/detail/external_robot__type_support.cpp
[0.545s] -- Up-to-date: /home/administrator/Masterproject2/20_ROS/src/Robots/install/mir_msgs/include/mir_msgs/mir_msgs/msg/detail/pose2_d__rosidl_typesupport_introspection_cpp.hpp
[0.545s] -- Up-to-date: /home/administrator/Masterproject2/20_ROS/src/Robots/install/mir_msgs/include/mir_msgs/mir_msgs/msg/detail/plan_segments__rosidl_typesupport_introspection_cpp.hpp
[0.545s] -- Up-to-date: /home/administrator/Masterproject2/20_ROS/src/Robots/install/mir_msgs/include/mir_msgs/mir_msgs/msg/detail/encoder_test_entry__type_support.cpp
[0.545s] -- Up-to-date: /home/administrator/Masterproject2/20_ROS/src/Robots/install/mir_msgs/include/mir_msgs/mir_msgs/msg/detail/local_map_stat__rosidl_typesupport_introspection_cpp.hpp
[0.545s] -- Up-to-date: /home/administrator/Masterproject2/20_ROS/src/Robots/install/mir_msgs/include/mir_msgs/mir_msgs/msg/detail/user_prompt__rosidl_typesupport_introspection_cpp.hpp
[0.546s] -- Up-to-date: /home/administrator/Masterproject2/20_ROS/src/Robots/install/mir_msgs/include/mir_msgs/mir_msgs/msg/detail/encoders__type_support.cpp
[0.546s] -- Up-to-date: /home/administrator/Masterproject2/20_ROS/src/Robots/install/mir_msgs/include/mir_msgs/mir_msgs/msg/detail/twist2_d__rosidl_typesupport_introspection_cpp.hpp
[0.546s] -- Up-to-date: /home/administrator/Masterproject2/20_ROS/src/Robots/install/mir_msgs/include/mir_msgs/mir_msgs/msg/detail/mir_extra__rosidl_typesupport_introspection_cpp.hpp
[0.546s] -- Up-to-date: /home/administrator/Masterproject2/20_ROS/src/Robots/install/mir_msgs/include/mir_msgs/mir_msgs/msg/detail/bms_data__rosidl_typesupport_introspection_cpp.hpp
[0.546s] -- Up-to-date: /home/administrator/Masterproject2/20_ROS/src/Robots/install/mir_msgs/include/mir_msgs/mir_msgs/msg/detail/external_robots__type_support.cpp
[0.546s] -- Up-to-date: /home/administrator/Masterproject2/20_ROS/src/Robots/install/mir_msgs/include/mir_msgs/mir_msgs/msg/detail/robot_status__type_support.cpp
[0.546s] -- Up-to-date: /home/administrator/Masterproject2/20_ROS/src/Robots/install/mir_msgs/include/mir_msgs/mir_msgs/msg/detail/resources_state__rosidl_typesupport_introspection_cpp.hpp
[0.546s] -- Up-to-date: /home/administrator/Masterproject2/20_ROS/src/Robots/install/mir_msgs/include/mir_msgs/mir_msgs/msg/detail/devices__rosidl_typesupport_introspection_cpp.hpp
[0.546s] -- Up-to-date: /home/administrator/Masterproject2/20_ROS/src/Robots/install/mir_msgs/include/mir_msgs/mir_msgs/msg/detail/robot_mode__type_support.cpp
[0.546s] -- Up-to-date: /home/administrator/Masterproject2/20_ROS/src/Robots/install/mir_msgs/include/mir_msgs/mir_msgs/msg/detail/encoder_test_entry__rosidl_typesupport_introspection_cpp.hpp
[0.546s] -- Up-to-date: /home/administrator/Masterproject2/20_ROS/src/Robots/install/mir_msgs/include/mir_msgs/mir_msgs/msg/detail/mir_local_planner_path_types__type_support.cpp
[0.546s] -- Up-to-date: /home/administrator/Masterproject2/20_ROS/src/Robots/install/mir_msgs/include/mir_msgs/mir_msgs/msg/detail/skid_detection_stamped_float__type_support.cpp
[0.546s] -- Up-to-date: /home/administrator/Masterproject2/20_ROS/src/Robots/install/mir_msgs/include/mir_msgs/mir_msgs/msg/detail/web_path__rosidl_typesupport_introspection_cpp.hpp
[0.546s] -- Up-to-date: /home/administrator/Masterproject2/20_ROS/src/Robots/install/mir_msgs/include/mir_msgs/mir_msgs/msg/detail/trolley__type_support.cpp
[0.546s] -- Up-to-date: /home/administrator/Masterproject2/20_ROS/src/Robots/install/mir_msgs/include/mir_msgs/mir_msgs/msg/detail/moving_state__rosidl_typesupport_introspection_cpp.hpp
[0.546s] -- Up-to-date: /home/administrator/Masterproject2/20_ROS/src/Robots/install/mir_msgs/include/mir_msgs/mir_msgs/msg/detail/hook_data__rosidl_typesupport_introspection_cpp.hpp
[0.546s] -- Up-to-date: /home/administrator/Masterproject2/20_ROS/src/Robots/install/mir_msgs/include/mir_msgs/mir_msgs/msg/detail/event__rosidl_typesupport_introspection_cpp.hpp
[0.546s] -- Up-to-date: /home/administrator/Masterproject2/20_ROS/src/Robots/install/mir_msgs/include/mir_msgs/mir_msgs/msg/detail/encoders__rosidl_typesupport_introspection_cpp.hpp
[0.546s] -- Up-to-date: /home/administrator/Masterproject2/20_ROS/src/Robots/install/mir_msgs/include/mir_msgs/mir_msgs/msg/detail/skid_detection_diff__type_support.cpp
[0.546s] -- Up-to-date: /home/administrator/Masterproject2/20_ROS/src/Robots/install/mir_msgs/include/mir_msgs/mir_msgs/msg/detail/pose2_d__type_support.cpp
[0.546s] -- Up-to-date: /home/administrator/Masterproject2/20_ROS/src/Robots/install/mir_msgs/include/mir_msgs/mir_msgs/msg/detail/events__rosidl_typesupport_introspection_cpp.hpp
[0.546s] -- Up-to-date: /home/administrator/Masterproject2/20_ROS/src/Robots/install/mir_msgs/include/mir_msgs/mir_msgs/msg/detail/power_board_motor_status__type_support.cpp
[0.546s] -- Up-to-date: /home/administrator/Masterproject2/20_ROS/src/Robots/install/mir_msgs/include/mir_msgs/mir_msgs/msg/detail/world_map__rosidl_typesupport_introspection_cpp.hpp
[0.547s] -- Up-to-date: /home/administrator/Masterproject2/20_ROS/src/Robots/install/mir_msgs/include/mir_msgs/mir_msgs/msg/detail/mir_extra__type_support.cpp
[0.547s] -- Up-to-date: /home/administrator/Masterproject2/20_ROS/src/Robots/install/mir_msgs/include/mir_msgs/mir_msgs/msg/detail/skid_detection_diff__rosidl_typesupport_introspection_cpp.hpp
[0.547s] -- Up-to-date: /home/administrator/Masterproject2/20_ROS/src/Robots/install/mir_msgs/include/mir_msgs/mir_msgs/msg/detail/twist2_d__type_support.cpp
[0.547s] -- Up-to-date: /home/administrator/Masterproject2/20_ROS/src/Robots/install/mir_msgs/include/mir_msgs/mir_msgs/msg/detail/hook_data__type_support.cpp
[0.547s] -- Up-to-date: /home/administrator/Masterproject2/20_ROS/src/Robots/install/mir_msgs/include/mir_msgs/mir_msgs/msg/detail/resource_state__type_support.cpp
[0.547s] -- Up-to-date: /home/administrator/Masterproject2/20_ROS/src/Robots/install/mir_msgs/include/mir_msgs/mir_msgs/msg/detail/events__type_support.cpp
[0.547s] -- Up-to-date: /home/administrator/Masterproject2/20_ROS/src/Robots/install/mir_msgs/include/mir_msgs/mir_msgs/msg/detail/stamped_encoders__rosidl_typesupport_introspection_cpp.hpp
[0.547s] -- Up-to-date: /home/administrator/Masterproject2/20_ROS/src/Robots/install/mir_msgs/include/mir_msgs/mir_msgs/msg/detail/device__rosidl_typesupport_introspection_cpp.hpp
[0.547s] -- Up-to-date: /home/administrator/Masterproject2/20_ROS/src/Robots/install/mir_msgs/include/mir_msgs/mir_msgs/msg/detail/external_robots__rosidl_typesupport_introspection_cpp.hpp
[0.547s] -- Up-to-date: /home/administrator/Masterproject2/20_ROS/src/Robots/install/mir_msgs/include/mir_msgs/mir_msgs/msg/detail/hook_status__rosidl_typesupport_introspection_cpp.hpp
[0.547s] -- Up-to-date: /home/administrator/Masterproject2/20_ROS/src/Robots/install/mir_msgs/include/mir_msgs/mir_msgs/msg/detail/world_model__rosidl_typesupport_introspection_cpp.hpp
[0.547s] -- Up-to-date: /home/administrator/Masterproject2/20_ROS/src/Robots/install/mir_msgs/include/mir_msgs/mir_msgs/msg/detail/pallet_lifter_status__rosidl_typesupport_introspection_cpp.hpp
[0.547s] -- Up-to-date: /home/administrator/Masterproject2/20_ROS/src/Robots/install/mir_msgs/include/mir_msgs/mir_msgs/msg/detail/world_map__type_support.cpp
[0.547s] -- Up-to-date: /home/administrator/Masterproject2/20_ROS/src/Robots/install/mir_msgs/include/mir_msgs/mir_msgs/msg/detail/joystick_vel__rosidl_typesupport_introspection_cpp.hpp
[0.547s] -- Up-to-date: /home/administrator/Masterproject2/20_ROS/src/Robots/install/mir_msgs/include/mir_msgs/mir_msgs/msg/detail/resources_acquisition__rosidl_typesupport_introspection_cpp.hpp
[0.547s] -- Up-to-date: /home/administrator/Masterproject2/20_ROS/src/Robots/install/mir_msgs/include/mir_msgs/mir_msgs/msg/detail/brake_state__rosidl_typesupport_introspection_cpp.hpp
[0.547s] -- Up-to-date: /home/administrator/Masterproject2/20_ROS/src/Robots/install/mir_msgs/include/mir_msgs/mir_msgs/msg/detail/plan_segment__rosidl_typesupport_introspection_cpp.hpp
[0.547s] -- Up-to-date: /home/administrator/Masterproject2/20_ROS/src/Robots/install/mir_msgs/include/mir_msgs/mir_msgs/msg/detail/mission_ctrl_command__type_support.cpp
[0.547s] -- Up-to-date: /home/administrator/Masterproject2/20_ROS/src/Robots/install/mir_msgs/include/mir_msgs/mir_msgs/msg/detail/i_os__type_support.cpp
[0.547s] -- Up-to-date: /home/administrator/Masterproject2/20_ROS/src/Robots/install/mir_msgs/include/mir_msgs/mir_msgs/msg/detail/proximity__type_support.cpp
[0.547s] -- Up-to-date: /home/administrator/Masterproject2/20_ROS/src/Robots/install/mir_msgs/include/mir_msgs/mir_msgs/msg/detail/hook_extended_status__rosidl_typesupport_introspection_cpp.hpp
[0.547s] -- Up-to-date: /home/administrator/Masterproject2/20_ROS/src/Robots/install/mir_msgs/include/mir_msgs/mir_msgs/msg/detail/device__type_support.cpp
[0.547s] -- Up-to-date: /home/administrator/Masterproject2/20_ROS/src/Robots/install/mir_msgs/include/mir_msgs/mir_msgs/msg/detail/plan_segments__type_support.cpp
[0.547s] -- Up-to-date: /home/administrator/Masterproject2/20_ROS/src/Robots/install/mir_msgs/include/mir_msgs/mir_msgs/msg/detail/time_debug__type_support.cpp
[0.547s] -- Up-to-date: /home/administrator/Masterproject2/20_ROS/src/Robots/install/mir_msgs/include/mir_msgs/mir_msgs/msg/detail/charging_state__type_support.cpp
[0.547s] -- Up-to-date: /home/administrator/Masterproject2/20_ROS/src/Robots/install/mir_msgs/include/mir_msgs/mir_msgs/msg/detail/charging_state__rosidl_typesupport_introspection_cpp.hpp
[0.548s] -- Up-to-date: /home/administrator/Masterproject2/20_ROS/src/Robots/install/mir_msgs/include/mir_msgs/mir_msgs/msg/detail/web_path__type_support.cpp
[0.548s] -- Up-to-date: /home/administrator/Masterproject2/20_ROS/src/Robots/install/mir_msgs/include/mir_msgs/mir_msgs/msg/detail/angle_measurment__type_support.cpp
[0.548s] -- Up-to-date: /home/administrator/Masterproject2/20_ROS/src/Robots/install/mir_msgs/include/mir_msgs/mir_msgs/msg/detail/trolley__rosidl_typesupport_introspection_cpp.hpp
[0.548s] -- Up-to-date: /home/administrator/Masterproject2/20_ROS/src/Robots/install/mir_msgs/include/mir_msgs/mir_msgs/msg/detail/gripper_state__type_support.cpp
[0.548s] -- Up-to-date: /home/administrator/Masterproject2/20_ROS/src/Robots/install/mir_msgs/include/mir_msgs/mir_msgs/msg/detail/joystick_vel__type_support.cpp
[0.548s] -- Up-to-date: /home/administrator/Masterproject2/20_ROS/src/Robots/install/mir_msgs/include/mir_msgs/mir_msgs/msg/detail/angle_measurment__rosidl_typesupport_introspection_cpp.hpp
[0.548s] -- Up-to-date: /home/administrator/Masterproject2/20_ROS/src/Robots/install/mir_msgs/include/mir_msgs/mir_msgs/msg/detail/external_robot__rosidl_typesupport_introspection_cpp.hpp
[0.548s] -- Up-to-date: /home/administrator/Masterproject2/20_ROS/src/Robots/install/mir_msgs/include/mir_msgs/mir_msgs/msg/detail/error__type_support.cpp
[0.548s] -- Up-to-date: /home/administrator/Masterproject2/20_ROS/src/Robots/install/mir_msgs/include/mir_msgs/mir_msgs/msg/detail/precision_docking_status__rosidl_typesupport_introspection_cpp.hpp
[0.548s] -- Up-to-date: /home/administrator/Masterproject2/20_ROS/src/Robots/install/mir_msgs/include/mir_msgs/mir_msgs/msg/detail/resources_acquisition__type_support.cpp
[0.548s] -- Up-to-date: /home/administrator/Masterproject2/20_ROS/src/Robots/install/mir_msgs/include/mir_msgs/mir_msgs/msg/detail/gpio__type_support.cpp
[0.548s] -- Up-to-date: /home/administrator/Masterproject2/20_ROS/src/Robots/install/mir_msgs/include/mir_msgs/mir_msgs/msg/detail/mission_ctrl_command__rosidl_typesupport_introspection_cpp.hpp
[0.548s] -- Up-to-date: /home/administrator/Masterproject2/20_ROS/src/Robots/install/mir_msgs/include/mir_msgs/mir_msgs/msg/detail/event__type_support.cpp
[0.548s] -- Up-to-date: /home/administrator/Masterproject2/20_ROS/src/Robots/install/mir_msgs/include/mir_msgs/mir_msgs/msg/detail/path__type_support.cpp
[0.548s] -- Up-to-date: /home/administrator/Masterproject2/20_ROS/src/Robots/install/mir_msgs/include/mir_msgs/mir_msgs/msg/detail/pallet_lifter_status__type_support.cpp
[0.548s] -- Up-to-date: /home/administrator/Masterproject2/20_ROS/src/Robots/install/mir_msgs/include/mir_msgs/mir_msgs/msg/detail/mission_ctrl_state__rosidl_typesupport_introspection_cpp.hpp
[0.548s] -- Up-to-date: /home/administrator/Masterproject2/20_ROS/src/Robots/install/mir_msgs/include/mir_msgs/mir_msgs/msg/detail/local_map_stat__type_support.cpp
[0.548s] -- Up-to-date: /home/administrator/Masterproject2/20_ROS/src/Robots/install/mir_msgs/include/mir_msgs/mir_msgs/msg/detail/battery_currents__type_support.cpp
[0.548s] -- Up-to-date: /home/administrator/Masterproject2/20_ROS/src/Robots/install/mir_msgs/include/mir_msgs/mir_msgs/msg/detail/i_os__rosidl_typesupport_introspection_cpp.hpp
[0.548s] -- Up-to-date: /home/administrator/Masterproject2/20_ROS/src/Robots/install/mir_msgs/include/mir_msgs/mir_msgs/msg/detail/sound_event__type_support.cpp
[0.548s] -- Up-to-date: /home/administrator/Masterproject2/20_ROS/src/Robots/install/mir_msgs/include/mir_msgs/mir_msgs/msg/detail/serial__type_support.cpp
[0.548s] -- Up-to-date: /home/administrator/Masterproject2/20_ROS/src/Robots/install/mir_msgs/include/mir_msgs/mir_msgs/msg/detail/safety_status__type_support.cpp
[0.548s] -- Up-to-date: /home/administrator/Masterproject2/20_ROS/src/Robots/install/mir_msgs/include/mir_msgs/mir_msgs/msg/detail/plan_segment__type_support.cpp
[0.548s] -- Up-to-date: /home/administrator/Masterproject2/20_ROS/src/Robots/install/mir_msgs/include/mir_msgs/mir_msgs/msg/detail/robot_state__type_support.cpp
[0.548s] -- Up-to-date: /home/administrator/Masterproject2/20_ROS/src/Robots/install/mir_msgs/include/mir_msgs/mir_msgs/msg/detail/service_response_header__rosidl_typesupport_introspection_cpp.hpp
[0.549s] -- Up-to-date: /home/administrator/Masterproject2/20_ROS/src/Robots/install/mir_msgs/include/mir_msgs/mir_msgs/msg/detail/devices__type_support.cpp
[0.549s] -- Up-to-date: /home/administrator/Masterproject2/20_ROS/src/Robots/install/mir_msgs/include/mir_msgs/mir_msgs/msg/detail/hook_status__type_support.cpp
[0.549s] -- Up-to-date: /home/administrator/Masterproject2/20_ROS/src/Robots/install/mir_msgs/include/mir_msgs/mir_msgs/msg/detail/pendant__rosidl_typesupport_introspection_cpp.hpp
[0.549s] -- Up-to-date: /home/administrator/Masterproject2/20_ROS/src/Robots/install/mir_msgs/include/mir_msgs/mir_msgs/msg/detail/brake_state__type_support.cpp
[0.549s] -- Up-to-date: /home/administrator/Masterproject2/20_ROS/src/Robots/install/mir_msgs/include/mir_msgs/mir_msgs/msg/detail/service_response_header__type_support.cpp
[0.549s] -- Up-to-date: /home/administrator/Masterproject2/20_ROS/src/Robots/install/mir_msgs/include/mir_msgs/mir_msgs/msg/detail/path__rosidl_typesupport_introspection_cpp.hpp
[0.549s] -- Up-to-date: /home/administrator/Masterproject2/20_ROS/src/Robots/install/mir_msgs/include/mir_msgs/mir_msgs/msg/detail/height_state__rosidl_typesupport_introspection_cpp.hpp
[0.549s] -- Up-to-date: /home/administrator/Masterproject2/20_ROS/src/Robots/install/mir_msgs/include/mir_msgs/mir_msgs/msg/detail/user_prompt__type_support.cpp
[0.549s] -- Up-to-date: /home/administrator/Masterproject2/20_ROS/src/Robots/install/mir_msgs/include/mir_msgs/mir_msgs/msg/detail/hook_extended_status__type_support.cpp
[0.549s] -- Up-to-date: /home/administrator/Masterproject2/20_ROS/src/Robots/install/mir_msgs/include/mir_msgs/mir_msgs/msg/detail/robot_status__rosidl_typesupport_introspection_cpp.hpp
[0.549s] -- Up-to-date: /home/administrator/Masterproject2/20_ROS/src/Robots/install/mir_msgs/include/mir_msgs/mir_msgs/msg/detail/robot_state__rosidl_typesupport_introspection_cpp.hpp
[0.549s] -- Up-to-date: /home/administrator/Masterproject2/20_ROS/src/Robots/install/mir_msgs/include/mir_msgs/mir_msgs/msg/detail/bms_data__type_support.cpp
[0.549s] -- Up-to-date: /home/administrator/Masterproject2/20_ROS/src/Robots/install/mir_msgs/include/mir_msgs/mir_msgs/msg/detail/height_state__type_support.cpp
[0.549s] -- Up-to-date: /home/administrator/Masterproject2/20_ROS/src/Robots/install/mir_msgs/include/mir_msgs/mir_msgs/msg/detail/gpio__rosidl_typesupport_introspection_cpp.hpp
[0.549s] -- Up-to-date: /home/administrator/Masterproject2/20_ROS/src/Robots/install/mir_msgs/include/mir_msgs/mir_msgs/msg/detail/mir_local_planner_path_types__rosidl_typesupport_introspection_cpp.hpp
[0.549s] -- Up-to-date: /home/administrator/Masterproject2/20_ROS/src/Robots/install/mir_msgs/include/mir_msgs/mir_msgs/msg/detail/sound_event__rosidl_typesupport_introspection_cpp.hpp
[0.549s] -- Up-to-date: /home/administrator/Masterproject2/20_ROS/src/Robots/install/mir_msgs/include/mir_msgs/mir_msgs/msg/detail/proximity__rosidl_typesupport_introspection_cpp.hpp
[0.549s] -- Up-to-date: /home/administrator/Masterproject2/20_ROS/src/Robots/install/mir_msgs/lib/libmir_msgs__rosidl_typesupport_introspection_cpp.so
[0.549s] -- Up-to-date: /home/administrator/Masterproject2/20_ROS/src/Robots/install/mir_msgs/lib/libmir_msgs__rosidl_typesupport_cpp.so
[0.549s] -- Up-to-date: /home/administrator/Masterproject2/20_ROS/src/Robots/install/mir_msgs/share/mir_msgs/environment/pythonpath.sh
[0.549s] -- Up-to-date: /home/administrator/Masterproject2/20_ROS/src/Robots/install/mir_msgs/share/mir_msgs/environment/pythonpath.dsv
[0.549s] -- Up-to-date: /home/administrator/Masterproject2/20_ROS/src/Robots/install/mir_msgs/lib/python3.12/site-packages/mir_msgs-1.1.8-py3.12.egg-info
[0.549s] -- Installing: /home/administrator/Masterproject2/20_ROS/src/Robots/install/mir_msgs/lib/python3.12/site-packages/mir_msgs-1.1.8-py3.12.egg-info/dependency_links.txt
[0.549s] -- Installing: /home/administrator/Masterproject2/20_ROS/src/Robots/install/mir_msgs/lib/python3.12/site-packages/mir_msgs-1.1.8-py3.12.egg-info/top_level.txt
[0.549s] -- Installing: /home/administrator/Masterproject2/20_ROS/src/Robots/install/mir_msgs/lib/python3.12/site-packages/mir_msgs-1.1.8-py3.12.egg-info/SOURCES.txt
[0.550s] -- Installing: /home/administrator/Masterproject2/20_ROS/src/Robots/install/mir_msgs/lib/python3.12/site-packages/mir_msgs-1.1.8-py3.12.egg-info/PKG-INFO
[0.550s] -- Up-to-date: /home/administrator/Masterproject2/20_ROS/src/Robots/install/mir_msgs/lib/python3.12/site-packages/mir_msgs
[0.550s] -- Up-to-date: /home/administrator/Masterproject2/20_ROS/src/Robots/install/mir_msgs/lib/python3.12/site-packages/mir_msgs/_mir_msgs_s.ep.rosidl_typesupport_introspection_c.c
[0.550s] -- Up-to-date: /home/administrator/Masterproject2/20_ROS/src/Robots/install/mir_msgs/lib/python3.12/site-packages/mir_msgs/mir_msgs_s__rosidl_typesupport_c.so
[0.550s] -- Up-to-date: /home/administrator/Masterproject2/20_ROS/src/Robots/install/mir_msgs/lib/python3.12/site-packages/mir_msgs/__init__.py
[0.550s] -- Up-to-date: /home/administrator/Masterproject2/20_ROS/src/Robots/install/mir_msgs/lib/python3.12/site-packages/mir_msgs/mir_msgs_s__rosidl_typesupport_fastrtps_c.so
[0.550s] -- Up-to-date: /home/administrator/Masterproject2/20_ROS/src/Robots/install/mir_msgs/lib/python3.12/site-packages/mir_msgs/mir_msgs_s__rosidl_typesupport_introspection_c.so
[0.550s] -- Up-to-date: /home/administrator/Masterproject2/20_ROS/src/Robots/install/mir_msgs/lib/python3.12/site-packages/mir_msgs/_mir_msgs_s.ep.rosidl_typesupport_fastrtps_c.c
[0.550s] -- Up-to-date: /home/administrator/Masterproject2/20_ROS/src/Robots/install/mir_msgs/lib/python3.12/site-packages/mir_msgs/msg
[0.550s] -- Up-to-date: /home/administrator/Masterproject2/20_ROS/src/Robots/install/mir_msgs/lib/python3.12/site-packages/mir_msgs/msg/_height_state.py
[0.550s] -- Up-to-date: /home/administrator/Masterproject2/20_ROS/src/Robots/install/mir_msgs/lib/python3.12/site-packages/mir_msgs/msg/_plan_segments.py
[0.550s] -- Up-to-date: /home/administrator/Masterproject2/20_ROS/src/Robots/install/mir_msgs/lib/python3.12/site-packages/mir_msgs/msg/_world_model.py
[0.550s] -- Up-to-date: /home/administrator/Masterproject2/20_ROS/src/Robots/install/mir_msgs/lib/python3.12/site-packages/mir_msgs/msg/_mir_local_planner_path_types_s.c
[0.550s] -- Up-to-date: /home/administrator/Masterproject2/20_ROS/src/Robots/install/mir_msgs/lib/python3.12/site-packages/mir_msgs/msg/_gpio_s.c
[0.550s] -- Up-to-date: /home/administrator/Masterproject2/20_ROS/src/Robots/install/mir_msgs/lib/python3.12/site-packages/mir_msgs/msg/_devices.py
[0.550s] -- Up-to-date: /home/administrator/Masterproject2/20_ROS/src/Robots/install/mir_msgs/lib/python3.12/site-packages/mir_msgs/msg/_external_robot_s.c
[0.550s] -- Up-to-date: /home/administrator/Masterproject2/20_ROS/src/Robots/install/mir_msgs/lib/python3.12/site-packages/mir_msgs/msg/_robot_state.py
[0.550s] -- Up-to-date: /home/administrator/Masterproject2/20_ROS/src/Robots/install/mir_msgs/lib/python3.12/site-packages/mir_msgs/msg/_mission_ctrl_command.py
[0.550s] -- Up-to-date: /home/administrator/Masterproject2/20_ROS/src/Robots/install/mir_msgs/lib/python3.12/site-packages/mir_msgs/msg/_stamped_encoders_s.c
[0.550s] -- Up-to-date: /home/administrator/Masterproject2/20_ROS/src/Robots/install/mir_msgs/lib/python3.12/site-packages/mir_msgs/msg/_resource_state.py
[0.550s] -- Up-to-date: /home/administrator/Masterproject2/20_ROS/src/Robots/install/mir_msgs/lib/python3.12/site-packages/mir_msgs/msg/_robot_mode_s.c
[0.550s] -- Up-to-date: /home/administrator/Masterproject2/20_ROS/src/Robots/install/mir_msgs/lib/python3.12/site-packages/mir_msgs/msg/_user_prompt_s.c
[0.550s] -- Up-to-date: /home/administrator/Masterproject2/20_ROS/src/Robots/install/mir_msgs/lib/python3.12/site-packages/mir_msgs/msg/_proximity_s.c
[0.550s] -- Up-to-date: /home/administrator/Masterproject2/20_ROS/src/Robots/install/mir_msgs/lib/python3.12/site-packages/mir_msgs/msg/_proximity.py
[0.551s] -- Up-to-date: /home/administrator/Masterproject2/20_ROS/src/Robots/install/mir_msgs/lib/python3.12/site-packages/mir_msgs/msg/_mir_extra.py
[0.551s] -- Up-to-date: /home/administrator/Masterproject2/20_ROS/src/Robots/install/mir_msgs/lib/python3.12/site-packages/mir_msgs/msg/_pendant_s.c
[0.551s] -- Up-to-date: /home/administrator/Masterproject2/20_ROS/src/Robots/install/mir_msgs/lib/python3.12/site-packages/mir_msgs/msg/_i_os.py
[0.551s] -- Up-to-date: /home/administrator/Masterproject2/20_ROS/src/Robots/install/mir_msgs/lib/python3.12/site-packages/mir_msgs/msg/_user_prompt.py
[0.551s] -- Up-to-date: /home/administrator/Masterproject2/20_ROS/src/Robots/install/mir_msgs/lib/python3.12/site-packages/mir_msgs/msg/_bms_data_s.c
[0.551s] -- Up-to-date: /home/administrator/Masterproject2/20_ROS/src/Robots/install/mir_msgs/lib/python3.12/site-packages/mir_msgs/msg/_web_path_s.c
[0.551s] -- Up-to-date: /home/administrator/Masterproject2/20_ROS/src/Robots/install/mir_msgs/lib/python3.12/site-packages/mir_msgs/msg/_plan_segment_s.c
[0.551s] -- Up-to-date: /home/administrator/Masterproject2/20_ROS/src/Robots/install/mir_msgs/lib/python3.12/site-packages/mir_msgs/msg/_serial.py
[0.551s] -- Up-to-date: /home/administrator/Masterproject2/20_ROS/src/Robots/install/mir_msgs/lib/python3.12/site-packages/mir_msgs/msg/_hook_extended_status_s.c
[0.551s] -- Up-to-date: /home/administrator/Masterproject2/20_ROS/src/Robots/install/mir_msgs/lib/python3.12/site-packages/mir_msgs/msg/_error.py
[0.551s] -- Up-to-date: /home/administrator/Masterproject2/20_ROS/src/Robots/install/mir_msgs/lib/python3.12/site-packages/mir_msgs/msg/_twist2_d.py
[0.551s] -- Up-to-date: /home/administrator/Masterproject2/20_ROS/src/Robots/install/mir_msgs/lib/python3.12/site-packages/mir_msgs/msg/_power_board_motor_status_s.c
[0.551s] -- Up-to-date: /home/administrator/Masterproject2/20_ROS/src/Robots/install/mir_msgs/lib/python3.12/site-packages/mir_msgs/msg/_external_robots.py
[0.551s] -- Up-to-date: /home/administrator/Masterproject2/20_ROS/src/Robots/install/mir_msgs/lib/python3.12/site-packages/mir_msgs/msg/_skid_detection_diff.py
[0.551s] -- Up-to-date: /home/administrator/Masterproject2/20_ROS/src/Robots/install/mir_msgs/lib/python3.12/site-packages/mir_msgs/msg/_sound_event_s.c
[0.551s] -- Up-to-date: /home/administrator/Masterproject2/20_ROS/src/Robots/install/mir_msgs/lib/python3.12/site-packages/mir_msgs/msg/_robot_status.py
[0.551s] -- Up-to-date: /home/administrator/Masterproject2/20_ROS/src/Robots/install/mir_msgs/lib/python3.12/site-packages/mir_msgs/msg/_moving_state.py
[0.551s] -- Up-to-date: /home/administrator/Masterproject2/20_ROS/src/Robots/install/mir_msgs/lib/python3.12/site-packages/mir_msgs/msg/_safety_status_s.c
[0.551s] -- Up-to-date: /home/administrator/Masterproject2/20_ROS/src/Robots/install/mir_msgs/lib/python3.12/site-packages/mir_msgs/msg/_local_map_stat_s.c
[0.551s] -- Up-to-date: /home/administrator/Masterproject2/20_ROS/src/Robots/install/mir_msgs/lib/python3.12/site-packages/mir_msgs/msg/_skid_detection_stamped_float_s.c
[0.551s] -- Up-to-date: /home/administrator/Masterproject2/20_ROS/src/Robots/install/mir_msgs/lib/python3.12/site-packages/mir_msgs/msg/_resources_state.py
[0.551s] -- Up-to-date: /home/administrator/Masterproject2/20_ROS/src/Robots/install/mir_msgs/lib/python3.12/site-packages/mir_msgs/msg/_pose2_d.py
[0.551s] -- Up-to-date: /home/administrator/Masterproject2/20_ROS/src/Robots/install/mir_msgs/lib/python3.12/site-packages/mir_msgs/msg/__init__.py
[0.551s] -- Up-to-date: /home/administrator/Masterproject2/20_ROS/src/Robots/install/mir_msgs/lib/python3.12/site-packages/mir_msgs/msg/_skid_detection_diff_s.c
[0.552s] -- Up-to-date: /home/administrator/Masterproject2/20_ROS/src/Robots/install/mir_msgs/lib/python3.12/site-packages/mir_msgs/msg/_battery_currents.py
[0.552s] -- Up-to-date: /home/administrator/Masterproject2/20_ROS/src/Robots/install/mir_msgs/lib/python3.12/site-packages/mir_msgs/msg/_power_board_motor_status.py
[0.552s] -- Up-to-date: /home/administrator/Masterproject2/20_ROS/src/Robots/install/mir_msgs/lib/python3.12/site-packages/mir_msgs/msg/_pose2_d_s.c
[0.552s] -- Up-to-date: /home/administrator/Masterproject2/20_ROS/src/Robots/install/mir_msgs/lib/python3.12/site-packages/mir_msgs/msg/_robot_state_s.c
[0.552s] -- Up-to-date: /home/administrator/Masterproject2/20_ROS/src/Robots/install/mir_msgs/lib/python3.12/site-packages/mir_msgs/msg/_charging_state_s.c
[0.552s] -- Up-to-date: /home/administrator/Masterproject2/20_ROS/src/Robots/install/mir_msgs/lib/python3.12/site-packages/mir_msgs/msg/_events.py
[0.552s] -- Up-to-date: /home/administrator/Masterproject2/20_ROS/src/Robots/install/mir_msgs/lib/python3.12/site-packages/mir_msgs/msg/_pallet_lifter_status.py
[0.552s] -- Up-to-date: /home/administrator/Masterproject2/20_ROS/src/Robots/install/mir_msgs/lib/python3.12/site-packages/mir_msgs/msg/_pendant.py
[0.552s] -- Up-to-date: /home/administrator/Masterproject2/20_ROS/src/Robots/install/mir_msgs/lib/python3.12/site-packages/mir_msgs/msg/_time_debug.py
[0.552s] -- Up-to-date: /home/administrator/Masterproject2/20_ROS/src/Robots/install/mir_msgs/lib/python3.12/site-packages/mir_msgs/msg/_encoder_test_entry.py
[0.552s] -- Up-to-date: /home/administrator/Masterproject2/20_ROS/src/Robots/install/mir_msgs/lib/python3.12/site-packages/mir_msgs/msg/_service_response_header.py
[0.552s] -- Up-to-date: /home/administrator/Masterproject2/20_ROS/src/Robots/install/mir_msgs/lib/python3.12/site-packages/mir_msgs/msg/_angle_measurment.py
[0.552s] -- Up-to-date: /home/administrator/Masterproject2/20_ROS/src/Robots/install/mir_msgs/lib/python3.12/site-packages/mir_msgs/msg/_resource_state_s.c
[0.552s] -- Up-to-date: /home/administrator/Masterproject2/20_ROS/src/Robots/install/mir_msgs/lib/python3.12/site-packages/mir_msgs/msg/_i_os_s.c
[0.552s] -- Up-to-date: /home/administrator/Masterproject2/20_ROS/src/Robots/install/mir_msgs/lib/python3.12/site-packages/mir_msgs/msg/_hook_status_s.c
[0.552s] -- Up-to-date: /home/administrator/Masterproject2/20_ROS/src/Robots/install/mir_msgs/lib/python3.12/site-packages/mir_msgs/msg/_event_s.c
[0.552s] -- Up-to-date: /home/administrator/Masterproject2/20_ROS/src/Robots/install/mir_msgs/lib/python3.12/site-packages/mir_msgs/msg/_time_debug_s.c
[0.552s] -- Up-to-date: /home/administrator/Masterproject2/20_ROS/src/Robots/install/mir_msgs/lib/python3.12/site-packages/mir_msgs/msg/_error_s.c
[0.552s] -- Up-to-date: /home/administrator/Masterproject2/20_ROS/src/Robots/install/mir_msgs/lib/python3.12/site-packages/mir_msgs/msg/_robot_mode.py
[0.552s] -- Up-to-date: /home/administrator/Masterproject2/20_ROS/src/Robots/install/mir_msgs/lib/python3.12/site-packages/mir_msgs/msg/_angle_measurment_s.c
[0.552s] -- Up-to-date: /home/administrator/Masterproject2/20_ROS/src/Robots/install/mir_msgs/lib/python3.12/site-packages/mir_msgs/msg/_resources_state_s.c
[0.552s] -- Up-to-date: /home/administrator/Masterproject2/20_ROS/src/Robots/install/mir_msgs/lib/python3.12/site-packages/mir_msgs/msg/_path.py
[0.552s] -- Up-to-date: /home/administrator/Masterproject2/20_ROS/src/Robots/install/mir_msgs/lib/python3.12/site-packages/mir_msgs/msg/_device.py
[0.552s] -- Up-to-date: /home/administrator/Masterproject2/20_ROS/src/Robots/install/mir_msgs/lib/python3.12/site-packages/mir_msgs/msg/_gripper_state.py
[0.552s] -- Up-to-date: /home/administrator/Masterproject2/20_ROS/src/Robots/install/mir_msgs/lib/python3.12/site-packages/mir_msgs/msg/_resources_acquisition_s.c
[0.553s] -- Up-to-date: /home/administrator/Masterproject2/20_ROS/src/Robots/install/mir_msgs/lib/python3.12/site-packages/mir_msgs/msg/_mir_local_planner_path_types.py
[0.553s] -- Up-to-date: /home/administrator/Masterproject2/20_ROS/src/Robots/install/mir_msgs/lib/python3.12/site-packages/mir_msgs/msg/_height_state_s.c
[0.553s] -- Up-to-date: /home/administrator/Masterproject2/20_ROS/src/Robots/install/mir_msgs/lib/python3.12/site-packages/mir_msgs/msg/_world_map_s.c
[0.553s] -- Up-to-date: /home/administrator/Masterproject2/20_ROS/src/Robots/install/mir_msgs/lib/python3.12/site-packages/mir_msgs/msg/_mission_ctrl_command_s.c
[0.553s] -- Up-to-date: /home/administrator/Masterproject2/20_ROS/src/Robots/install/mir_msgs/lib/python3.12/site-packages/mir_msgs/msg/_hook_data_s.c
[0.553s] -- Up-to-date: /home/administrator/Masterproject2/20_ROS/src/Robots/install/mir_msgs/lib/python3.12/site-packages/mir_msgs/msg/_stamped_encoders.py
[0.553s] -- Up-to-date: /home/administrator/Masterproject2/20_ROS/src/Robots/install/mir_msgs/lib/python3.12/site-packages/mir_msgs/msg/_hook_status.py
[0.553s] -- Up-to-date: /home/administrator/Masterproject2/20_ROS/src/Robots/install/mir_msgs/lib/python3.12/site-packages/mir_msgs/msg/_resources_acquisition.py
[0.553s] -- Up-to-date: /home/administrator/Masterproject2/20_ROS/src/Robots/install/mir_msgs/lib/python3.12/site-packages/mir_msgs/msg/_event.py
[0.553s] -- Up-to-date: /home/administrator/Masterproject2/20_ROS/src/Robots/install/mir_msgs/lib/python3.12/site-packages/mir_msgs/msg/_brake_state.py
[0.553s] -- Up-to-date: /home/administrator/Masterproject2/20_ROS/src/Robots/install/mir_msgs/lib/python3.12/site-packages/mir_msgs/msg/_sound_event.py
[0.553s] -- Up-to-date: /home/administrator/Masterproject2/20_ROS/src/Robots/install/mir_msgs/lib/python3.12/site-packages/mir_msgs/msg/_gripper_state_s.c
[0.553s] -- Up-to-date: /home/administrator/Masterproject2/20_ROS/src/Robots/install/mir_msgs/lib/python3.12/site-packages/mir_msgs/msg/_serial_s.c
[0.553s] -- Up-to-date: /home/administrator/Masterproject2/20_ROS/src/Robots/install/mir_msgs/lib/python3.12/site-packages/mir_msgs/msg/_precision_docking_status_s.c
[0.553s] -- Up-to-date: /home/administrator/Masterproject2/20_ROS/src/Robots/install/mir_msgs/lib/python3.12/site-packages/mir_msgs/msg/_hook_extended_status.py
[0.553s] -- Up-to-date: /home/administrator/Masterproject2/20_ROS/src/Robots/install/mir_msgs/lib/python3.12/site-packages/mir_msgs/msg/_local_map_stat.py
[0.553s] -- Up-to-date: /home/administrator/Masterproject2/20_ROS/src/Robots/install/mir_msgs/lib/python3.12/site-packages/mir_msgs/msg/_hook_data.py
[0.553s] -- Up-to-date: /home/administrator/Masterproject2/20_ROS/src/Robots/install/mir_msgs/lib/python3.12/site-packages/mir_msgs/msg/_gpio.py
[0.553s] -- Up-to-date: /home/administrator/Masterproject2/20_ROS/src/Robots/install/mir_msgs/lib/python3.12/site-packages/mir_msgs/msg/_battery_currents_s.c
[0.553s] -- Up-to-date: /home/administrator/Masterproject2/20_ROS/src/Robots/install/mir_msgs/lib/python3.12/site-packages/mir_msgs/msg/_web_path.py
[0.553s] -- Up-to-date: /home/administrator/Masterproject2/20_ROS/src/Robots/install/mir_msgs/lib/python3.12/site-packages/mir_msgs/msg/_robot_status_s.c
[0.553s] -- Up-to-date: /home/administrator/Masterproject2/20_ROS/src/Robots/install/mir_msgs/lib/python3.12/site-packages/mir_msgs/msg/_service_response_header_s.c
[0.553s] -- Up-to-date: /home/administrator/Masterproject2/20_ROS/src/Robots/install/mir_msgs/lib/python3.12/site-packages/mir_msgs/msg/_joystick_vel_s.c
[0.553s] -- Up-to-date: /home/administrator/Masterproject2/20_ROS/src/Robots/install/mir_msgs/lib/python3.12/site-packages/mir_msgs/msg/_devices_s.c
[0.553s] -- Up-to-date: /home/administrator/Masterproject2/20_ROS/src/Robots/install/mir_msgs/lib/python3.12/site-packages/mir_msgs/msg/_encoders.py
[0.554s] -- Up-to-date: /home/administrator/Masterproject2/20_ROS/src/Robots/install/mir_msgs/lib/python3.12/site-packages/mir_msgs/msg/_precision_docking_status.py
[0.554s] -- Up-to-date: /home/administrator/Masterproject2/20_ROS/src/Robots/install/mir_msgs/lib/python3.12/site-packages/mir_msgs/msg/_safety_status.py
[0.554s] -- Up-to-date: /home/administrator/Masterproject2/20_ROS/src/Robots/install/mir_msgs/lib/python3.12/site-packages/mir_msgs/msg/_external_robot.py
[0.554s] -- Up-to-date: /home/administrator/Masterproject2/20_ROS/src/Robots/install/mir_msgs/lib/python3.12/site-packages/mir_msgs/msg/_mir_extra_s.c
[0.554s] -- Up-to-date: /home/administrator/Masterproject2/20_ROS/src/Robots/install/mir_msgs/lib/python3.12/site-packages/mir_msgs/msg/_moving_state_s.c
[0.554s] -- Up-to-date: /home/administrator/Masterproject2/20_ROS/src/Robots/install/mir_msgs/lib/python3.12/site-packages/mir_msgs/msg/_device_s.c
[0.554s] -- Up-to-date: /home/administrator/Masterproject2/20_ROS/src/Robots/install/mir_msgs/lib/python3.12/site-packages/mir_msgs/msg/_trolley_s.c
[0.554s] -- Up-to-date: /home/administrator/Masterproject2/20_ROS/src/Robots/install/mir_msgs/lib/python3.12/site-packages/mir_msgs/msg/_plan_segments_s.c
[0.554s] -- Up-to-date: /home/administrator/Masterproject2/20_ROS/src/Robots/install/mir_msgs/lib/python3.12/site-packages/mir_msgs/msg/_plan_segment.py
[0.554s] -- Up-to-date: /home/administrator/Masterproject2/20_ROS/src/Robots/install/mir_msgs/lib/python3.12/site-packages/mir_msgs/msg/_path_s.c
[0.554s] -- Up-to-date: /home/administrator/Masterproject2/20_ROS/src/Robots/install/mir_msgs/lib/python3.12/site-packages/mir_msgs/msg/_skid_detection_stamped_float.py
[0.554s] -- Up-to-date: /home/administrator/Masterproject2/20_ROS/src/Robots/install/mir_msgs/lib/python3.12/site-packages/mir_msgs/msg/_encoder_test_entry_s.c
[0.554s] -- Up-to-date: /home/administrator/Masterproject2/20_ROS/src/Robots/install/mir_msgs/lib/python3.12/site-packages/mir_msgs/msg/_brake_state_s.c
[0.554s] -- Up-to-date: /home/administrator/Masterproject2/20_ROS/src/Robots/install/mir_msgs/lib/python3.12/site-packages/mir_msgs/msg/_trolley.py
[0.554s] -- Up-to-date: /home/administrator/Masterproject2/20_ROS/src/Robots/install/mir_msgs/lib/python3.12/site-packages/mir_msgs/msg/_events_s.c
[0.554s] -- Up-to-date: /home/administrator/Masterproject2/20_ROS/src/Robots/install/mir_msgs/lib/python3.12/site-packages/mir_msgs/msg/_world_model_s.c
[0.554s] -- Up-to-date: /home/administrator/Masterproject2/20_ROS/src/Robots/install/mir_msgs/lib/python3.12/site-packages/mir_msgs/msg/_external_robots_s.c
[0.554s] -- Up-to-date: /home/administrator/Masterproject2/20_ROS/src/Robots/install/mir_msgs/lib/python3.12/site-packages/mir_msgs/msg/_bms_data.py
[0.554s] -- Up-to-date: /home/administrator/Masterproject2/20_ROS/src/Robots/install/mir_msgs/lib/python3.12/site-packages/mir_msgs/msg/_world_map.py
[0.554s] -- Up-to-date: /home/administrator/Masterproject2/20_ROS/src/Robots/install/mir_msgs/lib/python3.12/site-packages/mir_msgs/msg/_twist2_d_s.c
[0.554s] -- Up-to-date: /home/administrator/Masterproject2/20_ROS/src/Robots/install/mir_msgs/lib/python3.12/site-packages/mir_msgs/msg/_joystick_vel.py
[0.554s] -- Up-to-date: /home/administrator/Masterproject2/20_ROS/src/Robots/install/mir_msgs/lib/python3.12/site-packages/mir_msgs/msg/_encoders_s.c
[0.554s] -- Up-to-date: /home/administrator/Masterproject2/20_ROS/src/Robots/install/mir_msgs/lib/python3.12/site-packages/mir_msgs/msg/_mission_ctrl_state.py
[0.554s] -- Up-to-date: /home/administrator/Masterproject2/20_ROS/src/Robots/install/mir_msgs/lib/python3.12/site-packages/mir_msgs/msg/_mission_ctrl_state_s.c
[0.554s] -- Up-to-date: /home/administrator/Masterproject2/20_ROS/src/Robots/install/mir_msgs/lib/python3.12/site-packages/mir_msgs/msg/_pallet_lifter_status_s.c
[0.554s] -- Up-to-date: /home/administrator/Masterproject2/20_ROS/src/Robots/install/mir_msgs/lib/python3.12/site-packages/mir_msgs/msg/_charging_state.py
[0.554s] -- Up-to-date: /home/administrator/Masterproject2/20_ROS/src/Robots/install/mir_msgs/lib/python3.12/site-packages/mir_msgs/_mir_msgs_s.ep.rosidl_typesupport_c.c
[0.555s] Listing '/home/administrator/Masterproject2/20_ROS/src/Robots/install/mir_msgs/lib/python3.12/site-packages/mir_msgs'...
[0.555s] Listing '/home/administrator/Masterproject2/20_ROS/src/Robots/install/mir_msgs/lib/python3.12/site-packages/mir_msgs/msg'...
[0.555s] -- Up-to-date: /home/administrator/Masterproject2/20_ROS/src/Robots/install/mir_msgs/lib/python3.12/site-packages/mir_msgs/mir_msgs_s__rosidl_typesupport_fastrtps_c.so
[0.555s] -- Up-to-date: /home/administrator/Masterproject2/20_ROS/src/Robots/install/mir_msgs/lib/python3.12/site-packages/mir_msgs/mir_msgs_s__rosidl_typesupport_introspection_c.so
[0.555s] -- Up-to-date: /home/administrator/Masterproject2/20_ROS/src/Robots/install/mir_msgs/lib/python3.12/site-packages/mir_msgs/mir_msgs_s__rosidl_typesupport_c.so
[0.555s] -- Up-to-date: /home/administrator/Masterproject2/20_ROS/src/Robots/install/mir_msgs/lib/libmir_msgs__rosidl_generator_py.so
[0.555s] -- Up-to-date: /home/administrator/Masterproject2/20_ROS/src/Robots/install/mir_msgs/share/ament_index/resource_index/rust_packages/mir_msgs
[0.555s] -- Up-to-date: /home/administrator/Masterproject2/20_ROS/src/Robots/install/mir_msgs/share/mir_msgs/rust
[0.555s] -- Up-to-date: /home/administrator/Masterproject2/20_ROS/src/Robots/install/mir_msgs/share/mir_msgs/rust/Cargo.toml
[0.555s] -- Up-to-date: /home/administrator/Masterproject2/20_ROS/src/Robots/install/mir_msgs/share/mir_msgs/rust/build.rs
[0.555s] -- Up-to-date: /home/administrator/Masterproject2/20_ROS/src/Robots/install/mir_msgs/share/mir_msgs/rust/src
[0.555s] -- Up-to-date: /home/administrator/Masterproject2/20_ROS/src/Robots/install/mir_msgs/share/mir_msgs/rust/src/msg
[0.555s] -- Up-to-date: /home/administrator/Masterproject2/20_ROS/src/Robots/install/mir_msgs/share/mir_msgs/rust/src/msg/rmw.rs
[0.555s] -- Up-to-date: /home/administrator/Masterproject2/20_ROS/src/Robots/install/mir_msgs/share/mir_msgs/rust/src/msg.rs
[0.555s] -- Up-to-date: /home/administrator/Masterproject2/20_ROS/src/Robots/install/mir_msgs/share/mir_msgs/rust/src/lib.rs
[0.555s] -- Up-to-date: /home/administrator/Masterproject2/20_ROS/src/Robots/install/mir_msgs/share/mir_msgs/msg/AngleMeasurment.idl
[0.555s] -- Up-to-date: /home/administrator/Masterproject2/20_ROS/src/Robots/install/mir_msgs/share/mir_msgs/msg/BMSData.idl
[0.555s] -- Up-to-date: /home/administrator/Masterproject2/20_ROS/src/Robots/install/mir_msgs/share/mir_msgs/msg/BatteryCurrents.idl
[0.555s] -- Up-to-date: /home/administrator/Masterproject2/20_ROS/src/Robots/install/mir_msgs/share/mir_msgs/msg/BrakeState.idl
[0.555s] -- Up-to-date: /home/administrator/Masterproject2/20_ROS/src/Robots/install/mir_msgs/share/mir_msgs/msg/ChargingState.idl
[0.555s] -- Up-to-date: /home/administrator/Masterproject2/20_ROS/src/Robots/install/mir_msgs/share/mir_msgs/msg/Device.idl
[0.556s] -- Up-to-date: /home/administrator/Masterproject2/20_ROS/src/Robots/install/mir_msgs/share/mir_msgs/msg/Devices.idl
[0.556s] -- Up-to-date: /home/administrator/Masterproject2/20_ROS/src/Robots/install/mir_msgs/share/mir_msgs/msg/EncoderTestEntry.idl
[0.556s] -- Up-to-date: /home/administrator/Masterproject2/20_ROS/src/Robots/install/mir_msgs/share/mir_msgs/msg/Encoders.idl
[0.556s] -- Up-to-date: /home/administrator/Masterproject2/20_ROS/src/Robots/install/mir_msgs/share/mir_msgs/msg/Error.idl
[0.556s] -- Up-to-date: /home/administrator/Masterproject2/20_ROS/src/Robots/install/mir_msgs/share/mir_msgs/msg/Event.idl
[0.556s] -- Up-to-date: /home/administrator/Masterproject2/20_ROS/src/Robots/install/mir_msgs/share/mir_msgs/msg/Events.idl
[0.556s] -- Up-to-date: /home/administrator/Masterproject2/20_ROS/src/Robots/install/mir_msgs/share/mir_msgs/msg/ExternalRobot.idl
[0.556s] -- Up-to-date: /home/administrator/Masterproject2/20_ROS/src/Robots/install/mir_msgs/share/mir_msgs/msg/ExternalRobots.idl
[0.556s] -- Up-to-date: /home/administrator/Masterproject2/20_ROS/src/Robots/install/mir_msgs/share/mir_msgs/msg/Gpio.idl
[0.556s] -- Up-to-date: /home/administrator/Masterproject2/20_ROS/src/Robots/install/mir_msgs/share/mir_msgs/msg/GripperState.idl
[0.556s] -- Up-to-date: /home/administrator/Masterproject2/20_ROS/src/Robots/install/mir_msgs/share/mir_msgs/msg/HeightState.idl
[0.556s] -- Up-to-date: /home/administrator/Masterproject2/20_ROS/src/Robots/install/mir_msgs/share/mir_msgs/msg/HookData.idl
[0.556s] -- Up-to-date: /home/administrator/Masterproject2/20_ROS/src/Robots/install/mir_msgs/share/mir_msgs/msg/HookExtendedStatus.idl
[0.556s] -- Up-to-date: /home/administrator/Masterproject2/20_ROS/src/Robots/install/mir_msgs/share/mir_msgs/msg/HookStatus.idl
[0.556s] -- Up-to-date: /home/administrator/Masterproject2/20_ROS/src/Robots/install/mir_msgs/share/mir_msgs/msg/IOs.idl
[0.556s] -- Up-to-date: /home/administrator/Masterproject2/20_ROS/src/Robots/install/mir_msgs/share/mir_msgs/msg/JoystickVel.idl
[0.556s] -- Up-to-date: /home/administrator/Masterproject2/20_ROS/src/Robots/install/mir_msgs/share/mir_msgs/msg/LocalMapStat.idl
[0.556s] -- Up-to-date: /home/administrator/Masterproject2/20_ROS/src/Robots/install/mir_msgs/share/mir_msgs/msg/MirExtra.idl
[0.556s] -- Up-to-date: /home/administrator/Masterproject2/20_ROS/src/Robots/install/mir_msgs/share/mir_msgs/msg/MirLocalPlannerPathTypes.idl
[0.556s] -- Up-to-date: /home/administrator/Masterproject2/20_ROS/src/Robots/install/mir_msgs/share/mir_msgs/msg/MissionCtrlCommand.idl
[0.556s] -- Up-to-date: /home/administrator/Masterproject2/20_ROS/src/Robots/install/mir_msgs/share/mir_msgs/msg/MissionCtrlState.idl
[0.556s] -- Up-to-date: /home/administrator/Masterproject2/20_ROS/src/Robots/install/mir_msgs/share/mir_msgs/msg/MovingState.idl
[0.556s] -- Up-to-date: /home/administrator/Masterproject2/20_ROS/src/Robots/install/mir_msgs/share/mir_msgs/msg/PalletLifterStatus.idl
[0.556s] -- Up-to-date: /home/administrator/Masterproject2/20_ROS/src/Robots/install/mir_msgs/share/mir_msgs/msg/Path.idl
[0.556s] -- Up-to-date: /home/administrator/Masterproject2/20_ROS/src/Robots/install/mir_msgs/share/mir_msgs/msg/Pendant.idl
[0.556s] -- Up-to-date: /home/administrator/Masterproject2/20_ROS/src/Robots/install/mir_msgs/share/mir_msgs/msg/PlanSegment.idl
[0.556s] -- Up-to-date: /home/administrator/Masterproject2/20_ROS/src/Robots/install/mir_msgs/share/mir_msgs/msg/PlanSegments.idl
[0.556s] -- Up-to-date: /home/administrator/Masterproject2/20_ROS/src/Robots/install/mir_msgs/share/mir_msgs/msg/Pose2D.idl
[0.557s] -- Up-to-date: /home/administrator/Masterproject2/20_ROS/src/Robots/install/mir_msgs/share/mir_msgs/msg/PowerBoardMotorStatus.idl
[0.557s] -- Up-to-date: /home/administrator/Masterproject2/20_ROS/src/Robots/install/mir_msgs/share/mir_msgs/msg/PrecisionDockingStatus.idl
[0.557s] -- Up-to-date: /home/administrator/Masterproject2/20_ROS/src/Robots/install/mir_msgs/share/mir_msgs/msg/Proximity.idl
[0.557s] -- Up-to-date: /home/administrator/Masterproject2/20_ROS/src/Robots/install/mir_msgs/share/mir_msgs/msg/ResourceState.idl
[0.557s] -- Up-to-date: /home/administrator/Masterproject2/20_ROS/src/Robots/install/mir_msgs/share/mir_msgs/msg/ResourcesAcquisition.idl
[0.557s] -- Up-to-date: /home/administrator/Masterproject2/20_ROS/src/Robots/install/mir_msgs/share/mir_msgs/msg/ResourcesState.idl
[0.557s] -- Up-to-date: /home/administrator/Masterproject2/20_ROS/src/Robots/install/mir_msgs/share/mir_msgs/msg/RobotMode.idl
[0.557s] -- Up-to-date: /home/administrator/Masterproject2/20_ROS/src/Robots/install/mir_msgs/share/mir_msgs/msg/RobotState.idl
[0.557s] -- Up-to-date: /home/administrator/Masterproject2/20_ROS/src/Robots/install/mir_msgs/share/mir_msgs/msg/RobotStatus.idl
[0.557s] -- Up-to-date: /home/administrator/Masterproject2/20_ROS/src/Robots/install/mir_msgs/share/mir_msgs/msg/SafetyStatus.idl
[0.557s] -- Up-to-date: /home/administrator/Masterproject2/20_ROS/src/Robots/install/mir_msgs/share/mir_msgs/msg/Serial.idl
[0.557s] -- Up-to-date: /home/administrator/Masterproject2/20_ROS/src/Robots/install/mir_msgs/share/mir_msgs/msg/ServiceResponseHeader.idl
[0.557s] -- Up-to-date: /home/administrator/Masterproject2/20_ROS/src/Robots/install/mir_msgs/share/mir_msgs/msg/SkidDetectionDiff.idl
[0.557s] -- Up-to-date: /home/administrator/Masterproject2/20_ROS/src/Robots/install/mir_msgs/share/mir_msgs/msg/SkidDetectionStampedFloat.idl
[0.557s] -- Up-to-date: /home/administrator/Masterproject2/20_ROS/src/Robots/install/mir_msgs/share/mir_msgs/msg/SoundEvent.idl
[0.557s] -- Up-to-date: /home/administrator/Masterproject2/20_ROS/src/Robots/install/mir_msgs/share/mir_msgs/msg/StampedEncoders.idl
[0.557s] -- Up-to-date: /home/administrator/Masterproject2/20_ROS/src/Robots/install/mir_msgs/share/mir_msgs/msg/TimeDebug.idl
[0.557s] -- Up-to-date: /home/administrator/Masterproject2/20_ROS/src/Robots/install/mir_msgs/share/mir_msgs/msg/Trolley.idl
[0.557s] -- Up-to-date: /home/administrator/Masterproject2/20_ROS/src/Robots/install/mir_msgs/share/mir_msgs/msg/Twist2D.idl
[0.557s] -- Up-to-date: /home/administrator/Masterproject2/20_ROS/src/Robots/install/mir_msgs/share/mir_msgs/msg/UserPrompt.idl
[0.557s] -- Up-to-date: /home/administrator/Masterproject2/20_ROS/src/Robots/install/mir_msgs/share/mir_msgs/msg/WebPath.idl
[0.557s] -- Up-to-date: /home/administrator/Masterproject2/20_ROS/src/Robots/install/mir_msgs/share/mir_msgs/msg/WorldMap.idl
[0.557s] -- Up-to-date: /home/administrator/Masterproject2/20_ROS/src/Robots/install/mir_msgs/share/mir_msgs/msg/WorldModel.idl
[0.557s] -- Up-to-date: /home/administrator/Masterproject2/20_ROS/src/Robots/install/mir_msgs/share/mir_msgs/msg/AngleMeasurment.msg
[0.557s] -- Up-to-date: /home/administrator/Masterproject2/20_ROS/src/Robots/install/mir_msgs/share/mir_msgs/msg/BMSData.msg
[0.557s] -- Up-to-date: /home/administrator/Masterproject2/20_ROS/src/Robots/install/mir_msgs/share/mir_msgs/msg/BatteryCurrents.msg
[0.558s] -- Up-to-date: /home/administrator/Masterproject2/20_ROS/src/Robots/install/mir_msgs/share/mir_msgs/msg/BrakeState.msg
[0.558s] -- Up-to-date: /home/administrator/Masterproject2/20_ROS/src/Robots/install/mir_msgs/share/mir_msgs/msg/ChargingState.msg
[0.558s] -- Up-to-date: /home/administrator/Masterproject2/20_ROS/src/Robots/install/mir_msgs/share/mir_msgs/msg/Device.msg
[0.558s] -- Up-to-date: /home/administrator/Masterproject2/20_ROS/src/Robots/install/mir_msgs/share/mir_msgs/msg/Devices.msg
[0.558s] -- Up-to-date: /home/administrator/Masterproject2/20_ROS/src/Robots/install/mir_msgs/share/mir_msgs/msg/EncoderTestEntry.msg
[0.558s] -- Up-to-date: /home/administrator/Masterproject2/20_ROS/src/Robots/install/mir_msgs/share/mir_msgs/msg/Encoders.msg
[0.558s] -- Up-to-date: /home/administrator/Masterproject2/20_ROS/src/Robots/install/mir_msgs/share/mir_msgs/msg/Error.msg
[0.558s] -- Up-to-date: /home/administrator/Masterproject2/20_ROS/src/Robots/install/mir_msgs/share/mir_msgs/msg/Event.msg
[0.558s] -- Up-to-date: /home/administrator/Masterproject2/20_ROS/src/Robots/install/mir_msgs/share/mir_msgs/msg/Events.msg
[0.558s] -- Up-to-date: /home/administrator/Masterproject2/20_ROS/src/Robots/install/mir_msgs/share/mir_msgs/msg/ExternalRobot.msg
[0.558s] -- Up-to-date: /home/administrator/Masterproject2/20_ROS/src/Robots/install/mir_msgs/share/mir_msgs/msg/ExternalRobots.msg
[0.558s] -- Up-to-date: /home/administrator/Masterproject2/20_ROS/src/Robots/install/mir_msgs/share/mir_msgs/msg/Gpio.msg
[0.558s] -- Up-to-date: /home/administrator/Masterproject2/20_ROS/src/Robots/install/mir_msgs/share/mir_msgs/msg/GripperState.msg
[0.558s] -- Up-to-date: /home/administrator/Masterproject2/20_ROS/src/Robots/install/mir_msgs/share/mir_msgs/msg/HeightState.msg
[0.558s] -- Up-to-date: /home/administrator/Masterproject2/20_ROS/src/Robots/install/mir_msgs/share/mir_msgs/msg/HookData.msg
[0.558s] -- Up-to-date: /home/administrator/Masterproject2/20_ROS/src/Robots/install/mir_msgs/share/mir_msgs/msg/HookExtendedStatus.msg
[0.558s] -- Up-to-date: /home/administrator/Masterproject2/20_ROS/src/Robots/install/mir_msgs/share/mir_msgs/msg/HookStatus.msg
[0.558s] -- Up-to-date: /home/administrator/Masterproject2/20_ROS/src/Robots/install/mir_msgs/share/mir_msgs/msg/IOs.msg
[0.558s] -- Up-to-date: /home/administrator/Masterproject2/20_ROS/src/Robots/install/mir_msgs/share/mir_msgs/msg/JoystickVel.msg
[0.558s] -- Up-to-date: /home/administrator/Masterproject2/20_ROS/src/Robots/install/mir_msgs/share/mir_msgs/msg/LocalMapStat.msg
[0.558s] -- Up-to-date: /home/administrator/Masterproject2/20_ROS/src/Robots/install/mir_msgs/share/mir_msgs/msg/MirExtra.msg
[0.558s] -- Up-to-date: /home/administrator/Masterproject2/20_ROS/src/Robots/install/mir_msgs/share/mir_msgs/msg/MirLocalPlannerPathTypes.msg
[0.558s] -- Up-to-date: /home/administrator/Masterproject2/20_ROS/src/Robots/install/mir_msgs/share/mir_msgs/msg/MissionCtrlCommand.msg
[0.558s] -- Up-to-date: /home/administrator/Masterproject2/20_ROS/src/Robots/install/mir_msgs/share/mir_msgs/msg/MissionCtrlState.msg
[0.559s] -- Up-to-date: /home/administrator/Masterproject2/20_ROS/src/Robots/install/mir_msgs/share/mir_msgs/msg/MovingState.msg
[0.559s] -- Up-to-date: /home/administrator/Masterproject2/20_ROS/src/Robots/install/mir_msgs/share/mir_msgs/msg/PalletLifterStatus.msg
[0.559s] -- Up-to-date: /home/administrator/Masterproject2/20_ROS/src/Robots/install/mir_msgs/share/mir_msgs/msg/Path.msg
[0.559s] -- Up-to-date: /home/administrator/Masterproject2/20_ROS/src/Robots/install/mir_msgs/share/mir_msgs/msg/Pendant.msg
[0.559s] -- Up-to-date: /home/administrator/Masterproject2/20_ROS/src/Robots/install/mir_msgs/share/mir_msgs/msg/PlanSegment.msg
[0.559s] -- Up-to-date: /home/administrator/Masterproject2/20_ROS/src/Robots/install/mir_msgs/share/mir_msgs/msg/PlanSegments.msg
[0.559s] -- Up-to-date: /home/administrator/Masterproject2/20_ROS/src/Robots/install/mir_msgs/share/mir_msgs/msg/Pose2D.msg
[0.559s] -- Up-to-date: /home/administrator/Masterproject2/20_ROS/src/Robots/install/mir_msgs/share/mir_msgs/msg/PowerBoardMotorStatus.msg
[0.559s] -- Up-to-date: /home/administrator/Masterproject2/20_ROS/src/Robots/install/mir_msgs/share/mir_msgs/msg/PrecisionDockingStatus.msg
[0.559s] -- Up-to-date: /home/administrator/Masterproject2/20_ROS/src/Robots/install/mir_msgs/share/mir_msgs/msg/Proximity.msg
[0.559s] -- Up-to-date: /home/administrator/Masterproject2/20_ROS/src/Robots/install/mir_msgs/share/mir_msgs/msg/ResourceState.msg
[0.559s] -- Up-to-date: /home/administrator/Masterproject2/20_ROS/src/Robots/install/mir_msgs/share/mir_msgs/msg/ResourcesAcquisition.msg
[0.559s] -- Up-to-date: /home/administrator/Masterproject2/20_ROS/src/Robots/install/mir_msgs/share/mir_msgs/msg/ResourcesState.msg
[0.559s] -- Up-to-date: /home/administrator/Masterproject2/20_ROS/src/Robots/install/mir_msgs/share/mir_msgs/msg/RobotMode.msg
[0.559s] -- Up-to-date: /home/administrator/Masterproject2/20_ROS/src/Robots/install/mir_msgs/share/mir_msgs/msg/RobotState.msg
[0.559s] -- Up-to-date: /home/administrator/Masterproject2/20_ROS/src/Robots/install/mir_msgs/share/mir_msgs/msg/RobotStatus.msg
[0.559s] -- Up-to-date: /home/administrator/Masterproject2/20_ROS/src/Robots/install/mir_msgs/share/mir_msgs/msg/SafetyStatus.msg
[0.559s] -- Up-to-date: /home/administrator/Masterproject2/20_ROS/src/Robots/install/mir_msgs/share/mir_msgs/msg/Serial.msg
[0.559s] -- Up-to-date: /home/administrator/Masterproject2/20_ROS/src/Robots/install/mir_msgs/share/mir_msgs/msg/ServiceResponseHeader.msg
[0.559s] -- Up-to-date: /home/administrator/Masterproject2/20_ROS/src/Robots/install/mir_msgs/share/mir_msgs/msg/SkidDetectionDiff.msg
[0.559s] -- Up-to-date: /home/administrator/Masterproject2/20_ROS/src/Robots/install/mir_msgs/share/mir_msgs/msg/SkidDetectionStampedFloat.msg
[0.559s] -- Up-to-date: /home/administrator/Masterproject2/20_ROS/src/Robots/install/mir_msgs/share/mir_msgs/msg/SoundEvent.msg
[0.559s] -- Up-to-date: /home/administrator/Masterproject2/20_ROS/src/Robots/install/mir_msgs/share/mir_msgs/msg/StampedEncoders.msg
[0.559s] -- Up-to-date: /home/administrator/Masterproject2/20_ROS/src/Robots/install/mir_msgs/share/mir_msgs/msg/TimeDebug.msg
[0.559s] -- Up-to-date: /home/administrator/Masterproject2/20_ROS/src/Robots/install/mir_msgs/share/mir_msgs/msg/Trolley.msg
[0.559s] -- Up-to-date: /home/administrator/Masterproject2/20_ROS/src/Robots/install/mir_msgs/share/mir_msgs/msg/Twist2D.msg
[0.560s] -- Up-to-date: /home/administrator/Masterproject2/20_ROS/src/Robots/install/mir_msgs/share/mir_msgs/msg/UserPrompt.msg
[0.560s] -- Up-to-date: /home/administrator/Masterproject2/20_ROS/src/Robots/install/mir_msgs/share/mir_msgs/msg/WebPath.msg
[0.560s] -- Up-to-date: /home/administrator/Masterproject2/20_ROS/src/Robots/install/mir_msgs/share/mir_msgs/msg/WorldMap.msg
[0.560s] -- Up-to-date: /home/administrator/Masterproject2/20_ROS/src/Robots/install/mir_msgs/share/mir_msgs/msg/WorldModel.msg
[0.560s] -- Up-to-date: /home/administrator/Masterproject2/20_ROS/src/Robots/install/mir_msgs/share/ament_index/resource_index/package_run_dependencies/mir_msgs
[0.560s] -- Up-to-date: /home/administrator/Masterproject2/20_ROS/src/Robots/install/mir_msgs/share/ament_index/resource_index/parent_prefix_path/mir_msgs
[0.560s] -- Up-to-date: /home/administrator/Masterproject2/20_ROS/src/Robots/install/mir_msgs/share/mir_msgs/environment/ament_prefix_path.sh
[0.560s] -- Up-to-date: /home/administrator/Masterproject2/20_ROS/src/Robots/install/mir_msgs/share/mir_msgs/environment/ament_prefix_path.dsv
[0.560s] -- Up-to-date: /home/administrator/Masterproject2/20_ROS/src/Robots/install/mir_msgs/share/mir_msgs/environment/path.sh
[0.560s] -- Up-to-date: /home/administrator/Masterproject2/20_ROS/src/Robots/install/mir_msgs/share/mir_msgs/environment/path.dsv
[0.560s] -- Up-to-date: /home/administrator/Masterproject2/20_ROS/src/Robots/install/mir_msgs/share/mir_msgs/local_setup.bash
[0.560s] -- Up-to-date: /home/administrator/Masterproject2/20_ROS/src/Robots/install/mir_msgs/share/mir_msgs/local_setup.sh
[0.560s] -- Up-to-date: /home/administrator/Masterproject2/20_ROS/src/Robots/install/mir_msgs/share/mir_msgs/local_setup.zsh
[0.560s] -- Up-to-date: /home/administrator/Masterproject2/20_ROS/src/Robots/install/mir_msgs/share/mir_msgs/local_setup.dsv
[0.560s] -- Up-to-date: /home/administrator/Masterproject2/20_ROS/src/Robots/install/mir_msgs/share/mir_msgs/package.dsv
[0.560s] -- Up-to-date: /home/administrator/Masterproject2/20_ROS/src/Robots/install/mir_msgs/share/ament_index/resource_index/packages/mir_msgs
[0.560s] -- Up-to-date: /home/administrator/Masterproject2/20_ROS/src/Robots/install/mir_msgs/share/mir_msgs/cmake/export_mir_msgs__rosidl_generator_cExport.cmake
[0.560s] -- Up-to-date: /home/administrator/Masterproject2/20_ROS/src/Robots/install/mir_msgs/share/mir_msgs/cmake/export_mir_msgs__rosidl_generator_cExport-noconfig.cmake
[0.560s] -- Up-to-date: /home/administrator/Masterproject2/20_ROS/src/Robots/install/mir_msgs/share/mir_msgs/cmake/export_mir_msgs__rosidl_typesupport_fastrtps_cExport.cmake
[0.560s] -- Up-to-date: /home/administrator/Masterproject2/20_ROS/src/Robots/install/mir_msgs/share/mir_msgs/cmake/export_mir_msgs__rosidl_typesupport_fastrtps_cExport-noconfig.cmake
[0.560s] -- Up-to-date: /home/administrator/Masterproject2/20_ROS/src/Robots/install/mir_msgs/share/mir_msgs/cmake/export_mir_msgs__rosidl_generator_cppExport.cmake
[0.560s] -- Up-to-date: /home/administrator/Masterproject2/20_ROS/src/Robots/install/mir_msgs/share/mir_msgs/cmake/export_mir_msgs__rosidl_typesupport_fastrtps_cppExport.cmake
[0.560s] -- Up-to-date: /home/administrator/Masterproject2/20_ROS/src/Robots/install/mir_msgs/share/mir_msgs/cmake/export_mir_msgs__rosidl_typesupport_fastrtps_cppExport-noconfig.cmake
[0.560s] -- Up-to-date: /home/administrator/Masterproject2/20_ROS/src/Robots/install/mir_msgs/share/mir_msgs/cmake/mir_msgs__rosidl_typesupport_introspection_cExport.cmake
[0.560s] -- Up-to-date: /home/administrator/Masterproject2/20_ROS/src/Robots/install/mir_msgs/share/mir_msgs/cmake/mir_msgs__rosidl_typesupport_introspection_cExport-noconfig.cmake
[0.561s] -- Up-to-date: /home/administrator/Masterproject2/20_ROS/src/Robots/install/mir_msgs/share/mir_msgs/cmake/mir_msgs__rosidl_typesupport_cExport.cmake
[0.561s] -- Up-to-date: /home/administrator/Masterproject2/20_ROS/src/Robots/install/mir_msgs/share/mir_msgs/cmake/mir_msgs__rosidl_typesupport_cExport-noconfig.cmake
[0.561s] -- Up-to-date: /home/administrator/Masterproject2/20_ROS/src/Robots/install/mir_msgs/share/mir_msgs/cmake/mir_msgs__rosidl_typesupport_introspection_cppExport.cmake
[0.561s] -- Up-to-date: /home/administrator/Masterproject2/20_ROS/src/Robots/install/mir_msgs/share/mir_msgs/cmake/mir_msgs__rosidl_typesupport_introspection_cppExport-noconfig.cmake
[0.561s] -- Up-to-date: /home/administrator/Masterproject2/20_ROS/src/Robots/install/mir_msgs/share/mir_msgs/cmake/mir_msgs__rosidl_typesupport_cppExport.cmake
[0.561s] -- Up-to-date: /home/administrator/Masterproject2/20_ROS/src/Robots/install/mir_msgs/share/mir_msgs/cmake/mir_msgs__rosidl_typesupport_cppExport-noconfig.cmake
[0.561s] -- Up-to-date: /home/administrator/Masterproject2/20_ROS/src/Robots/install/mir_msgs/share/mir_msgs/cmake/export_mir_msgs__rosidl_generator_pyExport.cmake
[0.561s] -- Up-to-date: /home/administrator/Masterproject2/20_ROS/src/Robots/install/mir_msgs/share/mir_msgs/cmake/export_mir_msgs__rosidl_generator_pyExport-noconfig.cmake
[0.561s] -- Up-to-date: /home/administrator/Masterproject2/20_ROS/src/Robots/install/mir_msgs/share/mir_msgs/cmake/rosidl_cmake-extras.cmake
[0.561s] -- Up-to-date: /home/administrator/Masterproject2/20_ROS/src/Robots/install/mir_msgs/share/mir_msgs/cmake/ament_cmake_export_dependencies-extras.cmake
[0.561s] -- Up-to-date: /home/administrator/Masterproject2/20_ROS/src/Robots/install/mir_msgs/share/mir_msgs/cmake/ament_cmake_export_include_directories-extras.cmake
[0.561s] -- Up-to-date: /home/administrator/Masterproject2/20_ROS/src/Robots/install/mir_msgs/share/mir_msgs/cmake/ament_cmake_export_libraries-extras.cmake
[0.561s] -- Up-to-date: /home/administrator/Masterproject2/20_ROS/src/Robots/install/mir_msgs/share/mir_msgs/cmake/ament_cmake_export_targets-extras.cmake
[0.561s] -- Up-to-date: /home/administrator/Masterproject2/20_ROS/src/Robots/install/mir_msgs/share/mir_msgs/cmake/rosidl_cmake_export_typesupport_targets-extras.cmake
[0.561s] -- Up-to-date: /home/administrator/Masterproject2/20_ROS/src/Robots/install/mir_msgs/share/mir_msgs/cmake/rosidl_cmake_export_typesupport_libraries-extras.cmake
[0.561s] -- Up-to-date: /home/administrator/Masterproject2/20_ROS/src/Robots/install/mir_msgs/share/mir_msgs/cmake/mir_msgsConfig.cmake
[0.561s] -- Up-to-date: /home/administrator/Masterproject2/20_ROS/src/Robots/install/mir_msgs/share/mir_msgs/cmake/mir_msgsConfig-version.cmake
[0.561s] -- Up-to-date: /home/administrator/Masterproject2/20_ROS/src/Robots/install/mir_msgs/share/mir_msgs/package.xml
[0.663s] Invoked command in '/home/administrator/Masterproject2/20_ROS/src/Robots/build/mir_msgs' returned '0': CMAKE_PREFIX_PATH=${CMAKE_PREFIX_PATH}:/opt/ros/kilted DEBUGINFOD_URLS=https://debuginfod.ubuntu.com /usr/bin/cmake --install /home/administrator/Masterproject2/20_ROS/src/Robots/build/mir_msgs
