[0.028s] Invoking command in '/home/administrator/Masterproject2/20_ROS/src/Robots/build/mir_msgs': CMAKE_PREFIX_PATH=${CMAKE_PREFIX_PATH}:/opt/ros/kilted DEBUGINFOD_URLS=https://debuginfod.ubuntu.com /usr/bin/cmake --build /home/administrator/Masterproject2/20_ROS/src/Robots/build/mir_msgs -- -j14 -l14
[0.330s] [  0%] [34m[1mGenerating type hashes for ROS interfaces[0m
[0.330s] [  0%] [34m[1mGenerating Rust code for ROS interfaces[0m
[0.330s] [  0%] Built target ament_cmake_python_copy_mir_msgs
[0.353s] running egg_info
[0.353s] creating mir_msgs.egg-info
[0.366s] writing mir_msgs.egg-info/PKG-INFO
[0.366s] writing dependency_links to mir_msgs.egg-info/dependency_links.txt
[0.366s] writing top-level names to mir_msgs.egg-info/top_level.txt
[0.366s] writing manifest file 'mir_msgs.egg-info/SOURCES.txt'
[0.407s] reading manifest file 'mir_msgs.egg-info/SOURCES.txt'
[0.407s] writing manifest file 'mir_msgs.egg-info/SOURCES.txt'
[0.460s] [  0%] Built target ament_cmake_python_build_mir_msgs_egg
[2.173s] [  0%] Built target mir_msgs__rosidl_generator_type_description
[2.186s] [  0%] [34m[1mGenerating C code for ROS interfaces[0m
[2.212s] [  0%] [34m[1mGenerating C++ code for ROS interfaces[0m
[3.228s] [  0%] Built target mir_msgs__rs
[5.887s] [  0%] Built target mir_msgs__cpp
[6.067s] [  0%] [32mBuilding C object CMakeFiles/mir_msgs__rosidl_generator_c.dir/rosidl_generator_c/mir_msgs/msg/detail/angle_measurment__functions.c.o[0m
[6.070s] [  0%] [32mBuilding C object CMakeFiles/mir_msgs__rosidl_generator_c.dir/rosidl_generator_c/mir_msgs/msg/detail/angle_measurment__description.c.o[0m
[6.073s] [  0%] [32mBuilding C object CMakeFiles/mir_msgs__rosidl_generator_c.dir/rosidl_generator_c/mir_msgs/msg/detail/bms_data__functions.c.o[0m
[6.079s] [  0%] [32mBuilding C object CMakeFiles/mir_msgs__rosidl_generator_c.dir/rosidl_generator_c/mir_msgs/msg/detail/bms_data__type_support.c.o[0m
[6.079s] [  0%] [32mBuilding C object CMakeFiles/mir_msgs__rosidl_generator_c.dir/rosidl_generator_c/mir_msgs/msg/detail/brake_state__functions.c.o[0m
[6.079s] [  0%] [32mBuilding C object CMakeFiles/mir_msgs__rosidl_generator_c.dir/rosidl_generator_c/mir_msgs/msg/detail/brake_state__description.c.o[0m
[6.083s] [  0%] [32mBuilding C object CMakeFiles/mir_msgs__rosidl_generator_c.dir/rosidl_generator_c/mir_msgs/msg/detail/charging_state__description.c.o[0m
[6.086s] [  0%] [32mBuilding C object CMakeFiles/mir_msgs__rosidl_generator_c.dir/rosidl_generator_c/mir_msgs/msg/detail/brake_state__type_support.c.o[0m
[6.092s] [  0%] [32mBuilding C object CMakeFiles/mir_msgs__rosidl_generator_c.dir/rosidl_generator_c/mir_msgs/msg/detail/bms_data__description.c.o[0m
[6.110s] [  1%] [32mBuilding C object CMakeFiles/mir_msgs__rosidl_generator_c.dir/rosidl_generator_c/mir_msgs/msg/detail/angle_measurment__type_support.c.o[0m
[6.111s] [  2%] [32mBuilding C object CMakeFiles/mir_msgs__rosidl_generator_c.dir/rosidl_generator_c/mir_msgs/msg/detail/battery_currents__type_support.c.o[0m
[6.116s] [  2%] [32mBuilding C object CMakeFiles/mir_msgs__rosidl_generator_c.dir/rosidl_generator_c/mir_msgs/msg/detail/battery_currents__description.c.o[0m
[6.116s] [  2%] [32mBuilding C object CMakeFiles/mir_msgs__rosidl_generator_c.dir/rosidl_generator_c/mir_msgs/msg/detail/device__functions.c.o[0m
[6.116s] [  2%] [32mBuilding C object CMakeFiles/mir_msgs__rosidl_generator_c.dir/rosidl_generator_c/mir_msgs/msg/detail/devices__description.c.o[0m
[6.121s] [  2%] [32mBuilding C object CMakeFiles/mir_msgs__rosidl_generator_c.dir/rosidl_generator_c/mir_msgs/msg/detail/battery_currents__functions.c.o[0m
[6.121s] [  3%] [32mBuilding C object CMakeFiles/mir_msgs__rosidl_generator_c.dir/rosidl_generator_c/mir_msgs/msg/detail/device__description.c.o[0m
[6.121s] [  3%] [32mBuilding C object CMakeFiles/mir_msgs__rosidl_generator_c.dir/rosidl_generator_c/mir_msgs/msg/detail/charging_state__type_support.c.o[0m
[6.122s] [  3%] [32mBuilding C object CMakeFiles/mir_msgs__rosidl_generator_c.dir/rosidl_generator_c/mir_msgs/msg/detail/device__type_support.c.o[0m
[6.126s] [  3%] [32mBuilding C object CMakeFiles/mir_msgs__rosidl_generator_c.dir/rosidl_generator_c/mir_msgs/msg/detail/charging_state__functions.c.o[0m
[6.151s] [  3%] [32mBuilding C object CMakeFiles/mir_msgs__rosidl_generator_c.dir/rosidl_generator_c/mir_msgs/msg/detail/devices__functions.c.o[0m
[6.151s] [  4%] [32mBuilding C object CMakeFiles/mir_msgs__rosidl_generator_c.dir/rosidl_generator_c/mir_msgs/msg/detail/devices__type_support.c.o[0m
[6.152s] [  4%] [32mBuilding C object CMakeFiles/mir_msgs__rosidl_generator_c.dir/rosidl_generator_c/mir_msgs/msg/detail/encoder_test_entry__description.c.o[0m
[6.153s] [  4%] [32mBuilding C object CMakeFiles/mir_msgs__rosidl_generator_c.dir/rosidl_generator_c/mir_msgs/msg/detail/encoder_test_entry__type_support.c.o[0m
[6.170s] [  4%] [32mBuilding C object CMakeFiles/mir_msgs__rosidl_generator_c.dir/rosidl_generator_c/mir_msgs/msg/detail/encoders__description.c.o[0m
[6.171s] [  4%] [32mBuilding C object CMakeFiles/mir_msgs__rosidl_generator_c.dir/rosidl_generator_c/mir_msgs/msg/detail/encoders__functions.c.o[0m
[6.177s] [  4%] [32mBuilding C object CMakeFiles/mir_msgs__rosidl_generator_c.dir/rosidl_generator_c/mir_msgs/msg/detail/error__functions.c.o[0m
[6.178s] [  4%] [32mBuilding C object CMakeFiles/mir_msgs__rosidl_generator_c.dir/rosidl_generator_c/mir_msgs/msg/detail/error__description.c.o[0m
[6.180s] [  4%] [32mBuilding C object CMakeFiles/mir_msgs__rosidl_generator_c.dir/rosidl_generator_c/mir_msgs/msg/detail/encoder_test_entry__functions.c.o[0m
[6.185s] [  4%] [32mBuilding C object CMakeFiles/mir_msgs__rosidl_generator_c.dir/rosidl_generator_c/mir_msgs/msg/detail/event__description.c.o[0m
[6.189s] [  5%] [32mBuilding C object CMakeFiles/mir_msgs__rosidl_generator_c.dir/rosidl_generator_c/mir_msgs/msg/detail/encoders__type_support.c.o[0m
[6.192s] [  5%] [32mBuilding C object CMakeFiles/mir_msgs__rosidl_generator_c.dir/rosidl_generator_c/mir_msgs/msg/detail/error__type_support.c.o[0m
[6.215s] [  6%] [32mBuilding C object CMakeFiles/mir_msgs__rosidl_generator_c.dir/rosidl_generator_c/mir_msgs/msg/detail/event__type_support.c.o[0m
[6.216s] [  6%] [32mBuilding C object CMakeFiles/mir_msgs__rosidl_generator_c.dir/rosidl_generator_c/mir_msgs/msg/detail/events__functions.c.o[0m
[6.217s] [  6%] [32mBuilding C object CMakeFiles/mir_msgs__rosidl_generator_c.dir/rosidl_generator_c/mir_msgs/msg/detail/events__type_support.c.o[0m
[6.217s] [  6%] [32mBuilding C object CMakeFiles/mir_msgs__rosidl_generator_c.dir/rosidl_generator_c/mir_msgs/msg/detail/events__description.c.o[0m
[6.220s] [  6%] [32mBuilding C object CMakeFiles/mir_msgs__rosidl_generator_c.dir/rosidl_generator_c/mir_msgs/msg/detail/event__functions.c.o[0m
[6.225s] [  6%] [32mBuilding C object CMakeFiles/mir_msgs__rosidl_generator_c.dir/rosidl_generator_c/mir_msgs/msg/detail/external_robot__functions.c.o[0m
[6.228s] [  6%] [32mBuilding C object CMakeFiles/mir_msgs__rosidl_generator_c.dir/rosidl_generator_c/mir_msgs/msg/detail/external_robot__description.c.o[0m
[6.236s] [  6%] [32mBuilding C object CMakeFiles/mir_msgs__rosidl_generator_c.dir/rosidl_generator_c/mir_msgs/msg/detail/external_robots__description.c.o[0m
[6.244s] [  7%] [32mBuilding C object CMakeFiles/mir_msgs__rosidl_generator_c.dir/rosidl_generator_c/mir_msgs/msg/detail/external_robot__type_support.c.o[0m
[6.245s] [  7%] [32mBuilding C object CMakeFiles/mir_msgs__rosidl_generator_c.dir/rosidl_generator_c/mir_msgs/msg/detail/external_robots__functions.c.o[0m
[6.261s] [  7%] [32mBuilding C object CMakeFiles/mir_msgs__rosidl_generator_c.dir/rosidl_generator_c/mir_msgs/msg/detail/external_robots__type_support.c.o[0m
[6.265s] [  7%] [32mBuilding C object CMakeFiles/mir_msgs__rosidl_generator_c.dir/rosidl_generator_c/mir_msgs/msg/detail/gpio__functions.c.o[0m
[6.267s] [  7%] [32mBuilding C object CMakeFiles/mir_msgs__rosidl_generator_c.dir/rosidl_generator_c/mir_msgs/msg/detail/gpio__description.c.o[0m
[6.274s] [  8%] [32mBuilding C object CMakeFiles/mir_msgs__rosidl_generator_c.dir/rosidl_generator_c/mir_msgs/msg/detail/gpio__type_support.c.o[0m
[6.274s] [  8%] [32mBuilding C object CMakeFiles/mir_msgs__rosidl_generator_c.dir/rosidl_generator_c/mir_msgs/msg/detail/gripper_state__description.c.o[0m
[6.279s] [  8%] [32mBuilding C object CMakeFiles/mir_msgs__rosidl_generator_c.dir/rosidl_generator_c/mir_msgs/msg/detail/gripper_state__functions.c.o[0m
[6.288s] [  8%] [32mBuilding C object CMakeFiles/mir_msgs__rosidl_generator_c.dir/rosidl_generator_c/mir_msgs/msg/detail/gripper_state__type_support.c.o[0m
[6.295s] [  8%] [32mBuilding C object CMakeFiles/mir_msgs__rosidl_generator_c.dir/rosidl_generator_c/mir_msgs/msg/detail/height_state__functions.c.o[0m
[6.300s] [  8%] [32mBuilding C object CMakeFiles/mir_msgs__rosidl_generator_c.dir/rosidl_generator_c/mir_msgs/msg/detail/height_state__description.c.o[0m
[6.300s] [  9%] [32mBuilding C object CMakeFiles/mir_msgs__rosidl_generator_c.dir/rosidl_generator_c/mir_msgs/msg/detail/height_state__type_support.c.o[0m
[6.313s] [  9%] [32mBuilding C object CMakeFiles/mir_msgs__rosidl_generator_c.dir/rosidl_generator_c/mir_msgs/msg/detail/hook_data__description.c.o[0m
[6.315s] [  9%] [32mBuilding C object CMakeFiles/mir_msgs__rosidl_generator_c.dir/rosidl_generator_c/mir_msgs/msg/detail/hook_data__functions.c.o[0m
[6.319s] [  9%] [32mBuilding C object CMakeFiles/mir_msgs__rosidl_generator_c.dir/rosidl_generator_c/mir_msgs/msg/detail/hook_data__type_support.c.o[0m
[6.328s] [  9%] [32mBuilding C object CMakeFiles/mir_msgs__rosidl_generator_c.dir/rosidl_generator_c/mir_msgs/msg/detail/hook_extended_status__description.c.o[0m
[6.331s] [ 10%] [32mBuilding C object CMakeFiles/mir_msgs__rosidl_generator_c.dir/rosidl_generator_c/mir_msgs/msg/detail/hook_extended_status__type_support.c.o[0m
[6.331s] [ 10%] [32mBuilding C object CMakeFiles/mir_msgs__rosidl_generator_c.dir/rosidl_generator_c/mir_msgs/msg/detail/hook_extended_status__functions.c.o[0m
[6.339s] [ 10%] [32mBuilding C object CMakeFiles/mir_msgs__rosidl_generator_c.dir/rosidl_generator_c/mir_msgs/msg/detail/hook_status__description.c.o[0m
[6.356s] [ 10%] [32mBuilding C object CMakeFiles/mir_msgs__rosidl_generator_c.dir/rosidl_generator_c/mir_msgs/msg/detail/hook_status__functions.c.o[0m
[6.359s] [ 10%] [32mBuilding C object CMakeFiles/mir_msgs__rosidl_generator_c.dir/rosidl_generator_c/mir_msgs/msg/detail/hook_status__type_support.c.o[0m
[6.373s] [ 10%] [32mBuilding C object CMakeFiles/mir_msgs__rosidl_generator_c.dir/rosidl_generator_c/mir_msgs/msg/detail/i_os__description.c.o[0m
[6.373s] [ 10%] [32mBuilding C object CMakeFiles/mir_msgs__rosidl_generator_c.dir/rosidl_generator_c/mir_msgs/msg/detail/i_os__functions.c.o[0m
[6.376s] [ 10%] [32mBuilding C object CMakeFiles/mir_msgs__rosidl_generator_c.dir/rosidl_generator_c/mir_msgs/msg/detail/joystick_vel__description.c.o[0m
[6.379s] [ 10%] [32mBuilding C object CMakeFiles/mir_msgs__rosidl_generator_c.dir/rosidl_generator_c/mir_msgs/msg/detail/joystick_vel__functions.c.o[0m
[6.379s] [ 10%] [32mBuilding C object CMakeFiles/mir_msgs__rosidl_generator_c.dir/rosidl_generator_c/mir_msgs/msg/detail/joystick_vel__type_support.c.o[0m
[6.383s] [ 11%] [32mBuilding C object CMakeFiles/mir_msgs__rosidl_generator_c.dir/rosidl_generator_c/mir_msgs/msg/detail/i_os__type_support.c.o[0m
[6.385s] [ 11%] [32mBuilding C object CMakeFiles/mir_msgs__rosidl_generator_c.dir/rosidl_generator_c/mir_msgs/msg/detail/local_map_stat__functions.c.o[0m
[6.389s] [ 11%] [32mBuilding C object CMakeFiles/mir_msgs__rosidl_generator_c.dir/rosidl_generator_c/mir_msgs/msg/detail/local_map_stat__description.c.o[0m
[6.399s] [ 12%] [32mBuilding C object CMakeFiles/mir_msgs__rosidl_generator_c.dir/rosidl_generator_c/mir_msgs/msg/detail/local_map_stat__type_support.c.o[0m
[6.410s] [ 12%] [32mBuilding C object CMakeFiles/mir_msgs__rosidl_generator_c.dir/rosidl_generator_c/mir_msgs/msg/detail/mir_extra__description.c.o[0m
[6.422s] [ 12%] [32mBuilding C object CMakeFiles/mir_msgs__rosidl_generator_c.dir/rosidl_generator_c/mir_msgs/msg/detail/mir_extra__type_support.c.o[0m
[6.422s] [ 12%] [32mBuilding C object CMakeFiles/mir_msgs__rosidl_generator_c.dir/rosidl_generator_c/mir_msgs/msg/detail/mir_extra__functions.c.o[0m
[6.423s] [ 12%] [32mBuilding C object CMakeFiles/mir_msgs__rosidl_generator_c.dir/rosidl_generator_c/mir_msgs/msg/detail/mir_local_planner_path_types__description.c.o[0m
[6.423s] [ 12%] [32mBuilding C object CMakeFiles/mir_msgs__rosidl_generator_c.dir/rosidl_generator_c/mir_msgs/msg/detail/mir_local_planner_path_types__functions.c.o[0m
[6.432s] [ 12%] [32mBuilding C object CMakeFiles/mir_msgs__rosidl_generator_c.dir/rosidl_generator_c/mir_msgs/msg/detail/mission_ctrl_command__functions.c.o[0m
[6.438s] [ 13%] [32mBuilding C object CMakeFiles/mir_msgs__rosidl_generator_c.dir/rosidl_generator_c/mir_msgs/msg/detail/mir_local_planner_path_types__type_support.c.o[0m
[6.438s] [ 13%] [32mBuilding C object CMakeFiles/mir_msgs__rosidl_generator_c.dir/rosidl_generator_c/mir_msgs/msg/detail/mission_ctrl_command__type_support.c.o[0m
[6.438s] [ 13%] [32mBuilding C object CMakeFiles/mir_msgs__rosidl_generator_c.dir/rosidl_generator_c/mir_msgs/msg/detail/mission_ctrl_command__description.c.o[0m
[6.452s] [ 13%] [32mBuilding C object CMakeFiles/mir_msgs__rosidl_generator_c.dir/rosidl_generator_c/mir_msgs/msg/detail/mission_ctrl_state__functions.c.o[0m
[6.460s] [ 14%] [32mBuilding C object CMakeFiles/mir_msgs__rosidl_generator_c.dir/rosidl_generator_c/mir_msgs/msg/detail/mission_ctrl_state__type_support.c.o[0m
[6.462s] [ 14%] [32mBuilding C object CMakeFiles/mir_msgs__rosidl_generator_c.dir/rosidl_generator_c/mir_msgs/msg/detail/mission_ctrl_state__description.c.o[0m
[6.466s] [ 14%] [32mBuilding C object CMakeFiles/mir_msgs__rosidl_generator_c.dir/rosidl_generator_c/mir_msgs/msg/detail/moving_state__functions.c.o[0m
[6.467s] [ 14%] [32mBuilding C object CMakeFiles/mir_msgs__rosidl_generator_c.dir/rosidl_generator_c/mir_msgs/msg/detail/moving_state__description.c.o[0m
[6.501s] [ 14%] [32mBuilding C object CMakeFiles/mir_msgs__rosidl_generator_c.dir/rosidl_generator_c/mir_msgs/msg/detail/pallet_lifter_status__description.c.o[0m
[6.501s] [ 14%] [32mBuilding C object CMakeFiles/mir_msgs__rosidl_generator_c.dir/rosidl_generator_c/mir_msgs/msg/detail/moving_state__type_support.c.o[0m
[6.501s] [ 14%] [32mBuilding C object CMakeFiles/mir_msgs__rosidl_generator_c.dir/rosidl_generator_c/mir_msgs/msg/detail/pallet_lifter_status__functions.c.o[0m
[6.504s] [ 15%] [32mBuilding C object CMakeFiles/mir_msgs__rosidl_generator_c.dir/rosidl_generator_c/mir_msgs/msg/detail/pallet_lifter_status__type_support.c.o[0m
[6.511s] [ 15%] [32mBuilding C object CMakeFiles/mir_msgs__rosidl_generator_c.dir/rosidl_generator_c/mir_msgs/msg/detail/path__description.c.o[0m
[6.519s] [ 15%] [32mBuilding C object CMakeFiles/mir_msgs__rosidl_generator_c.dir/rosidl_generator_c/mir_msgs/msg/detail/path__functions.c.o[0m
[6.521s] [ 15%] [32mBuilding C object CMakeFiles/mir_msgs__rosidl_generator_c.dir/rosidl_generator_c/mir_msgs/msg/detail/pendant__description.c.o[0m
[6.522s] [ 15%] [32mBuilding C object CMakeFiles/mir_msgs__rosidl_generator_c.dir/rosidl_generator_c/mir_msgs/msg/detail/path__type_support.c.o[0m
[6.527s] [ 15%] [32mBuilding C object CMakeFiles/mir_msgs__rosidl_generator_c.dir/rosidl_generator_c/mir_msgs/msg/detail/pendant__functions.c.o[0m
[6.548s] [ 16%] [32mBuilding C object CMakeFiles/mir_msgs__rosidl_generator_c.dir/rosidl_generator_c/mir_msgs/msg/detail/pendant__type_support.c.o[0m
[6.548s] [ 16%] [32mBuilding C object CMakeFiles/mir_msgs__rosidl_generator_c.dir/rosidl_generator_c/mir_msgs/msg/detail/plan_segment__functions.c.o[0m
[6.548s] [ 16%] [32mBuilding C object CMakeFiles/mir_msgs__rosidl_generator_c.dir/rosidl_generator_c/mir_msgs/msg/detail/plan_segment__description.c.o[0m
[6.576s] [ 16%] [32mBuilding C object CMakeFiles/mir_msgs__rosidl_generator_c.dir/rosidl_generator_c/mir_msgs/msg/detail/plan_segment__type_support.c.o[0m
[6.579s] [ 17%] [32mBuilding C object CMakeFiles/mir_msgs__rosidl_generator_c.dir/rosidl_generator_c/mir_msgs/msg/detail/plan_segments__type_support.c.o[0m
[6.581s] [ 17%] [32mBuilding C object CMakeFiles/mir_msgs__rosidl_generator_c.dir/rosidl_generator_c/mir_msgs/msg/detail/plan_segments__functions.c.o[0m
[6.581s] [ 17%] [32mBuilding C object CMakeFiles/mir_msgs__rosidl_generator_c.dir/rosidl_generator_c/mir_msgs/msg/detail/plan_segments__description.c.o[0m
[6.589s] [ 17%] [32mBuilding C object CMakeFiles/mir_msgs__rosidl_generator_c.dir/rosidl_generator_c/mir_msgs/msg/detail/pose2_d__functions.c.o[0m
[6.589s] [ 17%] [32mBuilding C object CMakeFiles/mir_msgs__rosidl_generator_c.dir/rosidl_generator_c/mir_msgs/msg/detail/pose2_d__type_support.c.o[0m
[6.594s] [ 17%] [32mBuilding C object CMakeFiles/mir_msgs__rosidl_generator_c.dir/rosidl_generator_c/mir_msgs/msg/detail/pose2_d__description.c.o[0m
[6.612s] [ 17%] [32mBuilding C object CMakeFiles/mir_msgs__rosidl_generator_c.dir/rosidl_generator_c/mir_msgs/msg/detail/precision_docking_status__type_support.c.o[0m
[6.615s] [ 17%] [32mBuilding C object CMakeFiles/mir_msgs__rosidl_generator_c.dir/rosidl_generator_c/mir_msgs/msg/detail/power_board_motor_status__description.c.o[0m
[6.619s] [ 17%] [32mBuilding C object CMakeFiles/mir_msgs__rosidl_generator_c.dir/rosidl_generator_c/mir_msgs/msg/detail/power_board_motor_status__functions.c.o[0m
[6.630s] [ 17%] [32mBuilding C object CMakeFiles/mir_msgs__rosidl_generator_c.dir/rosidl_generator_c/mir_msgs/msg/detail/proximity__description.c.o[0m
[6.630s] [ 17%] [32mBuilding C object CMakeFiles/mir_msgs__rosidl_generator_c.dir/rosidl_generator_c/mir_msgs/msg/detail/proximity__functions.c.o[0m
[6.637s] [ 17%] [32mBuilding C object CMakeFiles/mir_msgs__rosidl_generator_c.dir/rosidl_generator_c/mir_msgs/msg/detail/precision_docking_status__functions.c.o[0m
[6.637s] [ 17%] [32mBuilding C object CMakeFiles/mir_msgs__rosidl_generator_c.dir/rosidl_generator_c/mir_msgs/msg/detail/precision_docking_status__description.c.o[0m
[6.646s] [ 18%] [32mBuilding C object CMakeFiles/mir_msgs__rosidl_generator_c.dir/rosidl_generator_c/mir_msgs/msg/detail/proximity__type_support.c.o[0m
[6.646s] [ 19%] [32mBuilding C object CMakeFiles/mir_msgs__rosidl_generator_c.dir/rosidl_generator_c/mir_msgs/msg/detail/power_board_motor_status__type_support.c.o[0m
[6.660s] [ 20%] [32mBuilding C object CMakeFiles/mir_msgs__rosidl_generator_c.dir/rosidl_generator_c/mir_msgs/msg/detail/resources_acquisition__functions.c.o[0m
[6.660s] [ 20%] [32mBuilding C object CMakeFiles/mir_msgs__rosidl_generator_c.dir/rosidl_generator_c/mir_msgs/msg/detail/resource_state__functions.c.o[0m
[6.665s] [ 20%] [32mBuilding C object CMakeFiles/mir_msgs__rosidl_generator_c.dir/rosidl_generator_c/mir_msgs/msg/detail/resource_state__type_support.c.o[0m
[6.665s] [ 20%] [32mBuilding C object CMakeFiles/mir_msgs__rosidl_generator_c.dir/rosidl_generator_c/mir_msgs/msg/detail/resources_acquisition__description.c.o[0m
[6.682s] [ 20%] [32mBuilding C object CMakeFiles/mir_msgs__rosidl_generator_c.dir/rosidl_generator_c/mir_msgs/msg/detail/resources_acquisition__type_support.c.o[0m
[6.692s] [ 20%] [32mBuilding C object CMakeFiles/mir_msgs__rosidl_generator_c.dir/rosidl_generator_c/mir_msgs/msg/detail/resources_state__functions.c.o[0m
[6.694s] [ 20%] [32mBuilding C object CMakeFiles/mir_msgs__rosidl_generator_c.dir/rosidl_generator_c/mir_msgs/msg/detail/resources_state__type_support.c.o[0m
[6.695s] [ 20%] [32mBuilding C object CMakeFiles/mir_msgs__rosidl_generator_c.dir/rosidl_generator_c/mir_msgs/msg/detail/resource_state__description.c.o[0m
[6.704s] [ 20%] [32mBuilding C object CMakeFiles/mir_msgs__rosidl_generator_c.dir/rosidl_generator_c/mir_msgs/msg/detail/robot_mode__description.c.o[0m
[6.719s] [ 21%] [32mBuilding C object CMakeFiles/mir_msgs__rosidl_generator_c.dir/rosidl_generator_c/mir_msgs/msg/detail/robot_mode__functions.c.o[0m
[6.725s] [ 21%] [32mBuilding C object CMakeFiles/mir_msgs__rosidl_generator_c.dir/rosidl_generator_c/mir_msgs/msg/detail/resources_state__description.c.o[0m
[6.729s] [ 21%] [32mBuilding C object CMakeFiles/mir_msgs__rosidl_generator_c.dir/rosidl_generator_c/mir_msgs/msg/detail/robot_state__type_support.c.o[0m
[6.730s] [ 21%] [32mBuilding C object CMakeFiles/mir_msgs__rosidl_generator_c.dir/rosidl_generator_c/mir_msgs/msg/detail/robot_mode__type_support.c.o[0m
[6.743s] [ 21%] [32mBuilding C object CMakeFiles/mir_msgs__rosidl_generator_c.dir/rosidl_generator_c/mir_msgs/msg/detail/robot_state__functions.c.o[0m
[6.753s] [ 21%] [32mBuilding C object CMakeFiles/mir_msgs__rosidl_generator_c.dir/rosidl_generator_c/mir_msgs/msg/detail/robot_state__description.c.o[0m
[6.753s] [ 22%] [32mBuilding C object CMakeFiles/mir_msgs__rosidl_generator_c.dir/rosidl_generator_c/mir_msgs/msg/detail/robot_status__functions.c.o[0m
[6.765s] [ 22%] [32mBuilding C object CMakeFiles/mir_msgs__rosidl_generator_c.dir/rosidl_generator_c/mir_msgs/msg/detail/robot_status__description.c.o[0m
[6.769s] [ 22%] [32mBuilding C object CMakeFiles/mir_msgs__rosidl_generator_c.dir/rosidl_generator_c/mir_msgs/msg/detail/safety_status__functions.c.o[0m
[6.772s] [ 22%] [32mBuilding C object CMakeFiles/mir_msgs__rosidl_generator_c.dir/rosidl_generator_c/mir_msgs/msg/detail/safety_status__description.c.o[0m
[6.778s] [ 22%] [32mBuilding C object CMakeFiles/mir_msgs__rosidl_generator_c.dir/rosidl_generator_c/mir_msgs/msg/detail/robot_status__type_support.c.o[0m
[6.792s] [ 22%] [32mBuilding C object CMakeFiles/mir_msgs__rosidl_generator_c.dir/rosidl_generator_c/mir_msgs/msg/detail/serial__description.c.o[0m
[6.793s] [ 22%] [32mBuilding C object CMakeFiles/mir_msgs__rosidl_generator_c.dir/rosidl_generator_c/mir_msgs/msg/detail/safety_status__type_support.c.o[0m
[6.797s] [ 22%] [32mBuilding C object CMakeFiles/mir_msgs__rosidl_generator_c.dir/rosidl_generator_c/mir_msgs/msg/detail/serial__type_support.c.o[0m
[6.799s] [ 22%] [32mBuilding C object CMakeFiles/mir_msgs__rosidl_generator_c.dir/rosidl_generator_c/mir_msgs/msg/detail/service_response_header__description.c.o[0m
[6.799s] [ 23%] [32mBuilding C object CMakeFiles/mir_msgs__rosidl_generator_c.dir/rosidl_generator_c/mir_msgs/msg/detail/serial__functions.c.o[0m
[6.811s] [ 23%] [32mBuilding C object CMakeFiles/mir_msgs__rosidl_generator_c.dir/rosidl_generator_c/mir_msgs/msg/detail/service_response_header__functions.c.o[0m
[6.833s] [ 23%] [32mBuilding C object CMakeFiles/mir_msgs__rosidl_generator_c.dir/rosidl_generator_c/mir_msgs/msg/detail/skid_detection_diff__description.c.o[0m
[6.833s] [ 23%] [32mBuilding C object CMakeFiles/mir_msgs__rosidl_generator_c.dir/rosidl_generator_c/mir_msgs/msg/detail/service_response_header__type_support.c.o[0m
[6.833s] [ 24%] [32mBuilding C object CMakeFiles/mir_msgs__rosidl_generator_c.dir/rosidl_generator_c/mir_msgs/msg/detail/skid_detection_diff__functions.c.o[0m
[6.837s] [ 24%] [32mBuilding C object CMakeFiles/mir_msgs__rosidl_generator_c.dir/rosidl_generator_c/mir_msgs/msg/detail/skid_detection_diff__type_support.c.o[0m
[6.850s] [ 24%] [32mBuilding C object CMakeFiles/mir_msgs__rosidl_generator_c.dir/rosidl_generator_c/mir_msgs/msg/detail/skid_detection_stamped_float__description.c.o[0m
[6.852s] [ 24%] [32mBuilding C object CMakeFiles/mir_msgs__rosidl_generator_c.dir/rosidl_generator_c/mir_msgs/msg/detail/skid_detection_stamped_float__functions.c.o[0m
[6.858s] [ 24%] [32mBuilding C object CMakeFiles/mir_msgs__rosidl_generator_c.dir/rosidl_generator_c/mir_msgs/msg/detail/skid_detection_stamped_float__type_support.c.o[0m
[6.859s] [ 24%] [32mBuilding C object CMakeFiles/mir_msgs__rosidl_generator_c.dir/rosidl_generator_c/mir_msgs/msg/detail/sound_event__description.c.o[0m
[6.863s] [ 24%] [32mBuilding C object CMakeFiles/mir_msgs__rosidl_generator_c.dir/rosidl_generator_c/mir_msgs/msg/detail/sound_event__type_support.c.o[0m
[6.871s] [ 25%] [32mBuilding C object CMakeFiles/mir_msgs__rosidl_generator_c.dir/rosidl_generator_c/mir_msgs/msg/detail/sound_event__functions.c.o[0m
[6.884s] [ 25%] [32mBuilding C object CMakeFiles/mir_msgs__rosidl_generator_c.dir/rosidl_generator_c/mir_msgs/msg/detail/stamped_encoders__description.c.o[0m
[6.890s] [ 25%] [32mBuilding C object CMakeFiles/mir_msgs__rosidl_generator_c.dir/rosidl_generator_c/mir_msgs/msg/detail/stamped_encoders__functions.c.o[0m
[6.902s] [ 26%] [32mBuilding C object CMakeFiles/mir_msgs__rosidl_generator_c.dir/rosidl_generator_c/mir_msgs/msg/detail/time_debug__functions.c.o[0m
[6.905s] [ 26%] [32mBuilding C object CMakeFiles/mir_msgs__rosidl_generator_c.dir/rosidl_generator_c/mir_msgs/msg/detail/stamped_encoders__type_support.c.o[0m
[6.909s] [ 26%] [32mBuilding C object CMakeFiles/mir_msgs__rosidl_generator_c.dir/rosidl_generator_c/mir_msgs/msg/detail/time_debug__description.c.o[0m
[6.921s] [ 26%] [32mBuilding C object CMakeFiles/mir_msgs__rosidl_generator_c.dir/rosidl_generator_c/mir_msgs/msg/detail/trolley__description.c.o[0m
[6.922s] [ 26%] [32mBuilding C object CMakeFiles/mir_msgs__rosidl_generator_c.dir/rosidl_generator_c/mir_msgs/msg/detail/time_debug__type_support.c.o[0m
[6.926s] [ 26%] [32mBuilding C object CMakeFiles/mir_msgs__rosidl_generator_c.dir/rosidl_generator_c/mir_msgs/msg/detail/trolley__type_support.c.o[0m
[6.927s] [ 26%] [32mBuilding C object CMakeFiles/mir_msgs__rosidl_generator_c.dir/rosidl_generator_c/mir_msgs/msg/detail/trolley__functions.c.o[0m
[6.939s] [ 26%] [32mBuilding C object CMakeFiles/mir_msgs__rosidl_generator_c.dir/rosidl_generator_c/mir_msgs/msg/detail/twist2_d__description.c.o[0m
[6.951s] [ 26%] [32mBuilding C object CMakeFiles/mir_msgs__rosidl_generator_c.dir/rosidl_generator_c/mir_msgs/msg/detail/twist2_d__type_support.c.o[0m
[6.951s] [ 27%] [32mBuilding C object CMakeFiles/mir_msgs__rosidl_generator_c.dir/rosidl_generator_c/mir_msgs/msg/detail/twist2_d__functions.c.o[0m
[6.959s] [ 27%] [32mBuilding C object CMakeFiles/mir_msgs__rosidl_generator_c.dir/rosidl_generator_c/mir_msgs/msg/detail/user_prompt__description.c.o[0m
[6.963s] [ 27%] [32mBuilding C object CMakeFiles/mir_msgs__rosidl_generator_c.dir/rosidl_generator_c/mir_msgs/msg/detail/user_prompt__type_support.c.o[0m
[6.968s] [ 27%] [32mBuilding C object CMakeFiles/mir_msgs__rosidl_generator_c.dir/rosidl_generator_c/mir_msgs/msg/detail/user_prompt__functions.c.o[0m
[6.977s] [ 27%] [32mBuilding C object CMakeFiles/mir_msgs__rosidl_generator_c.dir/rosidl_generator_c/mir_msgs/msg/detail/web_path__description.c.o[0m
[6.977s] [ 27%] [32mBuilding C object CMakeFiles/mir_msgs__rosidl_generator_c.dir/rosidl_generator_c/mir_msgs/msg/detail/web_path__type_support.c.o[0m
[6.980s] [ 28%] [32mBuilding C object CMakeFiles/mir_msgs__rosidl_generator_c.dir/rosidl_generator_c/mir_msgs/msg/detail/web_path__functions.c.o[0m
[6.996s] [ 28%] [32mBuilding C object CMakeFiles/mir_msgs__rosidl_generator_c.dir/rosidl_generator_c/mir_msgs/msg/detail/world_map__functions.c.o[0m
[6.996s] [ 28%] [32mBuilding C object CMakeFiles/mir_msgs__rosidl_generator_c.dir/rosidl_generator_c/mir_msgs/msg/detail/world_map__description.c.o[0m
[7.005s] [ 28%] [32mBuilding C object CMakeFiles/mir_msgs__rosidl_generator_c.dir/rosidl_generator_c/mir_msgs/msg/detail/world_map__type_support.c.o[0m
[7.006s] [ 28%] [32mBuilding C object CMakeFiles/mir_msgs__rosidl_generator_c.dir/rosidl_generator_c/mir_msgs/msg/detail/world_model__description.c.o[0m
[7.015s] [ 29%] [32mBuilding C object CMakeFiles/mir_msgs__rosidl_generator_c.dir/rosidl_generator_c/mir_msgs/msg/detail/world_model__functions.c.o[0m
[7.031s] [ 29%] [32mBuilding C object CMakeFiles/mir_msgs__rosidl_generator_c.dir/rosidl_generator_c/mir_msgs/msg/detail/world_model__type_support.c.o[0m
[7.121s] [ 29%] [32m[1mLinking C shared library libmir_msgs__rosidl_generator_c.so[0m
[7.170s] [ 29%] Built target mir_msgs__rosidl_generator_c
[7.189s] [ 29%] [34m[1mGenerating C++ type support for eProsima Fast-RTPS[0m
[7.194s] [ 29%] [34m[1mGenerating C type support for eProsima Fast-RTPS[0m
[7.195s] [ 29%] [34m[1mGenerating C++ type support dispatch for ROS interfaces[0m
[7.196s] [ 29%] [34m[1mGenerating C type support dispatch for ROS interfaces[0m
[7.202s] [ 30%] [34m[1mGenerating C++ introspection for ROS interfaces[0m
[7.226s] [ 31%] [34m[1mGenerating C introspection for ROS interfaces[0m
[9.712s] [ 31%] [32mBuilding CXX object CMakeFiles/mir_msgs__rosidl_typesupport_introspection_cpp.dir/rosidl_typesupport_introspection_cpp/mir_msgs/msg/detail/bms_data__type_support.cpp.o[0m
[9.714s] [ 31%] [32mBuilding CXX object CMakeFiles/mir_msgs__rosidl_typesupport_introspection_cpp.dir/rosidl_typesupport_introspection_cpp/mir_msgs/msg/detail/angle_measurment__type_support.cpp.o[0m
[9.715s] [ 31%] [32mBuilding CXX object CMakeFiles/mir_msgs__rosidl_typesupport_introspection_cpp.dir/rosidl_typesupport_introspection_cpp/mir_msgs/msg/detail/brake_state__type_support.cpp.o[0m
[9.725s] [ 32%] [32mBuilding CXX object CMakeFiles/mir_msgs__rosidl_typesupport_introspection_cpp.dir/rosidl_typesupport_introspection_cpp/mir_msgs/msg/detail/devices__type_support.cpp.o[0m
[9.728s] [ 32%] [32mBuilding CXX object CMakeFiles/mir_msgs__rosidl_typesupport_introspection_cpp.dir/rosidl_typesupport_introspection_cpp/mir_msgs/msg/detail/encoders__type_support.cpp.o[0m
[9.728s] [ 32%] [32mBuilding CXX object CMakeFiles/mir_msgs__rosidl_typesupport_introspection_cpp.dir/rosidl_typesupport_introspection_cpp/mir_msgs/msg/detail/device__type_support.cpp.o[0m
[9.744s] [ 32%] [32mBuilding CXX object CMakeFiles/mir_msgs__rosidl_typesupport_introspection_cpp.dir/rosidl_typesupport_introspection_cpp/mir_msgs/msg/detail/encoder_test_entry__type_support.cpp.o[0m
[9.744s] [ 32%] [32mBuilding CXX object CMakeFiles/mir_msgs__rosidl_typesupport_introspection_cpp.dir/rosidl_typesupport_introspection_cpp/mir_msgs/msg/detail/battery_currents__type_support.cpp.o[0m
[9.749s] [ 32%] [32mBuilding CXX object CMakeFiles/mir_msgs__rosidl_typesupport_introspection_cpp.dir/rosidl_typesupport_introspection_cpp/mir_msgs/msg/detail/charging_state__type_support.cpp.o[0m
[10.074s] [ 32%] [32mBuilding CXX object CMakeFiles/mir_msgs__rosidl_typesupport_introspection_cpp.dir/rosidl_typesupport_introspection_cpp/mir_msgs/msg/detail/error__type_support.cpp.o[0m
[10.153s] [ 32%] [32mBuilding CXX object CMakeFiles/mir_msgs__rosidl_typesupport_introspection_cpp.dir/rosidl_typesupport_introspection_cpp/mir_msgs/msg/detail/event__type_support.cpp.o[0m
[10.219s] [ 33%] [32mBuilding CXX object CMakeFiles/mir_msgs__rosidl_typesupport_introspection_cpp.dir/rosidl_typesupport_introspection_cpp/mir_msgs/msg/detail/events__type_support.cpp.o[0m
[10.299s] [ 33%] [32mBuilding CXX object CMakeFiles/mir_msgs__rosidl_typesupport_introspection_cpp.dir/rosidl_typesupport_introspection_cpp/mir_msgs/msg/detail/external_robot__type_support.cpp.o[0m
[10.376s] [ 33%] [32mBuilding CXX object CMakeFiles/mir_msgs__rosidl_typesupport_introspection_cpp.dir/rosidl_typesupport_introspection_cpp/mir_msgs/msg/detail/external_robots__type_support.cpp.o[0m
[10.414s] [ 33%] [32mBuilding CXX object CMakeFiles/mir_msgs__rosidl_typesupport_introspection_cpp.dir/rosidl_typesupport_introspection_cpp/mir_msgs/msg/detail/gpio__type_support.cpp.o[0m
[10.437s] [ 33%] [32mBuilding CXX object CMakeFiles/mir_msgs__rosidl_typesupport_introspection_cpp.dir/rosidl_typesupport_introspection_cpp/mir_msgs/msg/detail/gripper_state__type_support.cpp.o[0m
[10.471s] [ 33%] [32mBuilding CXX object CMakeFiles/mir_msgs__rosidl_typesupport_introspection_cpp.dir/rosidl_typesupport_introspection_cpp/mir_msgs/msg/detail/height_state__type_support.cpp.o[0m
[10.509s] [ 34%] [32mBuilding CXX object CMakeFiles/mir_msgs__rosidl_typesupport_introspection_cpp.dir/rosidl_typesupport_introspection_cpp/mir_msgs/msg/detail/hook_data__type_support.cpp.o[0m
[10.605s] [ 34%] [32mBuilding CXX object CMakeFiles/mir_msgs__rosidl_typesupport_introspection_cpp.dir/rosidl_typesupport_introspection_cpp/mir_msgs/msg/detail/hook_extended_status__type_support.cpp.o[0m
[10.823s] [ 34%] [32mBuilding CXX object CMakeFiles/mir_msgs__rosidl_typesupport_introspection_cpp.dir/rosidl_typesupport_introspection_cpp/mir_msgs/msg/detail/hook_status__type_support.cpp.o[0m
[10.894s] [ 34%] [32mBuilding CXX object CMakeFiles/mir_msgs__rosidl_typesupport_introspection_cpp.dir/rosidl_typesupport_introspection_cpp/mir_msgs/msg/detail/joystick_vel__type_support.cpp.o[0m
[10.898s] [ 34%] [32mBuilding CXX object CMakeFiles/mir_msgs__rosidl_typesupport_introspection_cpp.dir/rosidl_typesupport_introspection_cpp/mir_msgs/msg/detail/i_os__type_support.cpp.o[0m
[11.029s] [ 34%] [32mBuilding CXX object CMakeFiles/mir_msgs__rosidl_typesupport_introspection_cpp.dir/rosidl_typesupport_introspection_cpp/mir_msgs/msg/detail/local_map_stat__type_support.cpp.o[0m
[11.151s] [ 35%] [32mBuilding CXX object CMakeFiles/mir_msgs__rosidl_typesupport_introspection_cpp.dir/rosidl_typesupport_introspection_cpp/mir_msgs/msg/detail/mir_extra__type_support.cpp.o[0m
[11.204s] [ 35%] [32mBuilding CXX object CMakeFiles/mir_msgs__rosidl_typesupport_introspection_cpp.dir/rosidl_typesupport_introspection_cpp/mir_msgs/msg/detail/mir_local_planner_path_types__type_support.cpp.o[0m
[11.235s] [ 35%] [32mBuilding CXX object CMakeFiles/mir_msgs__rosidl_typesupport_introspection_cpp.dir/rosidl_typesupport_introspection_cpp/mir_msgs/msg/detail/mission_ctrl_command__type_support.cpp.o[0m
[11.272s] [ 35%] [32mBuilding CXX object CMakeFiles/mir_msgs__rosidl_typesupport_introspection_cpp.dir/rosidl_typesupport_introspection_cpp/mir_msgs/msg/detail/mission_ctrl_state__type_support.cpp.o[0m
[11.575s] [ 35%] [32mBuilding CXX object CMakeFiles/mir_msgs__rosidl_typesupport_introspection_cpp.dir/rosidl_typesupport_introspection_cpp/mir_msgs/msg/detail/pallet_lifter_status__type_support.cpp.o[0m
[11.582s] [ 35%] [32mBuilding CXX object CMakeFiles/mir_msgs__rosidl_typesupport_introspection_cpp.dir/rosidl_typesupport_introspection_cpp/mir_msgs/msg/detail/moving_state__type_support.cpp.o[0m
[11.684s] [ 36%] [32mBuilding CXX object CMakeFiles/mir_msgs__rosidl_typesupport_introspection_cpp.dir/rosidl_typesupport_introspection_cpp/mir_msgs/msg/detail/path__type_support.cpp.o[0m
[11.759s] [ 36%] [32mBuilding CXX object CMakeFiles/mir_msgs__rosidl_typesupport_introspection_cpp.dir/rosidl_typesupport_introspection_cpp/mir_msgs/msg/detail/pendant__type_support.cpp.o[0m
[11.825s] [ 36%] [32mBuilding CXX object CMakeFiles/mir_msgs__rosidl_typesupport_introspection_cpp.dir/rosidl_typesupport_introspection_cpp/mir_msgs/msg/detail/plan_segment__type_support.cpp.o[0m
[11.857s] [ 36%] [32mBuilding CXX object CMakeFiles/mir_msgs__rosidl_typesupport_introspection_cpp.dir/rosidl_typesupport_introspection_cpp/mir_msgs/msg/detail/plan_segments__type_support.cpp.o[0m
[11.962s] [ 36%] [32mBuilding CXX object CMakeFiles/mir_msgs__rosidl_typesupport_introspection_cpp.dir/rosidl_typesupport_introspection_cpp/mir_msgs/msg/detail/pose2_d__type_support.cpp.o[0m
[11.990s] [ 36%] [32mBuilding CXX object CMakeFiles/mir_msgs__rosidl_typesupport_introspection_cpp.dir/rosidl_typesupport_introspection_cpp/mir_msgs/msg/detail/power_board_motor_status__type_support.cpp.o[0m
[12.087s] [ 37%] [32mBuilding CXX object CMakeFiles/mir_msgs__rosidl_typesupport_introspection_cpp.dir/rosidl_typesupport_introspection_cpp/mir_msgs/msg/detail/precision_docking_status__type_support.cpp.o[0m
[12.386s] [ 37%] [32mBuilding CXX object CMakeFiles/mir_msgs__rosidl_typesupport_introspection_cpp.dir/rosidl_typesupport_introspection_cpp/mir_msgs/msg/detail/proximity__type_support.cpp.o[0m
[12.394s] [ 37%] [32mBuilding CXX object CMakeFiles/mir_msgs__rosidl_typesupport_introspection_cpp.dir/rosidl_typesupport_introspection_cpp/mir_msgs/msg/detail/resource_state__type_support.cpp.o[0m
[12.415s] [ 37%] [32mBuilding CXX object CMakeFiles/mir_msgs__rosidl_typesupport_introspection_cpp.dir/rosidl_typesupport_introspection_cpp/mir_msgs/msg/detail/resources_acquisition__type_support.cpp.o[0m
[12.465s] [ 37%] [32mBuilding CXX object CMakeFiles/mir_msgs__rosidl_typesupport_c.dir/rosidl_typesupport_c/mir_msgs/msg/angle_measurment__type_support.cpp.o[0m
[12.567s] [ 37%] [32mBuilding CXX object CMakeFiles/mir_msgs__rosidl_typesupport_c.dir/rosidl_typesupport_c/mir_msgs/msg/bms_data__type_support.cpp.o[0m
[12.634s] [ 37%] [32mBuilding CXX object CMakeFiles/mir_msgs__rosidl_typesupport_introspection_cpp.dir/rosidl_typesupport_introspection_cpp/mir_msgs/msg/detail/resources_state__type_support.cpp.o[0m
[12.643s] [ 37%] [32mBuilding CXX object CMakeFiles/mir_msgs__rosidl_typesupport_introspection_cpp.dir/rosidl_typesupport_introspection_cpp/mir_msgs/msg/detail/robot_mode__type_support.cpp.o[0m
[12.651s] [ 38%] [32mBuilding CXX object CMakeFiles/mir_msgs__rosidl_typesupport_c.dir/rosidl_typesupport_c/mir_msgs/msg/battery_currents__type_support.cpp.o[0m
[12.667s] [ 38%] [32mBuilding CXX object CMakeFiles/mir_msgs__rosidl_typesupport_c.dir/rosidl_typesupport_c/mir_msgs/msg/brake_state__type_support.cpp.o[0m
[12.728s] [ 39%] [32mBuilding CXX object CMakeFiles/mir_msgs__rosidl_typesupport_introspection_cpp.dir/rosidl_typesupport_introspection_cpp/mir_msgs/msg/detail/robot_state__type_support.cpp.o[0m
[12.737s] [ 39%] [32mBuilding CXX object CMakeFiles/mir_msgs__rosidl_typesupport_c.dir/rosidl_typesupport_c/mir_msgs/msg/charging_state__type_support.cpp.o[0m
[12.792s] [ 39%] [32mBuilding CXX object CMakeFiles/mir_msgs__rosidl_typesupport_introspection_cpp.dir/rosidl_typesupport_introspection_cpp/mir_msgs/msg/detail/robot_status__type_support.cpp.o[0m
[12.794s] [ 39%] [32mBuilding CXX object CMakeFiles/mir_msgs__rosidl_typesupport_c.dir/rosidl_typesupport_c/mir_msgs/msg/device__type_support.cpp.o[0m
[12.866s] [ 39%] [32mBuilding CXX object CMakeFiles/mir_msgs__rosidl_typesupport_c.dir/rosidl_typesupport_c/mir_msgs/msg/devices__type_support.cpp.o[0m
[12.891s] [ 39%] [32mBuilding CXX object CMakeFiles/mir_msgs__rosidl_typesupport_introspection_cpp.dir/rosidl_typesupport_introspection_cpp/mir_msgs/msg/detail/safety_status__type_support.cpp.o[0m
[12.947s] [ 39%] [32mBuilding CXX object CMakeFiles/mir_msgs__rosidl_typesupport_c.dir/rosidl_typesupport_c/mir_msgs/msg/encoder_test_entry__type_support.cpp.o[0m
[12.969s] [ 40%] [32mBuilding CXX object CMakeFiles/mir_msgs__rosidl_typesupport_c.dir/rosidl_typesupport_c/mir_msgs/msg/encoders__type_support.cpp.o[0m
[13.054s] [ 40%] [32mBuilding CXX object CMakeFiles/mir_msgs__rosidl_typesupport_c.dir/rosidl_typesupport_c/mir_msgs/msg/error__type_support.cpp.o[0m
[13.067s] [ 40%] [32mBuilding CXX object CMakeFiles/mir_msgs__rosidl_typesupport_cpp.dir/rosidl_typesupport_cpp/mir_msgs/msg/angle_measurment__type_support.cpp.o[0m
[13.067s] [ 40%] [32mBuilding CXX object CMakeFiles/mir_msgs__rosidl_typesupport_introspection_cpp.dir/rosidl_typesupport_introspection_cpp/mir_msgs/msg/detail/serial__type_support.cpp.o[0m
[13.081s] [ 40%] [32mBuilding CXX object CMakeFiles/mir_msgs__rosidl_typesupport_c.dir/rosidl_typesupport_c/mir_msgs/msg/event__type_support.cpp.o[0m
[13.129s] [ 40%] [32mBuilding C object CMakeFiles/mir_msgs__rosidl_typesupport_introspection_c.dir/rosidl_typesupport_introspection_c/mir_msgs/msg/detail/angle_measurment__type_support.c.o[0m
[13.142s] [ 40%] [32mBuilding CXX object CMakeFiles/mir_msgs__rosidl_typesupport_cpp.dir/rosidl_typesupport_cpp/mir_msgs/msg/bms_data__type_support.cpp.o[0m
[13.166s] [ 40%] [32mBuilding C object CMakeFiles/mir_msgs__rosidl_typesupport_introspection_c.dir/rosidl_typesupport_introspection_c/mir_msgs/msg/detail/bms_data__type_support.c.o[0m
[13.180s] [ 40%] [32mBuilding CXX object CMakeFiles/mir_msgs__rosidl_typesupport_c.dir/rosidl_typesupport_c/mir_msgs/msg/events__type_support.cpp.o[0m
[13.266s] [ 40%] [32mBuilding C object CMakeFiles/mir_msgs__rosidl_typesupport_introspection_c.dir/rosidl_typesupport_introspection_c/mir_msgs/msg/detail/battery_currents__type_support.c.o[0m
[13.267s] [ 40%] [32mBuilding CXX object CMakeFiles/mir_msgs__rosidl_typesupport_introspection_cpp.dir/rosidl_typesupport_introspection_cpp/mir_msgs/msg/detail/service_response_header__type_support.cpp.o[0m
[13.282s] [ 40%] [32mBuilding CXX object CMakeFiles/mir_msgs__rosidl_typesupport_cpp.dir/rosidl_typesupport_cpp/mir_msgs/msg/battery_currents__type_support.cpp.o[0m
[13.284s] [ 40%] [32mBuilding CXX object CMakeFiles/mir_msgs__rosidl_typesupport_introspection_cpp.dir/rosidl_typesupport_introspection_cpp/mir_msgs/msg/detail/skid_detection_diff__type_support.cpp.o[0m
[13.294s] [ 40%] [32mBuilding CXX object CMakeFiles/mir_msgs__rosidl_typesupport_c.dir/rosidl_typesupport_c/mir_msgs/msg/external_robot__type_support.cpp.o[0m
[13.321s] [ 40%] [32mBuilding C object CMakeFiles/mir_msgs__rosidl_typesupport_introspection_c.dir/rosidl_typesupport_introspection_c/mir_msgs/msg/detail/brake_state__type_support.c.o[0m
[13.321s] [ 41%] [32mBuilding CXX object CMakeFiles/mir_msgs__rosidl_typesupport_cpp.dir/rosidl_typesupport_cpp/mir_msgs/msg/brake_state__type_support.cpp.o[0m
[13.373s] [ 41%] [32mBuilding CXX object CMakeFiles/mir_msgs__rosidl_typesupport_c.dir/rosidl_typesupport_c/mir_msgs/msg/external_robots__type_support.cpp.o[0m
[13.422s] [ 42%] [32mBuilding C object CMakeFiles/mir_msgs__rosidl_typesupport_introspection_c.dir/rosidl_typesupport_introspection_c/mir_msgs/msg/detail/charging_state__type_support.c.o[0m
[13.449s] [ 43%] [32mBuilding CXX object CMakeFiles/mir_msgs__rosidl_typesupport_c.dir/rosidl_typesupport_c/mir_msgs/msg/gpio__type_support.cpp.o[0m
[13.477s] [ 43%] [32mBuilding CXX object CMakeFiles/mir_msgs__rosidl_typesupport_c.dir/rosidl_typesupport_c/mir_msgs/msg/gripper_state__type_support.cpp.o[0m
[13.477s] [ 43%] [32mBuilding CXX object CMakeFiles/mir_msgs__rosidl_typesupport_c.dir/rosidl_typesupport_c/mir_msgs/msg/height_state__type_support.cpp.o[0m
[13.506s] [ 43%] [32mBuilding C object CMakeFiles/mir_msgs__rosidl_typesupport_introspection_c.dir/rosidl_typesupport_introspection_c/mir_msgs/msg/detail/device__type_support.c.o[0m
[13.536s] [ 43%] [32mBuilding CXX object CMakeFiles/mir_msgs__rosidl_typesupport_cpp.dir/rosidl_typesupport_cpp/mir_msgs/msg/charging_state__type_support.cpp.o[0m
[13.553s] [ 44%] [32mBuilding CXX object CMakeFiles/mir_msgs__rosidl_typesupport_introspection_cpp.dir/rosidl_typesupport_introspection_cpp/mir_msgs/msg/detail/skid_detection_stamped_float__type_support.cpp.o[0m
[13.560s] [ 44%] [32mBuilding CXX object CMakeFiles/mir_msgs__rosidl_typesupport_c.dir/rosidl_typesupport_c/mir_msgs/msg/hook_data__type_support.cpp.o[0m
[13.570s] [ 44%] [32mBuilding C object CMakeFiles/mir_msgs__rosidl_typesupport_introspection_c.dir/rosidl_typesupport_introspection_c/mir_msgs/msg/detail/devices__type_support.c.o[0m
[13.620s] [ 44%] [32mBuilding CXX object CMakeFiles/mir_msgs__rosidl_typesupport_cpp.dir/rosidl_typesupport_cpp/mir_msgs/msg/device__type_support.cpp.o[0m
[13.624s] [ 44%] [32mBuilding CXX object CMakeFiles/mir_msgs__rosidl_typesupport_introspection_cpp.dir/rosidl_typesupport_introspection_cpp/mir_msgs/msg/detail/sound_event__type_support.cpp.o[0m
[13.624s] [ 44%] [32mBuilding CXX object CMakeFiles/mir_msgs__rosidl_typesupport_c.dir/rosidl_typesupport_c/mir_msgs/msg/hook_extended_status__type_support.cpp.o[0m
[13.653s] [ 44%] [32mBuilding CXX object CMakeFiles/mir_msgs__rosidl_typesupport_c.dir/rosidl_typesupport_c/mir_msgs/msg/hook_status__type_support.cpp.o[0m
[13.659s] [ 44%] [32mBuilding C object CMakeFiles/mir_msgs__rosidl_typesupport_introspection_c.dir/rosidl_typesupport_introspection_c/mir_msgs/msg/detail/encoder_test_entry__type_support.c.o[0m
[13.704s] [ 44%] [32mBuilding CXX object CMakeFiles/mir_msgs__rosidl_typesupport_fastrtps_c.dir/rosidl_typesupport_fastrtps_c/mir_msgs/msg/detail/angle_measurment__type_support_c.cpp.o[0m
[13.726s] [ 44%] [32mBuilding C object CMakeFiles/mir_msgs__rosidl_typesupport_introspection_c.dir/rosidl_typesupport_introspection_c/mir_msgs/msg/detail/encoders__type_support.c.o[0m
[13.741s] [ 44%] [32mBuilding CXX object CMakeFiles/mir_msgs__rosidl_typesupport_fastrtps_c.dir/rosidl_typesupport_fastrtps_c/mir_msgs/msg/detail/battery_currents__type_support_c.cpp.o[0m
[13.746s] [ 44%] [32mBuilding CXX object CMakeFiles/mir_msgs__rosidl_typesupport_fastrtps_c.dir/rosidl_typesupport_fastrtps_c/mir_msgs/msg/detail/bms_data__type_support_c.cpp.o[0m
[13.787s] [ 44%] [32mBuilding C object CMakeFiles/mir_msgs__rosidl_typesupport_introspection_c.dir/rosidl_typesupport_introspection_c/mir_msgs/msg/detail/error__type_support.c.o[0m
[13.798s] [ 44%] [32mBuilding CXX object CMakeFiles/mir_msgs__rosidl_typesupport_fastrtps_cpp.dir/rosidl_typesupport_fastrtps_cpp/mir_msgs/msg/detail/dds_fastrtps/angle_measurment__type_support.cpp.o[0m
[13.798s] [ 45%] [32mBuilding CXX object CMakeFiles/mir_msgs__rosidl_typesupport_c.dir/rosidl_typesupport_c/mir_msgs/msg/i_os__type_support.cpp.o[0m
[13.827s] [ 45%] [32mBuilding CXX object CMakeFiles/mir_msgs__rosidl_typesupport_c.dir/rosidl_typesupport_c/mir_msgs/msg/joystick_vel__type_support.cpp.o[0m
[13.884s] [ 45%] [32mBuilding CXX object CMakeFiles/mir_msgs__rosidl_typesupport_fastrtps_cpp.dir/rosidl_typesupport_fastrtps_cpp/mir_msgs/msg/detail/dds_fastrtps/bms_data__type_support.cpp.o[0m
[13.891s] [ 46%] [32mBuilding C object CMakeFiles/mir_msgs__rosidl_typesupport_introspection_c.dir/rosidl_typesupport_introspection_c/mir_msgs/msg/detail/event__type_support.c.o[0m
[13.894s] [ 46%] [32mBuilding CXX object CMakeFiles/mir_msgs__rosidl_typesupport_cpp.dir/rosidl_typesupport_cpp/mir_msgs/msg/devices__type_support.cpp.o[0m
[13.951s] [ 46%] [32mBuilding C object CMakeFiles/mir_msgs__rosidl_typesupport_introspection_c.dir/rosidl_typesupport_introspection_c/mir_msgs/msg/detail/events__type_support.c.o[0m
[13.976s] [ 47%] [32mBuilding CXX object CMakeFiles/mir_msgs__rosidl_typesupport_fastrtps_c.dir/rosidl_typesupport_fastrtps_c/mir_msgs/msg/detail/brake_state__type_support_c.cpp.o[0m
[14.010s] [ 47%] [32mBuilding C object CMakeFiles/mir_msgs__rosidl_typesupport_introspection_c.dir/rosidl_typesupport_introspection_c/mir_msgs/msg/detail/external_robot__type_support.c.o[0m
[14.011s] [ 47%] [32mBuilding CXX object CMakeFiles/mir_msgs__rosidl_typesupport_introspection_cpp.dir/rosidl_typesupport_introspection_cpp/mir_msgs/msg/detail/stamped_encoders__type_support.cpp.o[0m
[14.054s] [ 47%] [32mBuilding CXX object CMakeFiles/mir_msgs__rosidl_typesupport_c.dir/rosidl_typesupport_c/mir_msgs/msg/local_map_stat__type_support.cpp.o[0m
[14.104s] [ 47%] [32mBuilding C object CMakeFiles/mir_msgs__rosidl_typesupport_introspection_c.dir/rosidl_typesupport_introspection_c/mir_msgs/msg/detail/external_robots__type_support.c.o[0m
[14.132s] [ 47%] [32mBuilding CXX object CMakeFiles/mir_msgs__rosidl_typesupport_c.dir/rosidl_typesupport_c/mir_msgs/msg/mir_extra__type_support.cpp.o[0m
[14.152s] [ 47%] [32mBuilding CXX object CMakeFiles/mir_msgs__rosidl_typesupport_cpp.dir/rosidl_typesupport_cpp/mir_msgs/msg/encoder_test_entry__type_support.cpp.o[0m
[14.156s] [ 47%] [32mBuilding C object CMakeFiles/mir_msgs__rosidl_typesupport_introspection_c.dir/rosidl_typesupport_introspection_c/mir_msgs/msg/detail/gpio__type_support.c.o[0m
[14.175s] [ 47%] [32mBuilding C object CMakeFiles/mir_msgs__rosidl_typesupport_introspection_c.dir/rosidl_typesupport_introspection_c/mir_msgs/msg/detail/gripper_state__type_support.c.o[0m
[14.207s] [ 47%] [32mBuilding CXX object CMakeFiles/mir_msgs__rosidl_typesupport_c.dir/rosidl_typesupport_c/mir_msgs/msg/mir_local_planner_path_types__type_support.cpp.o[0m
[14.220s] [ 47%] [32mBuilding CXX object CMakeFiles/mir_msgs__rosidl_typesupport_introspection_cpp.dir/rosidl_typesupport_introspection_cpp/mir_msgs/msg/detail/time_debug__type_support.cpp.o[0m
[14.221s] [ 47%] [32mBuilding CXX object CMakeFiles/mir_msgs__rosidl_typesupport_fastrtps_cpp.dir/rosidl_typesupport_fastrtps_cpp/mir_msgs/msg/detail/dds_fastrtps/battery_currents__type_support.cpp.o[0m
[14.236s] [ 47%] [32mBuilding CXX object CMakeFiles/mir_msgs__rosidl_typesupport_cpp.dir/rosidl_typesupport_cpp/mir_msgs/msg/encoders__type_support.cpp.o[0m
[14.241s] [ 48%] [32mBuilding C object CMakeFiles/mir_msgs__rosidl_typesupport_introspection_c.dir/rosidl_typesupport_introspection_c/mir_msgs/msg/detail/height_state__type_support.c.o[0m
[14.302s] [ 48%] [32mBuilding CXX object CMakeFiles/mir_msgs__rosidl_typesupport_c.dir/rosidl_typesupport_c/mir_msgs/msg/mission_ctrl_command__type_support.cpp.o[0m
[14.324s] [ 48%] [32mBuilding C object CMakeFiles/mir_msgs__rosidl_typesupport_introspection_c.dir/rosidl_typesupport_introspection_c/mir_msgs/msg/detail/hook_data__type_support.c.o[0m
[14.370s] [ 48%] [32mBuilding CXX object CMakeFiles/mir_msgs__rosidl_typesupport_fastrtps_cpp.dir/rosidl_typesupport_fastrtps_cpp/mir_msgs/msg/detail/dds_fastrtps/brake_state__type_support.cpp.o[0m
[14.392s] [ 49%] [32mBuilding CXX object CMakeFiles/mir_msgs__rosidl_typesupport_c.dir/rosidl_typesupport_c/mir_msgs/msg/mission_ctrl_state__type_support.cpp.o[0m
[14.417s] [ 49%] [32mBuilding C object CMakeFiles/mir_msgs__rosidl_typesupport_introspection_c.dir/rosidl_typesupport_introspection_c/mir_msgs/msg/detail/hook_extended_status__type_support.c.o[0m
[14.438s] [ 49%] [32mBuilding CXX object CMakeFiles/mir_msgs__rosidl_typesupport_c.dir/rosidl_typesupport_c/mir_msgs/msg/moving_state__type_support.cpp.o[0m
[14.492s] [ 49%] [32mBuilding CXX object CMakeFiles/mir_msgs__rosidl_typesupport_c.dir/rosidl_typesupport_c/mir_msgs/msg/pallet_lifter_status__type_support.cpp.o[0m
[14.533s] [ 49%] [32mBuilding C object CMakeFiles/mir_msgs__rosidl_typesupport_introspection_c.dir/rosidl_typesupport_introspection_c/mir_msgs/msg/detail/hook_status__type_support.c.o[0m
[14.543s] [ 49%] [32mBuilding CXX object CMakeFiles/mir_msgs__rosidl_typesupport_c.dir/rosidl_typesupport_c/mir_msgs/msg/path__type_support.cpp.o[0m
[14.579s] [ 49%] [32mBuilding CXX object CMakeFiles/mir_msgs__rosidl_typesupport_c.dir/rosidl_typesupport_c/mir_msgs/msg/pendant__type_support.cpp.o[0m
[14.618s] [ 49%] [32mBuilding CXX object CMakeFiles/mir_msgs__rosidl_typesupport_c.dir/rosidl_typesupport_c/mir_msgs/msg/plan_segment__type_support.cpp.o[0m
[14.630s] [ 49%] [32mBuilding C object CMakeFiles/mir_msgs__rosidl_typesupport_introspection_c.dir/rosidl_typesupport_introspection_c/mir_msgs/msg/detail/i_os__type_support.c.o[0m
[14.657s] [ 50%] [32mBuilding CXX object CMakeFiles/mir_msgs__rosidl_typesupport_c.dir/rosidl_typesupport_c/mir_msgs/msg/plan_segments__type_support.cpp.o[0m
[14.692s] [ 51%] [32mBuilding C object CMakeFiles/mir_msgs__rosidl_typesupport_introspection_c.dir/rosidl_typesupport_introspection_c/mir_msgs/msg/detail/local_map_stat__type_support.c.o[0m
[14.700s] [ 51%] [32mBuilding C object CMakeFiles/mir_msgs__rosidl_typesupport_introspection_c.dir/rosidl_typesupport_introspection_c/mir_msgs/msg/detail/joystick_vel__type_support.c.o[0m
[14.705s] [ 51%] [32mBuilding CXX object CMakeFiles/mir_msgs__rosidl_typesupport_c.dir/rosidl_typesupport_c/mir_msgs/msg/pose2_d__type_support.cpp.o[0m
[14.737s] [ 51%] [32mBuilding CXX object CMakeFiles/mir_msgs__rosidl_typesupport_fastrtps_c.dir/rosidl_typesupport_fastrtps_c/mir_msgs/msg/detail/charging_state__type_support_c.cpp.o[0m
[14.745s] [ 51%] [32mBuilding CXX object CMakeFiles/mir_msgs__rosidl_typesupport_fastrtps_c.dir/rosidl_typesupport_fastrtps_c/mir_msgs/msg/detail/device__type_support_c.cpp.o[0m
[14.761s] [ 51%] [32mBuilding C object CMakeFiles/mir_msgs__rosidl_typesupport_introspection_c.dir/rosidl_typesupport_introspection_c/mir_msgs/msg/detail/mir_extra__type_support.c.o[0m
[14.761s] [ 51%] [32mBuilding CXX object CMakeFiles/mir_msgs__rosidl_typesupport_c.dir/rosidl_typesupport_c/mir_msgs/msg/power_board_motor_status__type_support.cpp.o[0m
[14.777s] [ 52%] [32mBuilding CXX object CMakeFiles/mir_msgs__rosidl_typesupport_cpp.dir/rosidl_typesupport_cpp/mir_msgs/msg/error__type_support.cpp.o[0m
[14.789s] [ 52%] [32mBuilding CXX object CMakeFiles/mir_msgs__rosidl_typesupport_introspection_cpp.dir/rosidl_typesupport_introspection_cpp/mir_msgs/msg/detail/trolley__type_support.cpp.o[0m
[14.869s] [ 52%] [32mBuilding CXX object CMakeFiles/mir_msgs__rosidl_typesupport_c.dir/rosidl_typesupport_c/mir_msgs/msg/precision_docking_status__type_support.cpp.o[0m
[14.877s] [ 52%] [32mBuilding CXX object CMakeFiles/mir_msgs__rosidl_typesupport_fastrtps_c.dir/rosidl_typesupport_fastrtps_c/mir_msgs/msg/detail/devices__type_support_c.cpp.o[0m
[14.928s] [ 52%] [32mBuilding C object CMakeFiles/mir_msgs__rosidl_typesupport_introspection_c.dir/rosidl_typesupport_introspection_c/mir_msgs/msg/detail/mir_local_planner_path_types__type_support.c.o[0m
[14.959s] [ 52%] [32mBuilding CXX object CMakeFiles/mir_msgs__rosidl_typesupport_introspection_cpp.dir/rosidl_typesupport_introspection_cpp/mir_msgs/msg/detail/twist2_d__type_support.cpp.o[0m
[14.978s] [ 52%] [32mBuilding CXX object CMakeFiles/mir_msgs__rosidl_typesupport_fastrtps_c.dir/rosidl_typesupport_fastrtps_c/mir_msgs/msg/detail/encoder_test_entry__type_support_c.cpp.o[0m
[14.978s] [ 52%] [32mBuilding CXX object CMakeFiles/mir_msgs__rosidl_typesupport_cpp.dir/rosidl_typesupport_cpp/mir_msgs/msg/event__type_support.cpp.o[0m
[14.985s] [ 52%] [32mBuilding C object CMakeFiles/mir_msgs__rosidl_typesupport_introspection_c.dir/rosidl_typesupport_introspection_c/mir_msgs/msg/detail/mission_ctrl_command__type_support.c.o[0m
[14.985s] [ 52%] [32mBuilding CXX object CMakeFiles/mir_msgs__rosidl_typesupport_c.dir/rosidl_typesupport_c/mir_msgs/msg/proximity__type_support.cpp.o[0m
[15.069s] [ 52%] [32mBuilding C object CMakeFiles/mir_msgs__rosidl_typesupport_introspection_c.dir/rosidl_typesupport_introspection_c/mir_msgs/msg/detail/moving_state__type_support.c.o[0m
[15.084s] [ 52%] [32mBuilding CXX object CMakeFiles/mir_msgs__rosidl_typesupport_c.dir/rosidl_typesupport_c/mir_msgs/msg/resource_state__type_support.cpp.o[0m
[15.094s] [ 52%] [32mBuilding C object CMakeFiles/mir_msgs__rosidl_typesupport_introspection_c.dir/rosidl_typesupport_introspection_c/mir_msgs/msg/detail/mission_ctrl_state__type_support.c.o[0m
[15.111s] [ 52%] [32mBuilding CXX object CMakeFiles/mir_msgs__rosidl_typesupport_fastrtps_c.dir/rosidl_typesupport_fastrtps_c/mir_msgs/msg/detail/encoders__type_support_c.cpp.o[0m
[15.138s] [ 53%] [32mBuilding CXX object CMakeFiles/mir_msgs__rosidl_typesupport_introspection_cpp.dir/rosidl_typesupport_introspection_cpp/mir_msgs/msg/detail/user_prompt__type_support.cpp.o[0m
[15.188s] [ 54%] [32mBuilding CXX object CMakeFiles/mir_msgs__rosidl_typesupport_c.dir/rosidl_typesupport_c/mir_msgs/msg/resources_acquisition__type_support.cpp.o[0m
[15.191s] [ 55%] [32mBuilding C object CMakeFiles/mir_msgs__rosidl_typesupport_introspection_c.dir/rosidl_typesupport_introspection_c/mir_msgs/msg/detail/pallet_lifter_status__type_support.c.o[0m
[15.252s] [ 56%] [32mBuilding CXX object CMakeFiles/mir_msgs__rosidl_typesupport_fastrtps_cpp.dir/rosidl_typesupport_fastrtps_cpp/mir_msgs/msg/detail/dds_fastrtps/charging_state__type_support.cpp.o[0m
[15.263s] [ 57%] [32mBuilding CXX object CMakeFiles/mir_msgs__rosidl_typesupport_fastrtps_c.dir/rosidl_typesupport_fastrtps_c/mir_msgs/msg/detail/error__type_support_c.cpp.o[0m
[15.280s] [ 57%] [32mBuilding CXX object CMakeFiles/mir_msgs__rosidl_typesupport_fastrtps_cpp.dir/rosidl_typesupport_fastrtps_cpp/mir_msgs/msg/detail/dds_fastrtps/device__type_support.cpp.o[0m
[15.301s] [ 57%] [32mBuilding CXX object CMakeFiles/mir_msgs__rosidl_typesupport_c.dir/rosidl_typesupport_c/mir_msgs/msg/resources_state__type_support.cpp.o[0m
[15.304s] [ 57%] [32mBuilding C object CMakeFiles/mir_msgs__rosidl_typesupport_introspection_c.dir/rosidl_typesupport_introspection_c/mir_msgs/msg/detail/path__type_support.c.o[0m
[15.401s] [ 57%] [32mBuilding CXX object CMakeFiles/mir_msgs__rosidl_typesupport_c.dir/rosidl_typesupport_c/mir_msgs/msg/robot_mode__type_support.cpp.o[0m
[15.444s] [ 57%] [32mBuilding C object CMakeFiles/mir_msgs__rosidl_typesupport_introspection_c.dir/rosidl_typesupport_introspection_c/mir_msgs/msg/detail/pendant__type_support.c.o[0m
[15.453s] [ 57%] [32mBuilding CXX object CMakeFiles/mir_msgs__rosidl_typesupport_cpp.dir/rosidl_typesupport_cpp/mir_msgs/msg/events__type_support.cpp.o[0m
[15.464s] [ 57%] [32mBuilding CXX object CMakeFiles/mir_msgs__rosidl_typesupport_cpp.dir/rosidl_typesupport_cpp/mir_msgs/msg/external_robot__type_support.cpp.o[0m
[15.506s] [ 57%] [32mBuilding CXX object CMakeFiles/mir_msgs__rosidl_typesupport_fastrtps_c.dir/rosidl_typesupport_fastrtps_c/mir_msgs/msg/detail/event__type_support_c.cpp.o[0m
[15.536s] [ 57%] [32mBuilding C object CMakeFiles/mir_msgs__rosidl_typesupport_introspection_c.dir/rosidl_typesupport_introspection_c/mir_msgs/msg/detail/plan_segment__type_support.c.o[0m
[15.545s] [ 57%] [32mBuilding CXX object CMakeFiles/mir_msgs__rosidl_typesupport_introspection_cpp.dir/rosidl_typesupport_introspection_cpp/mir_msgs/msg/detail/web_path__type_support.cpp.o[0m
[15.554s] [ 57%] [32mBuilding CXX object CMakeFiles/mir_msgs__rosidl_typesupport_c.dir/rosidl_typesupport_c/mir_msgs/msg/robot_state__type_support.cpp.o[0m
[15.589s] [ 57%] [32mBuilding CXX object CMakeFiles/mir_msgs__rosidl_typesupport_c.dir/rosidl_typesupport_c/mir_msgs/msg/robot_status__type_support.cpp.o[0m
[15.635s] [ 57%] [32mBuilding CXX object CMakeFiles/mir_msgs__rosidl_typesupport_cpp.dir/rosidl_typesupport_cpp/mir_msgs/msg/external_robots__type_support.cpp.o[0m
[15.639s] [ 57%] [32mBuilding CXX object CMakeFiles/mir_msgs__rosidl_typesupport_c.dir/rosidl_typesupport_c/mir_msgs/msg/safety_status__type_support.cpp.o[0m
[15.662s] [ 57%] [32mBuilding C object CMakeFiles/mir_msgs__rosidl_typesupport_introspection_c.dir/rosidl_typesupport_introspection_c/mir_msgs/msg/detail/plan_segments__type_support.c.o[0m
[15.699s] [ 58%] [32mBuilding CXX object CMakeFiles/mir_msgs__rosidl_typesupport_c.dir/rosidl_typesupport_c/mir_msgs/msg/serial__type_support.cpp.o[0m
[15.742s] [ 58%] [32mBuilding CXX object CMakeFiles/mir_msgs__rosidl_typesupport_c.dir/rosidl_typesupport_c/mir_msgs/msg/skid_detection_diff__type_support.cpp.o[0m
[15.743s] [ 58%] [32mBuilding CXX object CMakeFiles/mir_msgs__rosidl_typesupport_c.dir/rosidl_typesupport_c/mir_msgs/msg/service_response_header__type_support.cpp.o[0m
[15.773s] [ 58%] [32mBuilding CXX object CMakeFiles/mir_msgs__rosidl_typesupport_fastrtps_c.dir/rosidl_typesupport_fastrtps_c/mir_msgs/msg/detail/events__type_support_c.cpp.o[0m
[15.784s] [ 58%] [32mBuilding CXX object CMakeFiles/mir_msgs__rosidl_typesupport_fastrtps_c.dir/rosidl_typesupport_fastrtps_c/mir_msgs/msg/detail/external_robot__type_support_c.cpp.o[0m
[15.790s] [ 58%] [32mBuilding CXX object CMakeFiles/mir_msgs__rosidl_typesupport_c.dir/rosidl_typesupport_c/mir_msgs/msg/skid_detection_stamped_float__type_support.cpp.o[0m
[15.810s] [ 58%] [32mBuilding C object CMakeFiles/mir_msgs__rosidl_typesupport_introspection_c.dir/rosidl_typesupport_introspection_c/mir_msgs/msg/detail/pose2_d__type_support.c.o[0m
[15.821s] [ 59%] [32mBuilding C object CMakeFiles/mir_msgs__rosidl_typesupport_introspection_c.dir/rosidl_typesupport_introspection_c/mir_msgs/msg/detail/power_board_motor_status__type_support.c.o[0m
[15.826s] [ 59%] [32mBuilding CXX object CMakeFiles/mir_msgs__rosidl_typesupport_fastrtps_cpp.dir/rosidl_typesupport_fastrtps_cpp/mir_msgs/msg/detail/dds_fastrtps/devices__type_support.cpp.o[0m
[15.832s] [ 59%] [32mBuilding CXX object CMakeFiles/mir_msgs__rosidl_typesupport_c.dir/rosidl_typesupport_c/mir_msgs/msg/sound_event__type_support.cpp.o[0m
[15.849s] [ 59%] [32mBuilding CXX object CMakeFiles/mir_msgs__rosidl_typesupport_fastrtps_cpp.dir/rosidl_typesupport_fastrtps_cpp/mir_msgs/msg/detail/dds_fastrtps/encoder_test_entry__type_support.cpp.o[0m
[15.865s] [ 59%] [32mBuilding CXX object CMakeFiles/mir_msgs__rosidl_typesupport_fastrtps_cpp.dir/rosidl_typesupport_fastrtps_cpp/mir_msgs/msg/detail/dds_fastrtps/encoders__type_support.cpp.o[0m
[15.882s] [ 59%] [32mBuilding C object CMakeFiles/mir_msgs__rosidl_typesupport_introspection_c.dir/rosidl_typesupport_introspection_c/mir_msgs/msg/detail/precision_docking_status__type_support.c.o[0m
[15.927s] [ 59%] [32mBuilding CXX object CMakeFiles/mir_msgs__rosidl_typesupport_c.dir/rosidl_typesupport_c/mir_msgs/msg/stamped_encoders__type_support.cpp.o[0m
[15.944s] [ 59%] [32mBuilding C object CMakeFiles/mir_msgs__rosidl_typesupport_introspection_c.dir/rosidl_typesupport_introspection_c/mir_msgs/msg/detail/proximity__type_support.c.o[0m
[15.952s] [ 59%] [32mBuilding CXX object CMakeFiles/mir_msgs__rosidl_typesupport_cpp.dir/rosidl_typesupport_cpp/mir_msgs/msg/gpio__type_support.cpp.o[0m
[15.974s] [ 59%] [32mBuilding CXX object CMakeFiles/mir_msgs__rosidl_typesupport_fastrtps_c.dir/rosidl_typesupport_fastrtps_c/mir_msgs/msg/detail/external_robots__type_support_c.cpp.o[0m
[16.000s] [ 59%] [32mBuilding C object CMakeFiles/mir_msgs__rosidl_typesupport_introspection_c.dir/rosidl_typesupport_introspection_c/mir_msgs/msg/detail/resource_state__type_support.c.o[0m
[16.003s] [ 59%] [32mBuilding CXX object CMakeFiles/mir_msgs__rosidl_typesupport_fastrtps_cpp.dir/rosidl_typesupport_fastrtps_cpp/mir_msgs/msg/detail/dds_fastrtps/error__type_support.cpp.o[0m
[16.048s] [ 60%] [32mBuilding CXX object CMakeFiles/mir_msgs__rosidl_typesupport_c.dir/rosidl_typesupport_c/mir_msgs/msg/time_debug__type_support.cpp.o[0m
[16.066s] [ 60%] [32mBuilding C object CMakeFiles/mir_msgs__rosidl_typesupport_introspection_c.dir/rosidl_typesupport_introspection_c/mir_msgs/msg/detail/resources_acquisition__type_support.c.o[0m
[16.114s] [ 60%] [32mBuilding CXX object CMakeFiles/mir_msgs__rosidl_typesupport_introspection_cpp.dir/rosidl_typesupport_introspection_cpp/mir_msgs/msg/detail/world_map__type_support.cpp.o[0m
[16.116s] [ 60%] [32mBuilding CXX object CMakeFiles/mir_msgs__rosidl_typesupport_c.dir/rosidl_typesupport_c/mir_msgs/msg/trolley__type_support.cpp.o[0m
[16.124s] [ 60%] [32mBuilding C object CMakeFiles/mir_msgs__rosidl_typesupport_introspection_c.dir/rosidl_typesupport_introspection_c/mir_msgs/msg/detail/resources_state__type_support.c.o[0m
[16.187s] [ 61%] [32mBuilding CXX object CMakeFiles/mir_msgs__rosidl_typesupport_fastrtps_cpp.dir/rosidl_typesupport_fastrtps_cpp/mir_msgs/msg/detail/dds_fastrtps/event__type_support.cpp.o[0m
[16.187s] [ 61%] [32mBuilding CXX object CMakeFiles/mir_msgs__rosidl_typesupport_c.dir/rosidl_typesupport_c/mir_msgs/msg/twist2_d__type_support.cpp.o[0m
[16.197s] [ 62%] [32mBuilding C object CMakeFiles/mir_msgs__rosidl_typesupport_introspection_c.dir/rosidl_typesupport_introspection_c/mir_msgs/msg/detail/robot_mode__type_support.c.o[0m
[16.200s] [ 63%] [32mBuilding CXX object CMakeFiles/mir_msgs__rosidl_typesupport_cpp.dir/rosidl_typesupport_cpp/mir_msgs/msg/gripper_state__type_support.cpp.o[0m
[16.233s] [ 63%] [32mBuilding CXX object CMakeFiles/mir_msgs__rosidl_typesupport_c.dir/rosidl_typesupport_c/mir_msgs/msg/user_prompt__type_support.cpp.o[0m
[16.250s] [ 63%] [32mBuilding C object CMakeFiles/mir_msgs__rosidl_typesupport_introspection_c.dir/rosidl_typesupport_introspection_c/mir_msgs/msg/detail/robot_state__type_support.c.o[0m
[16.265s] [ 63%] [32mBuilding CXX object CMakeFiles/mir_msgs__rosidl_typesupport_c.dir/rosidl_typesupport_c/mir_msgs/msg/web_path__type_support.cpp.o[0m
[16.265s] [ 63%] [32mBuilding C object CMakeFiles/mir_msgs__rosidl_typesupport_introspection_c.dir/rosidl_typesupport_introspection_c/mir_msgs/msg/detail/robot_status__type_support.c.o[0m
[16.280s] [ 63%] [32mBuilding CXX object CMakeFiles/mir_msgs__rosidl_typesupport_cpp.dir/rosidl_typesupport_cpp/mir_msgs/msg/hook_data__type_support.cpp.o[0m
[16.281s] [ 63%] [32mBuilding CXX object CMakeFiles/mir_msgs__rosidl_typesupport_fastrtps_c.dir/rosidl_typesupport_fastrtps_c/mir_msgs/msg/detail/gpio__type_support_c.cpp.o[0m
[16.281s] [ 63%] [32mBuilding CXX object CMakeFiles/mir_msgs__rosidl_typesupport_cpp.dir/rosidl_typesupport_cpp/mir_msgs/msg/height_state__type_support.cpp.o[0m
[16.308s] [ 63%] [32mBuilding CXX object CMakeFiles/mir_msgs__rosidl_typesupport_c.dir/rosidl_typesupport_c/mir_msgs/msg/world_map__type_support.cpp.o[0m
[16.339s] [ 63%] [32mBuilding CXX object CMakeFiles/mir_msgs__rosidl_typesupport_introspection_cpp.dir/rosidl_typesupport_introspection_cpp/mir_msgs/msg/detail/world_model__type_support.cpp.o[0m
[16.343s] [ 63%] [32mBuilding C object CMakeFiles/mir_msgs__rosidl_typesupport_introspection_c.dir/rosidl_typesupport_introspection_c/mir_msgs/msg/detail/safety_status__type_support.c.o[0m
[16.355s] [ 63%] [32mBuilding CXX object CMakeFiles/mir_msgs__rosidl_typesupport_cpp.dir/rosidl_typesupport_cpp/mir_msgs/msg/hook_extended_status__type_support.cpp.o[0m
[16.378s] [ 64%] [32mBuilding CXX object CMakeFiles/mir_msgs__rosidl_typesupport_c.dir/rosidl_typesupport_c/mir_msgs/msg/world_model__type_support.cpp.o[0m
[16.437s] [ 65%] [32mBuilding CXX object CMakeFiles/mir_msgs__rosidl_typesupport_fastrtps_c.dir/rosidl_typesupport_fastrtps_c/mir_msgs/msg/detail/gripper_state__type_support_c.cpp.o[0m
[16.438s] [ 65%] [32mBuilding CXX object CMakeFiles/mir_msgs__rosidl_typesupport_fastrtps_cpp.dir/rosidl_typesupport_fastrtps_cpp/mir_msgs/msg/detail/dds_fastrtps/events__type_support.cpp.o[0m
[16.441s] [ 65%] [32m[1mLinking CXX shared library libmir_msgs__rosidl_typesupport_c.so[0m
[16.476s] [ 65%] [32mBuilding C object CMakeFiles/mir_msgs__rosidl_typesupport_introspection_c.dir/rosidl_typesupport_introspection_c/mir_msgs/msg/detail/serial__type_support.c.o[0m
[16.484s] [ 65%] [32mBuilding CXX object CMakeFiles/mir_msgs__rosidl_typesupport_cpp.dir/rosidl_typesupport_cpp/mir_msgs/msg/hook_status__type_support.cpp.o[0m
[16.529s] [ 65%] [32mBuilding C object CMakeFiles/mir_msgs__rosidl_typesupport_introspection_c.dir/rosidl_typesupport_introspection_c/mir_msgs/msg/detail/service_response_header__type_support.c.o[0m
[16.530s] [ 65%] Built target mir_msgs__rosidl_typesupport_c
[16.548s] [ 65%] [32mBuilding CXX object CMakeFiles/mir_msgs__rosidl_typesupport_fastrtps_cpp.dir/rosidl_typesupport_fastrtps_cpp/mir_msgs/msg/detail/dds_fastrtps/external_robot__type_support.cpp.o[0m
[16.570s] [ 65%] [32mBuilding CXX object CMakeFiles/mir_msgs__rosidl_typesupport_fastrtps_cpp.dir/rosidl_typesupport_fastrtps_cpp/mir_msgs/msg/detail/dds_fastrtps/external_robots__type_support.cpp.o[0m
[16.571s] [ 65%] [32mBuilding CXX object CMakeFiles/mir_msgs__rosidl_typesupport_fastrtps_c.dir/rosidl_typesupport_fastrtps_c/mir_msgs/msg/detail/height_state__type_support_c.cpp.o[0m
[16.593s] [ 66%] [32mBuilding C object CMakeFiles/mir_msgs__rosidl_typesupport_introspection_c.dir/rosidl_typesupport_introspection_c/mir_msgs/msg/detail/skid_detection_diff__type_support.c.o[0m
[16.610s] [ 67%] [32mBuilding CXX object CMakeFiles/mir_msgs__rosidl_typesupport_cpp.dir/rosidl_typesupport_cpp/mir_msgs/msg/joystick_vel__type_support.cpp.o[0m
[16.617s] [ 67%] [32mBuilding CXX object CMakeFiles/mir_msgs__rosidl_typesupport_cpp.dir/rosidl_typesupport_cpp/mir_msgs/msg/i_os__type_support.cpp.o[0m
[16.652s] [ 67%] [32mBuilding C object CMakeFiles/mir_msgs__rosidl_typesupport_introspection_c.dir/rosidl_typesupport_introspection_c/mir_msgs/msg/detail/skid_detection_stamped_float__type_support.c.o[0m
[16.652s] [ 67%] [32mBuilding CXX object CMakeFiles/mir_msgs__rosidl_typesupport_fastrtps_c.dir/rosidl_typesupport_fastrtps_c/mir_msgs/msg/detail/hook_data__type_support_c.cpp.o[0m
[16.655s] [ 67%] [32mBuilding CXX object CMakeFiles/mir_msgs__rosidl_typesupport_fastrtps_cpp.dir/rosidl_typesupport_fastrtps_cpp/mir_msgs/msg/detail/dds_fastrtps/gpio__type_support.cpp.o[0m
[16.735s] [ 67%] [32mBuilding CXX object CMakeFiles/mir_msgs__rosidl_typesupport_cpp.dir/rosidl_typesupport_cpp/mir_msgs/msg/local_map_stat__type_support.cpp.o[0m
[16.780s] [ 67%] [32mBuilding C object CMakeFiles/mir_msgs__rosidl_typesupport_introspection_c.dir/rosidl_typesupport_introspection_c/mir_msgs/msg/detail/sound_event__type_support.c.o[0m
[16.802s] [ 67%] [32mBuilding CXX object CMakeFiles/mir_msgs__rosidl_typesupport_cpp.dir/rosidl_typesupport_cpp/mir_msgs/msg/mir_extra__type_support.cpp.o[0m
[16.839s] [ 67%] [32m[1mLinking CXX shared library libmir_msgs__rosidl_typesupport_introspection_cpp.so[0m
[16.887s] [ 67%] [32mBuilding C object CMakeFiles/mir_msgs__rosidl_typesupport_introspection_c.dir/rosidl_typesupport_introspection_c/mir_msgs/msg/detail/stamped_encoders__type_support.c.o[0m
[16.891s] [ 67%] [32mBuilding CXX object CMakeFiles/mir_msgs__rosidl_typesupport_fastrtps_c.dir/rosidl_typesupport_fastrtps_c/mir_msgs/msg/detail/hook_extended_status__type_support_c.cpp.o[0m
[16.950s] [ 67%] [32mBuilding C object CMakeFiles/mir_msgs__rosidl_typesupport_introspection_c.dir/rosidl_typesupport_introspection_c/mir_msgs/msg/detail/time_debug__type_support.c.o[0m
[16.963s] [ 67%] [32mBuilding CXX object CMakeFiles/mir_msgs__rosidl_typesupport_fastrtps_c.dir/rosidl_typesupport_fastrtps_c/mir_msgs/msg/detail/hook_status__type_support_c.cpp.o[0m
[16.985s] [ 67%] [32mBuilding C object CMakeFiles/mir_msgs__rosidl_typesupport_introspection_c.dir/rosidl_typesupport_introspection_c/mir_msgs/msg/detail/trolley__type_support.c.o[0m
[16.994s] [ 67%] Built target mir_msgs__rosidl_typesupport_introspection_cpp
[17.006s] [ 67%] [32mBuilding CXX object CMakeFiles/mir_msgs__rosidl_typesupport_cpp.dir/rosidl_typesupport_cpp/mir_msgs/msg/mir_local_planner_path_types__type_support.cpp.o[0m
[17.006s] [ 67%] [32mBuilding CXX object CMakeFiles/mir_msgs__rosidl_typesupport_cpp.dir/rosidl_typesupport_cpp/mir_msgs/msg/mission_ctrl_command__type_support.cpp.o[0m
[17.010s] [ 67%] [32mBuilding CXX object CMakeFiles/mir_msgs__rosidl_typesupport_fastrtps_cpp.dir/rosidl_typesupport_fastrtps_cpp/mir_msgs/msg/detail/dds_fastrtps/gripper_state__type_support.cpp.o[0m
[17.012s] [ 67%] [32mBuilding CXX object CMakeFiles/mir_msgs__rosidl_typesupport_cpp.dir/rosidl_typesupport_cpp/mir_msgs/msg/mission_ctrl_state__type_support.cpp.o[0m
[17.015s] [ 68%] [32mBuilding C object CMakeFiles/mir_msgs__rosidl_typesupport_introspection_c.dir/rosidl_typesupport_introspection_c/mir_msgs/msg/detail/twist2_d__type_support.c.o[0m
[17.052s] [ 68%] [32mBuilding CXX object CMakeFiles/mir_msgs__rosidl_typesupport_fastrtps_c.dir/rosidl_typesupport_fastrtps_c/mir_msgs/msg/detail/i_os__type_support_c.cpp.o[0m
[17.075s] [ 68%] [32mBuilding C object CMakeFiles/mir_msgs__rosidl_typesupport_introspection_c.dir/rosidl_typesupport_introspection_c/mir_msgs/msg/detail/user_prompt__type_support.c.o[0m
[17.077s] [ 69%] [32mBuilding CXX object CMakeFiles/mir_msgs__rosidl_typesupport_fastrtps_c.dir/rosidl_typesupport_fastrtps_c/mir_msgs/msg/detail/joystick_vel__type_support_c.cpp.o[0m
[17.108s] [ 69%] [32mBuilding CXX object CMakeFiles/mir_msgs__rosidl_typesupport_fastrtps_c.dir/rosidl_typesupport_fastrtps_c/mir_msgs/msg/detail/local_map_stat__type_support_c.cpp.o[0m
[17.120s] [ 70%] [32mBuilding CXX object CMakeFiles/mir_msgs__rosidl_typesupport_fastrtps_cpp.dir/rosidl_typesupport_fastrtps_cpp/mir_msgs/msg/detail/dds_fastrtps/height_state__type_support.cpp.o[0m
[17.125s] [ 71%] [32mBuilding CXX object CMakeFiles/mir_msgs__rosidl_typesupport_cpp.dir/rosidl_typesupport_cpp/mir_msgs/msg/moving_state__type_support.cpp.o[0m
[17.143s] [ 71%] [32mBuilding C object CMakeFiles/mir_msgs__rosidl_typesupport_introspection_c.dir/rosidl_typesupport_introspection_c/mir_msgs/msg/detail/web_path__type_support.c.o[0m
[17.182s] [ 71%] [32mBuilding CXX object CMakeFiles/mir_msgs__rosidl_typesupport_cpp.dir/rosidl_typesupport_cpp/mir_msgs/msg/pallet_lifter_status__type_support.cpp.o[0m
[17.241s] [ 71%] [32mBuilding C object CMakeFiles/mir_msgs__rosidl_typesupport_introspection_c.dir/rosidl_typesupport_introspection_c/mir_msgs/msg/detail/world_map__type_support.c.o[0m
[17.331s] [ 71%] [32mBuilding CXX object CMakeFiles/mir_msgs__rosidl_typesupport_fastrtps_c.dir/rosidl_typesupport_fastrtps_c/mir_msgs/msg/detail/mir_extra__type_support_c.cpp.o[0m
[17.351s] [ 71%] [32mBuilding CXX object CMakeFiles/mir_msgs__rosidl_typesupport_cpp.dir/rosidl_typesupport_cpp/mir_msgs/msg/path__type_support.cpp.o[0m
[17.379s] [ 71%] [32mBuilding C object CMakeFiles/mir_msgs__rosidl_typesupport_introspection_c.dir/rosidl_typesupport_introspection_c/mir_msgs/msg/detail/world_model__type_support.c.o[0m
[17.385s] [ 71%] [32mBuilding CXX object CMakeFiles/mir_msgs__rosidl_typesupport_fastrtps_cpp.dir/rosidl_typesupport_fastrtps_cpp/mir_msgs/msg/detail/dds_fastrtps/hook_data__type_support.cpp.o[0m
[17.388s] [ 71%] [32mBuilding CXX object CMakeFiles/mir_msgs__rosidl_typesupport_fastrtps_c.dir/rosidl_typesupport_fastrtps_c/mir_msgs/msg/detail/mir_local_planner_path_types__type_support_c.cpp.o[0m
[17.392s] [ 71%] [32mBuilding CXX object CMakeFiles/mir_msgs__rosidl_typesupport_fastrtps_c.dir/rosidl_typesupport_fastrtps_c/mir_msgs/msg/detail/mission_ctrl_command__type_support_c.cpp.o[0m
[17.397s] [ 71%] [32mBuilding CXX object CMakeFiles/mir_msgs__rosidl_typesupport_cpp.dir/rosidl_typesupport_cpp/mir_msgs/msg/pendant__type_support.cpp.o[0m
[17.423s] [ 71%] [32mBuilding CXX object CMakeFiles/mir_msgs__rosidl_typesupport_fastrtps_cpp.dir/rosidl_typesupport_fastrtps_cpp/mir_msgs/msg/detail/dds_fastrtps/hook_extended_status__type_support.cpp.o[0m
[17.480s] [ 72%] [32mBuilding CXX object CMakeFiles/mir_msgs__rosidl_typesupport_fastrtps_c.dir/rosidl_typesupport_fastrtps_c/mir_msgs/msg/detail/moving_state__type_support_c.cpp.o[0m
[17.484s] [ 72%] [32mBuilding CXX object CMakeFiles/mir_msgs__rosidl_typesupport_fastrtps_c.dir/rosidl_typesupport_fastrtps_c/mir_msgs/msg/detail/mission_ctrl_state__type_support_c.cpp.o[0m
[17.507s] [ 72%] [32mBuilding CXX object CMakeFiles/mir_msgs__rosidl_typesupport_fastrtps_c.dir/rosidl_typesupport_fastrtps_c/mir_msgs/msg/detail/pallet_lifter_status__type_support_c.cpp.o[0m
[17.542s] [ 72%] [32m[1mLinking C shared library libmir_msgs__rosidl_typesupport_introspection_c.so[0m
[17.575s] [ 72%] [32mBuilding CXX object CMakeFiles/mir_msgs__rosidl_typesupport_fastrtps_cpp.dir/rosidl_typesupport_fastrtps_cpp/mir_msgs/msg/detail/dds_fastrtps/hook_status__type_support.cpp.o[0m
[17.640s] [ 72%] Built target mir_msgs__rosidl_typesupport_introspection_c
[17.672s] [ 72%] [32mBuilding CXX object CMakeFiles/mir_msgs__rosidl_typesupport_fastrtps_cpp.dir/rosidl_typesupport_fastrtps_cpp/mir_msgs/msg/detail/dds_fastrtps/i_os__type_support.cpp.o[0m
[17.677s] [ 72%] [32mBuilding CXX object CMakeFiles/mir_msgs__rosidl_typesupport_fastrtps_c.dir/rosidl_typesupport_fastrtps_c/mir_msgs/msg/detail/path__type_support_c.cpp.o[0m
[17.691s] [ 72%] [32mBuilding CXX object CMakeFiles/mir_msgs__rosidl_typesupport_fastrtps_c.dir/rosidl_typesupport_fastrtps_c/mir_msgs/msg/detail/pendant__type_support_c.cpp.o[0m
[17.725s] [ 72%] [32mBuilding CXX object CMakeFiles/mir_msgs__rosidl_typesupport_cpp.dir/rosidl_typesupport_cpp/mir_msgs/msg/plan_segment__type_support.cpp.o[0m
[17.730s] [ 72%] [32mBuilding CXX object CMakeFiles/mir_msgs__rosidl_typesupport_fastrtps_cpp.dir/rosidl_typesupport_fastrtps_cpp/mir_msgs/msg/detail/dds_fastrtps/joystick_vel__type_support.cpp.o[0m
[17.769s] [ 73%] [32mBuilding CXX object CMakeFiles/mir_msgs__rosidl_typesupport_fastrtps_cpp.dir/rosidl_typesupport_fastrtps_cpp/mir_msgs/msg/detail/dds_fastrtps/local_map_stat__type_support.cpp.o[0m
[17.783s] [ 73%] [32mBuilding CXX object CMakeFiles/mir_msgs__rosidl_typesupport_cpp.dir/rosidl_typesupport_cpp/mir_msgs/msg/plan_segments__type_support.cpp.o[0m
[17.835s] [ 74%] [32mBuilding CXX object CMakeFiles/mir_msgs__rosidl_typesupport_cpp.dir/rosidl_typesupport_cpp/mir_msgs/msg/pose2_d__type_support.cpp.o[0m
[17.859s] [ 74%] [32mBuilding CXX object CMakeFiles/mir_msgs__rosidl_typesupport_fastrtps_cpp.dir/rosidl_typesupport_fastrtps_cpp/mir_msgs/msg/detail/dds_fastrtps/mir_extra__type_support.cpp.o[0m
[17.875s] [ 74%] [32mBuilding CXX object CMakeFiles/mir_msgs__rosidl_typesupport_fastrtps_c.dir/rosidl_typesupport_fastrtps_c/mir_msgs/msg/detail/plan_segment__type_support_c.cpp.o[0m
[17.878s] [ 74%] [32mBuilding CXX object CMakeFiles/mir_msgs__rosidl_typesupport_cpp.dir/rosidl_typesupport_cpp/mir_msgs/msg/power_board_motor_status__type_support.cpp.o[0m
[17.878s] [ 74%] [32mBuilding CXX object CMakeFiles/mir_msgs__rosidl_typesupport_fastrtps_cpp.dir/rosidl_typesupport_fastrtps_cpp/mir_msgs/msg/detail/dds_fastrtps/mir_local_planner_path_types__type_support.cpp.o[0m
[17.942s] [ 74%] [32mBuilding CXX object CMakeFiles/mir_msgs__rosidl_typesupport_cpp.dir/rosidl_typesupport_cpp/mir_msgs/msg/precision_docking_status__type_support.cpp.o[0m
[17.966s] [ 74%] [32mBuilding CXX object CMakeFiles/mir_msgs__rosidl_typesupport_fastrtps_cpp.dir/rosidl_typesupport_fastrtps_cpp/mir_msgs/msg/detail/dds_fastrtps/mission_ctrl_command__type_support.cpp.o[0m
[18.038s] [ 74%] [32mBuilding CXX object CMakeFiles/mir_msgs__rosidl_typesupport_cpp.dir/rosidl_typesupport_cpp/mir_msgs/msg/proximity__type_support.cpp.o[0m
[18.153s] [ 74%] [32mBuilding CXX object CMakeFiles/mir_msgs__rosidl_typesupport_fastrtps_c.dir/rosidl_typesupport_fastrtps_c/mir_msgs/msg/detail/plan_segments__type_support_c.cpp.o[0m
[18.165s] [ 75%] [32mBuilding CXX object CMakeFiles/mir_msgs__rosidl_typesupport_fastrtps_c.dir/rosidl_typesupport_fastrtps_c/mir_msgs/msg/detail/pose2_d__type_support_c.cpp.o[0m
[18.179s] [ 75%] [32mBuilding CXX object CMakeFiles/mir_msgs__rosidl_typesupport_cpp.dir/rosidl_typesupport_cpp/mir_msgs/msg/resource_state__type_support.cpp.o[0m
[18.193s] [ 75%] [32mBuilding CXX object CMakeFiles/mir_msgs__rosidl_typesupport_fastrtps_cpp.dir/rosidl_typesupport_fastrtps_cpp/mir_msgs/msg/detail/dds_fastrtps/mission_ctrl_state__type_support.cpp.o[0m
[18.211s] [ 75%] [32mBuilding CXX object CMakeFiles/mir_msgs__rosidl_typesupport_fastrtps_c.dir/rosidl_typesupport_fastrtps_c/mir_msgs/msg/detail/power_board_motor_status__type_support_c.cpp.o[0m
[18.251s] [ 75%] [32mBuilding CXX object CMakeFiles/mir_msgs__rosidl_typesupport_fastrtps_c.dir/rosidl_typesupport_fastrtps_c/mir_msgs/msg/detail/precision_docking_status__type_support_c.cpp.o[0m
[18.274s] [ 75%] [32mBuilding CXX object CMakeFiles/mir_msgs__rosidl_typesupport_fastrtps_c.dir/rosidl_typesupport_fastrtps_c/mir_msgs/msg/detail/proximity__type_support_c.cpp.o[0m
[18.286s] [ 75%] [32mBuilding CXX object CMakeFiles/mir_msgs__rosidl_typesupport_cpp.dir/rosidl_typesupport_cpp/mir_msgs/msg/resources_acquisition__type_support.cpp.o[0m
[18.289s] [ 76%] [32mBuilding CXX object CMakeFiles/mir_msgs__rosidl_typesupport_cpp.dir/rosidl_typesupport_cpp/mir_msgs/msg/resources_state__type_support.cpp.o[0m
[18.387s] [ 76%] [32mBuilding CXX object CMakeFiles/mir_msgs__rosidl_typesupport_fastrtps_c.dir/rosidl_typesupport_fastrtps_c/mir_msgs/msg/detail/resource_state__type_support_c.cpp.o[0m
[18.471s] [ 76%] [32mBuilding CXX object CMakeFiles/mir_msgs__rosidl_typesupport_cpp.dir/rosidl_typesupport_cpp/mir_msgs/msg/robot_state__type_support.cpp.o[0m
[18.480s] [ 76%] [32mBuilding CXX object CMakeFiles/mir_msgs__rosidl_typesupport_fastrtps_cpp.dir/rosidl_typesupport_fastrtps_cpp/mir_msgs/msg/detail/dds_fastrtps/moving_state__type_support.cpp.o[0m
[18.480s] [ 76%] [32mBuilding CXX object CMakeFiles/mir_msgs__rosidl_typesupport_cpp.dir/rosidl_typesupport_cpp/mir_msgs/msg/robot_mode__type_support.cpp.o[0m
[18.540s] [ 76%] [32mBuilding CXX object CMakeFiles/mir_msgs__rosidl_typesupport_cpp.dir/rosidl_typesupport_cpp/mir_msgs/msg/robot_status__type_support.cpp.o[0m
[18.541s] [ 76%] [32mBuilding CXX object CMakeFiles/mir_msgs__rosidl_typesupport_cpp.dir/rosidl_typesupport_cpp/mir_msgs/msg/safety_status__type_support.cpp.o[0m
[18.559s] [ 76%] [32mBuilding CXX object CMakeFiles/mir_msgs__rosidl_typesupport_fastrtps_c.dir/rosidl_typesupport_fastrtps_c/mir_msgs/msg/detail/resources_acquisition__type_support_c.cpp.o[0m
[18.607s] [ 77%] [32mBuilding CXX object CMakeFiles/mir_msgs__rosidl_typesupport_fastrtps_c.dir/rosidl_typesupport_fastrtps_c/mir_msgs/msg/detail/resources_state__type_support_c.cpp.o[0m
[18.659s] [ 77%] [32mBuilding CXX object CMakeFiles/mir_msgs__rosidl_typesupport_fastrtps_c.dir/rosidl_typesupport_fastrtps_c/mir_msgs/msg/detail/robot_mode__type_support_c.cpp.o[0m
[18.688s] [ 78%] [32mBuilding CXX object CMakeFiles/mir_msgs__rosidl_typesupport_fastrtps_cpp.dir/rosidl_typesupport_fastrtps_cpp/mir_msgs/msg/detail/dds_fastrtps/pallet_lifter_status__type_support.cpp.o[0m
[18.693s] [ 78%] [32mBuilding CXX object CMakeFiles/mir_msgs__rosidl_typesupport_fastrtps_c.dir/rosidl_typesupport_fastrtps_c/mir_msgs/msg/detail/robot_state__type_support_c.cpp.o[0m
[18.700s] [ 78%] [32mBuilding CXX object CMakeFiles/mir_msgs__rosidl_typesupport_cpp.dir/rosidl_typesupport_cpp/mir_msgs/msg/serial__type_support.cpp.o[0m
[18.720s] [ 78%] [32mBuilding CXX object CMakeFiles/mir_msgs__rosidl_typesupport_fastrtps_cpp.dir/rosidl_typesupport_fastrtps_cpp/mir_msgs/msg/detail/dds_fastrtps/path__type_support.cpp.o[0m
[18.799s] [ 78%] [32mBuilding CXX object CMakeFiles/mir_msgs__rosidl_typesupport_fastrtps_cpp.dir/rosidl_typesupport_fastrtps_cpp/mir_msgs/msg/detail/dds_fastrtps/pendant__type_support.cpp.o[0m
[18.872s] [ 79%] [32mBuilding CXX object CMakeFiles/mir_msgs__rosidl_typesupport_cpp.dir/rosidl_typesupport_cpp/mir_msgs/msg/service_response_header__type_support.cpp.o[0m
[18.872s] [ 79%] [32mBuilding CXX object CMakeFiles/mir_msgs__rosidl_typesupport_cpp.dir/rosidl_typesupport_cpp/mir_msgs/msg/skid_detection_diff__type_support.cpp.o[0m
[18.945s] [ 79%] [32mBuilding CXX object CMakeFiles/mir_msgs__rosidl_typesupport_cpp.dir/rosidl_typesupport_cpp/mir_msgs/msg/skid_detection_stamped_float__type_support.cpp.o[0m
[18.961s] [ 79%] [32mBuilding CXX object CMakeFiles/mir_msgs__rosidl_typesupport_fastrtps_c.dir/rosidl_typesupport_fastrtps_c/mir_msgs/msg/detail/robot_status__type_support_c.cpp.o[0m
[18.970s] [ 79%] [32mBuilding CXX object CMakeFiles/mir_msgs__rosidl_typesupport_fastrtps_c.dir/rosidl_typesupport_fastrtps_c/mir_msgs/msg/detail/safety_status__type_support_c.cpp.o[0m
[19.019s] [ 79%] [32mBuilding CXX object CMakeFiles/mir_msgs__rosidl_typesupport_cpp.dir/rosidl_typesupport_cpp/mir_msgs/msg/sound_event__type_support.cpp.o[0m
[19.059s] [ 79%] [32mBuilding CXX object CMakeFiles/mir_msgs__rosidl_typesupport_cpp.dir/rosidl_typesupport_cpp/mir_msgs/msg/stamped_encoders__type_support.cpp.o[0m
[19.113s] [ 79%] [32mBuilding CXX object CMakeFiles/mir_msgs__rosidl_typesupport_fastrtps_c.dir/rosidl_typesupport_fastrtps_c/mir_msgs/msg/detail/serial__type_support_c.cpp.o[0m
[19.148s] [ 79%] [32mBuilding CXX object CMakeFiles/mir_msgs__rosidl_typesupport_cpp.dir/rosidl_typesupport_cpp/mir_msgs/msg/time_debug__type_support.cpp.o[0m
[19.156s] [ 79%] [32mBuilding CXX object CMakeFiles/mir_msgs__rosidl_typesupport_fastrtps_cpp.dir/rosidl_typesupport_fastrtps_cpp/mir_msgs/msg/detail/dds_fastrtps/plan_segment__type_support.cpp.o[0m
[19.184s] [ 80%] [32mBuilding CXX object CMakeFiles/mir_msgs__rosidl_typesupport_cpp.dir/rosidl_typesupport_cpp/mir_msgs/msg/trolley__type_support.cpp.o[0m
[19.206s] [ 81%] [32mBuilding CXX object CMakeFiles/mir_msgs__rosidl_typesupport_fastrtps_c.dir/rosidl_typesupport_fastrtps_c/mir_msgs/msg/detail/service_response_header__type_support_c.cpp.o[0m
[19.208s] [ 81%] [32mBuilding CXX object CMakeFiles/mir_msgs__rosidl_typesupport_fastrtps_cpp.dir/rosidl_typesupport_fastrtps_cpp/mir_msgs/msg/detail/dds_fastrtps/plan_segments__type_support.cpp.o[0m
[19.219s] [ 81%] [32mBuilding CXX object CMakeFiles/mir_msgs__rosidl_typesupport_fastrtps_c.dir/rosidl_typesupport_fastrtps_c/mir_msgs/msg/detail/skid_detection_diff__type_support_c.cpp.o[0m
[19.255s] [ 81%] [32mBuilding CXX object CMakeFiles/mir_msgs__rosidl_typesupport_fastrtps_cpp.dir/rosidl_typesupport_fastrtps_cpp/mir_msgs/msg/detail/dds_fastrtps/pose2_d__type_support.cpp.o[0m
[19.336s] [ 81%] [32mBuilding CXX object CMakeFiles/mir_msgs__rosidl_typesupport_cpp.dir/rosidl_typesupport_cpp/mir_msgs/msg/twist2_d__type_support.cpp.o[0m
[19.409s] [ 81%] [32mBuilding CXX object CMakeFiles/mir_msgs__rosidl_typesupport_cpp.dir/rosidl_typesupport_cpp/mir_msgs/msg/user_prompt__type_support.cpp.o[0m
[19.454s] [ 82%] [32mBuilding CXX object CMakeFiles/mir_msgs__rosidl_typesupport_fastrtps_cpp.dir/rosidl_typesupport_fastrtps_cpp/mir_msgs/msg/detail/dds_fastrtps/power_board_motor_status__type_support.cpp.o[0m
[19.459s] [ 82%] [32mBuilding CXX object CMakeFiles/mir_msgs__rosidl_typesupport_fastrtps_c.dir/rosidl_typesupport_fastrtps_c/mir_msgs/msg/detail/skid_detection_stamped_float__type_support_c.cpp.o[0m
[19.524s] [ 82%] [32mBuilding CXX object CMakeFiles/mir_msgs__rosidl_typesupport_fastrtps_cpp.dir/rosidl_typesupport_fastrtps_cpp/mir_msgs/msg/detail/dds_fastrtps/precision_docking_status__type_support.cpp.o[0m
[19.549s] [ 82%] [32mBuilding CXX object CMakeFiles/mir_msgs__rosidl_typesupport_cpp.dir/rosidl_typesupport_cpp/mir_msgs/msg/web_path__type_support.cpp.o[0m
[19.647s] [ 82%] [32mBuilding CXX object CMakeFiles/mir_msgs__rosidl_typesupport_fastrtps_cpp.dir/rosidl_typesupport_fastrtps_cpp/mir_msgs/msg/detail/dds_fastrtps/proximity__type_support.cpp.o[0m
[19.651s] [ 82%] [32mBuilding CXX object CMakeFiles/mir_msgs__rosidl_typesupport_fastrtps_cpp.dir/rosidl_typesupport_fastrtps_cpp/mir_msgs/msg/detail/dds_fastrtps/resource_state__type_support.cpp.o[0m
[19.657s] [ 82%] [32mBuilding CXX object CMakeFiles/mir_msgs__rosidl_typesupport_fastrtps_c.dir/rosidl_typesupport_fastrtps_c/mir_msgs/msg/detail/sound_event__type_support_c.cpp.o[0m
[19.665s] [ 82%] [32mBuilding CXX object CMakeFiles/mir_msgs__rosidl_typesupport_cpp.dir/rosidl_typesupport_cpp/mir_msgs/msg/world_map__type_support.cpp.o[0m
[19.678s] [ 82%] [32mBuilding CXX object CMakeFiles/mir_msgs__rosidl_typesupport_fastrtps_cpp.dir/rosidl_typesupport_fastrtps_cpp/mir_msgs/msg/detail/dds_fastrtps/resources_acquisition__type_support.cpp.o[0m
[19.690s] [ 82%] [32mBuilding CXX object CMakeFiles/mir_msgs__rosidl_typesupport_fastrtps_cpp.dir/rosidl_typesupport_fastrtps_cpp/mir_msgs/msg/detail/dds_fastrtps/resources_state__type_support.cpp.o[0m
[19.707s] [ 82%] [32mBuilding CXX object CMakeFiles/mir_msgs__rosidl_typesupport_fastrtps_c.dir/rosidl_typesupport_fastrtps_c/mir_msgs/msg/detail/stamped_encoders__type_support_c.cpp.o[0m
[19.740s] [ 83%] [32mBuilding CXX object CMakeFiles/mir_msgs__rosidl_typesupport_fastrtps_cpp.dir/rosidl_typesupport_fastrtps_cpp/mir_msgs/msg/detail/dds_fastrtps/robot_mode__type_support.cpp.o[0m
[19.856s] [ 83%] [32mBuilding CXX object CMakeFiles/mir_msgs__rosidl_typesupport_fastrtps_c.dir/rosidl_typesupport_fastrtps_c/mir_msgs/msg/detail/time_debug__type_support_c.cpp.o[0m
[19.891s] [ 83%] [32mBuilding CXX object CMakeFiles/mir_msgs__rosidl_typesupport_fastrtps_cpp.dir/rosidl_typesupport_fastrtps_cpp/mir_msgs/msg/detail/dds_fastrtps/robot_state__type_support.cpp.o[0m
[19.891s] [ 83%] [32mBuilding CXX object CMakeFiles/mir_msgs__rosidl_typesupport_cpp.dir/rosidl_typesupport_cpp/mir_msgs/msg/world_model__type_support.cpp.o[0m
[19.912s] [ 83%] [32mBuilding CXX object CMakeFiles/mir_msgs__rosidl_typesupport_fastrtps_cpp.dir/rosidl_typesupport_fastrtps_cpp/mir_msgs/msg/detail/dds_fastrtps/robot_status__type_support.cpp.o[0m
[19.993s] [ 83%] [32mBuilding CXX object CMakeFiles/mir_msgs__rosidl_typesupport_fastrtps_cpp.dir/rosidl_typesupport_fastrtps_cpp/mir_msgs/msg/detail/dds_fastrtps/safety_status__type_support.cpp.o[0m
[19.998s] [ 84%] [32mBuilding CXX object CMakeFiles/mir_msgs__rosidl_typesupport_fastrtps_c.dir/rosidl_typesupport_fastrtps_c/mir_msgs/msg/detail/trolley__type_support_c.cpp.o[0m
[20.089s] [ 84%] [32mBuilding CXX object CMakeFiles/mir_msgs__rosidl_typesupport_fastrtps_cpp.dir/rosidl_typesupport_fastrtps_cpp/mir_msgs/msg/detail/dds_fastrtps/serial__type_support.cpp.o[0m
[20.100s] [ 84%] [32mBuilding CXX object CMakeFiles/mir_msgs__rosidl_typesupport_fastrtps_c.dir/rosidl_typesupport_fastrtps_c/mir_msgs/msg/detail/twist2_d__type_support_c.cpp.o[0m
[20.120s] [ 84%] [32mBuilding CXX object CMakeFiles/mir_msgs__rosidl_typesupport_fastrtps_cpp.dir/rosidl_typesupport_fastrtps_cpp/mir_msgs/msg/detail/dds_fastrtps/service_response_header__type_support.cpp.o[0m
[20.120s] [ 84%] [32mBuilding CXX object CMakeFiles/mir_msgs__rosidl_typesupport_fastrtps_c.dir/rosidl_typesupport_fastrtps_c/mir_msgs/msg/detail/user_prompt__type_support_c.cpp.o[0m
[20.128s] [ 85%] [32mBuilding CXX object CMakeFiles/mir_msgs__rosidl_typesupport_fastrtps_cpp.dir/rosidl_typesupport_fastrtps_cpp/mir_msgs/msg/detail/dds_fastrtps/skid_detection_diff__type_support.cpp.o[0m
[20.130s] [ 85%] [32mBuilding CXX object CMakeFiles/mir_msgs__rosidl_typesupport_fastrtps_c.dir/rosidl_typesupport_fastrtps_c/mir_msgs/msg/detail/web_path__type_support_c.cpp.o[0m
[20.150s] [ 85%] [32mBuilding CXX object CMakeFiles/mir_msgs__rosidl_typesupport_fastrtps_cpp.dir/rosidl_typesupport_fastrtps_cpp/mir_msgs/msg/detail/dds_fastrtps/skid_detection_stamped_float__type_support.cpp.o[0m
[20.260s] [ 85%] [32mBuilding CXX object CMakeFiles/mir_msgs__rosidl_typesupport_fastrtps_c.dir/rosidl_typesupport_fastrtps_c/mir_msgs/msg/detail/world_map__type_support_c.cpp.o[0m
[20.343s] [ 85%] [32mBuilding CXX object CMakeFiles/mir_msgs__rosidl_typesupport_fastrtps_c.dir/rosidl_typesupport_fastrtps_c/mir_msgs/msg/detail/world_model__type_support_c.cpp.o[0m
[20.407s] [ 85%] [32mBuilding CXX object CMakeFiles/mir_msgs__rosidl_typesupport_fastrtps_cpp.dir/rosidl_typesupport_fastrtps_cpp/mir_msgs/msg/detail/dds_fastrtps/sound_event__type_support.cpp.o[0m
[20.465s] [ 85%] [32mBuilding CXX object CMakeFiles/mir_msgs__rosidl_typesupport_fastrtps_cpp.dir/rosidl_typesupport_fastrtps_cpp/mir_msgs/msg/detail/dds_fastrtps/stamped_encoders__type_support.cpp.o[0m
[20.487s] [ 85%] [32mBuilding CXX object CMakeFiles/mir_msgs__rosidl_typesupport_fastrtps_cpp.dir/rosidl_typesupport_fastrtps_cpp/mir_msgs/msg/detail/dds_fastrtps/time_debug__type_support.cpp.o[0m
[20.493s] [ 85%] [32mBuilding CXX object CMakeFiles/mir_msgs__rosidl_typesupport_fastrtps_cpp.dir/rosidl_typesupport_fastrtps_cpp/mir_msgs/msg/detail/dds_fastrtps/trolley__type_support.cpp.o[0m
[20.510s] [ 86%] [32mBuilding CXX object CMakeFiles/mir_msgs__rosidl_typesupport_fastrtps_cpp.dir/rosidl_typesupport_fastrtps_cpp/mir_msgs/msg/detail/dds_fastrtps/twist2_d__type_support.cpp.o[0m
[20.514s] [ 86%] [32mBuilding CXX object CMakeFiles/mir_msgs__rosidl_typesupport_fastrtps_cpp.dir/rosidl_typesupport_fastrtps_cpp/mir_msgs/msg/detail/dds_fastrtps/user_prompt__type_support.cpp.o[0m
[20.515s] [ 86%] [32mBuilding CXX object CMakeFiles/mir_msgs__rosidl_typesupport_fastrtps_cpp.dir/rosidl_typesupport_fastrtps_cpp/mir_msgs/msg/detail/dds_fastrtps/web_path__type_support.cpp.o[0m
[20.543s] [ 86%] [32mBuilding CXX object CMakeFiles/mir_msgs__rosidl_typesupport_fastrtps_cpp.dir/rosidl_typesupport_fastrtps_cpp/mir_msgs/msg/detail/dds_fastrtps/world_map__type_support.cpp.o[0m
[20.546s] [ 86%] [32mBuilding CXX object CMakeFiles/mir_msgs__rosidl_typesupport_fastrtps_cpp.dir/rosidl_typesupport_fastrtps_cpp/mir_msgs/msg/detail/dds_fastrtps/world_model__type_support.cpp.o[0m
[20.720s] [ 87%] [32m[1mLinking CXX shared library libmir_msgs__rosidl_typesupport_cpp.so[0m
[20.851s] [ 87%] Built target mir_msgs__rosidl_typesupport_cpp
[20.955s] [ 87%] [32m[1mLinking CXX shared library libmir_msgs__rosidl_typesupport_fastrtps_cpp.so[0m
[21.033s] [ 88%] [32m[1mLinking CXX shared library libmir_msgs__rosidl_typesupport_fastrtps_c.so[0m
[21.062s] [ 88%] Built target mir_msgs__rosidl_typesupport_fastrtps_cpp
[21.191s] [ 88%] Built target mir_msgs__rosidl_typesupport_fastrtps_c
[21.219s] [ 88%] Built target mir_msgs
[21.277s] [ 88%] [34m[1mGenerating Python code for ROS interfaces[0m
[24.373s] [ 88%] Built target mir_msgs__py
[24.389s] [ 89%] [32mBuilding C object CMakeFiles/mir_msgs__rosidl_generator_py.dir/rosidl_generator_py/mir_msgs/msg/_brake_state_s.c.o[0m
[24.389s] [ 89%] [32mBuilding C object CMakeFiles/mir_msgs__rosidl_generator_py.dir/rosidl_generator_py/mir_msgs/msg/_battery_currents_s.c.o[0m
[24.389s] [ 89%] [32mBuilding C object CMakeFiles/mir_msgs__rosidl_generator_py.dir/rosidl_generator_py/mir_msgs/msg/_charging_state_s.c.o[0m
[24.389s] [ 89%] [32mBuilding C object CMakeFiles/mir_msgs__rosidl_generator_py.dir/rosidl_generator_py/mir_msgs/msg/_angle_measurment_s.c.o[0m
[24.389s] [ 89%] [32mBuilding C object CMakeFiles/mir_msgs__rosidl_generator_py.dir/rosidl_generator_py/mir_msgs/msg/_device_s.c.o[0m
[24.389s] [ 89%] [32mBuilding C object CMakeFiles/mir_msgs__rosidl_generator_py.dir/rosidl_generator_py/mir_msgs/msg/_bms_data_s.c.o[0m
[24.393s] [ 90%] [32mBuilding C object CMakeFiles/mir_msgs__rosidl_generator_py.dir/rosidl_generator_py/mir_msgs/msg/_error_s.c.o[0m
[24.393s] [ 90%] [32mBuilding C object CMakeFiles/mir_msgs__rosidl_generator_py.dir/rosidl_generator_py/mir_msgs/msg/_events_s.c.o[0m
[24.393s] [ 90%] [32mBuilding C object CMakeFiles/mir_msgs__rosidl_generator_py.dir/rosidl_generator_py/mir_msgs/msg/_encoder_test_entry_s.c.o[0m
[24.393s] [ 90%] [32mBuilding C object CMakeFiles/mir_msgs__rosidl_generator_py.dir/rosidl_generator_py/mir_msgs/msg/_devices_s.c.o[0m
[24.393s] [ 90%] [32mBuilding C object CMakeFiles/mir_msgs__rosidl_generator_py.dir/rosidl_generator_py/mir_msgs/msg/_event_s.c.o[0m
[24.393s] [ 90%] [32mBuilding C object CMakeFiles/mir_msgs__rosidl_generator_py.dir/rosidl_generator_py/mir_msgs/msg/_external_robots_s.c.o[0m
[24.394s] [ 90%] [32mBuilding C object CMakeFiles/mir_msgs__rosidl_generator_py.dir/rosidl_generator_py/mir_msgs/msg/_external_robot_s.c.o[0m
[24.397s] [ 90%] [32mBuilding C object CMakeFiles/mir_msgs__rosidl_generator_py.dir/rosidl_generator_py/mir_msgs/msg/_encoders_s.c.o[0m
[24.482s] [ 91%] [32mBuilding C object CMakeFiles/mir_msgs__rosidl_generator_py.dir/rosidl_generator_py/mir_msgs/msg/_hook_extended_status_s.c.o[0m
[24.482s] [ 91%] [32mBuilding C object CMakeFiles/mir_msgs__rosidl_generator_py.dir/rosidl_generator_py/mir_msgs/msg/_gpio_s.c.o[0m
[24.482s] [ 91%] [32mBuilding C object CMakeFiles/mir_msgs__rosidl_generator_py.dir/rosidl_generator_py/mir_msgs/msg/_gripper_state_s.c.o[0m
[24.483s] [ 91%] [32mBuilding C object CMakeFiles/mir_msgs__rosidl_generator_py.dir/rosidl_generator_py/mir_msgs/msg/_hook_data_s.c.o[0m
[24.483s] [ 91%] [32mBuilding C object CMakeFiles/mir_msgs__rosidl_generator_py.dir/rosidl_generator_py/mir_msgs/msg/_hook_status_s.c.o[0m
[24.483s] [ 92%] [32mBuilding C object CMakeFiles/mir_msgs__rosidl_generator_py.dir/rosidl_generator_py/mir_msgs/msg/_joystick_vel_s.c.o[0m
[24.483s] [ 92%] [32mBuilding C object CMakeFiles/mir_msgs__rosidl_generator_py.dir/rosidl_generator_py/mir_msgs/msg/_local_map_stat_s.c.o[0m
[24.486s] [ 92%] [32mBuilding C object CMakeFiles/mir_msgs__rosidl_generator_py.dir/rosidl_generator_py/mir_msgs/msg/_mir_extra_s.c.o[0m
[24.486s] [ 92%] [32mBuilding C object CMakeFiles/mir_msgs__rosidl_generator_py.dir/rosidl_generator_py/mir_msgs/msg/_mir_local_planner_path_types_s.c.o[0m
[24.493s] [ 92%] [32mBuilding C object CMakeFiles/mir_msgs__rosidl_generator_py.dir/rosidl_generator_py/mir_msgs/msg/_height_state_s.c.o[0m
[24.493s] [ 92%] [32mBuilding C object CMakeFiles/mir_msgs__rosidl_generator_py.dir/rosidl_generator_py/mir_msgs/msg/_i_os_s.c.o[0m
[24.508s] [ 92%] [32mBuilding C object CMakeFiles/mir_msgs__rosidl_generator_py.dir/rosidl_generator_py/mir_msgs/msg/_mission_ctrl_command_s.c.o[0m
[24.523s] [ 92%] [32mBuilding C object CMakeFiles/mir_msgs__rosidl_generator_py.dir/rosidl_generator_py/mir_msgs/msg/_mission_ctrl_state_s.c.o[0m
[24.547s] [ 93%] [32mBuilding C object CMakeFiles/mir_msgs__rosidl_generator_py.dir/rosidl_generator_py/mir_msgs/msg/_moving_state_s.c.o[0m
[24.557s] [ 93%] [32mBuilding C object CMakeFiles/mir_msgs__rosidl_generator_py.dir/rosidl_generator_py/mir_msgs/msg/_pallet_lifter_status_s.c.o[0m
[24.568s] [ 93%] [32mBuilding C object CMakeFiles/mir_msgs__rosidl_generator_py.dir/rosidl_generator_py/mir_msgs/msg/_pendant_s.c.o[0m
[24.569s] [ 93%] [32mBuilding C object CMakeFiles/mir_msgs__rosidl_generator_py.dir/rosidl_generator_py/mir_msgs/msg/_plan_segment_s.c.o[0m
[24.575s] [ 93%] [32mBuilding C object CMakeFiles/mir_msgs__rosidl_generator_py.dir/rosidl_generator_py/mir_msgs/msg/_plan_segments_s.c.o[0m
[24.575s] [ 94%] [32mBuilding C object CMakeFiles/mir_msgs__rosidl_generator_py.dir/rosidl_generator_py/mir_msgs/msg/_pose2_d_s.c.o[0m
[24.575s] [ 94%] [32mBuilding C object CMakeFiles/mir_msgs__rosidl_generator_py.dir/rosidl_generator_py/mir_msgs/msg/_path_s.c.o[0m
[24.575s] [ 94%] [32mBuilding C object CMakeFiles/mir_msgs__rosidl_generator_py.dir/rosidl_generator_py/mir_msgs/msg/_precision_docking_status_s.c.o[0m
[24.576s] [ 94%] [32mBuilding C object CMakeFiles/mir_msgs__rosidl_generator_py.dir/rosidl_generator_py/mir_msgs/msg/_power_board_motor_status_s.c.o[0m
[24.579s] [ 94%] [32mBuilding C object CMakeFiles/mir_msgs__rosidl_generator_py.dir/rosidl_generator_py/mir_msgs/msg/_proximity_s.c.o[0m
[24.580s] [ 94%] [32mBuilding C object CMakeFiles/mir_msgs__rosidl_generator_py.dir/rosidl_generator_py/mir_msgs/msg/_resource_state_s.c.o[0m
[24.595s] [ 94%] [32mBuilding C object CMakeFiles/mir_msgs__rosidl_generator_py.dir/rosidl_generator_py/mir_msgs/msg/_resources_acquisition_s.c.o[0m
[24.628s] [ 95%] [32mBuilding C object CMakeFiles/mir_msgs__rosidl_generator_py.dir/rosidl_generator_py/mir_msgs/msg/_resources_state_s.c.o[0m
[24.628s] [ 95%] [32mBuilding C object CMakeFiles/mir_msgs__rosidl_generator_py.dir/rosidl_generator_py/mir_msgs/msg/_robot_mode_s.c.o[0m
[24.646s] [ 95%] [32mBuilding C object CMakeFiles/mir_msgs__rosidl_generator_py.dir/rosidl_generator_py/mir_msgs/msg/_robot_status_s.c.o[0m
[24.650s] [ 95%] [32mBuilding C object CMakeFiles/mir_msgs__rosidl_generator_py.dir/rosidl_generator_py/mir_msgs/msg/_robot_state_s.c.o[0m
[24.656s] [ 95%] [32mBuilding C object CMakeFiles/mir_msgs__rosidl_generator_py.dir/rosidl_generator_py/mir_msgs/msg/_safety_status_s.c.o[0m
[24.663s] [ 95%] [32mBuilding C object CMakeFiles/mir_msgs__rosidl_generator_py.dir/rosidl_generator_py/mir_msgs/msg/_serial_s.c.o[0m
[24.668s] [ 95%] [32mBuilding C object CMakeFiles/mir_msgs__rosidl_generator_py.dir/rosidl_generator_py/mir_msgs/msg/_skid_detection_diff_s.c.o[0m
[24.672s] [ 95%] [32mBuilding C object CMakeFiles/mir_msgs__rosidl_generator_py.dir/rosidl_generator_py/mir_msgs/msg/_skid_detection_stamped_float_s.c.o[0m
[24.673s] [ 95%] [32mBuilding C object CMakeFiles/mir_msgs__rosidl_generator_py.dir/rosidl_generator_py/mir_msgs/msg/_sound_event_s.c.o[0m
[24.676s] [ 96%] [32mBuilding C object CMakeFiles/mir_msgs__rosidl_generator_py.dir/rosidl_generator_py/mir_msgs/msg/_service_response_header_s.c.o[0m
[24.683s] [ 96%] [32mBuilding C object CMakeFiles/mir_msgs__rosidl_generator_py.dir/rosidl_generator_py/mir_msgs/msg/_stamped_encoders_s.c.o[0m
[24.688s] [ 96%] [32mBuilding C object CMakeFiles/mir_msgs__rosidl_generator_py.dir/rosidl_generator_py/mir_msgs/msg/_time_debug_s.c.o[0m
[24.696s] [ 97%] [32mBuilding C object CMakeFiles/mir_msgs__rosidl_generator_py.dir/rosidl_generator_py/mir_msgs/msg/_trolley_s.c.o[0m
[24.719s] [ 97%] [32mBuilding C object CMakeFiles/mir_msgs__rosidl_generator_py.dir/rosidl_generator_py/mir_msgs/msg/_twist2_d_s.c.o[0m
[24.719s] [ 97%] [32mBuilding C object CMakeFiles/mir_msgs__rosidl_generator_py.dir/rosidl_generator_py/mir_msgs/msg/_user_prompt_s.c.o[0m
[24.724s] [ 97%] [32mBuilding C object CMakeFiles/mir_msgs__rosidl_generator_py.dir/rosidl_generator_py/mir_msgs/msg/_web_path_s.c.o[0m
[24.743s] [ 97%] [32mBuilding C object CMakeFiles/mir_msgs__rosidl_generator_py.dir/rosidl_generator_py/mir_msgs/msg/_world_model_s.c.o[0m
[24.743s] [ 97%] [32mBuilding C object CMakeFiles/mir_msgs__rosidl_generator_py.dir/rosidl_generator_py/mir_msgs/msg/_world_map_s.c.o[0m
[24.825s] [ 98%] [32m[1mLinking C shared library libmir_msgs__rosidl_generator_py.so[0m
[24.861s] [ 98%] Built target mir_msgs__rosidl_generator_py
[24.873s] [ 98%] [32mBuilding C object CMakeFiles/mir_msgs_s__rosidl_typesupport_fastrtps_c.dir/rosidl_generator_py/mir_msgs/_mir_msgs_s.ep.rosidl_typesupport_fastrtps_c.c.o[0m
[24.873s] [ 98%] [32mBuilding C object CMakeFiles/mir_msgs_s__rosidl_typesupport_introspection_c.dir/rosidl_generator_py/mir_msgs/_mir_msgs_s.ep.rosidl_typesupport_introspection_c.c.o[0m
[24.873s] [ 99%] [32mBuilding C object CMakeFiles/mir_msgs_s__rosidl_typesupport_c.dir/rosidl_generator_py/mir_msgs/_mir_msgs_s.ep.rosidl_typesupport_c.c.o[0m
[25.016s] [100%] [32m[1mLinking C shared module rosidl_generator_py/mir_msgs/mir_msgs_s__rosidl_typesupport_introspection_c.so[0m
[25.025s] [100%] [32m[1mLinking C shared module rosidl_generator_py/mir_msgs/mir_msgs_s__rosidl_typesupport_c.so[0m
[25.030s] [100%] [32m[1mLinking C shared module rosidl_generator_py/mir_msgs/mir_msgs_s__rosidl_typesupport_fastrtps_c.so[0m
[25.037s] [100%] Built target mir_msgs_s__rosidl_typesupport_introspection_c
[25.046s] [100%] Built target mir_msgs_s__rosidl_typesupport_c
[25.051s] [100%] Built target mir_msgs_s__rosidl_typesupport_fastrtps_c
