[0.018s] Invoking command in '/home/administrator/Masterproject2/20_ROS/src/Robots/build/ur_dashboard_msgs': CMAKE_PREFIX_PATH=${CMAKE_PREFIX_PATH}:/opt/ros/kilted DEBUGINFOD_URLS=https://debuginfod.ubuntu.com /usr/bin/cmake --build /home/administrator/Masterproject2/20_ROS/src/Robots/build/ur_dashboard_msgs -- -j14 -l14
[0.113s] [  0%] Built target ur_dashboard_msgs__rosidl_generator_type_description
[0.137s] [  0%] Built target ur_dashboard_msgs__rs
[0.144s] [  0%] Built target ur_dashboard_msgs__cpp
[0.145s] [  0%] Built target ament_cmake_python_symlink_ur_dashboard_msgs
[0.168s] [ 29%] Built target ur_dashboard_msgs__rosidl_generator_c
[0.202s] [ 39%] Built target ur_dashboard_msgs__rosidl_typesupport_c
[0.229s] [ 49%] Built target ur_dashboard_msgs__rosidl_typesupport_introspection_c
[0.255s] [ 59%] Built target ur_dashboard_msgs__rosidl_typesupport_cpp
[0.261s] [ 69%] Built target ur_dashboard_msgs__rosidl_typesupport_fastrtps_c
[0.291s] [ 79%] Built target ur_dashboard_msgs__rosidl_typesupport_introspection_cpp
[0.314s] running egg_info
[0.335s] writing ur_dashboard_msgs.egg-info/PKG-INFO
[0.335s] writing dependency_links to ur_dashboard_msgs.egg-info/dependency_links.txt
[0.335s] writing top-level names to ur_dashboard_msgs.egg-info/top_level.txt
[0.354s] [ 89%] Built target ur_dashboard_msgs__rosidl_typesupport_fastrtps_cpp
[0.366s] reading manifest file 'ur_dashboard_msgs.egg-info/SOURCES.txt'
[0.366s] writing manifest file 'ur_dashboard_msgs.egg-info/SOURCES.txt'
[0.374s] [ 89%] Built target ur_dashboard_msgs
[0.385s] [ 89%] Built target ament_cmake_python_build_ur_dashboard_msgs_egg
[0.391s] [ 89%] Built target ur_dashboard_msgs__py
[0.435s] [ 98%] Built target ur_dashboard_msgs__rosidl_generator_py
[0.450s] [ 99%] Built target ur_dashboard_msgs_s__rosidl_typesupport_fastrtps_c
[0.453s] [100%] Built target ur_dashboard_msgs_s__rosidl_typesupport_introspection_c
[0.453s] [100%] Built target ur_dashboard_msgs_s__rosidl_typesupport_c
[0.476s] Invoked command in '/home/administrator/Masterproject2/20_ROS/src/Robots/build/ur_dashboard_msgs' returned '0': CMAKE_PREFIX_PATH=${CMAKE_PREFIX_PATH}:/opt/ros/kilted DEBUGINFOD_URLS=https://debuginfod.ubuntu.com /usr/bin/cmake --build /home/administrator/Masterproject2/20_ROS/src/Robots/build/ur_dashboard_msgs -- -j14 -l14
[0.477s] Invoking command in '/home/administrator/Masterproject2/20_ROS/src/Robots/build/ur_dashboard_msgs': CMAKE_PREFIX_PATH=${CMAKE_PREFIX_PATH}:/opt/ros/kilted DEBUGINFOD_URLS=https://debuginfod.ubuntu.com /usr/bin/cmake --install /home/administrator/Masterproject2/20_ROS/src/Robots/build/ur_dashboard_msgs
[0.483s] -- Install configuration: ""
[0.484s] -- Execute custom install script
[0.484s] -- Symlinking: /home/administrator/Masterproject2/20_ROS/src/Robots/install/ur_dashboard_msgs/share/ament_index/resource_index/rosidl_interfaces/ur_dashboard_msgs
[0.495s] -- Symlinking: /home/administrator/Masterproject2/20_ROS/src/Robots/install/ur_dashboard_msgs/share/ur_dashboard_msgs/msg/ProgramInformation.json
[0.505s] -- Symlinking: /home/administrator/Masterproject2/20_ROS/src/Robots/install/ur_dashboard_msgs/share/ur_dashboard_msgs/msg/ProgramState.json
[0.517s] -- Symlinking: /home/administrator/Masterproject2/20_ROS/src/Robots/install/ur_dashboard_msgs/share/ur_dashboard_msgs/msg/RobotMode.json
[0.525s] -- Symlinking: /home/administrator/Masterproject2/20_ROS/src/Robots/install/ur_dashboard_msgs/share/ur_dashboard_msgs/msg/SafetyMode.json
[0.532s] -- Symlinking: /home/administrator/Masterproject2/20_ROS/src/Robots/install/ur_dashboard_msgs/share/ur_dashboard_msgs/msg/OperationalMode.json
[0.541s] -- Symlinking: /home/administrator/Masterproject2/20_ROS/src/Robots/install/ur_dashboard_msgs/share/ur_dashboard_msgs/msg/UserRole.json
[0.558s] -- Symlinking: /home/administrator/Masterproject2/20_ROS/src/Robots/install/ur_dashboard_msgs/share/ur_dashboard_msgs/msg/VersionInformation.json
[0.564s] -- Symlinking: /home/administrator/Masterproject2/20_ROS/src/Robots/install/ur_dashboard_msgs/share/ur_dashboard_msgs/msg/SafetyStatus.json
[0.571s] -- Symlinking: /home/administrator/Masterproject2/20_ROS/src/Robots/install/ur_dashboard_msgs/share/ur_dashboard_msgs/srv/AddToLog.json
[0.579s] -- Symlinking: /home/administrator/Masterproject2/20_ROS/src/Robots/install/ur_dashboard_msgs/share/ur_dashboard_msgs/srv/DownloadProgram.json
[0.586s] -- Symlinking: /home/administrator/Masterproject2/20_ROS/src/Robots/install/ur_dashboard_msgs/share/ur_dashboard_msgs/srv/GetLoadedProgram.json
[0.592s] -- Symlinking: /home/administrator/Masterproject2/20_ROS/src/Robots/install/ur_dashboard_msgs/share/ur_dashboard_msgs/srv/GetPrograms.json
[0.599s] -- Symlinking: /home/administrator/Masterproject2/20_ROS/src/Robots/install/ur_dashboard_msgs/share/ur_dashboard_msgs/srv/GetProgramState.json
[0.607s] -- Symlinking: /home/administrator/Masterproject2/20_ROS/src/Robots/install/ur_dashboard_msgs/share/ur_dashboard_msgs/srv/GetRobotMode.json
[0.613s] -- Symlinking: /home/administrator/Masterproject2/20_ROS/src/Robots/install/ur_dashboard_msgs/share/ur_dashboard_msgs/srv/GetSafetyMode.json
[0.620s] -- Symlinking: /home/administrator/Masterproject2/20_ROS/src/Robots/install/ur_dashboard_msgs/share/ur_dashboard_msgs/srv/IsProgramRunning.json
[0.626s] -- Symlinking: /home/administrator/Masterproject2/20_ROS/src/Robots/install/ur_dashboard_msgs/share/ur_dashboard_msgs/srv/IsProgramSaved.json
[0.634s] -- Symlinking: /home/administrator/Masterproject2/20_ROS/src/Robots/install/ur_dashboard_msgs/share/ur_dashboard_msgs/srv/Load.json
[0.643s] -- Symlinking: /home/administrator/Masterproject2/20_ROS/src/Robots/install/ur_dashboard_msgs/share/ur_dashboard_msgs/srv/Popup.json
[0.646s] -- Symlinking: /home/administrator/Masterproject2/20_ROS/src/Robots/install/ur_dashboard_msgs/share/ur_dashboard_msgs/srv/RawRequest.json
[0.651s] -- Symlinking: /home/administrator/Masterproject2/20_ROS/src/Robots/install/ur_dashboard_msgs/share/ur_dashboard_msgs/srv/IsInRemoteControl.json
[0.659s] -- Symlinking: /home/administrator/Masterproject2/20_ROS/src/Robots/install/ur_dashboard_msgs/share/ur_dashboard_msgs/srv/UploadProgram.json
[0.665s] -- Symlinking: /home/administrator/Masterproject2/20_ROS/src/Robots/install/ur_dashboard_msgs/share/ur_dashboard_msgs/srv/GetPolyScopeVersion.json
[0.692s] -- Symlinking: /home/administrator/Masterproject2/20_ROS/src/Robots/install/ur_dashboard_msgs/share/ur_dashboard_msgs/srv/GetSerialNumber.json
[0.710s] -- Symlinking: /home/administrator/Masterproject2/20_ROS/src/Robots/install/ur_dashboard_msgs/share/ur_dashboard_msgs/srv/GetUserRole.json
[0.715s] -- Symlinking: /home/administrator/Masterproject2/20_ROS/src/Robots/install/ur_dashboard_msgs/share/ur_dashboard_msgs/srv/SetUserRole.json
[0.721s] -- Symlinking: /home/administrator/Masterproject2/20_ROS/src/Robots/install/ur_dashboard_msgs/share/ur_dashboard_msgs/srv/SetOperationalMode.json
[0.727s] -- Symlinking: /home/administrator/Masterproject2/20_ROS/src/Robots/install/ur_dashboard_msgs/share/ur_dashboard_msgs/srv/GetOperationalMode.json
[0.733s] -- Symlinking: /home/administrator/Masterproject2/20_ROS/src/Robots/install/ur_dashboard_msgs/share/ur_dashboard_msgs/srv/GetRobotModel.json
[0.741s] -- Symlinking: /home/administrator/Masterproject2/20_ROS/src/Robots/install/ur_dashboard_msgs/share/ur_dashboard_msgs/srv/GetSafetyStatus.json
[0.746s] -- Symlinking: /home/administrator/Masterproject2/20_ROS/src/Robots/install/ur_dashboard_msgs/share/ur_dashboard_msgs/srv/GenerateFlightReport.json
[0.751s] -- Symlinking: /home/administrator/Masterproject2/20_ROS/src/Robots/install/ur_dashboard_msgs/share/ur_dashboard_msgs/srv/GenerateSupportFile.json
[0.757s] -- Symlinking: /home/administrator/Masterproject2/20_ROS/src/Robots/install/ur_dashboard_msgs/share/ur_dashboard_msgs/action/SetMode.json
[0.764s] -- Symlinking: /home/administrator/Masterproject2/20_ROS/src/Robots/install/ur_dashboard_msgs/include/ur_dashboard_msgs/ur_dashboard_msgs/action/detail/set_mode__functions.h
[0.764s] -- Symlinking: /home/administrator/Masterproject2/20_ROS/src/Robots/install/ur_dashboard_msgs/include/ur_dashboard_msgs/ur_dashboard_msgs/action/detail/set_mode__struct.h
[0.764s] -- Symlinking: /home/administrator/Masterproject2/20_ROS/src/Robots/install/ur_dashboard_msgs/include/ur_dashboard_msgs/ur_dashboard_msgs/action/detail/set_mode__type_support.h
[0.768s] -- Symlinking: /home/administrator/Masterproject2/20_ROS/src/Robots/install/ur_dashboard_msgs/include/ur_dashboard_msgs/ur_dashboard_msgs/action/set_mode.h
[0.776s] -- Symlinking: /home/administrator/Masterproject2/20_ROS/src/Robots/install/ur_dashboard_msgs/include/ur_dashboard_msgs/ur_dashboard_msgs/msg/detail/operational_mode__functions.h
[0.781s] -- Symlinking: /home/administrator/Masterproject2/20_ROS/src/Robots/install/ur_dashboard_msgs/include/ur_dashboard_msgs/ur_dashboard_msgs/msg/detail/operational_mode__struct.h
[0.787s] -- Symlinking: /home/administrator/Masterproject2/20_ROS/src/Robots/install/ur_dashboard_msgs/include/ur_dashboard_msgs/ur_dashboard_msgs/msg/detail/operational_mode__type_support.h
[0.793s] -- Symlinking: /home/administrator/Masterproject2/20_ROS/src/Robots/install/ur_dashboard_msgs/include/ur_dashboard_msgs/ur_dashboard_msgs/msg/detail/program_information__functions.h
[0.800s] -- Symlinking: /home/administrator/Masterproject2/20_ROS/src/Robots/install/ur_dashboard_msgs/include/ur_dashboard_msgs/ur_dashboard_msgs/msg/detail/program_information__struct.h
[0.806s] -- Symlinking: /home/administrator/Masterproject2/20_ROS/src/Robots/install/ur_dashboard_msgs/include/ur_dashboard_msgs/ur_dashboard_msgs/msg/detail/program_information__type_support.h
[0.813s] -- Symlinking: /home/administrator/Masterproject2/20_ROS/src/Robots/install/ur_dashboard_msgs/include/ur_dashboard_msgs/ur_dashboard_msgs/msg/detail/program_state__functions.h
[0.820s] -- Symlinking: /home/administrator/Masterproject2/20_ROS/src/Robots/install/ur_dashboard_msgs/include/ur_dashboard_msgs/ur_dashboard_msgs/msg/detail/program_state__struct.h
[0.828s] -- Symlinking: /home/administrator/Masterproject2/20_ROS/src/Robots/install/ur_dashboard_msgs/include/ur_dashboard_msgs/ur_dashboard_msgs/msg/detail/program_state__type_support.h
[0.836s] -- Symlinking: /home/administrator/Masterproject2/20_ROS/src/Robots/install/ur_dashboard_msgs/include/ur_dashboard_msgs/ur_dashboard_msgs/msg/detail/robot_mode__functions.h
[0.844s] -- Symlinking: /home/administrator/Masterproject2/20_ROS/src/Robots/install/ur_dashboard_msgs/include/ur_dashboard_msgs/ur_dashboard_msgs/msg/detail/robot_mode__struct.h
[0.850s] -- Symlinking: /home/administrator/Masterproject2/20_ROS/src/Robots/install/ur_dashboard_msgs/include/ur_dashboard_msgs/ur_dashboard_msgs/msg/detail/robot_mode__type_support.h
[0.858s] -- Symlinking: /home/administrator/Masterproject2/20_ROS/src/Robots/install/ur_dashboard_msgs/include/ur_dashboard_msgs/ur_dashboard_msgs/msg/detail/safety_mode__functions.h
[0.866s] -- Symlinking: /home/administrator/Masterproject2/20_ROS/src/Robots/install/ur_dashboard_msgs/include/ur_dashboard_msgs/ur_dashboard_msgs/msg/detail/safety_mode__struct.h
[0.873s] -- Symlinking: /home/administrator/Masterproject2/20_ROS/src/Robots/install/ur_dashboard_msgs/include/ur_dashboard_msgs/ur_dashboard_msgs/msg/detail/safety_mode__type_support.h
[0.880s] -- Symlinking: /home/administrator/Masterproject2/20_ROS/src/Robots/install/ur_dashboard_msgs/include/ur_dashboard_msgs/ur_dashboard_msgs/msg/detail/safety_status__functions.h
[0.887s] -- Symlinking: /home/administrator/Masterproject2/20_ROS/src/Robots/install/ur_dashboard_msgs/include/ur_dashboard_msgs/ur_dashboard_msgs/msg/detail/safety_status__struct.h
[0.894s] -- Symlinking: /home/administrator/Masterproject2/20_ROS/src/Robots/install/ur_dashboard_msgs/include/ur_dashboard_msgs/ur_dashboard_msgs/msg/detail/safety_status__type_support.h
[0.901s] -- Symlinking: /home/administrator/Masterproject2/20_ROS/src/Robots/install/ur_dashboard_msgs/include/ur_dashboard_msgs/ur_dashboard_msgs/msg/detail/user_role__functions.h
[0.908s] -- Symlinking: /home/administrator/Masterproject2/20_ROS/src/Robots/install/ur_dashboard_msgs/include/ur_dashboard_msgs/ur_dashboard_msgs/msg/detail/user_role__struct.h
[0.916s] -- Symlinking: /home/administrator/Masterproject2/20_ROS/src/Robots/install/ur_dashboard_msgs/include/ur_dashboard_msgs/ur_dashboard_msgs/msg/detail/user_role__type_support.h
[0.922s] -- Symlinking: /home/administrator/Masterproject2/20_ROS/src/Robots/install/ur_dashboard_msgs/include/ur_dashboard_msgs/ur_dashboard_msgs/msg/detail/version_information__functions.h
[0.929s] -- Symlinking: /home/administrator/Masterproject2/20_ROS/src/Robots/install/ur_dashboard_msgs/include/ur_dashboard_msgs/ur_dashboard_msgs/msg/detail/version_information__struct.h
[0.936s] -- Symlinking: /home/administrator/Masterproject2/20_ROS/src/Robots/install/ur_dashboard_msgs/include/ur_dashboard_msgs/ur_dashboard_msgs/msg/detail/version_information__type_support.h
[0.944s] -- Symlinking: /home/administrator/Masterproject2/20_ROS/src/Robots/install/ur_dashboard_msgs/include/ur_dashboard_msgs/ur_dashboard_msgs/msg/operational_mode.h
[0.950s] -- Symlinking: /home/administrator/Masterproject2/20_ROS/src/Robots/install/ur_dashboard_msgs/include/ur_dashboard_msgs/ur_dashboard_msgs/msg/program_information.h
[0.957s] -- Symlinking: /home/administrator/Masterproject2/20_ROS/src/Robots/install/ur_dashboard_msgs/include/ur_dashboard_msgs/ur_dashboard_msgs/msg/program_state.h
[0.964s] -- Symlinking: /home/administrator/Masterproject2/20_ROS/src/Robots/install/ur_dashboard_msgs/include/ur_dashboard_msgs/ur_dashboard_msgs/msg/robot_mode.h
[0.972s] -- Symlinking: /home/administrator/Masterproject2/20_ROS/src/Robots/install/ur_dashboard_msgs/include/ur_dashboard_msgs/ur_dashboard_msgs/msg/rosidl_generator_c__visibility_control.h
[0.978s] -- Symlinking: /home/administrator/Masterproject2/20_ROS/src/Robots/install/ur_dashboard_msgs/include/ur_dashboard_msgs/ur_dashboard_msgs/msg/safety_mode.h
[0.986s] -- Symlinking: /home/administrator/Masterproject2/20_ROS/src/Robots/install/ur_dashboard_msgs/include/ur_dashboard_msgs/ur_dashboard_msgs/msg/safety_status.h
[0.993s] -- Symlinking: /home/administrator/Masterproject2/20_ROS/src/Robots/install/ur_dashboard_msgs/include/ur_dashboard_msgs/ur_dashboard_msgs/msg/user_role.h
[1.000s] -- Symlinking: /home/administrator/Masterproject2/20_ROS/src/Robots/install/ur_dashboard_msgs/include/ur_dashboard_msgs/ur_dashboard_msgs/msg/version_information.h
[1.007s] -- Symlinking: /home/administrator/Masterproject2/20_ROS/src/Robots/install/ur_dashboard_msgs/include/ur_dashboard_msgs/ur_dashboard_msgs/srv/add_to_log.h
[1.013s] -- Symlinking: /home/administrator/Masterproject2/20_ROS/src/Robots/install/ur_dashboard_msgs/include/ur_dashboard_msgs/ur_dashboard_msgs/srv/detail/add_to_log__functions.h
[1.020s] -- Symlinking: /home/administrator/Masterproject2/20_ROS/src/Robots/install/ur_dashboard_msgs/include/ur_dashboard_msgs/ur_dashboard_msgs/srv/detail/add_to_log__struct.h
[1.026s] -- Symlinking: /home/administrator/Masterproject2/20_ROS/src/Robots/install/ur_dashboard_msgs/include/ur_dashboard_msgs/ur_dashboard_msgs/srv/detail/add_to_log__type_support.h
[1.034s] -- Symlinking: /home/administrator/Masterproject2/20_ROS/src/Robots/install/ur_dashboard_msgs/include/ur_dashboard_msgs/ur_dashboard_msgs/srv/detail/download_program__functions.h
[1.046s] -- Symlinking: /home/administrator/Masterproject2/20_ROS/src/Robots/install/ur_dashboard_msgs/include/ur_dashboard_msgs/ur_dashboard_msgs/srv/detail/download_program__struct.h
[1.053s] -- Symlinking: /home/administrator/Masterproject2/20_ROS/src/Robots/install/ur_dashboard_msgs/include/ur_dashboard_msgs/ur_dashboard_msgs/srv/detail/download_program__type_support.h
[1.064s] -- Symlinking: /home/administrator/Masterproject2/20_ROS/src/Robots/install/ur_dashboard_msgs/include/ur_dashboard_msgs/ur_dashboard_msgs/srv/detail/generate_flight_report__functions.h
[1.070s] -- Symlinking: /home/administrator/Masterproject2/20_ROS/src/Robots/install/ur_dashboard_msgs/include/ur_dashboard_msgs/ur_dashboard_msgs/srv/detail/generate_flight_report__struct.h
[1.077s] -- Symlinking: /home/administrator/Masterproject2/20_ROS/src/Robots/install/ur_dashboard_msgs/include/ur_dashboard_msgs/ur_dashboard_msgs/srv/detail/generate_flight_report__type_support.h
[1.084s] -- Symlinking: /home/administrator/Masterproject2/20_ROS/src/Robots/install/ur_dashboard_msgs/include/ur_dashboard_msgs/ur_dashboard_msgs/srv/detail/generate_support_file__functions.h
[1.090s] -- Symlinking: /home/administrator/Masterproject2/20_ROS/src/Robots/install/ur_dashboard_msgs/include/ur_dashboard_msgs/ur_dashboard_msgs/srv/detail/generate_support_file__struct.h
[1.096s] -- Symlinking: /home/administrator/Masterproject2/20_ROS/src/Robots/install/ur_dashboard_msgs/include/ur_dashboard_msgs/ur_dashboard_msgs/srv/detail/generate_support_file__type_support.h
[1.102s] -- Symlinking: /home/administrator/Masterproject2/20_ROS/src/Robots/install/ur_dashboard_msgs/include/ur_dashboard_msgs/ur_dashboard_msgs/srv/detail/get_loaded_program__functions.h
[1.108s] -- Symlinking: /home/administrator/Masterproject2/20_ROS/src/Robots/install/ur_dashboard_msgs/include/ur_dashboard_msgs/ur_dashboard_msgs/srv/detail/get_loaded_program__struct.h
[1.114s] -- Symlinking: /home/administrator/Masterproject2/20_ROS/src/Robots/install/ur_dashboard_msgs/include/ur_dashboard_msgs/ur_dashboard_msgs/srv/detail/get_loaded_program__type_support.h
[1.119s] -- Symlinking: /home/administrator/Masterproject2/20_ROS/src/Robots/install/ur_dashboard_msgs/include/ur_dashboard_msgs/ur_dashboard_msgs/srv/detail/get_operational_mode__functions.h
[1.125s] -- Symlinking: /home/administrator/Masterproject2/20_ROS/src/Robots/install/ur_dashboard_msgs/include/ur_dashboard_msgs/ur_dashboard_msgs/srv/detail/get_operational_mode__struct.h
[1.130s] -- Symlinking: /home/administrator/Masterproject2/20_ROS/src/Robots/install/ur_dashboard_msgs/include/ur_dashboard_msgs/ur_dashboard_msgs/srv/detail/get_operational_mode__type_support.h
[1.136s] -- Symlinking: /home/administrator/Masterproject2/20_ROS/src/Robots/install/ur_dashboard_msgs/include/ur_dashboard_msgs/ur_dashboard_msgs/srv/detail/get_poly_scope_version__functions.h
[1.142s] -- Symlinking: /home/administrator/Masterproject2/20_ROS/src/Robots/install/ur_dashboard_msgs/include/ur_dashboard_msgs/ur_dashboard_msgs/srv/detail/get_poly_scope_version__struct.h
[1.148s] -- Symlinking: /home/administrator/Masterproject2/20_ROS/src/Robots/install/ur_dashboard_msgs/include/ur_dashboard_msgs/ur_dashboard_msgs/srv/detail/get_poly_scope_version__type_support.h
[1.153s] -- Symlinking: /home/administrator/Masterproject2/20_ROS/src/Robots/install/ur_dashboard_msgs/include/ur_dashboard_msgs/ur_dashboard_msgs/srv/detail/get_program_state__functions.h
[1.159s] -- Symlinking: /home/administrator/Masterproject2/20_ROS/src/Robots/install/ur_dashboard_msgs/include/ur_dashboard_msgs/ur_dashboard_msgs/srv/detail/get_program_state__struct.h
[1.164s] -- Symlinking: /home/administrator/Masterproject2/20_ROS/src/Robots/install/ur_dashboard_msgs/include/ur_dashboard_msgs/ur_dashboard_msgs/srv/detail/get_program_state__type_support.h
[1.170s] -- Symlinking: /home/administrator/Masterproject2/20_ROS/src/Robots/install/ur_dashboard_msgs/include/ur_dashboard_msgs/ur_dashboard_msgs/srv/detail/get_programs__functions.h
[1.175s] -- Symlinking: /home/administrator/Masterproject2/20_ROS/src/Robots/install/ur_dashboard_msgs/include/ur_dashboard_msgs/ur_dashboard_msgs/srv/detail/get_programs__struct.h
[1.181s] -- Symlinking: /home/administrator/Masterproject2/20_ROS/src/Robots/install/ur_dashboard_msgs/include/ur_dashboard_msgs/ur_dashboard_msgs/srv/detail/get_programs__type_support.h
[1.187s] -- Symlinking: /home/administrator/Masterproject2/20_ROS/src/Robots/install/ur_dashboard_msgs/include/ur_dashboard_msgs/ur_dashboard_msgs/srv/detail/get_robot_mode__functions.h
[1.192s] -- Symlinking: /home/administrator/Masterproject2/20_ROS/src/Robots/install/ur_dashboard_msgs/include/ur_dashboard_msgs/ur_dashboard_msgs/srv/detail/get_robot_mode__struct.h
[1.198s] -- Symlinking: /home/administrator/Masterproject2/20_ROS/src/Robots/install/ur_dashboard_msgs/include/ur_dashboard_msgs/ur_dashboard_msgs/srv/detail/get_robot_mode__type_support.h
[1.204s] -- Symlinking: /home/administrator/Masterproject2/20_ROS/src/Robots/install/ur_dashboard_msgs/include/ur_dashboard_msgs/ur_dashboard_msgs/srv/detail/get_robot_model__functions.h
[1.210s] -- Symlinking: /home/administrator/Masterproject2/20_ROS/src/Robots/install/ur_dashboard_msgs/include/ur_dashboard_msgs/ur_dashboard_msgs/srv/detail/get_robot_model__struct.h
[1.215s] -- Symlinking: /home/administrator/Masterproject2/20_ROS/src/Robots/install/ur_dashboard_msgs/include/ur_dashboard_msgs/ur_dashboard_msgs/srv/detail/get_robot_model__type_support.h
[1.221s] -- Symlinking: /home/administrator/Masterproject2/20_ROS/src/Robots/install/ur_dashboard_msgs/include/ur_dashboard_msgs/ur_dashboard_msgs/srv/detail/get_safety_mode__functions.h
[1.227s] -- Symlinking: /home/administrator/Masterproject2/20_ROS/src/Robots/install/ur_dashboard_msgs/include/ur_dashboard_msgs/ur_dashboard_msgs/srv/detail/get_safety_mode__struct.h
[1.233s] -- Symlinking: /home/administrator/Masterproject2/20_ROS/src/Robots/install/ur_dashboard_msgs/include/ur_dashboard_msgs/ur_dashboard_msgs/srv/detail/get_safety_mode__type_support.h
[1.238s] -- Symlinking: /home/administrator/Masterproject2/20_ROS/src/Robots/install/ur_dashboard_msgs/include/ur_dashboard_msgs/ur_dashboard_msgs/srv/detail/get_safety_status__functions.h
[1.244s] -- Symlinking: /home/administrator/Masterproject2/20_ROS/src/Robots/install/ur_dashboard_msgs/include/ur_dashboard_msgs/ur_dashboard_msgs/srv/detail/get_safety_status__struct.h
[1.249s] -- Symlinking: /home/administrator/Masterproject2/20_ROS/src/Robots/install/ur_dashboard_msgs/include/ur_dashboard_msgs/ur_dashboard_msgs/srv/detail/get_safety_status__type_support.h
[1.255s] -- Symlinking: /home/administrator/Masterproject2/20_ROS/src/Robots/install/ur_dashboard_msgs/include/ur_dashboard_msgs/ur_dashboard_msgs/srv/detail/get_serial_number__functions.h
[1.261s] -- Symlinking: /home/administrator/Masterproject2/20_ROS/src/Robots/install/ur_dashboard_msgs/include/ur_dashboard_msgs/ur_dashboard_msgs/srv/detail/get_serial_number__struct.h
[1.266s] -- Symlinking: /home/administrator/Masterproject2/20_ROS/src/Robots/install/ur_dashboard_msgs/include/ur_dashboard_msgs/ur_dashboard_msgs/srv/detail/get_serial_number__type_support.h
[1.272s] -- Symlinking: /home/administrator/Masterproject2/20_ROS/src/Robots/install/ur_dashboard_msgs/include/ur_dashboard_msgs/ur_dashboard_msgs/srv/detail/get_user_role__functions.h
[1.277s] -- Symlinking: /home/administrator/Masterproject2/20_ROS/src/Robots/install/ur_dashboard_msgs/include/ur_dashboard_msgs/ur_dashboard_msgs/srv/detail/get_user_role__struct.h
[1.282s] -- Symlinking: /home/administrator/Masterproject2/20_ROS/src/Robots/install/ur_dashboard_msgs/include/ur_dashboard_msgs/ur_dashboard_msgs/srv/detail/get_user_role__type_support.h
[1.288s] -- Symlinking: /home/administrator/Masterproject2/20_ROS/src/Robots/install/ur_dashboard_msgs/include/ur_dashboard_msgs/ur_dashboard_msgs/srv/detail/is_in_remote_control__functions.h
[1.293s] -- Symlinking: /home/administrator/Masterproject2/20_ROS/src/Robots/install/ur_dashboard_msgs/include/ur_dashboard_msgs/ur_dashboard_msgs/srv/detail/is_in_remote_control__struct.h
[1.299s] -- Symlinking: /home/administrator/Masterproject2/20_ROS/src/Robots/install/ur_dashboard_msgs/include/ur_dashboard_msgs/ur_dashboard_msgs/srv/detail/is_in_remote_control__type_support.h
[1.306s] -- Symlinking: /home/administrator/Masterproject2/20_ROS/src/Robots/install/ur_dashboard_msgs/include/ur_dashboard_msgs/ur_dashboard_msgs/srv/detail/is_program_running__functions.h
[1.312s] -- Symlinking: /home/administrator/Masterproject2/20_ROS/src/Robots/install/ur_dashboard_msgs/include/ur_dashboard_msgs/ur_dashboard_msgs/srv/detail/is_program_running__struct.h
[1.317s] -- Symlinking: /home/administrator/Masterproject2/20_ROS/src/Robots/install/ur_dashboard_msgs/include/ur_dashboard_msgs/ur_dashboard_msgs/srv/detail/is_program_running__type_support.h
[1.323s] -- Symlinking: /home/administrator/Masterproject2/20_ROS/src/Robots/install/ur_dashboard_msgs/include/ur_dashboard_msgs/ur_dashboard_msgs/srv/detail/is_program_saved__functions.h
[1.329s] -- Symlinking: /home/administrator/Masterproject2/20_ROS/src/Robots/install/ur_dashboard_msgs/include/ur_dashboard_msgs/ur_dashboard_msgs/srv/detail/is_program_saved__struct.h
[1.335s] -- Symlinking: /home/administrator/Masterproject2/20_ROS/src/Robots/install/ur_dashboard_msgs/include/ur_dashboard_msgs/ur_dashboard_msgs/srv/detail/is_program_saved__type_support.h
[1.341s] -- Symlinking: /home/administrator/Masterproject2/20_ROS/src/Robots/install/ur_dashboard_msgs/include/ur_dashboard_msgs/ur_dashboard_msgs/srv/detail/load__functions.h
[1.346s] -- Symlinking: /home/administrator/Masterproject2/20_ROS/src/Robots/install/ur_dashboard_msgs/include/ur_dashboard_msgs/ur_dashboard_msgs/srv/detail/load__struct.h
[1.352s] -- Symlinking: /home/administrator/Masterproject2/20_ROS/src/Robots/install/ur_dashboard_msgs/include/ur_dashboard_msgs/ur_dashboard_msgs/srv/detail/load__type_support.h
[1.357s] -- Symlinking: /home/administrator/Masterproject2/20_ROS/src/Robots/install/ur_dashboard_msgs/include/ur_dashboard_msgs/ur_dashboard_msgs/srv/detail/popup__functions.h
[1.363s] -- Symlinking: /home/administrator/Masterproject2/20_ROS/src/Robots/install/ur_dashboard_msgs/include/ur_dashboard_msgs/ur_dashboard_msgs/srv/detail/popup__struct.h
[1.369s] -- Symlinking: /home/administrator/Masterproject2/20_ROS/src/Robots/install/ur_dashboard_msgs/include/ur_dashboard_msgs/ur_dashboard_msgs/srv/detail/popup__type_support.h
[1.374s] -- Symlinking: /home/administrator/Masterproject2/20_ROS/src/Robots/install/ur_dashboard_msgs/include/ur_dashboard_msgs/ur_dashboard_msgs/srv/detail/raw_request__functions.h
[1.380s] -- Symlinking: /home/administrator/Masterproject2/20_ROS/src/Robots/install/ur_dashboard_msgs/include/ur_dashboard_msgs/ur_dashboard_msgs/srv/detail/raw_request__struct.h
[1.385s] -- Symlinking: /home/administrator/Masterproject2/20_ROS/src/Robots/install/ur_dashboard_msgs/include/ur_dashboard_msgs/ur_dashboard_msgs/srv/detail/raw_request__type_support.h
[1.391s] -- Symlinking: /home/administrator/Masterproject2/20_ROS/src/Robots/install/ur_dashboard_msgs/include/ur_dashboard_msgs/ur_dashboard_msgs/srv/detail/set_operational_mode__functions.h
[1.397s] -- Symlinking: /home/administrator/Masterproject2/20_ROS/src/Robots/install/ur_dashboard_msgs/include/ur_dashboard_msgs/ur_dashboard_msgs/srv/detail/set_operational_mode__struct.h
[1.403s] -- Symlinking: /home/administrator/Masterproject2/20_ROS/src/Robots/install/ur_dashboard_msgs/include/ur_dashboard_msgs/ur_dashboard_msgs/srv/detail/set_operational_mode__type_support.h
[1.409s] -- Symlinking: /home/administrator/Masterproject2/20_ROS/src/Robots/install/ur_dashboard_msgs/include/ur_dashboard_msgs/ur_dashboard_msgs/srv/detail/set_user_role__functions.h
[1.415s] -- Symlinking: /home/administrator/Masterproject2/20_ROS/src/Robots/install/ur_dashboard_msgs/include/ur_dashboard_msgs/ur_dashboard_msgs/srv/detail/set_user_role__struct.h
[1.420s] -- Symlinking: /home/administrator/Masterproject2/20_ROS/src/Robots/install/ur_dashboard_msgs/include/ur_dashboard_msgs/ur_dashboard_msgs/srv/detail/set_user_role__type_support.h
[1.426s] -- Symlinking: /home/administrator/Masterproject2/20_ROS/src/Robots/install/ur_dashboard_msgs/include/ur_dashboard_msgs/ur_dashboard_msgs/srv/detail/upload_program__functions.h
[1.432s] -- Symlinking: /home/administrator/Masterproject2/20_ROS/src/Robots/install/ur_dashboard_msgs/include/ur_dashboard_msgs/ur_dashboard_msgs/srv/detail/upload_program__struct.h
[1.437s] -- Symlinking: /home/administrator/Masterproject2/20_ROS/src/Robots/install/ur_dashboard_msgs/include/ur_dashboard_msgs/ur_dashboard_msgs/srv/detail/upload_program__type_support.h
[1.443s] -- Symlinking: /home/administrator/Masterproject2/20_ROS/src/Robots/install/ur_dashboard_msgs/include/ur_dashboard_msgs/ur_dashboard_msgs/srv/download_program.h
[1.449s] -- Symlinking: /home/administrator/Masterproject2/20_ROS/src/Robots/install/ur_dashboard_msgs/include/ur_dashboard_msgs/ur_dashboard_msgs/srv/generate_flight_report.h
[1.454s] -- Symlinking: /home/administrator/Masterproject2/20_ROS/src/Robots/install/ur_dashboard_msgs/include/ur_dashboard_msgs/ur_dashboard_msgs/srv/generate_support_file.h
[1.460s] -- Symlinking: /home/administrator/Masterproject2/20_ROS/src/Robots/install/ur_dashboard_msgs/include/ur_dashboard_msgs/ur_dashboard_msgs/srv/get_loaded_program.h
[1.465s] -- Symlinking: /home/administrator/Masterproject2/20_ROS/src/Robots/install/ur_dashboard_msgs/include/ur_dashboard_msgs/ur_dashboard_msgs/srv/get_operational_mode.h
[1.471s] -- Symlinking: /home/administrator/Masterproject2/20_ROS/src/Robots/install/ur_dashboard_msgs/include/ur_dashboard_msgs/ur_dashboard_msgs/srv/get_poly_scope_version.h
[1.476s] -- Symlinking: /home/administrator/Masterproject2/20_ROS/src/Robots/install/ur_dashboard_msgs/include/ur_dashboard_msgs/ur_dashboard_msgs/srv/get_program_state.h
[1.482s] -- Symlinking: /home/administrator/Masterproject2/20_ROS/src/Robots/install/ur_dashboard_msgs/include/ur_dashboard_msgs/ur_dashboard_msgs/srv/get_programs.h
[1.487s] -- Symlinking: /home/administrator/Masterproject2/20_ROS/src/Robots/install/ur_dashboard_msgs/include/ur_dashboard_msgs/ur_dashboard_msgs/srv/get_robot_mode.h
[1.493s] -- Symlinking: /home/administrator/Masterproject2/20_ROS/src/Robots/install/ur_dashboard_msgs/include/ur_dashboard_msgs/ur_dashboard_msgs/srv/get_robot_model.h
[1.499s] -- Symlinking: /home/administrator/Masterproject2/20_ROS/src/Robots/install/ur_dashboard_msgs/include/ur_dashboard_msgs/ur_dashboard_msgs/srv/get_safety_mode.h
[1.505s] -- Symlinking: /home/administrator/Masterproject2/20_ROS/src/Robots/install/ur_dashboard_msgs/include/ur_dashboard_msgs/ur_dashboard_msgs/srv/get_safety_status.h
[1.511s] -- Symlinking: /home/administrator/Masterproject2/20_ROS/src/Robots/install/ur_dashboard_msgs/include/ur_dashboard_msgs/ur_dashboard_msgs/srv/get_serial_number.h
[1.517s] -- Symlinking: /home/administrator/Masterproject2/20_ROS/src/Robots/install/ur_dashboard_msgs/include/ur_dashboard_msgs/ur_dashboard_msgs/srv/get_user_role.h
[1.522s] -- Symlinking: /home/administrator/Masterproject2/20_ROS/src/Robots/install/ur_dashboard_msgs/include/ur_dashboard_msgs/ur_dashboard_msgs/srv/is_in_remote_control.h
[1.528s] -- Symlinking: /home/administrator/Masterproject2/20_ROS/src/Robots/install/ur_dashboard_msgs/include/ur_dashboard_msgs/ur_dashboard_msgs/srv/is_program_running.h
[1.534s] -- Symlinking: /home/administrator/Masterproject2/20_ROS/src/Robots/install/ur_dashboard_msgs/include/ur_dashboard_msgs/ur_dashboard_msgs/srv/is_program_saved.h
[1.539s] -- Symlinking: /home/administrator/Masterproject2/20_ROS/src/Robots/install/ur_dashboard_msgs/include/ur_dashboard_msgs/ur_dashboard_msgs/srv/load.h
[1.545s] -- Symlinking: /home/administrator/Masterproject2/20_ROS/src/Robots/install/ur_dashboard_msgs/include/ur_dashboard_msgs/ur_dashboard_msgs/srv/popup.h
[1.550s] -- Symlinking: /home/administrator/Masterproject2/20_ROS/src/Robots/install/ur_dashboard_msgs/include/ur_dashboard_msgs/ur_dashboard_msgs/srv/raw_request.h
[1.555s] -- Symlinking: /home/administrator/Masterproject2/20_ROS/src/Robots/install/ur_dashboard_msgs/include/ur_dashboard_msgs/ur_dashboard_msgs/srv/set_operational_mode.h
[1.560s] -- Symlinking: /home/administrator/Masterproject2/20_ROS/src/Robots/install/ur_dashboard_msgs/include/ur_dashboard_msgs/ur_dashboard_msgs/srv/set_user_role.h
[1.565s] -- Symlinking: /home/administrator/Masterproject2/20_ROS/src/Robots/install/ur_dashboard_msgs/include/ur_dashboard_msgs/ur_dashboard_msgs/srv/upload_program.h
[1.570s] -- Symlinking: /home/administrator/Masterproject2/20_ROS/src/Robots/install/ur_dashboard_msgs/share/ur_dashboard_msgs/environment/library_path.sh
[1.576s] -- Symlinking: /home/administrator/Masterproject2/20_ROS/src/Robots/install/ur_dashboard_msgs/share/ur_dashboard_msgs/environment/library_path.dsv
[1.582s] -- Symlinking: /home/administrator/Masterproject2/20_ROS/src/Robots/install/ur_dashboard_msgs/include/ur_dashboard_msgs/ur_dashboard_msgs/action/detail/set_mode__rosidl_typesupport_fastrtps_c.h
[1.587s] -- Symlinking: /home/administrator/Masterproject2/20_ROS/src/Robots/install/ur_dashboard_msgs/include/ur_dashboard_msgs/ur_dashboard_msgs/msg/detail/operational_mode__rosidl_typesupport_fastrtps_c.h
[1.592s] -- Symlinking: /home/administrator/Masterproject2/20_ROS/src/Robots/install/ur_dashboard_msgs/include/ur_dashboard_msgs/ur_dashboard_msgs/msg/detail/program_information__rosidl_typesupport_fastrtps_c.h
[1.597s] -- Symlinking: /home/administrator/Masterproject2/20_ROS/src/Robots/install/ur_dashboard_msgs/include/ur_dashboard_msgs/ur_dashboard_msgs/msg/detail/program_state__rosidl_typesupport_fastrtps_c.h
[1.603s] -- Symlinking: /home/administrator/Masterproject2/20_ROS/src/Robots/install/ur_dashboard_msgs/include/ur_dashboard_msgs/ur_dashboard_msgs/msg/detail/robot_mode__rosidl_typesupport_fastrtps_c.h
[1.609s] -- Symlinking: /home/administrator/Masterproject2/20_ROS/src/Robots/install/ur_dashboard_msgs/include/ur_dashboard_msgs/ur_dashboard_msgs/msg/detail/safety_mode__rosidl_typesupport_fastrtps_c.h
[1.614s] -- Symlinking: /home/administrator/Masterproject2/20_ROS/src/Robots/install/ur_dashboard_msgs/include/ur_dashboard_msgs/ur_dashboard_msgs/msg/detail/safety_status__rosidl_typesupport_fastrtps_c.h
[1.619s] -- Symlinking: /home/administrator/Masterproject2/20_ROS/src/Robots/install/ur_dashboard_msgs/include/ur_dashboard_msgs/ur_dashboard_msgs/msg/detail/user_role__rosidl_typesupport_fastrtps_c.h
[1.624s] -- Symlinking: /home/administrator/Masterproject2/20_ROS/src/Robots/install/ur_dashboard_msgs/include/ur_dashboard_msgs/ur_dashboard_msgs/msg/detail/version_information__rosidl_typesupport_fastrtps_c.h
[1.630s] -- Symlinking: /home/administrator/Masterproject2/20_ROS/src/Robots/install/ur_dashboard_msgs/include/ur_dashboard_msgs/ur_dashboard_msgs/msg/rosidl_typesupport_fastrtps_c__visibility_control.h
[1.636s] -- Symlinking: /home/administrator/Masterproject2/20_ROS/src/Robots/install/ur_dashboard_msgs/include/ur_dashboard_msgs/ur_dashboard_msgs/srv/detail/add_to_log__rosidl_typesupport_fastrtps_c.h
[1.641s] -- Symlinking: /home/administrator/Masterproject2/20_ROS/src/Robots/install/ur_dashboard_msgs/include/ur_dashboard_msgs/ur_dashboard_msgs/srv/detail/download_program__rosidl_typesupport_fastrtps_c.h
[1.646s] -- Symlinking: /home/administrator/Masterproject2/20_ROS/src/Robots/install/ur_dashboard_msgs/include/ur_dashboard_msgs/ur_dashboard_msgs/srv/detail/generate_flight_report__rosidl_typesupport_fastrtps_c.h
[1.652s] -- Symlinking: /home/administrator/Masterproject2/20_ROS/src/Robots/install/ur_dashboard_msgs/include/ur_dashboard_msgs/ur_dashboard_msgs/srv/detail/generate_support_file__rosidl_typesupport_fastrtps_c.h
[1.657s] -- Symlinking: /home/administrator/Masterproject2/20_ROS/src/Robots/install/ur_dashboard_msgs/include/ur_dashboard_msgs/ur_dashboard_msgs/srv/detail/get_loaded_program__rosidl_typesupport_fastrtps_c.h
[1.662s] -- Symlinking: /home/administrator/Masterproject2/20_ROS/src/Robots/install/ur_dashboard_msgs/include/ur_dashboard_msgs/ur_dashboard_msgs/srv/detail/get_operational_mode__rosidl_typesupport_fastrtps_c.h
[1.667s] -- Symlinking: /home/administrator/Masterproject2/20_ROS/src/Robots/install/ur_dashboard_msgs/include/ur_dashboard_msgs/ur_dashboard_msgs/srv/detail/get_poly_scope_version__rosidl_typesupport_fastrtps_c.h
[1.672s] -- Symlinking: /home/administrator/Masterproject2/20_ROS/src/Robots/install/ur_dashboard_msgs/include/ur_dashboard_msgs/ur_dashboard_msgs/srv/detail/get_program_state__rosidl_typesupport_fastrtps_c.h
[1.678s] -- Symlinking: /home/administrator/Masterproject2/20_ROS/src/Robots/install/ur_dashboard_msgs/include/ur_dashboard_msgs/ur_dashboard_msgs/srv/detail/get_programs__rosidl_typesupport_fastrtps_c.h
[1.683s] -- Symlinking: /home/administrator/Masterproject2/20_ROS/src/Robots/install/ur_dashboard_msgs/include/ur_dashboard_msgs/ur_dashboard_msgs/srv/detail/get_robot_mode__rosidl_typesupport_fastrtps_c.h
[1.688s] -- Symlinking: /home/administrator/Masterproject2/20_ROS/src/Robots/install/ur_dashboard_msgs/include/ur_dashboard_msgs/ur_dashboard_msgs/srv/detail/get_robot_model__rosidl_typesupport_fastrtps_c.h
[1.693s] -- Symlinking: /home/administrator/Masterproject2/20_ROS/src/Robots/install/ur_dashboard_msgs/include/ur_dashboard_msgs/ur_dashboard_msgs/srv/detail/get_safety_mode__rosidl_typesupport_fastrtps_c.h
[1.698s] -- Symlinking: /home/administrator/Masterproject2/20_ROS/src/Robots/install/ur_dashboard_msgs/include/ur_dashboard_msgs/ur_dashboard_msgs/srv/detail/get_safety_status__rosidl_typesupport_fastrtps_c.h
[1.704s] -- Symlinking: /home/administrator/Masterproject2/20_ROS/src/Robots/install/ur_dashboard_msgs/include/ur_dashboard_msgs/ur_dashboard_msgs/srv/detail/get_serial_number__rosidl_typesupport_fastrtps_c.h
[1.710s] -- Symlinking: /home/administrator/Masterproject2/20_ROS/src/Robots/install/ur_dashboard_msgs/include/ur_dashboard_msgs/ur_dashboard_msgs/srv/detail/get_user_role__rosidl_typesupport_fastrtps_c.h
[1.715s] -- Symlinking: /home/administrator/Masterproject2/20_ROS/src/Robots/install/ur_dashboard_msgs/include/ur_dashboard_msgs/ur_dashboard_msgs/srv/detail/is_in_remote_control__rosidl_typesupport_fastrtps_c.h
[1.720s] -- Symlinking: /home/administrator/Masterproject2/20_ROS/src/Robots/install/ur_dashboard_msgs/include/ur_dashboard_msgs/ur_dashboard_msgs/srv/detail/is_program_running__rosidl_typesupport_fastrtps_c.h
[1.726s] -- Symlinking: /home/administrator/Masterproject2/20_ROS/src/Robots/install/ur_dashboard_msgs/include/ur_dashboard_msgs/ur_dashboard_msgs/srv/detail/is_program_saved__rosidl_typesupport_fastrtps_c.h
[1.731s] -- Symlinking: /home/administrator/Masterproject2/20_ROS/src/Robots/install/ur_dashboard_msgs/include/ur_dashboard_msgs/ur_dashboard_msgs/srv/detail/load__rosidl_typesupport_fastrtps_c.h
[1.736s] -- Symlinking: /home/administrator/Masterproject2/20_ROS/src/Robots/install/ur_dashboard_msgs/include/ur_dashboard_msgs/ur_dashboard_msgs/srv/detail/popup__rosidl_typesupport_fastrtps_c.h
[1.741s] -- Symlinking: /home/administrator/Masterproject2/20_ROS/src/Robots/install/ur_dashboard_msgs/include/ur_dashboard_msgs/ur_dashboard_msgs/srv/detail/raw_request__rosidl_typesupport_fastrtps_c.h
[1.747s] -- Symlinking: /home/administrator/Masterproject2/20_ROS/src/Robots/install/ur_dashboard_msgs/include/ur_dashboard_msgs/ur_dashboard_msgs/srv/detail/set_operational_mode__rosidl_typesupport_fastrtps_c.h
[1.752s] -- Symlinking: /home/administrator/Masterproject2/20_ROS/src/Robots/install/ur_dashboard_msgs/include/ur_dashboard_msgs/ur_dashboard_msgs/srv/detail/set_user_role__rosidl_typesupport_fastrtps_c.h
[1.757s] -- Symlinking: /home/administrator/Masterproject2/20_ROS/src/Robots/install/ur_dashboard_msgs/include/ur_dashboard_msgs/ur_dashboard_msgs/srv/detail/upload_program__rosidl_typesupport_fastrtps_c.h
[1.762s] -- Symlinking: /home/administrator/Masterproject2/20_ROS/src/Robots/install/ur_dashboard_msgs/include/ur_dashboard_msgs/ur_dashboard_msgs/action/detail/set_mode__rosidl_typesupport_introspection_c.h
[1.767s] -- Symlinking: /home/administrator/Masterproject2/20_ROS/src/Robots/install/ur_dashboard_msgs/include/ur_dashboard_msgs/ur_dashboard_msgs/msg/detail/operational_mode__rosidl_typesupport_introspection_c.h
[1.773s] -- Symlinking: /home/administrator/Masterproject2/20_ROS/src/Robots/install/ur_dashboard_msgs/include/ur_dashboard_msgs/ur_dashboard_msgs/msg/detail/program_information__rosidl_typesupport_introspection_c.h
[1.778s] -- Symlinking: /home/administrator/Masterproject2/20_ROS/src/Robots/install/ur_dashboard_msgs/include/ur_dashboard_msgs/ur_dashboard_msgs/msg/detail/program_state__rosidl_typesupport_introspection_c.h
[1.783s] -- Symlinking: /home/administrator/Masterproject2/20_ROS/src/Robots/install/ur_dashboard_msgs/include/ur_dashboard_msgs/ur_dashboard_msgs/msg/detail/robot_mode__rosidl_typesupport_introspection_c.h
[1.788s] -- Symlinking: /home/administrator/Masterproject2/20_ROS/src/Robots/install/ur_dashboard_msgs/include/ur_dashboard_msgs/ur_dashboard_msgs/msg/detail/safety_mode__rosidl_typesupport_introspection_c.h
[1.794s] -- Symlinking: /home/administrator/Masterproject2/20_ROS/src/Robots/install/ur_dashboard_msgs/include/ur_dashboard_msgs/ur_dashboard_msgs/msg/detail/safety_status__rosidl_typesupport_introspection_c.h
[1.799s] -- Symlinking: /home/administrator/Masterproject2/20_ROS/src/Robots/install/ur_dashboard_msgs/include/ur_dashboard_msgs/ur_dashboard_msgs/msg/detail/user_role__rosidl_typesupport_introspection_c.h
[1.805s] -- Symlinking: /home/administrator/Masterproject2/20_ROS/src/Robots/install/ur_dashboard_msgs/include/ur_dashboard_msgs/ur_dashboard_msgs/msg/detail/version_information__rosidl_typesupport_introspection_c.h
[1.810s] -- Symlinking: /home/administrator/Masterproject2/20_ROS/src/Robots/install/ur_dashboard_msgs/include/ur_dashboard_msgs/ur_dashboard_msgs/msg/rosidl_typesupport_introspection_c__visibility_control.h
[1.815s] -- Symlinking: /home/administrator/Masterproject2/20_ROS/src/Robots/install/ur_dashboard_msgs/include/ur_dashboard_msgs/ur_dashboard_msgs/srv/detail/add_to_log__rosidl_typesupport_introspection_c.h
[1.820s] -- Symlinking: /home/administrator/Masterproject2/20_ROS/src/Robots/install/ur_dashboard_msgs/include/ur_dashboard_msgs/ur_dashboard_msgs/srv/detail/download_program__rosidl_typesupport_introspection_c.h
[1.825s] -- Symlinking: /home/administrator/Masterproject2/20_ROS/src/Robots/install/ur_dashboard_msgs/include/ur_dashboard_msgs/ur_dashboard_msgs/srv/detail/generate_flight_report__rosidl_typesupport_introspection_c.h
[1.830s] -- Symlinking: /home/administrator/Masterproject2/20_ROS/src/Robots/install/ur_dashboard_msgs/include/ur_dashboard_msgs/ur_dashboard_msgs/srv/detail/generate_support_file__rosidl_typesupport_introspection_c.h
[1.835s] -- Symlinking: /home/administrator/Masterproject2/20_ROS/src/Robots/install/ur_dashboard_msgs/include/ur_dashboard_msgs/ur_dashboard_msgs/srv/detail/get_loaded_program__rosidl_typesupport_introspection_c.h
[1.841s] -- Symlinking: /home/administrator/Masterproject2/20_ROS/src/Robots/install/ur_dashboard_msgs/include/ur_dashboard_msgs/ur_dashboard_msgs/srv/detail/get_operational_mode__rosidl_typesupport_introspection_c.h
[1.846s] -- Symlinking: /home/administrator/Masterproject2/20_ROS/src/Robots/install/ur_dashboard_msgs/include/ur_dashboard_msgs/ur_dashboard_msgs/srv/detail/get_poly_scope_version__rosidl_typesupport_introspection_c.h
[1.850s] -- Symlinking: /home/administrator/Masterproject2/20_ROS/src/Robots/install/ur_dashboard_msgs/include/ur_dashboard_msgs/ur_dashboard_msgs/srv/detail/get_program_state__rosidl_typesupport_introspection_c.h
[1.855s] -- Symlinking: /home/administrator/Masterproject2/20_ROS/src/Robots/install/ur_dashboard_msgs/include/ur_dashboard_msgs/ur_dashboard_msgs/srv/detail/get_programs__rosidl_typesupport_introspection_c.h
[1.860s] -- Symlinking: /home/administrator/Masterproject2/20_ROS/src/Robots/install/ur_dashboard_msgs/include/ur_dashboard_msgs/ur_dashboard_msgs/srv/detail/get_robot_mode__rosidl_typesupport_introspection_c.h
[1.865s] -- Symlinking: /home/administrator/Masterproject2/20_ROS/src/Robots/install/ur_dashboard_msgs/include/ur_dashboard_msgs/ur_dashboard_msgs/srv/detail/get_robot_model__rosidl_typesupport_introspection_c.h
[1.870s] -- Symlinking: /home/administrator/Masterproject2/20_ROS/src/Robots/install/ur_dashboard_msgs/include/ur_dashboard_msgs/ur_dashboard_msgs/srv/detail/get_safety_mode__rosidl_typesupport_introspection_c.h
[1.875s] -- Symlinking: /home/administrator/Masterproject2/20_ROS/src/Robots/install/ur_dashboard_msgs/include/ur_dashboard_msgs/ur_dashboard_msgs/srv/detail/get_safety_status__rosidl_typesupport_introspection_c.h
[1.880s] -- Symlinking: /home/administrator/Masterproject2/20_ROS/src/Robots/install/ur_dashboard_msgs/include/ur_dashboard_msgs/ur_dashboard_msgs/srv/detail/get_serial_number__rosidl_typesupport_introspection_c.h
[1.885s] -- Symlinking: /home/administrator/Masterproject2/20_ROS/src/Robots/install/ur_dashboard_msgs/include/ur_dashboard_msgs/ur_dashboard_msgs/srv/detail/get_user_role__rosidl_typesupport_introspection_c.h
[1.890s] -- Symlinking: /home/administrator/Masterproject2/20_ROS/src/Robots/install/ur_dashboard_msgs/include/ur_dashboard_msgs/ur_dashboard_msgs/srv/detail/is_in_remote_control__rosidl_typesupport_introspection_c.h
[1.895s] -- Symlinking: /home/administrator/Masterproject2/20_ROS/src/Robots/install/ur_dashboard_msgs/include/ur_dashboard_msgs/ur_dashboard_msgs/srv/detail/is_program_running__rosidl_typesupport_introspection_c.h
[1.900s] -- Symlinking: /home/administrator/Masterproject2/20_ROS/src/Robots/install/ur_dashboard_msgs/include/ur_dashboard_msgs/ur_dashboard_msgs/srv/detail/is_program_saved__rosidl_typesupport_introspection_c.h
[1.906s] -- Symlinking: /home/administrator/Masterproject2/20_ROS/src/Robots/install/ur_dashboard_msgs/include/ur_dashboard_msgs/ur_dashboard_msgs/srv/detail/load__rosidl_typesupport_introspection_c.h
[1.911s] -- Symlinking: /home/administrator/Masterproject2/20_ROS/src/Robots/install/ur_dashboard_msgs/include/ur_dashboard_msgs/ur_dashboard_msgs/srv/detail/popup__rosidl_typesupport_introspection_c.h
[1.916s] -- Symlinking: /home/administrator/Masterproject2/20_ROS/src/Robots/install/ur_dashboard_msgs/include/ur_dashboard_msgs/ur_dashboard_msgs/srv/detail/raw_request__rosidl_typesupport_introspection_c.h
[1.921s] -- Symlinking: /home/administrator/Masterproject2/20_ROS/src/Robots/install/ur_dashboard_msgs/include/ur_dashboard_msgs/ur_dashboard_msgs/srv/detail/set_operational_mode__rosidl_typesupport_introspection_c.h
[1.927s] -- Symlinking: /home/administrator/Masterproject2/20_ROS/src/Robots/install/ur_dashboard_msgs/include/ur_dashboard_msgs/ur_dashboard_msgs/srv/detail/set_user_role__rosidl_typesupport_introspection_c.h
[1.932s] -- Symlinking: /home/administrator/Masterproject2/20_ROS/src/Robots/install/ur_dashboard_msgs/include/ur_dashboard_msgs/ur_dashboard_msgs/srv/detail/upload_program__rosidl_typesupport_introspection_c.h
[1.937s] -- Symlinking: /home/administrator/Masterproject2/20_ROS/src/Robots/install/ur_dashboard_msgs/include/ur_dashboard_msgs/ur_dashboard_msgs/action/detail/set_mode__builder.hpp
[1.942s] -- Symlinking: /home/administrator/Masterproject2/20_ROS/src/Robots/install/ur_dashboard_msgs/include/ur_dashboard_msgs/ur_dashboard_msgs/action/detail/set_mode__struct.hpp
[1.947s] -- Symlinking: /home/administrator/Masterproject2/20_ROS/src/Robots/install/ur_dashboard_msgs/include/ur_dashboard_msgs/ur_dashboard_msgs/action/detail/set_mode__traits.hpp
[1.952s] -- Symlinking: /home/administrator/Masterproject2/20_ROS/src/Robots/install/ur_dashboard_msgs/include/ur_dashboard_msgs/ur_dashboard_msgs/action/detail/set_mode__type_support.hpp
[1.957s] -- Symlinking: /home/administrator/Masterproject2/20_ROS/src/Robots/install/ur_dashboard_msgs/include/ur_dashboard_msgs/ur_dashboard_msgs/action/set_mode.hpp
[1.962s] -- Symlinking: /home/administrator/Masterproject2/20_ROS/src/Robots/install/ur_dashboard_msgs/include/ur_dashboard_msgs/ur_dashboard_msgs/msg/detail/operational_mode__builder.hpp
[1.967s] -- Symlinking: /home/administrator/Masterproject2/20_ROS/src/Robots/install/ur_dashboard_msgs/include/ur_dashboard_msgs/ur_dashboard_msgs/msg/detail/operational_mode__struct.hpp
[1.971s] -- Symlinking: /home/administrator/Masterproject2/20_ROS/src/Robots/install/ur_dashboard_msgs/include/ur_dashboard_msgs/ur_dashboard_msgs/msg/detail/operational_mode__traits.hpp
[1.976s] -- Symlinking: /home/administrator/Masterproject2/20_ROS/src/Robots/install/ur_dashboard_msgs/include/ur_dashboard_msgs/ur_dashboard_msgs/msg/detail/operational_mode__type_support.hpp
[1.982s] -- Symlinking: /home/administrator/Masterproject2/20_ROS/src/Robots/install/ur_dashboard_msgs/include/ur_dashboard_msgs/ur_dashboard_msgs/msg/detail/program_information__builder.hpp
[1.986s] -- Symlinking: /home/administrator/Masterproject2/20_ROS/src/Robots/install/ur_dashboard_msgs/include/ur_dashboard_msgs/ur_dashboard_msgs/msg/detail/program_information__struct.hpp
[1.991s] -- Symlinking: /home/administrator/Masterproject2/20_ROS/src/Robots/install/ur_dashboard_msgs/include/ur_dashboard_msgs/ur_dashboard_msgs/msg/detail/program_information__traits.hpp
[1.996s] -- Symlinking: /home/administrator/Masterproject2/20_ROS/src/Robots/install/ur_dashboard_msgs/include/ur_dashboard_msgs/ur_dashboard_msgs/msg/detail/program_information__type_support.hpp
[2.001s] -- Symlinking: /home/administrator/Masterproject2/20_ROS/src/Robots/install/ur_dashboard_msgs/include/ur_dashboard_msgs/ur_dashboard_msgs/msg/detail/program_state__builder.hpp
[2.007s] -- Symlinking: /home/administrator/Masterproject2/20_ROS/src/Robots/install/ur_dashboard_msgs/include/ur_dashboard_msgs/ur_dashboard_msgs/msg/detail/program_state__struct.hpp
[2.012s] -- Symlinking: /home/administrator/Masterproject2/20_ROS/src/Robots/install/ur_dashboard_msgs/include/ur_dashboard_msgs/ur_dashboard_msgs/msg/detail/program_state__traits.hpp
[2.017s] -- Symlinking: /home/administrator/Masterproject2/20_ROS/src/Robots/install/ur_dashboard_msgs/include/ur_dashboard_msgs/ur_dashboard_msgs/msg/detail/program_state__type_support.hpp
[2.022s] -- Symlinking: /home/administrator/Masterproject2/20_ROS/src/Robots/install/ur_dashboard_msgs/include/ur_dashboard_msgs/ur_dashboard_msgs/msg/detail/robot_mode__builder.hpp
[2.028s] -- Symlinking: /home/administrator/Masterproject2/20_ROS/src/Robots/install/ur_dashboard_msgs/include/ur_dashboard_msgs/ur_dashboard_msgs/msg/detail/robot_mode__struct.hpp
[2.032s] -- Symlinking: /home/administrator/Masterproject2/20_ROS/src/Robots/install/ur_dashboard_msgs/include/ur_dashboard_msgs/ur_dashboard_msgs/msg/detail/robot_mode__traits.hpp
[2.038s] -- Symlinking: /home/administrator/Masterproject2/20_ROS/src/Robots/install/ur_dashboard_msgs/include/ur_dashboard_msgs/ur_dashboard_msgs/msg/detail/robot_mode__type_support.hpp
[2.043s] -- Symlinking: /home/administrator/Masterproject2/20_ROS/src/Robots/install/ur_dashboard_msgs/include/ur_dashboard_msgs/ur_dashboard_msgs/msg/detail/safety_mode__builder.hpp
[2.047s] -- Symlinking: /home/administrator/Masterproject2/20_ROS/src/Robots/install/ur_dashboard_msgs/include/ur_dashboard_msgs/ur_dashboard_msgs/msg/detail/safety_mode__struct.hpp
[2.052s] -- Symlinking: /home/administrator/Masterproject2/20_ROS/src/Robots/install/ur_dashboard_msgs/include/ur_dashboard_msgs/ur_dashboard_msgs/msg/detail/safety_mode__traits.hpp
[2.057s] -- Symlinking: /home/administrator/Masterproject2/20_ROS/src/Robots/install/ur_dashboard_msgs/include/ur_dashboard_msgs/ur_dashboard_msgs/msg/detail/safety_mode__type_support.hpp
[2.062s] -- Symlinking: /home/administrator/Masterproject2/20_ROS/src/Robots/install/ur_dashboard_msgs/include/ur_dashboard_msgs/ur_dashboard_msgs/msg/detail/safety_status__builder.hpp
[2.067s] -- Symlinking: /home/administrator/Masterproject2/20_ROS/src/Robots/install/ur_dashboard_msgs/include/ur_dashboard_msgs/ur_dashboard_msgs/msg/detail/safety_status__struct.hpp
[2.072s] -- Symlinking: /home/administrator/Masterproject2/20_ROS/src/Robots/install/ur_dashboard_msgs/include/ur_dashboard_msgs/ur_dashboard_msgs/msg/detail/safety_status__traits.hpp
[2.076s] -- Symlinking: /home/administrator/Masterproject2/20_ROS/src/Robots/install/ur_dashboard_msgs/include/ur_dashboard_msgs/ur_dashboard_msgs/msg/detail/safety_status__type_support.hpp
[2.081s] -- Symlinking: /home/administrator/Masterproject2/20_ROS/src/Robots/install/ur_dashboard_msgs/include/ur_dashboard_msgs/ur_dashboard_msgs/msg/detail/user_role__builder.hpp
[2.086s] -- Symlinking: /home/administrator/Masterproject2/20_ROS/src/Robots/install/ur_dashboard_msgs/include/ur_dashboard_msgs/ur_dashboard_msgs/msg/detail/user_role__struct.hpp
[2.091s] -- Symlinking: /home/administrator/Masterproject2/20_ROS/src/Robots/install/ur_dashboard_msgs/include/ur_dashboard_msgs/ur_dashboard_msgs/msg/detail/user_role__traits.hpp
[2.096s] -- Symlinking: /home/administrator/Masterproject2/20_ROS/src/Robots/install/ur_dashboard_msgs/include/ur_dashboard_msgs/ur_dashboard_msgs/msg/detail/user_role__type_support.hpp
[2.101s] -- Symlinking: /home/administrator/Masterproject2/20_ROS/src/Robots/install/ur_dashboard_msgs/include/ur_dashboard_msgs/ur_dashboard_msgs/msg/detail/version_information__builder.hpp
[2.107s] -- Symlinking: /home/administrator/Masterproject2/20_ROS/src/Robots/install/ur_dashboard_msgs/include/ur_dashboard_msgs/ur_dashboard_msgs/msg/detail/version_information__struct.hpp
[2.112s] -- Symlinking: /home/administrator/Masterproject2/20_ROS/src/Robots/install/ur_dashboard_msgs/include/ur_dashboard_msgs/ur_dashboard_msgs/msg/detail/version_information__traits.hpp
[2.117s] -- Symlinking: /home/administrator/Masterproject2/20_ROS/src/Robots/install/ur_dashboard_msgs/include/ur_dashboard_msgs/ur_dashboard_msgs/msg/detail/version_information__type_support.hpp
[2.122s] -- Symlinking: /home/administrator/Masterproject2/20_ROS/src/Robots/install/ur_dashboard_msgs/include/ur_dashboard_msgs/ur_dashboard_msgs/msg/operational_mode.hpp
[2.127s] -- Symlinking: /home/administrator/Masterproject2/20_ROS/src/Robots/install/ur_dashboard_msgs/include/ur_dashboard_msgs/ur_dashboard_msgs/msg/program_information.hpp
[2.132s] -- Symlinking: /home/administrator/Masterproject2/20_ROS/src/Robots/install/ur_dashboard_msgs/include/ur_dashboard_msgs/ur_dashboard_msgs/msg/program_state.hpp
[2.137s] -- Symlinking: /home/administrator/Masterproject2/20_ROS/src/Robots/install/ur_dashboard_msgs/include/ur_dashboard_msgs/ur_dashboard_msgs/msg/robot_mode.hpp
[2.142s] -- Symlinking: /home/administrator/Masterproject2/20_ROS/src/Robots/install/ur_dashboard_msgs/include/ur_dashboard_msgs/ur_dashboard_msgs/msg/rosidl_generator_cpp__visibility_control.hpp
[2.147s] -- Symlinking: /home/administrator/Masterproject2/20_ROS/src/Robots/install/ur_dashboard_msgs/include/ur_dashboard_msgs/ur_dashboard_msgs/msg/safety_mode.hpp
[2.152s] -- Symlinking: /home/administrator/Masterproject2/20_ROS/src/Robots/install/ur_dashboard_msgs/include/ur_dashboard_msgs/ur_dashboard_msgs/msg/safety_status.hpp
[2.156s] -- Symlinking: /home/administrator/Masterproject2/20_ROS/src/Robots/install/ur_dashboard_msgs/include/ur_dashboard_msgs/ur_dashboard_msgs/msg/user_role.hpp
[2.161s] -- Symlinking: /home/administrator/Masterproject2/20_ROS/src/Robots/install/ur_dashboard_msgs/include/ur_dashboard_msgs/ur_dashboard_msgs/msg/version_information.hpp
[2.166s] -- Symlinking: /home/administrator/Masterproject2/20_ROS/src/Robots/install/ur_dashboard_msgs/include/ur_dashboard_msgs/ur_dashboard_msgs/srv/add_to_log.hpp
[2.171s] -- Symlinking: /home/administrator/Masterproject2/20_ROS/src/Robots/install/ur_dashboard_msgs/include/ur_dashboard_msgs/ur_dashboard_msgs/srv/detail/add_to_log__builder.hpp
[2.176s] -- Symlinking: /home/administrator/Masterproject2/20_ROS/src/Robots/install/ur_dashboard_msgs/include/ur_dashboard_msgs/ur_dashboard_msgs/srv/detail/add_to_log__struct.hpp
[2.180s] -- Symlinking: /home/administrator/Masterproject2/20_ROS/src/Robots/install/ur_dashboard_msgs/include/ur_dashboard_msgs/ur_dashboard_msgs/srv/detail/add_to_log__traits.hpp
[2.185s] -- Symlinking: /home/administrator/Masterproject2/20_ROS/src/Robots/install/ur_dashboard_msgs/include/ur_dashboard_msgs/ur_dashboard_msgs/srv/detail/add_to_log__type_support.hpp
[2.190s] -- Symlinking: /home/administrator/Masterproject2/20_ROS/src/Robots/install/ur_dashboard_msgs/include/ur_dashboard_msgs/ur_dashboard_msgs/srv/detail/download_program__builder.hpp
[2.195s] -- Symlinking: /home/administrator/Masterproject2/20_ROS/src/Robots/install/ur_dashboard_msgs/include/ur_dashboard_msgs/ur_dashboard_msgs/srv/detail/download_program__struct.hpp
[2.200s] -- Symlinking: /home/administrator/Masterproject2/20_ROS/src/Robots/install/ur_dashboard_msgs/include/ur_dashboard_msgs/ur_dashboard_msgs/srv/detail/download_program__traits.hpp
[2.205s] -- Symlinking: /home/administrator/Masterproject2/20_ROS/src/Robots/install/ur_dashboard_msgs/include/ur_dashboard_msgs/ur_dashboard_msgs/srv/detail/download_program__type_support.hpp
[2.210s] -- Symlinking: /home/administrator/Masterproject2/20_ROS/src/Robots/install/ur_dashboard_msgs/include/ur_dashboard_msgs/ur_dashboard_msgs/srv/detail/generate_flight_report__builder.hpp
[2.216s] -- Symlinking: /home/administrator/Masterproject2/20_ROS/src/Robots/install/ur_dashboard_msgs/include/ur_dashboard_msgs/ur_dashboard_msgs/srv/detail/generate_flight_report__struct.hpp
[2.221s] -- Symlinking: /home/administrator/Masterproject2/20_ROS/src/Robots/install/ur_dashboard_msgs/include/ur_dashboard_msgs/ur_dashboard_msgs/srv/detail/generate_flight_report__traits.hpp
[2.226s] -- Symlinking: /home/administrator/Masterproject2/20_ROS/src/Robots/install/ur_dashboard_msgs/include/ur_dashboard_msgs/ur_dashboard_msgs/srv/detail/generate_flight_report__type_support.hpp
[2.231s] -- Symlinking: /home/administrator/Masterproject2/20_ROS/src/Robots/install/ur_dashboard_msgs/include/ur_dashboard_msgs/ur_dashboard_msgs/srv/detail/generate_support_file__builder.hpp
[2.237s] -- Symlinking: /home/administrator/Masterproject2/20_ROS/src/Robots/install/ur_dashboard_msgs/include/ur_dashboard_msgs/ur_dashboard_msgs/srv/detail/generate_support_file__struct.hpp
[2.242s] -- Symlinking: /home/administrator/Masterproject2/20_ROS/src/Robots/install/ur_dashboard_msgs/include/ur_dashboard_msgs/ur_dashboard_msgs/srv/detail/generate_support_file__traits.hpp
[2.247s] -- Symlinking: /home/administrator/Masterproject2/20_ROS/src/Robots/install/ur_dashboard_msgs/include/ur_dashboard_msgs/ur_dashboard_msgs/srv/detail/generate_support_file__type_support.hpp
[2.252s] -- Symlinking: /home/administrator/Masterproject2/20_ROS/src/Robots/install/ur_dashboard_msgs/include/ur_dashboard_msgs/ur_dashboard_msgs/srv/detail/get_loaded_program__builder.hpp
[2.257s] -- Symlinking: /home/administrator/Masterproject2/20_ROS/src/Robots/install/ur_dashboard_msgs/include/ur_dashboard_msgs/ur_dashboard_msgs/srv/detail/get_loaded_program__struct.hpp
[2.262s] -- Symlinking: /home/administrator/Masterproject2/20_ROS/src/Robots/install/ur_dashboard_msgs/include/ur_dashboard_msgs/ur_dashboard_msgs/srv/detail/get_loaded_program__traits.hpp
[2.268s] -- Symlinking: /home/administrator/Masterproject2/20_ROS/src/Robots/install/ur_dashboard_msgs/include/ur_dashboard_msgs/ur_dashboard_msgs/srv/detail/get_loaded_program__type_support.hpp
[2.273s] -- Symlinking: /home/administrator/Masterproject2/20_ROS/src/Robots/install/ur_dashboard_msgs/include/ur_dashboard_msgs/ur_dashboard_msgs/srv/detail/get_operational_mode__builder.hpp
[2.279s] -- Symlinking: /home/administrator/Masterproject2/20_ROS/src/Robots/install/ur_dashboard_msgs/include/ur_dashboard_msgs/ur_dashboard_msgs/srv/detail/get_operational_mode__struct.hpp
[2.284s] -- Symlinking: /home/administrator/Masterproject2/20_ROS/src/Robots/install/ur_dashboard_msgs/include/ur_dashboard_msgs/ur_dashboard_msgs/srv/detail/get_operational_mode__traits.hpp
[2.290s] -- Symlinking: /home/administrator/Masterproject2/20_ROS/src/Robots/install/ur_dashboard_msgs/include/ur_dashboard_msgs/ur_dashboard_msgs/srv/detail/get_operational_mode__type_support.hpp
[2.295s] -- Symlinking: /home/administrator/Masterproject2/20_ROS/src/Robots/install/ur_dashboard_msgs/include/ur_dashboard_msgs/ur_dashboard_msgs/srv/detail/get_poly_scope_version__builder.hpp
[2.300s] -- Symlinking: /home/administrator/Masterproject2/20_ROS/src/Robots/install/ur_dashboard_msgs/include/ur_dashboard_msgs/ur_dashboard_msgs/srv/detail/get_poly_scope_version__struct.hpp
[2.306s] -- Symlinking: /home/administrator/Masterproject2/20_ROS/src/Robots/install/ur_dashboard_msgs/include/ur_dashboard_msgs/ur_dashboard_msgs/srv/detail/get_poly_scope_version__traits.hpp
[2.311s] -- Symlinking: /home/administrator/Masterproject2/20_ROS/src/Robots/install/ur_dashboard_msgs/include/ur_dashboard_msgs/ur_dashboard_msgs/srv/detail/get_poly_scope_version__type_support.hpp
[2.317s] -- Symlinking: /home/administrator/Masterproject2/20_ROS/src/Robots/install/ur_dashboard_msgs/include/ur_dashboard_msgs/ur_dashboard_msgs/srv/detail/get_program_state__builder.hpp
[2.322s] -- Symlinking: /home/administrator/Masterproject2/20_ROS/src/Robots/install/ur_dashboard_msgs/include/ur_dashboard_msgs/ur_dashboard_msgs/srv/detail/get_program_state__struct.hpp
[2.326s] -- Symlinking: /home/administrator/Masterproject2/20_ROS/src/Robots/install/ur_dashboard_msgs/include/ur_dashboard_msgs/ur_dashboard_msgs/srv/detail/get_program_state__traits.hpp
[2.332s] -- Symlinking: /home/administrator/Masterproject2/20_ROS/src/Robots/install/ur_dashboard_msgs/include/ur_dashboard_msgs/ur_dashboard_msgs/srv/detail/get_program_state__type_support.hpp
[2.337s] -- Symlinking: /home/administrator/Masterproject2/20_ROS/src/Robots/install/ur_dashboard_msgs/include/ur_dashboard_msgs/ur_dashboard_msgs/srv/detail/get_programs__builder.hpp
[2.343s] -- Symlinking: /home/administrator/Masterproject2/20_ROS/src/Robots/install/ur_dashboard_msgs/include/ur_dashboard_msgs/ur_dashboard_msgs/srv/detail/get_programs__struct.hpp
[2.348s] -- Symlinking: /home/administrator/Masterproject2/20_ROS/src/Robots/install/ur_dashboard_msgs/include/ur_dashboard_msgs/ur_dashboard_msgs/srv/detail/get_programs__traits.hpp
[2.354s] -- Symlinking: /home/administrator/Masterproject2/20_ROS/src/Robots/install/ur_dashboard_msgs/include/ur_dashboard_msgs/ur_dashboard_msgs/srv/detail/get_programs__type_support.hpp
[2.360s] -- Symlinking: /home/administrator/Masterproject2/20_ROS/src/Robots/install/ur_dashboard_msgs/include/ur_dashboard_msgs/ur_dashboard_msgs/srv/detail/get_robot_mode__builder.hpp
[2.365s] -- Symlinking: /home/administrator/Masterproject2/20_ROS/src/Robots/install/ur_dashboard_msgs/include/ur_dashboard_msgs/ur_dashboard_msgs/srv/detail/get_robot_mode__struct.hpp
[2.370s] -- Symlinking: /home/administrator/Masterproject2/20_ROS/src/Robots/install/ur_dashboard_msgs/include/ur_dashboard_msgs/ur_dashboard_msgs/srv/detail/get_robot_mode__traits.hpp
[2.374s] -- Symlinking: /home/administrator/Masterproject2/20_ROS/src/Robots/install/ur_dashboard_msgs/include/ur_dashboard_msgs/ur_dashboard_msgs/srv/detail/get_robot_mode__type_support.hpp
[2.379s] -- Symlinking: /home/administrator/Masterproject2/20_ROS/src/Robots/install/ur_dashboard_msgs/include/ur_dashboard_msgs/ur_dashboard_msgs/srv/detail/get_robot_model__builder.hpp
[2.383s] -- Symlinking: /home/administrator/Masterproject2/20_ROS/src/Robots/install/ur_dashboard_msgs/include/ur_dashboard_msgs/ur_dashboard_msgs/srv/detail/get_robot_model__struct.hpp
[2.388s] -- Symlinking: /home/administrator/Masterproject2/20_ROS/src/Robots/install/ur_dashboard_msgs/include/ur_dashboard_msgs/ur_dashboard_msgs/srv/detail/get_robot_model__traits.hpp
[2.392s] -- Symlinking: /home/administrator/Masterproject2/20_ROS/src/Robots/install/ur_dashboard_msgs/include/ur_dashboard_msgs/ur_dashboard_msgs/srv/detail/get_robot_model__type_support.hpp
[2.397s] -- Symlinking: /home/administrator/Masterproject2/20_ROS/src/Robots/install/ur_dashboard_msgs/include/ur_dashboard_msgs/ur_dashboard_msgs/srv/detail/get_safety_mode__builder.hpp
[2.401s] -- Symlinking: /home/administrator/Masterproject2/20_ROS/src/Robots/install/ur_dashboard_msgs/include/ur_dashboard_msgs/ur_dashboard_msgs/srv/detail/get_safety_mode__struct.hpp
[2.407s] -- Symlinking: /home/administrator/Masterproject2/20_ROS/src/Robots/install/ur_dashboard_msgs/include/ur_dashboard_msgs/ur_dashboard_msgs/srv/detail/get_safety_mode__traits.hpp
[2.412s] -- Symlinking: /home/administrator/Masterproject2/20_ROS/src/Robots/install/ur_dashboard_msgs/include/ur_dashboard_msgs/ur_dashboard_msgs/srv/detail/get_safety_mode__type_support.hpp
[2.417s] -- Symlinking: /home/administrator/Masterproject2/20_ROS/src/Robots/install/ur_dashboard_msgs/include/ur_dashboard_msgs/ur_dashboard_msgs/srv/detail/get_safety_status__builder.hpp
[2.421s] -- Symlinking: /home/administrator/Masterproject2/20_ROS/src/Robots/install/ur_dashboard_msgs/include/ur_dashboard_msgs/ur_dashboard_msgs/srv/detail/get_safety_status__struct.hpp
[2.426s] -- Symlinking: /home/administrator/Masterproject2/20_ROS/src/Robots/install/ur_dashboard_msgs/include/ur_dashboard_msgs/ur_dashboard_msgs/srv/detail/get_safety_status__traits.hpp
[2.430s] -- Symlinking: /home/administrator/Masterproject2/20_ROS/src/Robots/install/ur_dashboard_msgs/include/ur_dashboard_msgs/ur_dashboard_msgs/srv/detail/get_safety_status__type_support.hpp
[2.434s] -- Symlinking: /home/administrator/Masterproject2/20_ROS/src/Robots/install/ur_dashboard_msgs/include/ur_dashboard_msgs/ur_dashboard_msgs/srv/detail/get_serial_number__builder.hpp
[2.439s] -- Symlinking: /home/administrator/Masterproject2/20_ROS/src/Robots/install/ur_dashboard_msgs/include/ur_dashboard_msgs/ur_dashboard_msgs/srv/detail/get_serial_number__struct.hpp
[2.444s] -- Symlinking: /home/administrator/Masterproject2/20_ROS/src/Robots/install/ur_dashboard_msgs/include/ur_dashboard_msgs/ur_dashboard_msgs/srv/detail/get_serial_number__traits.hpp
[2.448s] -- Symlinking: /home/administrator/Masterproject2/20_ROS/src/Robots/install/ur_dashboard_msgs/include/ur_dashboard_msgs/ur_dashboard_msgs/srv/detail/get_serial_number__type_support.hpp
[2.453s] -- Symlinking: /home/administrator/Masterproject2/20_ROS/src/Robots/install/ur_dashboard_msgs/include/ur_dashboard_msgs/ur_dashboard_msgs/srv/detail/get_user_role__builder.hpp
[2.457s] -- Symlinking: /home/administrator/Masterproject2/20_ROS/src/Robots/install/ur_dashboard_msgs/include/ur_dashboard_msgs/ur_dashboard_msgs/srv/detail/get_user_role__struct.hpp
[2.462s] -- Symlinking: /home/administrator/Masterproject2/20_ROS/src/Robots/install/ur_dashboard_msgs/include/ur_dashboard_msgs/ur_dashboard_msgs/srv/detail/get_user_role__traits.hpp
[2.466s] -- Symlinking: /home/administrator/Masterproject2/20_ROS/src/Robots/install/ur_dashboard_msgs/include/ur_dashboard_msgs/ur_dashboard_msgs/srv/detail/get_user_role__type_support.hpp
[2.471s] -- Symlinking: /home/administrator/Masterproject2/20_ROS/src/Robots/install/ur_dashboard_msgs/include/ur_dashboard_msgs/ur_dashboard_msgs/srv/detail/is_in_remote_control__builder.hpp
[2.475s] -- Symlinking: /home/administrator/Masterproject2/20_ROS/src/Robots/install/ur_dashboard_msgs/include/ur_dashboard_msgs/ur_dashboard_msgs/srv/detail/is_in_remote_control__struct.hpp
[2.480s] -- Symlinking: /home/administrator/Masterproject2/20_ROS/src/Robots/install/ur_dashboard_msgs/include/ur_dashboard_msgs/ur_dashboard_msgs/srv/detail/is_in_remote_control__traits.hpp
[2.484s] -- Symlinking: /home/administrator/Masterproject2/20_ROS/src/Robots/install/ur_dashboard_msgs/include/ur_dashboard_msgs/ur_dashboard_msgs/srv/detail/is_in_remote_control__type_support.hpp
[2.488s] -- Symlinking: /home/administrator/Masterproject2/20_ROS/src/Robots/install/ur_dashboard_msgs/include/ur_dashboard_msgs/ur_dashboard_msgs/srv/detail/is_program_running__builder.hpp
[2.493s] -- Symlinking: /home/administrator/Masterproject2/20_ROS/src/Robots/install/ur_dashboard_msgs/include/ur_dashboard_msgs/ur_dashboard_msgs/srv/detail/is_program_running__struct.hpp
[2.497s] -- Symlinking: /home/administrator/Masterproject2/20_ROS/src/Robots/install/ur_dashboard_msgs/include/ur_dashboard_msgs/ur_dashboard_msgs/srv/detail/is_program_running__traits.hpp
[2.503s] -- Symlinking: /home/administrator/Masterproject2/20_ROS/src/Robots/install/ur_dashboard_msgs/include/ur_dashboard_msgs/ur_dashboard_msgs/srv/detail/is_program_running__type_support.hpp
[2.508s] -- Symlinking: /home/administrator/Masterproject2/20_ROS/src/Robots/install/ur_dashboard_msgs/include/ur_dashboard_msgs/ur_dashboard_msgs/srv/detail/is_program_saved__builder.hpp
[2.513s] -- Symlinking: /home/administrator/Masterproject2/20_ROS/src/Robots/install/ur_dashboard_msgs/include/ur_dashboard_msgs/ur_dashboard_msgs/srv/detail/is_program_saved__struct.hpp
[2.518s] -- Symlinking: /home/administrator/Masterproject2/20_ROS/src/Robots/install/ur_dashboard_msgs/include/ur_dashboard_msgs/ur_dashboard_msgs/srv/detail/is_program_saved__traits.hpp
[2.522s] -- Symlinking: /home/administrator/Masterproject2/20_ROS/src/Robots/install/ur_dashboard_msgs/include/ur_dashboard_msgs/ur_dashboard_msgs/srv/detail/is_program_saved__type_support.hpp
[2.527s] -- Symlinking: /home/administrator/Masterproject2/20_ROS/src/Robots/install/ur_dashboard_msgs/include/ur_dashboard_msgs/ur_dashboard_msgs/srv/detail/load__builder.hpp
[2.531s] -- Symlinking: /home/administrator/Masterproject2/20_ROS/src/Robots/install/ur_dashboard_msgs/include/ur_dashboard_msgs/ur_dashboard_msgs/srv/detail/load__struct.hpp
[2.536s] -- Symlinking: /home/administrator/Masterproject2/20_ROS/src/Robots/install/ur_dashboard_msgs/include/ur_dashboard_msgs/ur_dashboard_msgs/srv/detail/load__traits.hpp
[2.541s] -- Symlinking: /home/administrator/Masterproject2/20_ROS/src/Robots/install/ur_dashboard_msgs/include/ur_dashboard_msgs/ur_dashboard_msgs/srv/detail/load__type_support.hpp
[2.545s] -- Symlinking: /home/administrator/Masterproject2/20_ROS/src/Robots/install/ur_dashboard_msgs/include/ur_dashboard_msgs/ur_dashboard_msgs/srv/detail/popup__builder.hpp
[2.549s] -- Symlinking: /home/administrator/Masterproject2/20_ROS/src/Robots/install/ur_dashboard_msgs/include/ur_dashboard_msgs/ur_dashboard_msgs/srv/detail/popup__struct.hpp
[2.553s] -- Symlinking: /home/administrator/Masterproject2/20_ROS/src/Robots/install/ur_dashboard_msgs/include/ur_dashboard_msgs/ur_dashboard_msgs/srv/detail/popup__traits.hpp
[2.558s] -- Symlinking: /home/administrator/Masterproject2/20_ROS/src/Robots/install/ur_dashboard_msgs/include/ur_dashboard_msgs/ur_dashboard_msgs/srv/detail/popup__type_support.hpp
[2.563s] -- Symlinking: /home/administrator/Masterproject2/20_ROS/src/Robots/install/ur_dashboard_msgs/include/ur_dashboard_msgs/ur_dashboard_msgs/srv/detail/raw_request__builder.hpp
[2.567s] -- Symlinking: /home/administrator/Masterproject2/20_ROS/src/Robots/install/ur_dashboard_msgs/include/ur_dashboard_msgs/ur_dashboard_msgs/srv/detail/raw_request__struct.hpp
[2.571s] -- Symlinking: /home/administrator/Masterproject2/20_ROS/src/Robots/install/ur_dashboard_msgs/include/ur_dashboard_msgs/ur_dashboard_msgs/srv/detail/raw_request__traits.hpp
[2.575s] -- Symlinking: /home/administrator/Masterproject2/20_ROS/src/Robots/install/ur_dashboard_msgs/include/ur_dashboard_msgs/ur_dashboard_msgs/srv/detail/raw_request__type_support.hpp
[2.580s] -- Symlinking: /home/administrator/Masterproject2/20_ROS/src/Robots/install/ur_dashboard_msgs/include/ur_dashboard_msgs/ur_dashboard_msgs/srv/detail/set_operational_mode__builder.hpp
[2.584s] -- Symlinking: /home/administrator/Masterproject2/20_ROS/src/Robots/install/ur_dashboard_msgs/include/ur_dashboard_msgs/ur_dashboard_msgs/srv/detail/set_operational_mode__struct.hpp
[2.589s] -- Symlinking: /home/administrator/Masterproject2/20_ROS/src/Robots/install/ur_dashboard_msgs/include/ur_dashboard_msgs/ur_dashboard_msgs/srv/detail/set_operational_mode__traits.hpp
[2.593s] -- Symlinking: /home/administrator/Masterproject2/20_ROS/src/Robots/install/ur_dashboard_msgs/include/ur_dashboard_msgs/ur_dashboard_msgs/srv/detail/set_operational_mode__type_support.hpp
[2.598s] -- Symlinking: /home/administrator/Masterproject2/20_ROS/src/Robots/install/ur_dashboard_msgs/include/ur_dashboard_msgs/ur_dashboard_msgs/srv/detail/set_user_role__builder.hpp
[2.603s] -- Symlinking: /home/administrator/Masterproject2/20_ROS/src/Robots/install/ur_dashboard_msgs/include/ur_dashboard_msgs/ur_dashboard_msgs/srv/detail/set_user_role__struct.hpp
[2.608s] -- Symlinking: /home/administrator/Masterproject2/20_ROS/src/Robots/install/ur_dashboard_msgs/include/ur_dashboard_msgs/ur_dashboard_msgs/srv/detail/set_user_role__traits.hpp
[2.613s] -- Symlinking: /home/administrator/Masterproject2/20_ROS/src/Robots/install/ur_dashboard_msgs/include/ur_dashboard_msgs/ur_dashboard_msgs/srv/detail/set_user_role__type_support.hpp
[2.618s] -- Symlinking: /home/administrator/Masterproject2/20_ROS/src/Robots/install/ur_dashboard_msgs/include/ur_dashboard_msgs/ur_dashboard_msgs/srv/detail/upload_program__builder.hpp
[2.622s] -- Symlinking: /home/administrator/Masterproject2/20_ROS/src/Robots/install/ur_dashboard_msgs/include/ur_dashboard_msgs/ur_dashboard_msgs/srv/detail/upload_program__struct.hpp
[2.626s] -- Symlinking: /home/administrator/Masterproject2/20_ROS/src/Robots/install/ur_dashboard_msgs/include/ur_dashboard_msgs/ur_dashboard_msgs/srv/detail/upload_program__traits.hpp
[2.631s] -- Symlinking: /home/administrator/Masterproject2/20_ROS/src/Robots/install/ur_dashboard_msgs/include/ur_dashboard_msgs/ur_dashboard_msgs/srv/detail/upload_program__type_support.hpp
[2.636s] -- Symlinking: /home/administrator/Masterproject2/20_ROS/src/Robots/install/ur_dashboard_msgs/include/ur_dashboard_msgs/ur_dashboard_msgs/srv/download_program.hpp
[2.641s] -- Symlinking: /home/administrator/Masterproject2/20_ROS/src/Robots/install/ur_dashboard_msgs/include/ur_dashboard_msgs/ur_dashboard_msgs/srv/generate_flight_report.hpp
[2.646s] -- Symlinking: /home/administrator/Masterproject2/20_ROS/src/Robots/install/ur_dashboard_msgs/include/ur_dashboard_msgs/ur_dashboard_msgs/srv/generate_support_file.hpp
[2.650s] -- Symlinking: /home/administrator/Masterproject2/20_ROS/src/Robots/install/ur_dashboard_msgs/include/ur_dashboard_msgs/ur_dashboard_msgs/srv/get_loaded_program.hpp
[2.655s] -- Symlinking: /home/administrator/Masterproject2/20_ROS/src/Robots/install/ur_dashboard_msgs/include/ur_dashboard_msgs/ur_dashboard_msgs/srv/get_operational_mode.hpp
[2.660s] -- Symlinking: /home/administrator/Masterproject2/20_ROS/src/Robots/install/ur_dashboard_msgs/include/ur_dashboard_msgs/ur_dashboard_msgs/srv/get_poly_scope_version.hpp
[2.664s] -- Symlinking: /home/administrator/Masterproject2/20_ROS/src/Robots/install/ur_dashboard_msgs/include/ur_dashboard_msgs/ur_dashboard_msgs/srv/get_program_state.hpp
[2.668s] -- Symlinking: /home/administrator/Masterproject2/20_ROS/src/Robots/install/ur_dashboard_msgs/include/ur_dashboard_msgs/ur_dashboard_msgs/srv/get_programs.hpp
[2.673s] -- Symlinking: /home/administrator/Masterproject2/20_ROS/src/Robots/install/ur_dashboard_msgs/include/ur_dashboard_msgs/ur_dashboard_msgs/srv/get_robot_mode.hpp
[2.677s] -- Symlinking: /home/administrator/Masterproject2/20_ROS/src/Robots/install/ur_dashboard_msgs/include/ur_dashboard_msgs/ur_dashboard_msgs/srv/get_robot_model.hpp
[2.682s] -- Symlinking: /home/administrator/Masterproject2/20_ROS/src/Robots/install/ur_dashboard_msgs/include/ur_dashboard_msgs/ur_dashboard_msgs/srv/get_safety_mode.hpp
[2.686s] -- Symlinking: /home/administrator/Masterproject2/20_ROS/src/Robots/install/ur_dashboard_msgs/include/ur_dashboard_msgs/ur_dashboard_msgs/srv/get_safety_status.hpp
[2.691s] -- Symlinking: /home/administrator/Masterproject2/20_ROS/src/Robots/install/ur_dashboard_msgs/include/ur_dashboard_msgs/ur_dashboard_msgs/srv/get_serial_number.hpp
[2.695s] -- Symlinking: /home/administrator/Masterproject2/20_ROS/src/Robots/install/ur_dashboard_msgs/include/ur_dashboard_msgs/ur_dashboard_msgs/srv/get_user_role.hpp
[2.699s] -- Symlinking: /home/administrator/Masterproject2/20_ROS/src/Robots/install/ur_dashboard_msgs/include/ur_dashboard_msgs/ur_dashboard_msgs/srv/is_in_remote_control.hpp
[2.705s] -- Symlinking: /home/administrator/Masterproject2/20_ROS/src/Robots/install/ur_dashboard_msgs/include/ur_dashboard_msgs/ur_dashboard_msgs/srv/is_program_running.hpp
[2.710s] -- Symlinking: /home/administrator/Masterproject2/20_ROS/src/Robots/install/ur_dashboard_msgs/include/ur_dashboard_msgs/ur_dashboard_msgs/srv/is_program_saved.hpp
[2.714s] -- Symlinking: /home/administrator/Masterproject2/20_ROS/src/Robots/install/ur_dashboard_msgs/include/ur_dashboard_msgs/ur_dashboard_msgs/srv/load.hpp
[2.719s] -- Symlinking: /home/administrator/Masterproject2/20_ROS/src/Robots/install/ur_dashboard_msgs/include/ur_dashboard_msgs/ur_dashboard_msgs/srv/popup.hpp
[2.724s] -- Symlinking: /home/administrator/Masterproject2/20_ROS/src/Robots/install/ur_dashboard_msgs/include/ur_dashboard_msgs/ur_dashboard_msgs/srv/raw_request.hpp
[2.728s] -- Symlinking: /home/administrator/Masterproject2/20_ROS/src/Robots/install/ur_dashboard_msgs/include/ur_dashboard_msgs/ur_dashboard_msgs/srv/set_operational_mode.hpp
[2.732s] -- Symlinking: /home/administrator/Masterproject2/20_ROS/src/Robots/install/ur_dashboard_msgs/include/ur_dashboard_msgs/ur_dashboard_msgs/srv/set_user_role.hpp
[2.737s] -- Symlinking: /home/administrator/Masterproject2/20_ROS/src/Robots/install/ur_dashboard_msgs/include/ur_dashboard_msgs/ur_dashboard_msgs/srv/upload_program.hpp
[2.742s] -- Symlinking: /home/administrator/Masterproject2/20_ROS/src/Robots/install/ur_dashboard_msgs/include/ur_dashboard_msgs/ur_dashboard_msgs/action/detail/set_mode__rosidl_typesupport_fastrtps_cpp.hpp
[2.746s] -- Symlinking: /home/administrator/Masterproject2/20_ROS/src/Robots/install/ur_dashboard_msgs/include/ur_dashboard_msgs/ur_dashboard_msgs/msg/detail/operational_mode__rosidl_typesupport_fastrtps_cpp.hpp
[2.751s] -- Symlinking: /home/administrator/Masterproject2/20_ROS/src/Robots/install/ur_dashboard_msgs/include/ur_dashboard_msgs/ur_dashboard_msgs/msg/detail/program_information__rosidl_typesupport_fastrtps_cpp.hpp
[2.755s] -- Symlinking: /home/administrator/Masterproject2/20_ROS/src/Robots/install/ur_dashboard_msgs/include/ur_dashboard_msgs/ur_dashboard_msgs/msg/detail/program_state__rosidl_typesupport_fastrtps_cpp.hpp
[2.759s] -- Symlinking: /home/administrator/Masterproject2/20_ROS/src/Robots/install/ur_dashboard_msgs/include/ur_dashboard_msgs/ur_dashboard_msgs/msg/detail/robot_mode__rosidl_typesupport_fastrtps_cpp.hpp
[2.764s] -- Symlinking: /home/administrator/Masterproject2/20_ROS/src/Robots/install/ur_dashboard_msgs/include/ur_dashboard_msgs/ur_dashboard_msgs/msg/detail/safety_mode__rosidl_typesupport_fastrtps_cpp.hpp
[2.768s] -- Symlinking: /home/administrator/Masterproject2/20_ROS/src/Robots/install/ur_dashboard_msgs/include/ur_dashboard_msgs/ur_dashboard_msgs/msg/detail/safety_status__rosidl_typesupport_fastrtps_cpp.hpp
[2.773s] -- Symlinking: /home/administrator/Masterproject2/20_ROS/src/Robots/install/ur_dashboard_msgs/include/ur_dashboard_msgs/ur_dashboard_msgs/msg/detail/user_role__rosidl_typesupport_fastrtps_cpp.hpp
[2.777s] -- Symlinking: /home/administrator/Masterproject2/20_ROS/src/Robots/install/ur_dashboard_msgs/include/ur_dashboard_msgs/ur_dashboard_msgs/msg/detail/version_information__rosidl_typesupport_fastrtps_cpp.hpp
[2.782s] -- Symlinking: /home/administrator/Masterproject2/20_ROS/src/Robots/install/ur_dashboard_msgs/include/ur_dashboard_msgs/ur_dashboard_msgs/msg/rosidl_typesupport_fastrtps_cpp__visibility_control.h
[2.786s] -- Symlinking: /home/administrator/Masterproject2/20_ROS/src/Robots/install/ur_dashboard_msgs/include/ur_dashboard_msgs/ur_dashboard_msgs/srv/detail/add_to_log__rosidl_typesupport_fastrtps_cpp.hpp
[2.790s] -- Symlinking: /home/administrator/Masterproject2/20_ROS/src/Robots/install/ur_dashboard_msgs/include/ur_dashboard_msgs/ur_dashboard_msgs/srv/detail/download_program__rosidl_typesupport_fastrtps_cpp.hpp
[2.795s] -- Symlinking: /home/administrator/Masterproject2/20_ROS/src/Robots/install/ur_dashboard_msgs/include/ur_dashboard_msgs/ur_dashboard_msgs/srv/detail/generate_flight_report__rosidl_typesupport_fastrtps_cpp.hpp
[2.799s] -- Symlinking: /home/administrator/Masterproject2/20_ROS/src/Robots/install/ur_dashboard_msgs/include/ur_dashboard_msgs/ur_dashboard_msgs/srv/detail/generate_support_file__rosidl_typesupport_fastrtps_cpp.hpp
[2.804s] -- Symlinking: /home/administrator/Masterproject2/20_ROS/src/Robots/install/ur_dashboard_msgs/include/ur_dashboard_msgs/ur_dashboard_msgs/srv/detail/get_loaded_program__rosidl_typesupport_fastrtps_cpp.hpp
[2.810s] -- Symlinking: /home/administrator/Masterproject2/20_ROS/src/Robots/install/ur_dashboard_msgs/include/ur_dashboard_msgs/ur_dashboard_msgs/srv/detail/get_operational_mode__rosidl_typesupport_fastrtps_cpp.hpp
[2.814s] -- Symlinking: /home/administrator/Masterproject2/20_ROS/src/Robots/install/ur_dashboard_msgs/include/ur_dashboard_msgs/ur_dashboard_msgs/srv/detail/get_poly_scope_version__rosidl_typesupport_fastrtps_cpp.hpp
[2.819s] -- Symlinking: /home/administrator/Masterproject2/20_ROS/src/Robots/install/ur_dashboard_msgs/include/ur_dashboard_msgs/ur_dashboard_msgs/srv/detail/get_program_state__rosidl_typesupport_fastrtps_cpp.hpp
[2.824s] -- Symlinking: /home/administrator/Masterproject2/20_ROS/src/Robots/install/ur_dashboard_msgs/include/ur_dashboard_msgs/ur_dashboard_msgs/srv/detail/get_programs__rosidl_typesupport_fastrtps_cpp.hpp
[2.828s] -- Symlinking: /home/administrator/Masterproject2/20_ROS/src/Robots/install/ur_dashboard_msgs/include/ur_dashboard_msgs/ur_dashboard_msgs/srv/detail/get_robot_mode__rosidl_typesupport_fastrtps_cpp.hpp
[2.833s] -- Symlinking: /home/administrator/Masterproject2/20_ROS/src/Robots/install/ur_dashboard_msgs/include/ur_dashboard_msgs/ur_dashboard_msgs/srv/detail/get_robot_model__rosidl_typesupport_fastrtps_cpp.hpp
[2.838s] -- Symlinking: /home/administrator/Masterproject2/20_ROS/src/Robots/install/ur_dashboard_msgs/include/ur_dashboard_msgs/ur_dashboard_msgs/srv/detail/get_safety_mode__rosidl_typesupport_fastrtps_cpp.hpp
[2.842s] -- Symlinking: /home/administrator/Masterproject2/20_ROS/src/Robots/install/ur_dashboard_msgs/include/ur_dashboard_msgs/ur_dashboard_msgs/srv/detail/get_safety_status__rosidl_typesupport_fastrtps_cpp.hpp
[2.847s] -- Symlinking: /home/administrator/Masterproject2/20_ROS/src/Robots/install/ur_dashboard_msgs/include/ur_dashboard_msgs/ur_dashboard_msgs/srv/detail/get_serial_number__rosidl_typesupport_fastrtps_cpp.hpp
[2.852s] -- Symlinking: /home/administrator/Masterproject2/20_ROS/src/Robots/install/ur_dashboard_msgs/include/ur_dashboard_msgs/ur_dashboard_msgs/srv/detail/get_user_role__rosidl_typesupport_fastrtps_cpp.hpp
[2.857s] -- Symlinking: /home/administrator/Masterproject2/20_ROS/src/Robots/install/ur_dashboard_msgs/include/ur_dashboard_msgs/ur_dashboard_msgs/srv/detail/is_in_remote_control__rosidl_typesupport_fastrtps_cpp.hpp
[2.861s] -- Symlinking: /home/administrator/Masterproject2/20_ROS/src/Robots/install/ur_dashboard_msgs/include/ur_dashboard_msgs/ur_dashboard_msgs/srv/detail/is_program_running__rosidl_typesupport_fastrtps_cpp.hpp
[2.865s] -- Symlinking: /home/administrator/Masterproject2/20_ROS/src/Robots/install/ur_dashboard_msgs/include/ur_dashboard_msgs/ur_dashboard_msgs/srv/detail/is_program_saved__rosidl_typesupport_fastrtps_cpp.hpp
[2.869s] -- Symlinking: /home/administrator/Masterproject2/20_ROS/src/Robots/install/ur_dashboard_msgs/include/ur_dashboard_msgs/ur_dashboard_msgs/srv/detail/load__rosidl_typesupport_fastrtps_cpp.hpp
[2.874s] -- Symlinking: /home/administrator/Masterproject2/20_ROS/src/Robots/install/ur_dashboard_msgs/include/ur_dashboard_msgs/ur_dashboard_msgs/srv/detail/popup__rosidl_typesupport_fastrtps_cpp.hpp
[2.879s] -- Symlinking: /home/administrator/Masterproject2/20_ROS/src/Robots/install/ur_dashboard_msgs/include/ur_dashboard_msgs/ur_dashboard_msgs/srv/detail/raw_request__rosidl_typesupport_fastrtps_cpp.hpp
[2.883s] -- Symlinking: /home/administrator/Masterproject2/20_ROS/src/Robots/install/ur_dashboard_msgs/include/ur_dashboard_msgs/ur_dashboard_msgs/srv/detail/set_operational_mode__rosidl_typesupport_fastrtps_cpp.hpp
[2.888s] -- Symlinking: /home/administrator/Masterproject2/20_ROS/src/Robots/install/ur_dashboard_msgs/include/ur_dashboard_msgs/ur_dashboard_msgs/srv/detail/set_user_role__rosidl_typesupport_fastrtps_cpp.hpp
[2.892s] -- Symlinking: /home/administrator/Masterproject2/20_ROS/src/Robots/install/ur_dashboard_msgs/include/ur_dashboard_msgs/ur_dashboard_msgs/srv/detail/upload_program__rosidl_typesupport_fastrtps_cpp.hpp
[2.897s] -- Symlinking: /home/administrator/Masterproject2/20_ROS/src/Robots/install/ur_dashboard_msgs/include/ur_dashboard_msgs/ur_dashboard_msgs/action/detail/set_mode__rosidl_typesupport_introspection_cpp.hpp
[2.902s] -- Symlinking: /home/administrator/Masterproject2/20_ROS/src/Robots/install/ur_dashboard_msgs/include/ur_dashboard_msgs/ur_dashboard_msgs/msg/detail/operational_mode__rosidl_typesupport_introspection_cpp.hpp
[2.907s] -- Symlinking: /home/administrator/Masterproject2/20_ROS/src/Robots/install/ur_dashboard_msgs/include/ur_dashboard_msgs/ur_dashboard_msgs/msg/detail/program_information__rosidl_typesupport_introspection_cpp.hpp
[2.913s] -- Symlinking: /home/administrator/Masterproject2/20_ROS/src/Robots/install/ur_dashboard_msgs/include/ur_dashboard_msgs/ur_dashboard_msgs/msg/detail/program_state__rosidl_typesupport_introspection_cpp.hpp
[2.917s] -- Symlinking: /home/administrator/Masterproject2/20_ROS/src/Robots/install/ur_dashboard_msgs/include/ur_dashboard_msgs/ur_dashboard_msgs/msg/detail/robot_mode__rosidl_typesupport_introspection_cpp.hpp
[2.922s] -- Symlinking: /home/administrator/Masterproject2/20_ROS/src/Robots/install/ur_dashboard_msgs/include/ur_dashboard_msgs/ur_dashboard_msgs/msg/detail/safety_mode__rosidl_typesupport_introspection_cpp.hpp
[2.926s] -- Symlinking: /home/administrator/Masterproject2/20_ROS/src/Robots/install/ur_dashboard_msgs/include/ur_dashboard_msgs/ur_dashboard_msgs/msg/detail/safety_status__rosidl_typesupport_introspection_cpp.hpp
[2.931s] -- Symlinking: /home/administrator/Masterproject2/20_ROS/src/Robots/install/ur_dashboard_msgs/include/ur_dashboard_msgs/ur_dashboard_msgs/msg/detail/user_role__rosidl_typesupport_introspection_cpp.hpp
[2.935s] -- Symlinking: /home/administrator/Masterproject2/20_ROS/src/Robots/install/ur_dashboard_msgs/include/ur_dashboard_msgs/ur_dashboard_msgs/msg/detail/version_information__rosidl_typesupport_introspection_cpp.hpp
[2.940s] -- Symlinking: /home/administrator/Masterproject2/20_ROS/src/Robots/install/ur_dashboard_msgs/include/ur_dashboard_msgs/ur_dashboard_msgs/srv/detail/add_to_log__rosidl_typesupport_introspection_cpp.hpp
[2.944s] -- Symlinking: /home/administrator/Masterproject2/20_ROS/src/Robots/install/ur_dashboard_msgs/include/ur_dashboard_msgs/ur_dashboard_msgs/srv/detail/download_program__rosidl_typesupport_introspection_cpp.hpp
[2.948s] -- Symlinking: /home/administrator/Masterproject2/20_ROS/src/Robots/install/ur_dashboard_msgs/include/ur_dashboard_msgs/ur_dashboard_msgs/srv/detail/generate_flight_report__rosidl_typesupport_introspection_cpp.hpp
[2.953s] -- Symlinking: /home/administrator/Masterproject2/20_ROS/src/Robots/install/ur_dashboard_msgs/include/ur_dashboard_msgs/ur_dashboard_msgs/srv/detail/generate_support_file__rosidl_typesupport_introspection_cpp.hpp
[2.957s] -- Symlinking: /home/administrator/Masterproject2/20_ROS/src/Robots/install/ur_dashboard_msgs/include/ur_dashboard_msgs/ur_dashboard_msgs/srv/detail/get_loaded_program__rosidl_typesupport_introspection_cpp.hpp
[2.962s] -- Symlinking: /home/administrator/Masterproject2/20_ROS/src/Robots/install/ur_dashboard_msgs/include/ur_dashboard_msgs/ur_dashboard_msgs/srv/detail/get_operational_mode__rosidl_typesupport_introspection_cpp.hpp
[2.966s] -- Symlinking: /home/administrator/Masterproject2/20_ROS/src/Robots/install/ur_dashboard_msgs/include/ur_dashboard_msgs/ur_dashboard_msgs/srv/detail/get_poly_scope_version__rosidl_typesupport_introspection_cpp.hpp
[2.970s] -- Symlinking: /home/administrator/Masterproject2/20_ROS/src/Robots/install/ur_dashboard_msgs/include/ur_dashboard_msgs/ur_dashboard_msgs/srv/detail/get_program_state__rosidl_typesupport_introspection_cpp.hpp
[2.975s] -- Symlinking: /home/administrator/Masterproject2/20_ROS/src/Robots/install/ur_dashboard_msgs/include/ur_dashboard_msgs/ur_dashboard_msgs/srv/detail/get_programs__rosidl_typesupport_introspection_cpp.hpp
[2.979s] -- Symlinking: /home/administrator/Masterproject2/20_ROS/src/Robots/install/ur_dashboard_msgs/include/ur_dashboard_msgs/ur_dashboard_msgs/srv/detail/get_robot_mode__rosidl_typesupport_introspection_cpp.hpp
[2.983s] -- Symlinking: /home/administrator/Masterproject2/20_ROS/src/Robots/install/ur_dashboard_msgs/include/ur_dashboard_msgs/ur_dashboard_msgs/srv/detail/get_robot_model__rosidl_typesupport_introspection_cpp.hpp
[2.988s] -- Symlinking: /home/administrator/Masterproject2/20_ROS/src/Robots/install/ur_dashboard_msgs/include/ur_dashboard_msgs/ur_dashboard_msgs/srv/detail/get_safety_mode__rosidl_typesupport_introspection_cpp.hpp
[2.993s] -- Symlinking: /home/administrator/Masterproject2/20_ROS/src/Robots/install/ur_dashboard_msgs/include/ur_dashboard_msgs/ur_dashboard_msgs/srv/detail/get_safety_status__rosidl_typesupport_introspection_cpp.hpp
[2.997s] -- Symlinking: /home/administrator/Masterproject2/20_ROS/src/Robots/install/ur_dashboard_msgs/include/ur_dashboard_msgs/ur_dashboard_msgs/srv/detail/get_serial_number__rosidl_typesupport_introspection_cpp.hpp
[3.002s] -- Symlinking: /home/administrator/Masterproject2/20_ROS/src/Robots/install/ur_dashboard_msgs/include/ur_dashboard_msgs/ur_dashboard_msgs/srv/detail/get_user_role__rosidl_typesupport_introspection_cpp.hpp
[3.007s] -- Symlinking: /home/administrator/Masterproject2/20_ROS/src/Robots/install/ur_dashboard_msgs/include/ur_dashboard_msgs/ur_dashboard_msgs/srv/detail/is_in_remote_control__rosidl_typesupport_introspection_cpp.hpp
[3.012s] -- Symlinking: /home/administrator/Masterproject2/20_ROS/src/Robots/install/ur_dashboard_msgs/include/ur_dashboard_msgs/ur_dashboard_msgs/srv/detail/is_program_running__rosidl_typesupport_introspection_cpp.hpp
[3.017s] -- Symlinking: /home/administrator/Masterproject2/20_ROS/src/Robots/install/ur_dashboard_msgs/include/ur_dashboard_msgs/ur_dashboard_msgs/srv/detail/is_program_saved__rosidl_typesupport_introspection_cpp.hpp
[3.021s] -- Symlinking: /home/administrator/Masterproject2/20_ROS/src/Robots/install/ur_dashboard_msgs/include/ur_dashboard_msgs/ur_dashboard_msgs/srv/detail/load__rosidl_typesupport_introspection_cpp.hpp
[3.026s] -- Symlinking: /home/administrator/Masterproject2/20_ROS/src/Robots/install/ur_dashboard_msgs/include/ur_dashboard_msgs/ur_dashboard_msgs/srv/detail/popup__rosidl_typesupport_introspection_cpp.hpp
[3.031s] -- Symlinking: /home/administrator/Masterproject2/20_ROS/src/Robots/install/ur_dashboard_msgs/include/ur_dashboard_msgs/ur_dashboard_msgs/srv/detail/raw_request__rosidl_typesupport_introspection_cpp.hpp
[3.035s] -- Symlinking: /home/administrator/Masterproject2/20_ROS/src/Robots/install/ur_dashboard_msgs/include/ur_dashboard_msgs/ur_dashboard_msgs/srv/detail/set_operational_mode__rosidl_typesupport_introspection_cpp.hpp
[3.040s] -- Symlinking: /home/administrator/Masterproject2/20_ROS/src/Robots/install/ur_dashboard_msgs/include/ur_dashboard_msgs/ur_dashboard_msgs/srv/detail/set_user_role__rosidl_typesupport_introspection_cpp.hpp
[3.044s] -- Symlinking: /home/administrator/Masterproject2/20_ROS/src/Robots/install/ur_dashboard_msgs/include/ur_dashboard_msgs/ur_dashboard_msgs/srv/detail/upload_program__rosidl_typesupport_introspection_cpp.hpp
[3.049s] -- Symlinking: /home/administrator/Masterproject2/20_ROS/src/Robots/install/ur_dashboard_msgs/share/ur_dashboard_msgs/environment/pythonpath.sh
[3.053s] -- Symlinking: /home/administrator/Masterproject2/20_ROS/src/Robots/install/ur_dashboard_msgs/share/ur_dashboard_msgs/environment/pythonpath.dsv
[3.058s] -- Symlinking: /home/administrator/Masterproject2/20_ROS/src/Robots/install/ur_dashboard_msgs/lib/python3.12/site-packages/ur_dashboard_msgs-4.8.0-py3.12.egg-info/PKG-INFO
[3.063s] -- Symlinking: /home/administrator/Masterproject2/20_ROS/src/Robots/install/ur_dashboard_msgs/lib/python3.12/site-packages/ur_dashboard_msgs-4.8.0-py3.12.egg-info/SOURCES.txt
[3.067s] -- Symlinking: /home/administrator/Masterproject2/20_ROS/src/Robots/install/ur_dashboard_msgs/lib/python3.12/site-packages/ur_dashboard_msgs-4.8.0-py3.12.egg-info/dependency_links.txt
[3.072s] -- Symlinking: /home/administrator/Masterproject2/20_ROS/src/Robots/install/ur_dashboard_msgs/lib/python3.12/site-packages/ur_dashboard_msgs-4.8.0-py3.12.egg-info/top_level.txt
[3.077s] -- Symlinking: /home/administrator/Masterproject2/20_ROS/src/Robots/install/ur_dashboard_msgs/lib/python3.12/site-packages/ur_dashboard_msgs/__init__.py
[3.082s] -- Symlinking: /home/administrator/Masterproject2/20_ROS/src/Robots/install/ur_dashboard_msgs/lib/python3.12/site-packages/ur_dashboard_msgs/_ur_dashboard_msgs_s.ep.rosidl_typesupport_c.c
[3.086s] -- Symlinking: /home/administrator/Masterproject2/20_ROS/src/Robots/install/ur_dashboard_msgs/lib/python3.12/site-packages/ur_dashboard_msgs/_ur_dashboard_msgs_s.ep.rosidl_typesupport_fastrtps_c.c
[3.091s] -- Symlinking: /home/administrator/Masterproject2/20_ROS/src/Robots/install/ur_dashboard_msgs/lib/python3.12/site-packages/ur_dashboard_msgs/_ur_dashboard_msgs_s.ep.rosidl_typesupport_introspection_c.c
[3.095s] -- Symlinking: /home/administrator/Masterproject2/20_ROS/src/Robots/install/ur_dashboard_msgs/lib/python3.12/site-packages/ur_dashboard_msgs/action/__init__.py
[3.100s] -- Symlinking: /home/administrator/Masterproject2/20_ROS/src/Robots/install/ur_dashboard_msgs/lib/python3.12/site-packages/ur_dashboard_msgs/action/_set_mode.py
[3.105s] -- Symlinking: /home/administrator/Masterproject2/20_ROS/src/Robots/install/ur_dashboard_msgs/lib/python3.12/site-packages/ur_dashboard_msgs/action/_set_mode_s.c
[3.110s] -- Symlinking: /home/administrator/Masterproject2/20_ROS/src/Robots/install/ur_dashboard_msgs/lib/python3.12/site-packages/ur_dashboard_msgs/msg/__init__.py
[3.115s] -- Symlinking: /home/administrator/Masterproject2/20_ROS/src/Robots/install/ur_dashboard_msgs/lib/python3.12/site-packages/ur_dashboard_msgs/msg/_operational_mode.py
[3.120s] -- Symlinking: /home/administrator/Masterproject2/20_ROS/src/Robots/install/ur_dashboard_msgs/lib/python3.12/site-packages/ur_dashboard_msgs/msg/_operational_mode_s.c
[3.124s] -- Symlinking: /home/administrator/Masterproject2/20_ROS/src/Robots/install/ur_dashboard_msgs/lib/python3.12/site-packages/ur_dashboard_msgs/msg/_program_information.py
[3.129s] -- Symlinking: /home/administrator/Masterproject2/20_ROS/src/Robots/install/ur_dashboard_msgs/lib/python3.12/site-packages/ur_dashboard_msgs/msg/_program_information_s.c
[3.133s] -- Symlinking: /home/administrator/Masterproject2/20_ROS/src/Robots/install/ur_dashboard_msgs/lib/python3.12/site-packages/ur_dashboard_msgs/msg/_program_state.py
[3.137s] -- Symlinking: /home/administrator/Masterproject2/20_ROS/src/Robots/install/ur_dashboard_msgs/lib/python3.12/site-packages/ur_dashboard_msgs/msg/_program_state_s.c
[3.142s] -- Symlinking: /home/administrator/Masterproject2/20_ROS/src/Robots/install/ur_dashboard_msgs/lib/python3.12/site-packages/ur_dashboard_msgs/msg/_robot_mode.py
[3.146s] -- Symlinking: /home/administrator/Masterproject2/20_ROS/src/Robots/install/ur_dashboard_msgs/lib/python3.12/site-packages/ur_dashboard_msgs/msg/_robot_mode_s.c
[3.150s] -- Symlinking: /home/administrator/Masterproject2/20_ROS/src/Robots/install/ur_dashboard_msgs/lib/python3.12/site-packages/ur_dashboard_msgs/msg/_safety_mode.py
[3.155s] -- Symlinking: /home/administrator/Masterproject2/20_ROS/src/Robots/install/ur_dashboard_msgs/lib/python3.12/site-packages/ur_dashboard_msgs/msg/_safety_mode_s.c
[3.159s] -- Symlinking: /home/administrator/Masterproject2/20_ROS/src/Robots/install/ur_dashboard_msgs/lib/python3.12/site-packages/ur_dashboard_msgs/msg/_safety_status.py
[3.164s] -- Symlinking: /home/administrator/Masterproject2/20_ROS/src/Robots/install/ur_dashboard_msgs/lib/python3.12/site-packages/ur_dashboard_msgs/msg/_safety_status_s.c
[3.168s] -- Symlinking: /home/administrator/Masterproject2/20_ROS/src/Robots/install/ur_dashboard_msgs/lib/python3.12/site-packages/ur_dashboard_msgs/msg/_user_role.py
[3.172s] -- Symlinking: /home/administrator/Masterproject2/20_ROS/src/Robots/install/ur_dashboard_msgs/lib/python3.12/site-packages/ur_dashboard_msgs/msg/_user_role_s.c
[3.177s] -- Symlinking: /home/administrator/Masterproject2/20_ROS/src/Robots/install/ur_dashboard_msgs/lib/python3.12/site-packages/ur_dashboard_msgs/msg/_version_information.py
[3.181s] -- Symlinking: /home/administrator/Masterproject2/20_ROS/src/Robots/install/ur_dashboard_msgs/lib/python3.12/site-packages/ur_dashboard_msgs/msg/_version_information_s.c
[3.185s] -- Symlinking: /home/administrator/Masterproject2/20_ROS/src/Robots/install/ur_dashboard_msgs/lib/python3.12/site-packages/ur_dashboard_msgs/srv/__init__.py
[3.190s] -- Symlinking: /home/administrator/Masterproject2/20_ROS/src/Robots/install/ur_dashboard_msgs/lib/python3.12/site-packages/ur_dashboard_msgs/srv/_add_to_log.py
[3.194s] -- Symlinking: /home/administrator/Masterproject2/20_ROS/src/Robots/install/ur_dashboard_msgs/lib/python3.12/site-packages/ur_dashboard_msgs/srv/_add_to_log_s.c
[3.198s] -- Symlinking: /home/administrator/Masterproject2/20_ROS/src/Robots/install/ur_dashboard_msgs/lib/python3.12/site-packages/ur_dashboard_msgs/srv/_download_program.py
[3.204s] -- Symlinking: /home/administrator/Masterproject2/20_ROS/src/Robots/install/ur_dashboard_msgs/lib/python3.12/site-packages/ur_dashboard_msgs/srv/_download_program_s.c
[3.209s] -- Symlinking: /home/administrator/Masterproject2/20_ROS/src/Robots/install/ur_dashboard_msgs/lib/python3.12/site-packages/ur_dashboard_msgs/srv/_generate_flight_report.py
[3.214s] -- Symlinking: /home/administrator/Masterproject2/20_ROS/src/Robots/install/ur_dashboard_msgs/lib/python3.12/site-packages/ur_dashboard_msgs/srv/_generate_flight_report_s.c
[3.219s] -- Symlinking: /home/administrator/Masterproject2/20_ROS/src/Robots/install/ur_dashboard_msgs/lib/python3.12/site-packages/ur_dashboard_msgs/srv/_generate_support_file.py
[3.224s] -- Symlinking: /home/administrator/Masterproject2/20_ROS/src/Robots/install/ur_dashboard_msgs/lib/python3.12/site-packages/ur_dashboard_msgs/srv/_generate_support_file_s.c
[3.228s] -- Symlinking: /home/administrator/Masterproject2/20_ROS/src/Robots/install/ur_dashboard_msgs/lib/python3.12/site-packages/ur_dashboard_msgs/srv/_get_loaded_program.py
[3.233s] -- Symlinking: /home/administrator/Masterproject2/20_ROS/src/Robots/install/ur_dashboard_msgs/lib/python3.12/site-packages/ur_dashboard_msgs/srv/_get_loaded_program_s.c
[3.237s] -- Symlinking: /home/administrator/Masterproject2/20_ROS/src/Robots/install/ur_dashboard_msgs/lib/python3.12/site-packages/ur_dashboard_msgs/srv/_get_operational_mode.py
[3.242s] -- Symlinking: /home/administrator/Masterproject2/20_ROS/src/Robots/install/ur_dashboard_msgs/lib/python3.12/site-packages/ur_dashboard_msgs/srv/_get_operational_mode_s.c
[3.246s] -- Symlinking: /home/administrator/Masterproject2/20_ROS/src/Robots/install/ur_dashboard_msgs/lib/python3.12/site-packages/ur_dashboard_msgs/srv/_get_poly_scope_version.py
[3.250s] -- Symlinking: /home/administrator/Masterproject2/20_ROS/src/Robots/install/ur_dashboard_msgs/lib/python3.12/site-packages/ur_dashboard_msgs/srv/_get_poly_scope_version_s.c
[3.255s] -- Symlinking: /home/administrator/Masterproject2/20_ROS/src/Robots/install/ur_dashboard_msgs/lib/python3.12/site-packages/ur_dashboard_msgs/srv/_get_program_state.py
[3.259s] -- Symlinking: /home/administrator/Masterproject2/20_ROS/src/Robots/install/ur_dashboard_msgs/lib/python3.12/site-packages/ur_dashboard_msgs/srv/_get_program_state_s.c
[3.264s] -- Symlinking: /home/administrator/Masterproject2/20_ROS/src/Robots/install/ur_dashboard_msgs/lib/python3.12/site-packages/ur_dashboard_msgs/srv/_get_programs.py
[3.268s] -- Symlinking: /home/administrator/Masterproject2/20_ROS/src/Robots/install/ur_dashboard_msgs/lib/python3.12/site-packages/ur_dashboard_msgs/srv/_get_programs_s.c
[3.272s] -- Symlinking: /home/administrator/Masterproject2/20_ROS/src/Robots/install/ur_dashboard_msgs/lib/python3.12/site-packages/ur_dashboard_msgs/srv/_get_robot_mode.py
[3.277s] -- Symlinking: /home/administrator/Masterproject2/20_ROS/src/Robots/install/ur_dashboard_msgs/lib/python3.12/site-packages/ur_dashboard_msgs/srv/_get_robot_mode_s.c
[3.281s] -- Symlinking: /home/administrator/Masterproject2/20_ROS/src/Robots/install/ur_dashboard_msgs/lib/python3.12/site-packages/ur_dashboard_msgs/srv/_get_robot_model.py
[3.286s] -- Symlinking: /home/administrator/Masterproject2/20_ROS/src/Robots/install/ur_dashboard_msgs/lib/python3.12/site-packages/ur_dashboard_msgs/srv/_get_robot_model_s.c
[3.290s] -- Symlinking: /home/administrator/Masterproject2/20_ROS/src/Robots/install/ur_dashboard_msgs/lib/python3.12/site-packages/ur_dashboard_msgs/srv/_get_safety_mode.py
[3.295s] -- Symlinking: /home/administrator/Masterproject2/20_ROS/src/Robots/install/ur_dashboard_msgs/lib/python3.12/site-packages/ur_dashboard_msgs/srv/_get_safety_mode_s.c
[3.299s] -- Symlinking: /home/administrator/Masterproject2/20_ROS/src/Robots/install/ur_dashboard_msgs/lib/python3.12/site-packages/ur_dashboard_msgs/srv/_get_safety_status.py
[3.305s] -- Symlinking: /home/administrator/Masterproject2/20_ROS/src/Robots/install/ur_dashboard_msgs/lib/python3.12/site-packages/ur_dashboard_msgs/srv/_get_safety_status_s.c
[3.309s] -- Symlinking: /home/administrator/Masterproject2/20_ROS/src/Robots/install/ur_dashboard_msgs/lib/python3.12/site-packages/ur_dashboard_msgs/srv/_get_serial_number.py
[3.314s] -- Symlinking: /home/administrator/Masterproject2/20_ROS/src/Robots/install/ur_dashboard_msgs/lib/python3.12/site-packages/ur_dashboard_msgs/srv/_get_serial_number_s.c
[3.319s] -- Symlinking: /home/administrator/Masterproject2/20_ROS/src/Robots/install/ur_dashboard_msgs/lib/python3.12/site-packages/ur_dashboard_msgs/srv/_get_user_role.py
[3.323s] -- Symlinking: /home/administrator/Masterproject2/20_ROS/src/Robots/install/ur_dashboard_msgs/lib/python3.12/site-packages/ur_dashboard_msgs/srv/_get_user_role_s.c
[3.328s] -- Symlinking: /home/administrator/Masterproject2/20_ROS/src/Robots/install/ur_dashboard_msgs/lib/python3.12/site-packages/ur_dashboard_msgs/srv/_is_in_remote_control.py
[3.332s] -- Symlinking: /home/administrator/Masterproject2/20_ROS/src/Robots/install/ur_dashboard_msgs/lib/python3.12/site-packages/ur_dashboard_msgs/srv/_is_in_remote_control_s.c
[3.337s] -- Symlinking: /home/administrator/Masterproject2/20_ROS/src/Robots/install/ur_dashboard_msgs/lib/python3.12/site-packages/ur_dashboard_msgs/srv/_is_program_running.py
[3.341s] -- Symlinking: /home/administrator/Masterproject2/20_ROS/src/Robots/install/ur_dashboard_msgs/lib/python3.12/site-packages/ur_dashboard_msgs/srv/_is_program_running_s.c
[3.346s] -- Symlinking: /home/administrator/Masterproject2/20_ROS/src/Robots/install/ur_dashboard_msgs/lib/python3.12/site-packages/ur_dashboard_msgs/srv/_is_program_saved.py
[3.350s] -- Symlinking: /home/administrator/Masterproject2/20_ROS/src/Robots/install/ur_dashboard_msgs/lib/python3.12/site-packages/ur_dashboard_msgs/srv/_is_program_saved_s.c
[3.355s] -- Symlinking: /home/administrator/Masterproject2/20_ROS/src/Robots/install/ur_dashboard_msgs/lib/python3.12/site-packages/ur_dashboard_msgs/srv/_load.py
[3.359s] -- Symlinking: /home/administrator/Masterproject2/20_ROS/src/Robots/install/ur_dashboard_msgs/lib/python3.12/site-packages/ur_dashboard_msgs/srv/_load_s.c
[3.364s] -- Symlinking: /home/administrator/Masterproject2/20_ROS/src/Robots/install/ur_dashboard_msgs/lib/python3.12/site-packages/ur_dashboard_msgs/srv/_popup.py
[3.368s] -- Symlinking: /home/administrator/Masterproject2/20_ROS/src/Robots/install/ur_dashboard_msgs/lib/python3.12/site-packages/ur_dashboard_msgs/srv/_popup_s.c
[3.372s] -- Symlinking: /home/administrator/Masterproject2/20_ROS/src/Robots/install/ur_dashboard_msgs/lib/python3.12/site-packages/ur_dashboard_msgs/srv/_raw_request.py
[3.377s] -- Symlinking: /home/administrator/Masterproject2/20_ROS/src/Robots/install/ur_dashboard_msgs/lib/python3.12/site-packages/ur_dashboard_msgs/srv/_raw_request_s.c
[3.381s] -- Symlinking: /home/administrator/Masterproject2/20_ROS/src/Robots/install/ur_dashboard_msgs/lib/python3.12/site-packages/ur_dashboard_msgs/srv/_set_operational_mode.py
[3.385s] -- Symlinking: /home/administrator/Masterproject2/20_ROS/src/Robots/install/ur_dashboard_msgs/lib/python3.12/site-packages/ur_dashboard_msgs/srv/_set_operational_mode_s.c
[3.390s] -- Symlinking: /home/administrator/Masterproject2/20_ROS/src/Robots/install/ur_dashboard_msgs/lib/python3.12/site-packages/ur_dashboard_msgs/srv/_set_user_role.py
[3.394s] -- Symlinking: /home/administrator/Masterproject2/20_ROS/src/Robots/install/ur_dashboard_msgs/lib/python3.12/site-packages/ur_dashboard_msgs/srv/_set_user_role_s.c
[3.398s] -- Symlinking: /home/administrator/Masterproject2/20_ROS/src/Robots/install/ur_dashboard_msgs/lib/python3.12/site-packages/ur_dashboard_msgs/srv/_upload_program.py
[3.404s] -- Symlinking: /home/administrator/Masterproject2/20_ROS/src/Robots/install/ur_dashboard_msgs/lib/python3.12/site-packages/ur_dashboard_msgs/srv/_upload_program_s.c
[3.409s] -- Symlinking: /home/administrator/Masterproject2/20_ROS/src/Robots/install/ur_dashboard_msgs/lib/python3.12/site-packages/ur_dashboard_msgs/ur_dashboard_msgs_s__rosidl_typesupport_c.so
[3.414s] -- Symlinking: /home/administrator/Masterproject2/20_ROS/src/Robots/install/ur_dashboard_msgs/lib/python3.12/site-packages/ur_dashboard_msgs/ur_dashboard_msgs_s__rosidl_typesupport_fastrtps_c.so
[3.418s] -- Symlinking: /home/administrator/Masterproject2/20_ROS/src/Robots/install/ur_dashboard_msgs/lib/python3.12/site-packages/ur_dashboard_msgs/ur_dashboard_msgs_s__rosidl_typesupport_introspection_c.so
[3.423s] -- Up-to-date symlink: /home/administrator/Masterproject2/20_ROS/src/Robots/install/ur_dashboard_msgs/lib/python3.12/site-packages/ur_dashboard_msgs/ur_dashboard_msgs_s__rosidl_typesupport_fastrtps_c.so
[3.423s] -- Up-to-date symlink: /home/administrator/Masterproject2/20_ROS/src/Robots/install/ur_dashboard_msgs/lib/python3.12/site-packages/ur_dashboard_msgs/ur_dashboard_msgs_s__rosidl_typesupport_introspection_c.so
[3.424s] -- Up-to-date symlink: /home/administrator/Masterproject2/20_ROS/src/Robots/install/ur_dashboard_msgs/lib/python3.12/site-packages/ur_dashboard_msgs/ur_dashboard_msgs_s__rosidl_typesupport_c.so
[3.424s] -- Symlinking: /home/administrator/Masterproject2/20_ROS/src/Robots/install/ur_dashboard_msgs/share/ament_index/resource_index/rust_packages/ur_dashboard_msgs
[3.428s] -- Symlinking: /home/administrator/Masterproject2/20_ROS/src/Robots/install/ur_dashboard_msgs/share/ur_dashboard_msgs/rust/Cargo.toml
[3.433s] -- Symlinking: /home/administrator/Masterproject2/20_ROS/src/Robots/install/ur_dashboard_msgs/share/ur_dashboard_msgs/rust/build.rs
[3.438s] -- Symlinking: /home/administrator/Masterproject2/20_ROS/src/Robots/install/ur_dashboard_msgs/share/ur_dashboard_msgs/rust/src/action.rs
[3.442s] -- Symlinking: /home/administrator/Masterproject2/20_ROS/src/Robots/install/ur_dashboard_msgs/share/ur_dashboard_msgs/rust/src/action/rmw.rs
[3.447s] -- Symlinking: /home/administrator/Masterproject2/20_ROS/src/Robots/install/ur_dashboard_msgs/share/ur_dashboard_msgs/rust/src/lib.rs
[3.451s] -- Symlinking: /home/administrator/Masterproject2/20_ROS/src/Robots/install/ur_dashboard_msgs/share/ur_dashboard_msgs/rust/src/msg.rs
[3.455s] -- Symlinking: /home/administrator/Masterproject2/20_ROS/src/Robots/install/ur_dashboard_msgs/share/ur_dashboard_msgs/rust/src/msg/rmw.rs
[3.460s] -- Symlinking: /home/administrator/Masterproject2/20_ROS/src/Robots/install/ur_dashboard_msgs/share/ur_dashboard_msgs/rust/src/srv.rs
[3.464s] -- Symlinking: /home/administrator/Masterproject2/20_ROS/src/Robots/install/ur_dashboard_msgs/share/ur_dashboard_msgs/rust/src/srv/rmw.rs
[3.469s] -- Symlinking: /home/administrator/Masterproject2/20_ROS/src/Robots/install/ur_dashboard_msgs/share/ur_dashboard_msgs/msg/ProgramInformation.idl
[3.473s] -- Symlinking: /home/administrator/Masterproject2/20_ROS/src/Robots/install/ur_dashboard_msgs/share/ur_dashboard_msgs/msg/ProgramState.idl
[3.478s] -- Symlinking: /home/administrator/Masterproject2/20_ROS/src/Robots/install/ur_dashboard_msgs/share/ur_dashboard_msgs/msg/RobotMode.idl
[3.482s] -- Symlinking: /home/administrator/Masterproject2/20_ROS/src/Robots/install/ur_dashboard_msgs/share/ur_dashboard_msgs/msg/SafetyMode.idl
[3.486s] -- Symlinking: /home/administrator/Masterproject2/20_ROS/src/Robots/install/ur_dashboard_msgs/share/ur_dashboard_msgs/msg/OperationalMode.idl
[3.491s] -- Symlinking: /home/administrator/Masterproject2/20_ROS/src/Robots/install/ur_dashboard_msgs/share/ur_dashboard_msgs/msg/UserRole.idl
[3.495s] -- Symlinking: /home/administrator/Masterproject2/20_ROS/src/Robots/install/ur_dashboard_msgs/share/ur_dashboard_msgs/msg/VersionInformation.idl
[3.499s] -- Symlinking: /home/administrator/Masterproject2/20_ROS/src/Robots/install/ur_dashboard_msgs/share/ur_dashboard_msgs/msg/SafetyStatus.idl
[3.504s] -- Symlinking: /home/administrator/Masterproject2/20_ROS/src/Robots/install/ur_dashboard_msgs/share/ur_dashboard_msgs/srv/AddToLog.idl
[3.508s] -- Symlinking: /home/administrator/Masterproject2/20_ROS/src/Robots/install/ur_dashboard_msgs/share/ur_dashboard_msgs/srv/DownloadProgram.idl
[3.513s] -- Symlinking: /home/administrator/Masterproject2/20_ROS/src/Robots/install/ur_dashboard_msgs/share/ur_dashboard_msgs/srv/GetLoadedProgram.idl
[3.518s] -- Symlinking: /home/administrator/Masterproject2/20_ROS/src/Robots/install/ur_dashboard_msgs/share/ur_dashboard_msgs/srv/GetPrograms.idl
[3.523s] -- Symlinking: /home/administrator/Masterproject2/20_ROS/src/Robots/install/ur_dashboard_msgs/share/ur_dashboard_msgs/srv/GetProgramState.idl
[3.528s] -- Symlinking: /home/administrator/Masterproject2/20_ROS/src/Robots/install/ur_dashboard_msgs/share/ur_dashboard_msgs/srv/GetRobotMode.idl
[3.532s] -- Symlinking: /home/administrator/Masterproject2/20_ROS/src/Robots/install/ur_dashboard_msgs/share/ur_dashboard_msgs/srv/GetSafetyMode.idl
[3.537s] -- Symlinking: /home/administrator/Masterproject2/20_ROS/src/Robots/install/ur_dashboard_msgs/share/ur_dashboard_msgs/srv/IsProgramRunning.idl
[3.542s] -- Symlinking: /home/administrator/Masterproject2/20_ROS/src/Robots/install/ur_dashboard_msgs/share/ur_dashboard_msgs/srv/IsProgramSaved.idl
[3.546s] -- Symlinking: /home/administrator/Masterproject2/20_ROS/src/Robots/install/ur_dashboard_msgs/share/ur_dashboard_msgs/srv/Load.idl
[3.551s] -- Symlinking: /home/administrator/Masterproject2/20_ROS/src/Robots/install/ur_dashboard_msgs/share/ur_dashboard_msgs/srv/Popup.idl
[3.555s] -- Symlinking: /home/administrator/Masterproject2/20_ROS/src/Robots/install/ur_dashboard_msgs/share/ur_dashboard_msgs/srv/RawRequest.idl
[3.559s] -- Symlinking: /home/administrator/Masterproject2/20_ROS/src/Robots/install/ur_dashboard_msgs/share/ur_dashboard_msgs/srv/IsInRemoteControl.idl
[3.564s] -- Symlinking: /home/administrator/Masterproject2/20_ROS/src/Robots/install/ur_dashboard_msgs/share/ur_dashboard_msgs/srv/UploadProgram.idl
[3.568s] -- Symlinking: /home/administrator/Masterproject2/20_ROS/src/Robots/install/ur_dashboard_msgs/share/ur_dashboard_msgs/srv/GetPolyScopeVersion.idl
[3.573s] -- Symlinking: /home/administrator/Masterproject2/20_ROS/src/Robots/install/ur_dashboard_msgs/share/ur_dashboard_msgs/srv/GetSerialNumber.idl
[3.577s] -- Symlinking: /home/administrator/Masterproject2/20_ROS/src/Robots/install/ur_dashboard_msgs/share/ur_dashboard_msgs/srv/GetUserRole.idl
[3.582s] -- Symlinking: /home/administrator/Masterproject2/20_ROS/src/Robots/install/ur_dashboard_msgs/share/ur_dashboard_msgs/srv/SetUserRole.idl
[3.586s] -- Symlinking: /home/administrator/Masterproject2/20_ROS/src/Robots/install/ur_dashboard_msgs/share/ur_dashboard_msgs/srv/SetOperationalMode.idl
[3.591s] -- Symlinking: /home/administrator/Masterproject2/20_ROS/src/Robots/install/ur_dashboard_msgs/share/ur_dashboard_msgs/srv/GetOperationalMode.idl
[3.595s] -- Symlinking: /home/administrator/Masterproject2/20_ROS/src/Robots/install/ur_dashboard_msgs/share/ur_dashboard_msgs/srv/GetRobotModel.idl
[3.600s] -- Symlinking: /home/administrator/Masterproject2/20_ROS/src/Robots/install/ur_dashboard_msgs/share/ur_dashboard_msgs/srv/GetSafetyStatus.idl
[3.605s] -- Symlinking: /home/administrator/Masterproject2/20_ROS/src/Robots/install/ur_dashboard_msgs/share/ur_dashboard_msgs/srv/GenerateFlightReport.idl
[3.610s] -- Symlinking: /home/administrator/Masterproject2/20_ROS/src/Robots/install/ur_dashboard_msgs/share/ur_dashboard_msgs/srv/GenerateSupportFile.idl
[3.615s] -- Symlinking: /home/administrator/Masterproject2/20_ROS/src/Robots/install/ur_dashboard_msgs/share/ur_dashboard_msgs/action/SetMode.idl
[3.620s] -- Symlinking: /home/administrator/Masterproject2/20_ROS/src/Robots/install/ur_dashboard_msgs/share/ur_dashboard_msgs/msg/ProgramInformation.msg
[3.625s] -- Symlinking: /home/administrator/Masterproject2/20_ROS/src/Robots/install/ur_dashboard_msgs/share/ur_dashboard_msgs/msg/ProgramState.msg
[3.629s] -- Symlinking: /home/administrator/Masterproject2/20_ROS/src/Robots/install/ur_dashboard_msgs/share/ur_dashboard_msgs/msg/RobotMode.msg
[3.634s] -- Symlinking: /home/administrator/Masterproject2/20_ROS/src/Robots/install/ur_dashboard_msgs/share/ur_dashboard_msgs/msg/SafetyMode.msg
[3.638s] -- Symlinking: /home/administrator/Masterproject2/20_ROS/src/Robots/install/ur_dashboard_msgs/share/ur_dashboard_msgs/msg/OperationalMode.msg
[3.642s] -- Symlinking: /home/administrator/Masterproject2/20_ROS/src/Robots/install/ur_dashboard_msgs/share/ur_dashboard_msgs/msg/UserRole.msg
[3.647s] -- Symlinking: /home/administrator/Masterproject2/20_ROS/src/Robots/install/ur_dashboard_msgs/share/ur_dashboard_msgs/msg/VersionInformation.msg
[3.651s] -- Symlinking: /home/administrator/Masterproject2/20_ROS/src/Robots/install/ur_dashboard_msgs/share/ur_dashboard_msgs/msg/SafetyStatus.msg
[3.656s] -- Symlinking: /home/administrator/Masterproject2/20_ROS/src/Robots/install/ur_dashboard_msgs/share/ur_dashboard_msgs/srv/AddToLog.srv
[3.660s] -- Symlinking: /home/administrator/Masterproject2/20_ROS/src/Robots/install/ur_dashboard_msgs/share/ur_dashboard_msgs/srv/DownloadProgram.srv
[3.665s] -- Symlinking: /home/administrator/Masterproject2/20_ROS/src/Robots/install/ur_dashboard_msgs/share/ur_dashboard_msgs/srv/GetLoadedProgram.srv
[3.669s] -- Symlinking: /home/administrator/Masterproject2/20_ROS/src/Robots/install/ur_dashboard_msgs/share/ur_dashboard_msgs/srv/GetPrograms.srv
[3.674s] -- Symlinking: /home/administrator/Masterproject2/20_ROS/src/Robots/install/ur_dashboard_msgs/share/ur_dashboard_msgs/srv/GetProgramState.srv
[3.678s] -- Symlinking: /home/administrator/Masterproject2/20_ROS/src/Robots/install/ur_dashboard_msgs/share/ur_dashboard_msgs/srv/GetRobotMode.srv
[3.683s] -- Symlinking: /home/administrator/Masterproject2/20_ROS/src/Robots/install/ur_dashboard_msgs/share/ur_dashboard_msgs/srv/GetSafetyMode.srv
[3.687s] -- Symlinking: /home/administrator/Masterproject2/20_ROS/src/Robots/install/ur_dashboard_msgs/share/ur_dashboard_msgs/srv/IsProgramRunning.srv
[3.691s] -- Symlinking: /home/administrator/Masterproject2/20_ROS/src/Robots/install/ur_dashboard_msgs/share/ur_dashboard_msgs/srv/IsProgramSaved.srv
[3.696s] -- Symlinking: /home/administrator/Masterproject2/20_ROS/src/Robots/install/ur_dashboard_msgs/share/ur_dashboard_msgs/srv/Load.srv
[3.700s] -- Symlinking: /home/administrator/Masterproject2/20_ROS/src/Robots/install/ur_dashboard_msgs/share/ur_dashboard_msgs/srv/Popup.srv
[3.706s] -- Symlinking: /home/administrator/Masterproject2/20_ROS/src/Robots/install/ur_dashboard_msgs/share/ur_dashboard_msgs/srv/RawRequest.srv
[3.710s] -- Symlinking: /home/administrator/Masterproject2/20_ROS/src/Robots/install/ur_dashboard_msgs/share/ur_dashboard_msgs/srv/IsInRemoteControl.srv
[3.715s] -- Symlinking: /home/administrator/Masterproject2/20_ROS/src/Robots/install/ur_dashboard_msgs/share/ur_dashboard_msgs/srv/UploadProgram.srv
[3.720s] -- Symlinking: /home/administrator/Masterproject2/20_ROS/src/Robots/install/ur_dashboard_msgs/share/ur_dashboard_msgs/srv/GetPolyScopeVersion.srv
[3.725s] -- Symlinking: /home/administrator/Masterproject2/20_ROS/src/Robots/install/ur_dashboard_msgs/share/ur_dashboard_msgs/srv/GetSerialNumber.srv
[3.729s] -- Symlinking: /home/administrator/Masterproject2/20_ROS/src/Robots/install/ur_dashboard_msgs/share/ur_dashboard_msgs/srv/GetUserRole.srv
[3.734s] -- Symlinking: /home/administrator/Masterproject2/20_ROS/src/Robots/install/ur_dashboard_msgs/share/ur_dashboard_msgs/srv/SetUserRole.srv
[3.738s] -- Symlinking: /home/administrator/Masterproject2/20_ROS/src/Robots/install/ur_dashboard_msgs/share/ur_dashboard_msgs/srv/SetOperationalMode.srv
[3.743s] -- Symlinking: /home/administrator/Masterproject2/20_ROS/src/Robots/install/ur_dashboard_msgs/share/ur_dashboard_msgs/srv/GetOperationalMode.srv
[3.747s] -- Symlinking: /home/administrator/Masterproject2/20_ROS/src/Robots/install/ur_dashboard_msgs/share/ur_dashboard_msgs/srv/GetRobotModel.srv
[3.752s] -- Symlinking: /home/administrator/Masterproject2/20_ROS/src/Robots/install/ur_dashboard_msgs/share/ur_dashboard_msgs/srv/GetSafetyStatus.srv
[3.756s] -- Symlinking: /home/administrator/Masterproject2/20_ROS/src/Robots/install/ur_dashboard_msgs/share/ur_dashboard_msgs/srv/GenerateFlightReport.srv
[3.761s] -- Symlinking: /home/administrator/Masterproject2/20_ROS/src/Robots/install/ur_dashboard_msgs/share/ur_dashboard_msgs/srv/GenerateSupportFile.srv
[3.765s] -- Symlinking: /home/administrator/Masterproject2/20_ROS/src/Robots/install/ur_dashboard_msgs/share/ur_dashboard_msgs/action/SetMode.action
[3.769s] -- Symlinking: /home/administrator/Masterproject2/20_ROS/src/Robots/install/ur_dashboard_msgs/share/ament_index/resource_index/package_run_dependencies/ur_dashboard_msgs
[3.774s] -- Symlinking: /home/administrator/Masterproject2/20_ROS/src/Robots/install/ur_dashboard_msgs/share/ament_index/resource_index/parent_prefix_path/ur_dashboard_msgs
[3.779s] -- Symlinking: /home/administrator/Masterproject2/20_ROS/src/Robots/install/ur_dashboard_msgs/share/ur_dashboard_msgs/environment/ament_prefix_path.sh
[3.783s] -- Symlinking: /home/administrator/Masterproject2/20_ROS/src/Robots/install/ur_dashboard_msgs/share/ur_dashboard_msgs/environment/ament_prefix_path.dsv
[3.788s] -- Symlinking: /home/administrator/Masterproject2/20_ROS/src/Robots/install/ur_dashboard_msgs/share/ur_dashboard_msgs/environment/path.sh
[3.793s] -- Symlinking: /home/administrator/Masterproject2/20_ROS/src/Robots/install/ur_dashboard_msgs/share/ur_dashboard_msgs/environment/path.dsv
[3.797s] -- Symlinking: /home/administrator/Masterproject2/20_ROS/src/Robots/install/ur_dashboard_msgs/share/ur_dashboard_msgs/local_setup.bash
[3.801s] -- Symlinking: /home/administrator/Masterproject2/20_ROS/src/Robots/install/ur_dashboard_msgs/share/ur_dashboard_msgs/local_setup.sh
[3.807s] -- Symlinking: /home/administrator/Masterproject2/20_ROS/src/Robots/install/ur_dashboard_msgs/share/ur_dashboard_msgs/local_setup.zsh
[3.812s] -- Symlinking: /home/administrator/Masterproject2/20_ROS/src/Robots/install/ur_dashboard_msgs/share/ur_dashboard_msgs/local_setup.dsv
[3.817s] -- Symlinking: /home/administrator/Masterproject2/20_ROS/src/Robots/install/ur_dashboard_msgs/share/ur_dashboard_msgs/package.dsv
[3.821s] -- Symlinking: /home/administrator/Masterproject2/20_ROS/src/Robots/install/ur_dashboard_msgs/share/ament_index/resource_index/packages/ur_dashboard_msgs
[3.826s] -- Symlinking: /home/administrator/Masterproject2/20_ROS/src/Robots/install/ur_dashboard_msgs/share/ur_dashboard_msgs/cmake/rosidl_cmake-extras.cmake
[3.831s] -- Symlinking: /home/administrator/Masterproject2/20_ROS/src/Robots/install/ur_dashboard_msgs/share/ur_dashboard_msgs/cmake/ament_cmake_export_dependencies-extras.cmake
[3.835s] -- Symlinking: /home/administrator/Masterproject2/20_ROS/src/Robots/install/ur_dashboard_msgs/share/ur_dashboard_msgs/cmake/ament_cmake_export_include_directories-extras.cmake
[3.840s] -- Symlinking: /home/administrator/Masterproject2/20_ROS/src/Robots/install/ur_dashboard_msgs/share/ur_dashboard_msgs/cmake/ament_cmake_export_libraries-extras.cmake
[3.844s] -- Symlinking: /home/administrator/Masterproject2/20_ROS/src/Robots/install/ur_dashboard_msgs/share/ur_dashboard_msgs/cmake/ament_cmake_export_targets-extras.cmake
[3.849s] -- Symlinking: /home/administrator/Masterproject2/20_ROS/src/Robots/install/ur_dashboard_msgs/share/ur_dashboard_msgs/cmake/rosidl_cmake_export_typesupport_targets-extras.cmake
[3.854s] -- Symlinking: /home/administrator/Masterproject2/20_ROS/src/Robots/install/ur_dashboard_msgs/share/ur_dashboard_msgs/cmake/rosidl_cmake_export_typesupport_libraries-extras.cmake
[3.858s] -- Symlinking: /home/administrator/Masterproject2/20_ROS/src/Robots/install/ur_dashboard_msgs/share/ur_dashboard_msgs/cmake/ur_dashboard_msgsConfig.cmake
[3.863s] -- Symlinking: /home/administrator/Masterproject2/20_ROS/src/Robots/install/ur_dashboard_msgs/share/ur_dashboard_msgs/cmake/ur_dashboard_msgsConfig-version.cmake
[3.867s] -- Symlinking: /home/administrator/Masterproject2/20_ROS/src/Robots/install/ur_dashboard_msgs/share/ur_dashboard_msgs/package.xml
[3.872s] -- Installing: /home/administrator/Masterproject2/20_ROS/src/Robots/install/ur_dashboard_msgs/lib/libur_dashboard_msgs__rosidl_generator_c.so
[3.873s] -- Set non-toolchain portion of runtime path of "/home/administrator/Masterproject2/20_ROS/src/Robots/install/ur_dashboard_msgs/lib/libur_dashboard_msgs__rosidl_generator_c.so" to ""
[3.873s] -- Installing: /home/administrator/Masterproject2/20_ROS/src/Robots/install/ur_dashboard_msgs/lib/libur_dashboard_msgs__rosidl_typesupport_fastrtps_c.so
[3.873s] -- Set non-toolchain portion of runtime path of "/home/administrator/Masterproject2/20_ROS/src/Robots/install/ur_dashboard_msgs/lib/libur_dashboard_msgs__rosidl_typesupport_fastrtps_c.so" to ""
[3.873s] -- Installing: /home/administrator/Masterproject2/20_ROS/src/Robots/install/ur_dashboard_msgs/lib/libur_dashboard_msgs__rosidl_typesupport_introspection_c.so
[3.874s] -- Set non-toolchain portion of runtime path of "/home/administrator/Masterproject2/20_ROS/src/Robots/install/ur_dashboard_msgs/lib/libur_dashboard_msgs__rosidl_typesupport_introspection_c.so" to ""
[3.874s] -- Installing: /home/administrator/Masterproject2/20_ROS/src/Robots/install/ur_dashboard_msgs/lib/libur_dashboard_msgs__rosidl_typesupport_c.so
[3.874s] -- Set non-toolchain portion of runtime path of "/home/administrator/Masterproject2/20_ROS/src/Robots/install/ur_dashboard_msgs/lib/libur_dashboard_msgs__rosidl_typesupport_c.so" to ""
[3.874s] -- Installing: /home/administrator/Masterproject2/20_ROS/src/Robots/install/ur_dashboard_msgs/lib/libur_dashboard_msgs__rosidl_typesupport_fastrtps_cpp.so
[3.876s] -- Set non-toolchain portion of runtime path of "/home/administrator/Masterproject2/20_ROS/src/Robots/install/ur_dashboard_msgs/lib/libur_dashboard_msgs__rosidl_typesupport_fastrtps_cpp.so" to ""
[3.876s] -- Installing: /home/administrator/Masterproject2/20_ROS/src/Robots/install/ur_dashboard_msgs/lib/libur_dashboard_msgs__rosidl_typesupport_introspection_cpp.so
[3.877s] -- Set non-toolchain portion of runtime path of "/home/administrator/Masterproject2/20_ROS/src/Robots/install/ur_dashboard_msgs/lib/libur_dashboard_msgs__rosidl_typesupport_introspection_cpp.so" to ""
[3.877s] -- Installing: /home/administrator/Masterproject2/20_ROS/src/Robots/install/ur_dashboard_msgs/lib/libur_dashboard_msgs__rosidl_typesupport_cpp.so
[3.878s] -- Set non-toolchain portion of runtime path of "/home/administrator/Masterproject2/20_ROS/src/Robots/install/ur_dashboard_msgs/lib/libur_dashboard_msgs__rosidl_typesupport_cpp.so" to ""
[3.967s] Listing '/home/administrator/Masterproject2/20_ROS/src/Robots/install/ur_dashboard_msgs/lib/python3.12/site-packages/ur_dashboard_msgs'...
[3.968s] Compiling '/home/administrator/Masterproject2/20_ROS/src/Robots/install/ur_dashboard_msgs/lib/python3.12/site-packages/ur_dashboard_msgs/__init__.py'...
[3.968s] Listing '/home/administrator/Masterproject2/20_ROS/src/Robots/install/ur_dashboard_msgs/lib/python3.12/site-packages/ur_dashboard_msgs/action'...
[3.968s] Compiling '/home/administrator/Masterproject2/20_ROS/src/Robots/install/ur_dashboard_msgs/lib/python3.12/site-packages/ur_dashboard_msgs/action/__init__.py'...
[3.968s] Compiling '/home/administrator/Masterproject2/20_ROS/src/Robots/install/ur_dashboard_msgs/lib/python3.12/site-packages/ur_dashboard_msgs/action/_set_mode.py'...
[3.968s] Listing '/home/administrator/Masterproject2/20_ROS/src/Robots/install/ur_dashboard_msgs/lib/python3.12/site-packages/ur_dashboard_msgs/msg'...
[3.968s] Compiling '/home/administrator/Masterproject2/20_ROS/src/Robots/install/ur_dashboard_msgs/lib/python3.12/site-packages/ur_dashboard_msgs/msg/__init__.py'...
[3.968s] Compiling '/home/administrator/Masterproject2/20_ROS/src/Robots/install/ur_dashboard_msgs/lib/python3.12/site-packages/ur_dashboard_msgs/msg/_operational_mode.py'...
[3.968s] Compiling '/home/administrator/Masterproject2/20_ROS/src/Robots/install/ur_dashboard_msgs/lib/python3.12/site-packages/ur_dashboard_msgs/msg/_program_information.py'...
[3.968s] Compiling '/home/administrator/Masterproject2/20_ROS/src/Robots/install/ur_dashboard_msgs/lib/python3.12/site-packages/ur_dashboard_msgs/msg/_program_state.py'...
[3.968s] Compiling '/home/administrator/Masterproject2/20_ROS/src/Robots/install/ur_dashboard_msgs/lib/python3.12/site-packages/ur_dashboard_msgs/msg/_robot_mode.py'...
[3.968s] Compiling '/home/administrator/Masterproject2/20_ROS/src/Robots/install/ur_dashboard_msgs/lib/python3.12/site-packages/ur_dashboard_msgs/msg/_safety_mode.py'...
[3.968s] Compiling '/home/administrator/Masterproject2/20_ROS/src/Robots/install/ur_dashboard_msgs/lib/python3.12/site-packages/ur_dashboard_msgs/msg/_safety_status.py'...
[3.968s] Compiling '/home/administrator/Masterproject2/20_ROS/src/Robots/install/ur_dashboard_msgs/lib/python3.12/site-packages/ur_dashboard_msgs/msg/_user_role.py'...
[3.969s] Compiling '/home/administrator/Masterproject2/20_ROS/src/Robots/install/ur_dashboard_msgs/lib/python3.12/site-packages/ur_dashboard_msgs/msg/_version_information.py'...
[3.969s] Listing '/home/administrator/Masterproject2/20_ROS/src/Robots/install/ur_dashboard_msgs/lib/python3.12/site-packages/ur_dashboard_msgs/srv'...
[3.969s] Compiling '/home/administrator/Masterproject2/20_ROS/src/Robots/install/ur_dashboard_msgs/lib/python3.12/site-packages/ur_dashboard_msgs/srv/__init__.py'...
[3.969s] Compiling '/home/administrator/Masterproject2/20_ROS/src/Robots/install/ur_dashboard_msgs/lib/python3.12/site-packages/ur_dashboard_msgs/srv/_add_to_log.py'...
[3.969s] Compiling '/home/administrator/Masterproject2/20_ROS/src/Robots/install/ur_dashboard_msgs/lib/python3.12/site-packages/ur_dashboard_msgs/srv/_download_program.py'...
[3.969s] Compiling '/home/administrator/Masterproject2/20_ROS/src/Robots/install/ur_dashboard_msgs/lib/python3.12/site-packages/ur_dashboard_msgs/srv/_generate_flight_report.py'...
[3.969s] Compiling '/home/administrator/Masterproject2/20_ROS/src/Robots/install/ur_dashboard_msgs/lib/python3.12/site-packages/ur_dashboard_msgs/srv/_generate_support_file.py'...
[3.969s] Compiling '/home/administrator/Masterproject2/20_ROS/src/Robots/install/ur_dashboard_msgs/lib/python3.12/site-packages/ur_dashboard_msgs/srv/_get_loaded_program.py'...
[3.969s] Compiling '/home/administrator/Masterproject2/20_ROS/src/Robots/install/ur_dashboard_msgs/lib/python3.12/site-packages/ur_dashboard_msgs/srv/_get_operational_mode.py'...
[3.969s] Compiling '/home/administrator/Masterproject2/20_ROS/src/Robots/install/ur_dashboard_msgs/lib/python3.12/site-packages/ur_dashboard_msgs/srv/_get_poly_scope_version.py'...
[3.969s] Compiling '/home/administrator/Masterproject2/20_ROS/src/Robots/install/ur_dashboard_msgs/lib/python3.12/site-packages/ur_dashboard_msgs/srv/_get_program_state.py'...
[3.969s] Compiling '/home/administrator/Masterproject2/20_ROS/src/Robots/install/ur_dashboard_msgs/lib/python3.12/site-packages/ur_dashboard_msgs/srv/_get_programs.py'...
[3.969s] Compiling '/home/administrator/Masterproject2/20_ROS/src/Robots/install/ur_dashboard_msgs/lib/python3.12/site-packages/ur_dashboard_msgs/srv/_get_robot_mode.py'...
[3.969s] Compiling '/home/administrator/Masterproject2/20_ROS/src/Robots/install/ur_dashboard_msgs/lib/python3.12/site-packages/ur_dashboard_msgs/srv/_get_robot_model.py'...
[3.970s] Compiling '/home/administrator/Masterproject2/20_ROS/src/Robots/install/ur_dashboard_msgs/lib/python3.12/site-packages/ur_dashboard_msgs/srv/_get_safety_mode.py'...
[3.970s] Compiling '/home/administrator/Masterproject2/20_ROS/src/Robots/install/ur_dashboard_msgs/lib/python3.12/site-packages/ur_dashboard_msgs/srv/_get_safety_status.py'...
[3.970s] Compiling '/home/administrator/Masterproject2/20_ROS/src/Robots/install/ur_dashboard_msgs/lib/python3.12/site-packages/ur_dashboard_msgs/srv/_get_serial_number.py'...
[3.970s] Compiling '/home/administrator/Masterproject2/20_ROS/src/Robots/install/ur_dashboard_msgs/lib/python3.12/site-packages/ur_dashboard_msgs/srv/_get_user_role.py'...
[3.970s] Compiling '/home/administrator/Masterproject2/20_ROS/src/Robots/install/ur_dashboard_msgs/lib/python3.12/site-packages/ur_dashboard_msgs/srv/_is_in_remote_control.py'...
[3.970s] Compiling '/home/administrator/Masterproject2/20_ROS/src/Robots/install/ur_dashboard_msgs/lib/python3.12/site-packages/ur_dashboard_msgs/srv/_is_program_running.py'...
[3.970s] Compiling '/home/administrator/Masterproject2/20_ROS/src/Robots/install/ur_dashboard_msgs/lib/python3.12/site-packages/ur_dashboard_msgs/srv/_is_program_saved.py'...
[3.970s] Compiling '/home/administrator/Masterproject2/20_ROS/src/Robots/install/ur_dashboard_msgs/lib/python3.12/site-packages/ur_dashboard_msgs/srv/_load.py'...
[3.970s] Compiling '/home/administrator/Masterproject2/20_ROS/src/Robots/install/ur_dashboard_msgs/lib/python3.12/site-packages/ur_dashboard_msgs/srv/_popup.py'...
[3.970s] Compiling '/home/administrator/Masterproject2/20_ROS/src/Robots/install/ur_dashboard_msgs/lib/python3.12/site-packages/ur_dashboard_msgs/srv/_raw_request.py'...
[3.970s] Compiling '/home/administrator/Masterproject2/20_ROS/src/Robots/install/ur_dashboard_msgs/lib/python3.12/site-packages/ur_dashboard_msgs/srv/_set_operational_mode.py'...
[3.970s] Compiling '/home/administrator/Masterproject2/20_ROS/src/Robots/install/ur_dashboard_msgs/lib/python3.12/site-packages/ur_dashboard_msgs/srv/_set_user_role.py'...
[3.970s] Compiling '/home/administrator/Masterproject2/20_ROS/src/Robots/install/ur_dashboard_msgs/lib/python3.12/site-packages/ur_dashboard_msgs/srv/_upload_program.py'...
[3.971s] -- Installing: /home/administrator/Masterproject2/20_ROS/src/Robots/install/ur_dashboard_msgs/lib/libur_dashboard_msgs__rosidl_generator_py.so
[3.972s] -- Set non-toolchain portion of runtime path of "/home/administrator/Masterproject2/20_ROS/src/Robots/install/ur_dashboard_msgs/lib/libur_dashboard_msgs__rosidl_generator_py.so" to ""
[3.972s] -- Installing: /home/administrator/Masterproject2/20_ROS/src/Robots/install/ur_dashboard_msgs/share/ur_dashboard_msgs/cmake/export_ur_dashboard_msgs__rosidl_generator_cExport.cmake
[3.973s] -- Installing: /home/administrator/Masterproject2/20_ROS/src/Robots/install/ur_dashboard_msgs/share/ur_dashboard_msgs/cmake/export_ur_dashboard_msgs__rosidl_generator_cExport-noconfig.cmake
[3.973s] -- Installing: /home/administrator/Masterproject2/20_ROS/src/Robots/install/ur_dashboard_msgs/share/ur_dashboard_msgs/cmake/export_ur_dashboard_msgs__rosidl_typesupport_fastrtps_cExport.cmake
[3.973s] -- Installing: /home/administrator/Masterproject2/20_ROS/src/Robots/install/ur_dashboard_msgs/share/ur_dashboard_msgs/cmake/export_ur_dashboard_msgs__rosidl_typesupport_fastrtps_cExport-noconfig.cmake
[3.973s] -- Installing: /home/administrator/Masterproject2/20_ROS/src/Robots/install/ur_dashboard_msgs/share/ur_dashboard_msgs/cmake/ur_dashboard_msgs__rosidl_typesupport_introspection_cExport.cmake
[3.973s] -- Installing: /home/administrator/Masterproject2/20_ROS/src/Robots/install/ur_dashboard_msgs/share/ur_dashboard_msgs/cmake/ur_dashboard_msgs__rosidl_typesupport_introspection_cExport-noconfig.cmake
[3.974s] -- Installing: /home/administrator/Masterproject2/20_ROS/src/Robots/install/ur_dashboard_msgs/share/ur_dashboard_msgs/cmake/ur_dashboard_msgs__rosidl_typesupport_cExport.cmake
[3.974s] -- Installing: /home/administrator/Masterproject2/20_ROS/src/Robots/install/ur_dashboard_msgs/share/ur_dashboard_msgs/cmake/ur_dashboard_msgs__rosidl_typesupport_cExport-noconfig.cmake
[3.974s] -- Installing: /home/administrator/Masterproject2/20_ROS/src/Robots/install/ur_dashboard_msgs/share/ur_dashboard_msgs/cmake/export_ur_dashboard_msgs__rosidl_generator_cppExport.cmake
[3.974s] -- Installing: /home/administrator/Masterproject2/20_ROS/src/Robots/install/ur_dashboard_msgs/share/ur_dashboard_msgs/cmake/export_ur_dashboard_msgs__rosidl_typesupport_fastrtps_cppExport.cmake
[3.974s] -- Installing: /home/administrator/Masterproject2/20_ROS/src/Robots/install/ur_dashboard_msgs/share/ur_dashboard_msgs/cmake/export_ur_dashboard_msgs__rosidl_typesupport_fastrtps_cppExport-noconfig.cmake
[3.974s] -- Installing: /home/administrator/Masterproject2/20_ROS/src/Robots/install/ur_dashboard_msgs/share/ur_dashboard_msgs/cmake/ur_dashboard_msgs__rosidl_typesupport_introspection_cppExport.cmake
[3.974s] -- Installing: /home/administrator/Masterproject2/20_ROS/src/Robots/install/ur_dashboard_msgs/share/ur_dashboard_msgs/cmake/ur_dashboard_msgs__rosidl_typesupport_introspection_cppExport-noconfig.cmake
[3.975s] -- Installing: /home/administrator/Masterproject2/20_ROS/src/Robots/install/ur_dashboard_msgs/share/ur_dashboard_msgs/cmake/ur_dashboard_msgs__rosidl_typesupport_cppExport.cmake
[3.975s] -- Installing: /home/administrator/Masterproject2/20_ROS/src/Robots/install/ur_dashboard_msgs/share/ur_dashboard_msgs/cmake/ur_dashboard_msgs__rosidl_typesupport_cppExport-noconfig.cmake
[3.975s] -- Installing: /home/administrator/Masterproject2/20_ROS/src/Robots/install/ur_dashboard_msgs/share/ur_dashboard_msgs/cmake/export_ur_dashboard_msgs__rosidl_generator_pyExport.cmake
[3.975s] -- Installing: /home/administrator/Masterproject2/20_ROS/src/Robots/install/ur_dashboard_msgs/share/ur_dashboard_msgs/cmake/export_ur_dashboard_msgs__rosidl_generator_pyExport-noconfig.cmake
