[0.052s] DEBUG:colcon:Command line arguments: ['/usr/bin/colcon', 'build']
[0.052s] DEBUG:colcon:Parsed command line arguments: Namespace(log_base=None, log_level=None, verb_name='build', build_base='build', install_base='install', merge_install=False, symlink_install=False, test_result_base=None, continue_on_error=False, executor='parallel', parallel_workers=14, event_handlers=None, ignore_user_meta=False, metas=['./colcon.meta'], base_paths=['.'], packages_ignore=None, packages_ignore_regex=None, paths=None, packages_up_to=None, packages_up_to_regex=None, packages_above=None, packages_above_and_dependencies=None, packages_above_depth=None, packages_select_by_dep=None, packages_skip_by_dep=None, packages_skip_up_to=None, packages_select_build_failed=False, packages_skip_build_finished=False, packages_select_test_failures=False, packages_skip_test_passed=False, packages_select=None, packages_skip=None, packages_select_regex=None, packages_skip_regex=None, packages_start=None, packages_end=None, allow_overriding=[], cmake_args=None, cmake_target=None, cmake_target_skip_unavailable=False, cmake_clean_cache=False, cmake_clean_first=False, cmake_force_configure=False, ament_cmake_args=None, catkin_cmake_args=None, catkin_skip_building_tests=False, mixin_files=None, mixin=None, verb_parser=<colcon_mixin.mixin.mixin_argument.MixinArgumentDecorator object at 0x73094c263f80>, verb_extension=<colcon_core.verb.build.BuildVerb object at 0x73094c263c80>, main=<bound method BuildVerb.main of <colcon_core.verb.build.BuildVerb object at 0x73094c263c80>>, mixin_verb=('build',))
[0.071s] Level 1:colcon.colcon_core.package_discovery:discover_packages(colcon_meta) check parameters
[0.071s] Level 1:colcon.colcon_core.package_discovery:discover_packages(recursive) check parameters
[0.071s] Level 1:colcon.colcon_core.package_discovery:discover_packages(ignore) check parameters
[0.071s] Level 1:colcon.colcon_core.package_discovery:discover_packages(path) check parameters
[0.071s] Level 1:colcon.colcon_core.package_discovery:discover_packages(colcon_meta) discover
[0.071s] Level 1:colcon.colcon_core.package_discovery:discover_packages(recursive) discover
[0.071s] INFO:colcon.colcon_core.package_discovery:Crawling recursively for packages in '/home/administrator/Masterproject2/20_ROS/src/Robots'
[0.071s] Level 1:colcon.colcon_core.package_identification:_identify(.) by extensions ['ignore', 'ignore_ament_install']
[0.071s] Level 1:colcon.colcon_core.package_identification:_identify(.) by extension 'ignore'
[0.071s] Level 1:colcon.colcon_core.package_identification:_identify(.) by extension 'ignore_ament_install'
[0.071s] Level 1:colcon.colcon_core.package_identification:_identify(.) by extensions ['colcon_pkg']
[0.071s] Level 1:colcon.colcon_core.package_identification:_identify(.) by extension 'colcon_pkg'
[0.071s] Level 1:colcon.colcon_core.package_identification:_identify(.) by extensions ['colcon_meta']
[0.071s] Level 1:colcon.colcon_core.package_identification:_identify(.) by extension 'colcon_meta'
[0.071s] Level 1:colcon.colcon_core.package_identification:_identify(.) by extensions ['ros']
[0.071s] Level 1:colcon.colcon_core.package_identification:_identify(.) by extension 'ros'
[0.084s] Level 1:colcon.colcon_core.package_identification:_identify(.) by extensions ['cmake', 'python']
[0.084s] Level 1:colcon.colcon_core.package_identification:_identify(.) by extension 'cmake'
[0.084s] Level 1:colcon.colcon_core.package_identification:_identify(.) by extension 'python'
[0.084s] Level 1:colcon.colcon_core.package_identification:_identify(.) by extensions ['python_setup_py']
[0.084s] Level 1:colcon.colcon_core.package_identification:_identify(.) by extension 'python_setup_py'
[0.084s] Level 1:colcon.colcon_core.package_identification:_identify(MIR) by extensions ['ignore', 'ignore_ament_install']
[0.084s] Level 1:colcon.colcon_core.package_identification:_identify(MIR) by extension 'ignore'
[0.084s] Level 1:colcon.colcon_core.package_identification:_identify(MIR) by extension 'ignore_ament_install'
[0.084s] Level 1:colcon.colcon_core.package_identification:_identify(MIR) by extensions ['colcon_pkg']
[0.084s] Level 1:colcon.colcon_core.package_identification:_identify(MIR) by extension 'colcon_pkg'
[0.084s] Level 1:colcon.colcon_core.package_identification:_identify(MIR) by extensions ['colcon_meta']
[0.084s] Level 1:colcon.colcon_core.package_identification:_identify(MIR) by extension 'colcon_meta'
[0.084s] Level 1:colcon.colcon_core.package_identification:_identify(MIR) by extensions ['ros']
[0.084s] Level 1:colcon.colcon_core.package_identification:_identify(MIR) by extension 'ros'
[0.084s] Level 1:colcon.colcon_core.package_identification:_identify(MIR) by extensions ['cmake', 'python']
[0.084s] Level 1:colcon.colcon_core.package_identification:_identify(MIR) by extension 'cmake'
[0.084s] Level 1:colcon.colcon_core.package_identification:_identify(MIR) by extension 'python'
[0.084s] Level 1:colcon.colcon_core.package_identification:_identify(MIR) by extensions ['python_setup_py']
[0.084s] Level 1:colcon.colcon_core.package_identification:_identify(MIR) by extension 'python_setup_py'
[0.084s] Level 1:colcon.colcon_core.package_identification:_identify(MIR/mir_actions) by extensions ['ignore', 'ignore_ament_install']
[0.084s] Level 1:colcon.colcon_core.package_identification:_identify(MIR/mir_actions) by extension 'ignore'
[0.084s] Level 1:colcon.colcon_core.package_identification:_identify(MIR/mir_actions) by extension 'ignore_ament_install'
[0.084s] Level 1:colcon.colcon_core.package_identification:_identify(MIR/mir_actions) by extensions ['colcon_pkg']
[0.084s] Level 1:colcon.colcon_core.package_identification:_identify(MIR/mir_actions) by extension 'colcon_pkg'
[0.084s] Level 1:colcon.colcon_core.package_identification:_identify(MIR/mir_actions) by extensions ['colcon_meta']
[0.084s] Level 1:colcon.colcon_core.package_identification:_identify(MIR/mir_actions) by extension 'colcon_meta'
[0.084s] Level 1:colcon.colcon_core.package_identification:_identify(MIR/mir_actions) by extensions ['ros']
[0.084s] Level 1:colcon.colcon_core.package_identification:_identify(MIR/mir_actions) by extension 'ros'
[0.085s] DEBUG:colcon.colcon_core.package_identification:Package 'MIR/mir_actions' with type 'ros.ament_cmake' and name 'mir_actions'
[0.085s] Level 1:colcon.colcon_core.package_identification:_identify(MIR/mir_description) by extensions ['ignore', 'ignore_ament_install']
[0.086s] Level 1:colcon.colcon_core.package_identification:_identify(MIR/mir_description) by extension 'ignore'
[0.086s] Level 1:colcon.colcon_core.package_identification:_identify(MIR/mir_description) by extension 'ignore_ament_install'
[0.086s] Level 1:colcon.colcon_core.package_identification:_identify(MIR/mir_description) by extensions ['colcon_pkg']
[0.086s] Level 1:colcon.colcon_core.package_identification:_identify(MIR/mir_description) by extension 'colcon_pkg'
[0.086s] Level 1:colcon.colcon_core.package_identification:_identify(MIR/mir_description) by extensions ['colcon_meta']
[0.086s] Level 1:colcon.colcon_core.package_identification:_identify(MIR/mir_description) by extension 'colcon_meta'
[0.086s] Level 1:colcon.colcon_core.package_identification:_identify(MIR/mir_description) by extensions ['ros']
[0.086s] Level 1:colcon.colcon_core.package_identification:_identify(MIR/mir_description) by extension 'ros'
[0.086s] DEBUG:colcon.colcon_core.package_identification:Package 'MIR/mir_description' with type 'ros.ament_cmake' and name 'mir_description'
[0.086s] Level 1:colcon.colcon_core.package_identification:_identify(MIR/mir_driver) by extensions ['ignore', 'ignore_ament_install']
[0.086s] Level 1:colcon.colcon_core.package_identification:_identify(MIR/mir_driver) by extension 'ignore'
[0.086s] Level 1:colcon.colcon_core.package_identification:_identify(MIR/mir_driver) by extension 'ignore_ament_install'
[0.086s] Level 1:colcon.colcon_core.package_identification:_identify(MIR/mir_driver) by extensions ['colcon_pkg']
[0.086s] Level 1:colcon.colcon_core.package_identification:_identify(MIR/mir_driver) by extension 'colcon_pkg'
[0.086s] Level 1:colcon.colcon_core.package_identification:_identify(MIR/mir_driver) by extensions ['colcon_meta']
[0.086s] Level 1:colcon.colcon_core.package_identification:_identify(MIR/mir_driver) by extension 'colcon_meta'
[0.086s] Level 1:colcon.colcon_core.package_identification:_identify(MIR/mir_driver) by extensions ['ros']
[0.086s] Level 1:colcon.colcon_core.package_identification:_identify(MIR/mir_driver) by extension 'ros'
[0.087s] DEBUG:colcon.colcon_core.package_identification:Package 'MIR/mir_driver' with type 'ros.ament_cmake' and name 'mir_driver'
[0.087s] Level 1:colcon.colcon_core.package_identification:_identify(MIR/mir_dwb_critics) by extensions ['ignore', 'ignore_ament_install']
[0.087s] Level 1:colcon.colcon_core.package_identification:_identify(MIR/mir_dwb_critics) by extension 'ignore'
[0.087s] Level 1:colcon.colcon_core.package_identification:_identify(MIR/mir_dwb_critics) by extension 'ignore_ament_install'
[0.087s] Level 1:colcon.colcon_core.package_identification:_identify(MIR/mir_dwb_critics) by extensions ['colcon_pkg']
[0.087s] Level 1:colcon.colcon_core.package_identification:_identify(MIR/mir_dwb_critics) by extension 'colcon_pkg'
[0.087s] Level 1:colcon.colcon_core.package_identification:_identify(MIR/mir_dwb_critics) by extensions ['colcon_meta']
[0.087s] Level 1:colcon.colcon_core.package_identification:_identify(MIR/mir_dwb_critics) by extension 'colcon_meta'
[0.087s] Level 1:colcon.colcon_core.package_identification:_identify(MIR/mir_dwb_critics) by extensions ['ros']
[0.087s] Level 1:colcon.colcon_core.package_identification:_identify(MIR/mir_dwb_critics) by extension 'ros'
[0.087s] DEBUG:colcon.colcon_core.package_identification:Package 'MIR/mir_dwb_critics' with type 'ros.ament_cmake' and name 'mir_dwb_critics'
[0.087s] Level 1:colcon.colcon_core.package_identification:_identify(MIR/mir_gazebo) by extensions ['ignore', 'ignore_ament_install']
[0.088s] Level 1:colcon.colcon_core.package_identification:_identify(MIR/mir_gazebo) by extension 'ignore'
[0.088s] Level 1:colcon.colcon_core.package_identification:_identify(MIR/mir_gazebo) by extension 'ignore_ament_install'
[0.088s] Level 1:colcon.colcon_core.package_identification:_identify(MIR/mir_gazebo) by extensions ['colcon_pkg']
[0.088s] Level 1:colcon.colcon_core.package_identification:_identify(MIR/mir_gazebo) by extension 'colcon_pkg'
[0.088s] Level 1:colcon.colcon_core.package_identification:_identify(MIR/mir_gazebo) by extensions ['colcon_meta']
[0.088s] Level 1:colcon.colcon_core.package_identification:_identify(MIR/mir_gazebo) by extension 'colcon_meta'
[0.088s] Level 1:colcon.colcon_core.package_identification:_identify(MIR/mir_gazebo) by extensions ['ros']
[0.088s] Level 1:colcon.colcon_core.package_identification:_identify(MIR/mir_gazebo) by extension 'ros'
[0.088s] DEBUG:colcon.colcon_core.package_identification:Package 'MIR/mir_gazebo' with type 'ros.ament_cmake' and name 'mir_gazebo'
[0.088s] Level 1:colcon.colcon_core.package_identification:_identify(MIR/mir_msgs) by extensions ['ignore', 'ignore_ament_install']
[0.088s] Level 1:colcon.colcon_core.package_identification:_identify(MIR/mir_msgs) by extension 'ignore'
[0.088s] Level 1:colcon.colcon_core.package_identification:_identify(MIR/mir_msgs) by extension 'ignore_ament_install'
[0.088s] Level 1:colcon.colcon_core.package_identification:_identify(MIR/mir_msgs) by extensions ['colcon_pkg']
[0.088s] Level 1:colcon.colcon_core.package_identification:_identify(MIR/mir_msgs) by extension 'colcon_pkg'
[0.088s] Level 1:colcon.colcon_core.package_identification:_identify(MIR/mir_msgs) by extensions ['colcon_meta']
[0.088s] Level 1:colcon.colcon_core.package_identification:_identify(MIR/mir_msgs) by extension 'colcon_meta'
[0.088s] Level 1:colcon.colcon_core.package_identification:_identify(MIR/mir_msgs) by extensions ['ros']
[0.088s] Level 1:colcon.colcon_core.package_identification:_identify(MIR/mir_msgs) by extension 'ros'
[0.088s] DEBUG:colcon.colcon_core.package_identification:Package 'MIR/mir_msgs' with type 'ros.ament_cmake' and name 'mir_msgs'
[0.088s] Level 1:colcon.colcon_core.package_identification:_identify(MIR/mir_navigation) by extensions ['ignore', 'ignore_ament_install']
[0.088s] Level 1:colcon.colcon_core.package_identification:_identify(MIR/mir_navigation) by extension 'ignore'
[0.088s] Level 1:colcon.colcon_core.package_identification:_identify(MIR/mir_navigation) by extension 'ignore_ament_install'
[0.088s] Level 1:colcon.colcon_core.package_identification:_identify(MIR/mir_navigation) by extensions ['colcon_pkg']
[0.089s] Level 1:colcon.colcon_core.package_identification:_identify(MIR/mir_navigation) by extension 'colcon_pkg'
[0.089s] Level 1:colcon.colcon_core.package_identification:_identify(MIR/mir_navigation) by extensions ['colcon_meta']
[0.089s] Level 1:colcon.colcon_core.package_identification:_identify(MIR/mir_navigation) by extension 'colcon_meta'
[0.089s] Level 1:colcon.colcon_core.package_identification:_identify(MIR/mir_navigation) by extensions ['ros']
[0.089s] Level 1:colcon.colcon_core.package_identification:_identify(MIR/mir_navigation) by extension 'ros'
[0.089s] DEBUG:colcon.colcon_core.package_identification:Package 'MIR/mir_navigation' with type 'ros.ament_cmake' and name 'mir_navigation'
[0.089s] Level 1:colcon.colcon_core.package_identification:_identify(MIR/mir_robot) by extensions ['ignore', 'ignore_ament_install']
[0.089s] Level 1:colcon.colcon_core.package_identification:_identify(MIR/mir_robot) by extension 'ignore'
[0.089s] Level 1:colcon.colcon_core.package_identification:_identify(MIR/mir_robot) by extension 'ignore_ament_install'
[0.089s] Level 1:colcon.colcon_core.package_identification:_identify(MIR/mir_robot) by extensions ['colcon_pkg']
[0.089s] Level 1:colcon.colcon_core.package_identification:_identify(MIR/mir_robot) by extension 'colcon_pkg'
[0.089s] Level 1:colcon.colcon_core.package_identification:_identify(MIR/mir_robot) by extensions ['colcon_meta']
[0.089s] Level 1:colcon.colcon_core.package_identification:_identify(MIR/mir_robot) by extension 'colcon_meta'
[0.089s] Level 1:colcon.colcon_core.package_identification:_identify(MIR/mir_robot) by extensions ['ros']
[0.089s] Level 1:colcon.colcon_core.package_identification:_identify(MIR/mir_robot) by extension 'ros'
[0.089s] DEBUG:colcon.colcon_core.package_identification:Package 'MIR/mir_robot' with type 'ros.ament_cmake' and name 'mir_robot'
[0.089s] Level 1:colcon.colcon_core.package_identification:_identify(MIR/sdc21x0) by extensions ['ignore', 'ignore_ament_install']
[0.089s] Level 1:colcon.colcon_core.package_identification:_identify(MIR/sdc21x0) by extension 'ignore'
[0.089s] Level 1:colcon.colcon_core.package_identification:_identify(MIR/sdc21x0) by extension 'ignore_ament_install'
[0.089s] Level 1:colcon.colcon_core.package_identification:_identify(MIR/sdc21x0) by extensions ['colcon_pkg']
[0.089s] Level 1:colcon.colcon_core.package_identification:_identify(MIR/sdc21x0) by extension 'colcon_pkg'
[0.089s] Level 1:colcon.colcon_core.package_identification:_identify(MIR/sdc21x0) by extensions ['colcon_meta']
[0.089s] Level 1:colcon.colcon_core.package_identification:_identify(MIR/sdc21x0) by extension 'colcon_meta'
[0.089s] Level 1:colcon.colcon_core.package_identification:_identify(MIR/sdc21x0) by extensions ['ros']
[0.089s] Level 1:colcon.colcon_core.package_identification:_identify(MIR/sdc21x0) by extension 'ros'
[0.090s] DEBUG:colcon.colcon_core.package_identification:Package 'MIR/sdc21x0' with type 'ros.ament_cmake' and name 'sdc21x0'
[0.090s] Level 1:colcon.colcon_core.package_identification:_identify(Mecademic) by extensions ['ignore', 'ignore_ament_install']
[0.090s] Level 1:colcon.colcon_core.package_identification:_identify(Mecademic) by extension 'ignore'
[0.090s] Level 1:colcon.colcon_core.package_identification:_identify(Mecademic) by extension 'ignore_ament_install'
[0.090s] Level 1:colcon.colcon_core.package_identification:_identify(Mecademic) by extensions ['colcon_pkg']
[0.090s] Level 1:colcon.colcon_core.package_identification:_identify(Mecademic) by extension 'colcon_pkg'
[0.090s] Level 1:colcon.colcon_core.package_identification:_identify(Mecademic) by extensions ['colcon_meta']
[0.090s] Level 1:colcon.colcon_core.package_identification:_identify(Mecademic) by extension 'colcon_meta'
[0.090s] Level 1:colcon.colcon_core.package_identification:_identify(Mecademic) by extensions ['ros']
[0.090s] Level 1:colcon.colcon_core.package_identification:_identify(Mecademic) by extension 'ros'
[0.090s] Level 1:colcon.colcon_core.package_identification:_identify(Mecademic) by extensions ['cmake', 'python']
[0.090s] Level 1:colcon.colcon_core.package_identification:_identify(Mecademic) by extension 'cmake'
[0.090s] Level 1:colcon.colcon_core.package_identification:_identify(Mecademic) by extension 'python'
[0.090s] Level 1:colcon.colcon_core.package_identification:_identify(Mecademic) by extensions ['python_setup_py']
[0.090s] Level 1:colcon.colcon_core.package_identification:_identify(Mecademic) by extension 'python_setup_py'
[0.090s] Level 1:colcon.colcon_core.package_identification:_identify(Mecademic/meca500_bringup) by extensions ['ignore', 'ignore_ament_install']
[0.090s] Level 1:colcon.colcon_core.package_identification:_identify(Mecademic/meca500_bringup) by extension 'ignore'
[0.090s] Level 1:colcon.colcon_core.package_identification:_identify(Mecademic/meca500_bringup) by extension 'ignore_ament_install'
[0.090s] Level 1:colcon.colcon_core.package_identification:_identify(Mecademic/meca500_bringup) by extensions ['colcon_pkg']
[0.090s] Level 1:colcon.colcon_core.package_identification:_identify(Mecademic/meca500_bringup) by extension 'colcon_pkg'
[0.090s] Level 1:colcon.colcon_core.package_identification:_identify(Mecademic/meca500_bringup) by extensions ['colcon_meta']
[0.090s] Level 1:colcon.colcon_core.package_identification:_identify(Mecademic/meca500_bringup) by extension 'colcon_meta'
[0.090s] Level 1:colcon.colcon_core.package_identification:_identify(Mecademic/meca500_bringup) by extensions ['ros']
[0.090s] Level 1:colcon.colcon_core.package_identification:_identify(Mecademic/meca500_bringup) by extension 'ros'
[0.090s] DEBUG:colcon.colcon_core.package_identification:Package 'Mecademic/meca500_bringup' with type 'ros.ament_cmake' and name 'meca500_bringup'
[0.090s] Level 1:colcon.colcon_core.package_identification:_identify(Mecademic/meca500_description) by extensions ['ignore', 'ignore_ament_install']
[0.090s] Level 1:colcon.colcon_core.package_identification:_identify(Mecademic/meca500_description) by extension 'ignore'
[0.090s] Level 1:colcon.colcon_core.package_identification:_identify(Mecademic/meca500_description) by extension 'ignore_ament_install'
[0.091s] Level 1:colcon.colcon_core.package_identification:_identify(Mecademic/meca500_description) by extensions ['colcon_pkg']
[0.091s] Level 1:colcon.colcon_core.package_identification:_identify(Mecademic/meca500_description) by extension 'colcon_pkg'
[0.091s] Level 1:colcon.colcon_core.package_identification:_identify(Mecademic/meca500_description) by extensions ['colcon_meta']
[0.091s] Level 1:colcon.colcon_core.package_identification:_identify(Mecademic/meca500_description) by extension 'colcon_meta'
[0.091s] Level 1:colcon.colcon_core.package_identification:_identify(Mecademic/meca500_description) by extensions ['ros']
[0.091s] Level 1:colcon.colcon_core.package_identification:_identify(Mecademic/meca500_description) by extension 'ros'
[0.091s] DEBUG:colcon.colcon_core.package_identification:Package 'Mecademic/meca500_description' with type 'ros.ament_cmake' and name 'meca500_description'
[0.091s] Level 1:colcon.colcon_core.package_identification:_identify(Mecademic/meca500_hardware) by extensions ['ignore', 'ignore_ament_install']
[0.091s] Level 1:colcon.colcon_core.package_identification:_identify(Mecademic/meca500_hardware) by extension 'ignore'
[0.091s] Level 1:colcon.colcon_core.package_identification:_identify(Mecademic/meca500_hardware) by extension 'ignore_ament_install'
[0.091s] Level 1:colcon.colcon_core.package_identification:_identify(Mecademic/meca500_hardware) by extensions ['colcon_pkg']
[0.091s] Level 1:colcon.colcon_core.package_identification:_identify(Mecademic/meca500_hardware) by extension 'colcon_pkg'
[0.091s] Level 1:colcon.colcon_core.package_identification:_identify(Mecademic/meca500_hardware) by extensions ['colcon_meta']
[0.091s] Level 1:colcon.colcon_core.package_identification:_identify(Mecademic/meca500_hardware) by extension 'colcon_meta'
[0.091s] Level 1:colcon.colcon_core.package_identification:_identify(Mecademic/meca500_hardware) by extensions ['ros']
[0.091s] Level 1:colcon.colcon_core.package_identification:_identify(Mecademic/meca500_hardware) by extension 'ros'
[0.091s] DEBUG:colcon.colcon_core.package_identification:Package 'Mecademic/meca500_hardware' with type 'ros.ament_cmake' and name 'meca500_hardware'
[0.091s] Level 1:colcon.colcon_core.package_identification:_identify(Mecademic/meca500_moveit_config) by extensions ['ignore', 'ignore_ament_install']
[0.091s] Level 1:colcon.colcon_core.package_identification:_identify(Mecademic/meca500_moveit_config) by extension 'ignore'
[0.091s] Level 1:colcon.colcon_core.package_identification:_identify(Mecademic/meca500_moveit_config) by extension 'ignore_ament_install'
[0.091s] Level 1:colcon.colcon_core.package_identification:_identify(Mecademic/meca500_moveit_config) by extensions ['colcon_pkg']
[0.091s] Level 1:colcon.colcon_core.package_identification:_identify(Mecademic/meca500_moveit_config) by extension 'colcon_pkg'
[0.091s] Level 1:colcon.colcon_core.package_identification:_identify(Mecademic/meca500_moveit_config) by extensions ['colcon_meta']
[0.091s] Level 1:colcon.colcon_core.package_identification:_identify(Mecademic/meca500_moveit_config) by extension 'colcon_meta'
[0.091s] Level 1:colcon.colcon_core.package_identification:_identify(Mecademic/meca500_moveit_config) by extensions ['ros']
[0.092s] Level 1:colcon.colcon_core.package_identification:_identify(Mecademic/meca500_moveit_config) by extension 'ros'
[0.092s] DEBUG:colcon.colcon_core.package_identification:Package 'Mecademic/meca500_moveit_config' with type 'ros.ament_cmake' and name 'meca500_moveit_config'
[0.092s] Level 1:colcon.colcon_core.package_identification:_identify(Omron_AMR) by extensions ['ignore', 'ignore_ament_install']
[0.092s] Level 1:colcon.colcon_core.package_identification:_identify(Omron_AMR) by extension 'ignore'
[0.092s] Level 1:colcon.colcon_core.package_identification:_identify(Omron_AMR) by extension 'ignore_ament_install'
[0.092s] Level 1:colcon.colcon_core.package_identification:_identify(Omron_AMR) by extensions ['colcon_pkg']
[0.092s] Level 1:colcon.colcon_core.package_identification:_identify(Omron_AMR) by extension 'colcon_pkg'
[0.092s] Level 1:colcon.colcon_core.package_identification:_identify(Omron_AMR) by extensions ['colcon_meta']
[0.092s] Level 1:colcon.colcon_core.package_identification:_identify(Omron_AMR) by extension 'colcon_meta'
[0.092s] Level 1:colcon.colcon_core.package_identification:_identify(Omron_AMR) by extensions ['ros']
[0.092s] Level 1:colcon.colcon_core.package_identification:_identify(Omron_AMR) by extension 'ros'
[0.092s] Level 1:colcon.colcon_core.package_identification:_identify(Omron_AMR) by extensions ['cmake', 'python']
[0.092s] Level 1:colcon.colcon_core.package_identification:_identify(Omron_AMR) by extension 'cmake'
[0.092s] Level 1:colcon.colcon_core.package_identification:_identify(Omron_AMR) by extension 'python'
[0.092s] Level 1:colcon.colcon_core.package_identification:_identify(Omron_AMR) by extensions ['python_setup_py']
[0.092s] Level 1:colcon.colcon_core.package_identification:_identify(Omron_AMR) by extension 'python_setup_py'
[0.092s] Level 1:colcon.colcon_core.package_identification:_identify(Omron_AMR/build) by extensions ['ignore', 'ignore_ament_install']
[0.092s] Level 1:colcon.colcon_core.package_identification:_identify(Omron_AMR/build) by extension 'ignore'
[0.092s] Level 1:colcon.colcon_core.package_identification:_identify(Omron_AMR/build) ignored
[0.092s] Level 1:colcon.colcon_core.package_identification:_identify(Omron_AMR/docs) by extensions ['ignore', 'ignore_ament_install']
[0.092s] Level 1:colcon.colcon_core.package_identification:_identify(Omron_AMR/docs) by extension 'ignore'
[0.092s] Level 1:colcon.colcon_core.package_identification:_identify(Omron_AMR/docs) by extension 'ignore_ament_install'
[0.092s] Level 1:colcon.colcon_core.package_identification:_identify(Omron_AMR/docs) by extensions ['colcon_pkg']
[0.092s] Level 1:colcon.colcon_core.package_identification:_identify(Omron_AMR/docs) by extension 'colcon_pkg'
[0.092s] Level 1:colcon.colcon_core.package_identification:_identify(Omron_AMR/docs) by extensions ['colcon_meta']
[0.092s] Level 1:colcon.colcon_core.package_identification:_identify(Omron_AMR/docs) by extension 'colcon_meta'
[0.092s] Level 1:colcon.colcon_core.package_identification:_identify(Omron_AMR/docs) by extensions ['ros']
[0.092s] Level 1:colcon.colcon_core.package_identification:_identify(Omron_AMR/docs) by extension 'ros'
[0.092s] Level 1:colcon.colcon_core.package_identification:_identify(Omron_AMR/docs) by extensions ['cmake', 'python']
[0.092s] Level 1:colcon.colcon_core.package_identification:_identify(Omron_AMR/docs) by extension 'cmake'
[0.092s] Level 1:colcon.colcon_core.package_identification:_identify(Omron_AMR/docs) by extension 'python'
[0.092s] Level 1:colcon.colcon_core.package_identification:_identify(Omron_AMR/docs) by extensions ['python_setup_py']
[0.092s] Level 1:colcon.colcon_core.package_identification:_identify(Omron_AMR/docs) by extension 'python_setup_py'
[0.092s] Level 1:colcon.colcon_core.package_identification:_identify(Omron_AMR/docs/dg-images) by extensions ['ignore', 'ignore_ament_install']
[0.092s] Level 1:colcon.colcon_core.package_identification:_identify(Omron_AMR/docs/dg-images) by extension 'ignore'
[0.092s] Level 1:colcon.colcon_core.package_identification:_identify(Omron_AMR/docs/dg-images) by extension 'ignore_ament_install'
[0.092s] Level 1:colcon.colcon_core.package_identification:_identify(Omron_AMR/docs/dg-images) by extensions ['colcon_pkg']
[0.093s] Level 1:colcon.colcon_core.package_identification:_identify(Omron_AMR/docs/dg-images) by extension 'colcon_pkg'
[0.093s] Level 1:colcon.colcon_core.package_identification:_identify(Omron_AMR/docs/dg-images) by extensions ['colcon_meta']
[0.093s] Level 1:colcon.colcon_core.package_identification:_identify(Omron_AMR/docs/dg-images) by extension 'colcon_meta'
[0.093s] Level 1:colcon.colcon_core.package_identification:_identify(Omron_AMR/docs/dg-images) by extensions ['ros']
[0.093s] Level 1:colcon.colcon_core.package_identification:_identify(Omron_AMR/docs/dg-images) by extension 'ros'
[0.093s] Level 1:colcon.colcon_core.package_identification:_identify(Omron_AMR/docs/dg-images) by extensions ['cmake', 'python']
[0.093s] Level 1:colcon.colcon_core.package_identification:_identify(Omron_AMR/docs/dg-images) by extension 'cmake'
[0.093s] Level 1:colcon.colcon_core.package_identification:_identify(Omron_AMR/docs/dg-images) by extension 'python'
[0.093s] Level 1:colcon.colcon_core.package_identification:_identify(Omron_AMR/docs/dg-images) by extensions ['python_setup_py']
[0.093s] Level 1:colcon.colcon_core.package_identification:_identify(Omron_AMR/docs/dg-images) by extension 'python_setup_py'
[0.093s] Level 1:colcon.colcon_core.package_identification:_identify(Omron_AMR/install) by extensions ['ignore', 'ignore_ament_install']
[0.093s] Level 1:colcon.colcon_core.package_identification:_identify(Omron_AMR/install) by extension 'ignore'
[0.093s] Level 1:colcon.colcon_core.package_identification:_identify(Omron_AMR/install) ignored
[0.093s] Level 1:colcon.colcon_core.package_identification:_identify(Omron_AMR/log) by extensions ['ignore', 'ignore_ament_install']
[0.093s] Level 1:colcon.colcon_core.package_identification:_identify(Omron_AMR/log) by extension 'ignore'
[0.093s] Level 1:colcon.colcon_core.package_identification:_identify(Omron_AMR/log) ignored
[0.093s] Level 1:colcon.colcon_core.package_identification:_identify(Omron_AMR/src) by extensions ['ignore', 'ignore_ament_install']
[0.093s] Level 1:colcon.colcon_core.package_identification:_identify(Omron_AMR/src) by extension 'ignore'
[0.093s] Level 1:colcon.colcon_core.package_identification:_identify(Omron_AMR/src) by extension 'ignore_ament_install'
[0.093s] Level 1:colcon.colcon_core.package_identification:_identify(Omron_AMR/src) by extensions ['colcon_pkg']
[0.093s] Level 1:colcon.colcon_core.package_identification:_identify(Omron_AMR/src) by extension 'colcon_pkg'
[0.093s] Level 1:colcon.colcon_core.package_identification:_identify(Omron_AMR/src) by extensions ['colcon_meta']
[0.093s] Level 1:colcon.colcon_core.package_identification:_identify(Omron_AMR/src) by extension 'colcon_meta'
[0.093s] Level 1:colcon.colcon_core.package_identification:_identify(Omron_AMR/src) by extensions ['ros']
[0.093s] Level 1:colcon.colcon_core.package_identification:_identify(Omron_AMR/src) by extension 'ros'
[0.093s] Level 1:colcon.colcon_core.package_identification:_identify(Omron_AMR/src) by extensions ['cmake', 'python']
[0.093s] Level 1:colcon.colcon_core.package_identification:_identify(Omron_AMR/src) by extension 'cmake'
[0.093s] Level 1:colcon.colcon_core.package_identification:_identify(Omron_AMR/src) by extension 'python'
[0.093s] Level 1:colcon.colcon_core.package_identification:_identify(Omron_AMR/src) by extensions ['python_setup_py']
[0.093s] Level 1:colcon.colcon_core.package_identification:_identify(Omron_AMR/src) by extension 'python_setup_py'
[0.093s] Level 1:colcon.colcon_core.package_identification:_identify(Omron_AMR/src/amr_visualisation) by extensions ['ignore', 'ignore_ament_install']
[0.093s] Level 1:colcon.colcon_core.package_identification:_identify(Omron_AMR/src/amr_visualisation) by extension 'ignore'
[0.093s] Level 1:colcon.colcon_core.package_identification:_identify(Omron_AMR/src/amr_visualisation) by extension 'ignore_ament_install'
[0.093s] Level 1:colcon.colcon_core.package_identification:_identify(Omron_AMR/src/amr_visualisation) by extensions ['colcon_pkg']
[0.093s] Level 1:colcon.colcon_core.package_identification:_identify(Omron_AMR/src/amr_visualisation) by extension 'colcon_pkg'
[0.093s] Level 1:colcon.colcon_core.package_identification:_identify(Omron_AMR/src/amr_visualisation) by extensions ['colcon_meta']
[0.093s] Level 1:colcon.colcon_core.package_identification:_identify(Omron_AMR/src/amr_visualisation) by extension 'colcon_meta'
[0.093s] Level 1:colcon.colcon_core.package_identification:_identify(Omron_AMR/src/amr_visualisation) by extensions ['ros']
[0.093s] Level 1:colcon.colcon_core.package_identification:_identify(Omron_AMR/src/amr_visualisation) by extension 'ros'
[0.094s] DEBUG:colcon.colcon_core.package_identification:Package 'Omron_AMR/src/amr_visualisation' with type 'ros.ament_cmake' and name 'amr_visualisation'
[0.094s] Level 1:colcon.colcon_core.package_identification:_identify(Omron_AMR/src/demo) by extensions ['ignore', 'ignore_ament_install']
[0.094s] Level 1:colcon.colcon_core.package_identification:_identify(Omron_AMR/src/demo) by extension 'ignore'
[0.094s] Level 1:colcon.colcon_core.package_identification:_identify(Omron_AMR/src/demo) by extension 'ignore_ament_install'
[0.094s] Level 1:colcon.colcon_core.package_identification:_identify(Omron_AMR/src/demo) by extensions ['colcon_pkg']
[0.094s] Level 1:colcon.colcon_core.package_identification:_identify(Omron_AMR/src/demo) by extension 'colcon_pkg'
[0.094s] Level 1:colcon.colcon_core.package_identification:_identify(Omron_AMR/src/demo) by extensions ['colcon_meta']
[0.094s] Level 1:colcon.colcon_core.package_identification:_identify(Omron_AMR/src/demo) by extension 'colcon_meta'
[0.094s] Level 1:colcon.colcon_core.package_identification:_identify(Omron_AMR/src/demo) by extensions ['ros']
[0.094s] Level 1:colcon.colcon_core.package_identification:_identify(Omron_AMR/src/demo) by extension 'ros'
[0.094s] DEBUG:colcon.colcon_core.package_identification:Package 'Omron_AMR/src/demo' with type 'ros.ament_cmake' and name 'demo'
[0.094s] Level 1:colcon.colcon_core.package_identification:_identify(Omron_AMR/src/om_aiv_msg) by extensions ['ignore', 'ignore_ament_install']
[0.094s] Level 1:colcon.colcon_core.package_identification:_identify(Omron_AMR/src/om_aiv_msg) by extension 'ignore'
[0.094s] Level 1:colcon.colcon_core.package_identification:_identify(Omron_AMR/src/om_aiv_msg) by extension 'ignore_ament_install'
[0.094s] Level 1:colcon.colcon_core.package_identification:_identify(Omron_AMR/src/om_aiv_msg) by extensions ['colcon_pkg']
[0.094s] Level 1:colcon.colcon_core.package_identification:_identify(Omron_AMR/src/om_aiv_msg) by extension 'colcon_pkg'
[0.094s] Level 1:colcon.colcon_core.package_identification:_identify(Omron_AMR/src/om_aiv_msg) by extensions ['colcon_meta']
[0.094s] Level 1:colcon.colcon_core.package_identification:_identify(Omron_AMR/src/om_aiv_msg) by extension 'colcon_meta'
[0.094s] Level 1:colcon.colcon_core.package_identification:_identify(Omron_AMR/src/om_aiv_msg) by extensions ['ros']
[0.094s] Level 1:colcon.colcon_core.package_identification:_identify(Omron_AMR/src/om_aiv_msg) by extension 'ros'
[0.094s] DEBUG:colcon.colcon_core.package_identification:Package 'Omron_AMR/src/om_aiv_msg' with type 'ros.ament_cmake' and name 'om_aiv_msg'
[0.094s] Level 1:colcon.colcon_core.package_identification:_identify(Omron_AMR/src/om_aiv_navigation) by extensions ['ignore', 'ignore_ament_install']
[0.094s] Level 1:colcon.colcon_core.package_identification:_identify(Omron_AMR/src/om_aiv_navigation) by extension 'ignore'
[0.094s] Level 1:colcon.colcon_core.package_identification:_identify(Omron_AMR/src/om_aiv_navigation) by extension 'ignore_ament_install'
[0.095s] Level 1:colcon.colcon_core.package_identification:_identify(Omron_AMR/src/om_aiv_navigation) by extensions ['colcon_pkg']
[0.095s] Level 1:colcon.colcon_core.package_identification:_identify(Omron_AMR/src/om_aiv_navigation) by extension 'colcon_pkg'
[0.095s] Level 1:colcon.colcon_core.package_identification:_identify(Omron_AMR/src/om_aiv_navigation) by extensions ['colcon_meta']
[0.095s] Level 1:colcon.colcon_core.package_identification:_identify(Omron_AMR/src/om_aiv_navigation) by extension 'colcon_meta'
[0.095s] Level 1:colcon.colcon_core.package_identification:_identify(Omron_AMR/src/om_aiv_navigation) by extensions ['ros']
[0.095s] Level 1:colcon.colcon_core.package_identification:_identify(Omron_AMR/src/om_aiv_navigation) by extension 'ros'
[0.095s] DEBUG:colcon.colcon_core.package_identification:Package 'Omron_AMR/src/om_aiv_navigation' with type 'ros.ament_python' and name 'om_aiv_navigation'
[0.095s] Level 1:colcon.colcon_core.package_identification:_identify(Omron_AMR/src/om_aiv_util) by extensions ['ignore', 'ignore_ament_install']
[0.095s] Level 1:colcon.colcon_core.package_identification:_identify(Omron_AMR/src/om_aiv_util) by extension 'ignore'
[0.095s] Level 1:colcon.colcon_core.package_identification:_identify(Omron_AMR/src/om_aiv_util) by extension 'ignore_ament_install'
[0.095s] Level 1:colcon.colcon_core.package_identification:_identify(Omron_AMR/src/om_aiv_util) by extensions ['colcon_pkg']
[0.095s] Level 1:colcon.colcon_core.package_identification:_identify(Omron_AMR/src/om_aiv_util) by extension 'colcon_pkg'
[0.095s] Level 1:colcon.colcon_core.package_identification:_identify(Omron_AMR/src/om_aiv_util) by extensions ['colcon_meta']
[0.095s] Level 1:colcon.colcon_core.package_identification:_identify(Omron_AMR/src/om_aiv_util) by extension 'colcon_meta'
[0.095s] Level 1:colcon.colcon_core.package_identification:_identify(Omron_AMR/src/om_aiv_util) by extensions ['ros']
[0.095s] Level 1:colcon.colcon_core.package_identification:_identify(Omron_AMR/src/om_aiv_util) by extension 'ros'
[0.095s] DEBUG:colcon.colcon_core.package_identification:Package 'Omron_AMR/src/om_aiv_util' with type 'ros.ament_python' and name 'om_aiv_util'
[0.095s] Level 1:colcon.colcon_core.package_identification:_identify(UR_Driver) by extensions ['ignore', 'ignore_ament_install']
[0.095s] Level 1:colcon.colcon_core.package_identification:_identify(UR_Driver) by extension 'ignore'
[0.095s] Level 1:colcon.colcon_core.package_identification:_identify(UR_Driver) by extension 'ignore_ament_install'
[0.095s] Level 1:colcon.colcon_core.package_identification:_identify(UR_Driver) by extensions ['colcon_pkg']
[0.095s] Level 1:colcon.colcon_core.package_identification:_identify(UR_Driver) by extension 'colcon_pkg'
[0.095s] Level 1:colcon.colcon_core.package_identification:_identify(UR_Driver) by extensions ['colcon_meta']
[0.095s] Level 1:colcon.colcon_core.package_identification:_identify(UR_Driver) by extension 'colcon_meta'
[0.095s] Level 1:colcon.colcon_core.package_identification:_identify(UR_Driver) by extensions ['ros']
[0.095s] Level 1:colcon.colcon_core.package_identification:_identify(UR_Driver) by extension 'ros'
[0.095s] Level 1:colcon.colcon_core.package_identification:_identify(UR_Driver) by extensions ['cmake', 'python']
[0.095s] Level 1:colcon.colcon_core.package_identification:_identify(UR_Driver) by extension 'cmake'
[0.095s] Level 1:colcon.colcon_core.package_identification:_identify(UR_Driver) by extension 'python'
[0.095s] Level 1:colcon.colcon_core.package_identification:_identify(UR_Driver) by extensions ['python_setup_py']
[0.095s] Level 1:colcon.colcon_core.package_identification:_identify(UR_Driver) by extension 'python_setup_py'
[0.096s] Level 1:colcon.colcon_core.package_identification:_identify(UR_Driver/ur) by extensions ['ignore', 'ignore_ament_install']
[0.096s] Level 1:colcon.colcon_core.package_identification:_identify(UR_Driver/ur) by extension 'ignore'
[0.096s] Level 1:colcon.colcon_core.package_identification:_identify(UR_Driver/ur) by extension 'ignore_ament_install'
[0.096s] Level 1:colcon.colcon_core.package_identification:_identify(UR_Driver/ur) by extensions ['colcon_pkg']
[0.096s] Level 1:colcon.colcon_core.package_identification:_identify(UR_Driver/ur) by extension 'colcon_pkg'
[0.096s] Level 1:colcon.colcon_core.package_identification:_identify(UR_Driver/ur) by extensions ['colcon_meta']
[0.096s] Level 1:colcon.colcon_core.package_identification:_identify(UR_Driver/ur) by extension 'colcon_meta'
[0.096s] Level 1:colcon.colcon_core.package_identification:_identify(UR_Driver/ur) by extensions ['ros']
[0.096s] Level 1:colcon.colcon_core.package_identification:_identify(UR_Driver/ur) by extension 'ros'
[0.096s] DEBUG:colcon.colcon_core.package_identification:Package 'UR_Driver/ur' with type 'ros.ament_cmake' and name 'ur'
[0.096s] Level 1:colcon.colcon_core.package_identification:_identify(UR_Driver/ur_calibration) by extensions ['ignore', 'ignore_ament_install']
[0.096s] Level 1:colcon.colcon_core.package_identification:_identify(UR_Driver/ur_calibration) by extension 'ignore'
[0.096s] Level 1:colcon.colcon_core.package_identification:_identify(UR_Driver/ur_calibration) by extension 'ignore_ament_install'
[0.096s] Level 1:colcon.colcon_core.package_identification:_identify(UR_Driver/ur_calibration) by extensions ['colcon_pkg']
[0.096s] Level 1:colcon.colcon_core.package_identification:_identify(UR_Driver/ur_calibration) by extension 'colcon_pkg'
[0.096s] Level 1:colcon.colcon_core.package_identification:_identify(UR_Driver/ur_calibration) by extensions ['colcon_meta']
[0.096s] Level 1:colcon.colcon_core.package_identification:_identify(UR_Driver/ur_calibration) by extension 'colcon_meta'
[0.096s] Level 1:colcon.colcon_core.package_identification:_identify(UR_Driver/ur_calibration) by extensions ['ros']
[0.096s] Level 1:colcon.colcon_core.package_identification:_identify(UR_Driver/ur_calibration) by extension 'ros'
[0.096s] DEBUG:colcon.colcon_core.package_identification:Package 'UR_Driver/ur_calibration' with type 'ros.ament_cmake' and name 'ur_calibration'
[0.096s] Level 1:colcon.colcon_core.package_identification:_identify(UR_Driver/ur_controllers) by extensions ['ignore', 'ignore_ament_install']
[0.096s] Level 1:colcon.colcon_core.package_identification:_identify(UR_Driver/ur_controllers) by extension 'ignore'
[0.096s] Level 1:colcon.colcon_core.package_identification:_identify(UR_Driver/ur_controllers) by extension 'ignore_ament_install'
[0.096s] Level 1:colcon.colcon_core.package_identification:_identify(UR_Driver/ur_controllers) by extensions ['colcon_pkg']
[0.097s] Level 1:colcon.colcon_core.package_identification:_identify(UR_Driver/ur_controllers) by extension 'colcon_pkg'
[0.097s] Level 1:colcon.colcon_core.package_identification:_identify(UR_Driver/ur_controllers) by extensions ['colcon_meta']
[0.097s] Level 1:colcon.colcon_core.package_identification:_identify(UR_Driver/ur_controllers) by extension 'colcon_meta'
[0.097s] Level 1:colcon.colcon_core.package_identification:_identify(UR_Driver/ur_controllers) by extensions ['ros']
[0.097s] Level 1:colcon.colcon_core.package_identification:_identify(UR_Driver/ur_controllers) by extension 'ros'
[0.097s] DEBUG:colcon.colcon_core.package_identification:Package 'UR_Driver/ur_controllers' with type 'ros.ament_cmake' and name 'ur_controllers'
[0.097s] Level 1:colcon.colcon_core.package_identification:_identify(UR_Driver/ur_dashboard_msgs) by extensions ['ignore', 'ignore_ament_install']
[0.097s] Level 1:colcon.colcon_core.package_identification:_identify(UR_Driver/ur_dashboard_msgs) by extension 'ignore'
[0.097s] Level 1:colcon.colcon_core.package_identification:_identify(UR_Driver/ur_dashboard_msgs) by extension 'ignore_ament_install'
[0.097s] Level 1:colcon.colcon_core.package_identification:_identify(UR_Driver/ur_dashboard_msgs) by extensions ['colcon_pkg']
[0.097s] Level 1:colcon.colcon_core.package_identification:_identify(UR_Driver/ur_dashboard_msgs) by extension 'colcon_pkg'
[0.097s] Level 1:colcon.colcon_core.package_identification:_identify(UR_Driver/ur_dashboard_msgs) by extensions ['colcon_meta']
[0.097s] Level 1:colcon.colcon_core.package_identification:_identify(UR_Driver/ur_dashboard_msgs) by extension 'colcon_meta'
[0.097s] Level 1:colcon.colcon_core.package_identification:_identify(UR_Driver/ur_dashboard_msgs) by extensions ['ros']
[0.098s] Level 1:colcon.colcon_core.package_identification:_identify(UR_Driver/ur_dashboard_msgs) by extension 'ros'
[0.098s] DEBUG:colcon.colcon_core.package_identification:Package 'UR_Driver/ur_dashboard_msgs' with type 'ros.ament_cmake' and name 'ur_dashboard_msgs'
[0.098s] Level 1:colcon.colcon_core.package_identification:_identify(UR_Driver/ur_moveit_config) by extensions ['ignore', 'ignore_ament_install']
[0.098s] Level 1:colcon.colcon_core.package_identification:_identify(UR_Driver/ur_moveit_config) by extension 'ignore'
[0.098s] Level 1:colcon.colcon_core.package_identification:_identify(UR_Driver/ur_moveit_config) by extension 'ignore_ament_install'
[0.098s] Level 1:colcon.colcon_core.package_identification:_identify(UR_Driver/ur_moveit_config) by extensions ['colcon_pkg']
[0.098s] Level 1:colcon.colcon_core.package_identification:_identify(UR_Driver/ur_moveit_config) by extension 'colcon_pkg'
[0.098s] Level 1:colcon.colcon_core.package_identification:_identify(UR_Driver/ur_moveit_config) by extensions ['colcon_meta']
[0.098s] Level 1:colcon.colcon_core.package_identification:_identify(UR_Driver/ur_moveit_config) by extension 'colcon_meta'
[0.098s] Level 1:colcon.colcon_core.package_identification:_identify(UR_Driver/ur_moveit_config) by extensions ['ros']
[0.098s] Level 1:colcon.colcon_core.package_identification:_identify(UR_Driver/ur_moveit_config) by extension 'ros'
[0.098s] DEBUG:colcon.colcon_core.package_identification:Package 'UR_Driver/ur_moveit_config' with type 'ros.ament_cmake' and name 'ur_moveit_config'
[0.098s] Level 1:colcon.colcon_core.package_identification:_identify(UR_Driver/ur_robot_driver) by extensions ['ignore', 'ignore_ament_install']
[0.098s] Level 1:colcon.colcon_core.package_identification:_identify(UR_Driver/ur_robot_driver) by extension 'ignore'
[0.098s] Level 1:colcon.colcon_core.package_identification:_identify(UR_Driver/ur_robot_driver) by extension 'ignore_ament_install'
[0.098s] Level 1:colcon.colcon_core.package_identification:_identify(UR_Driver/ur_robot_driver) by extensions ['colcon_pkg']
[0.098s] Level 1:colcon.colcon_core.package_identification:_identify(UR_Driver/ur_robot_driver) by extension 'colcon_pkg'
[0.098s] Level 1:colcon.colcon_core.package_identification:_identify(UR_Driver/ur_robot_driver) by extensions ['colcon_meta']
[0.098s] Level 1:colcon.colcon_core.package_identification:_identify(UR_Driver/ur_robot_driver) by extension 'colcon_meta'
[0.098s] Level 1:colcon.colcon_core.package_identification:_identify(UR_Driver/ur_robot_driver) by extensions ['ros']
[0.098s] Level 1:colcon.colcon_core.package_identification:_identify(UR_Driver/ur_robot_driver) by extension 'ros'
[0.099s] DEBUG:colcon.colcon_core.package_identification:Package 'UR_Driver/ur_robot_driver' with type 'ros.ament_cmake' and name 'ur_robot_driver'
[0.099s] Level 1:colcon.colcon_core.package_identification:_identify(build) by extensions ['ignore', 'ignore_ament_install']
[0.099s] Level 1:colcon.colcon_core.package_identification:_identify(build) by extension 'ignore'
[0.099s] Level 1:colcon.colcon_core.package_identification:_identify(build) ignored
[0.099s] Level 1:colcon.colcon_core.package_identification:_identify(install) by extensions ['ignore', 'ignore_ament_install']
[0.099s] Level 1:colcon.colcon_core.package_identification:_identify(install) by extension 'ignore'
[0.099s] Level 1:colcon.colcon_core.package_identification:_identify(install) ignored
[0.099s] Level 1:colcon.colcon_core.package_identification:_identify(log) by extensions ['ignore', 'ignore_ament_install']
[0.100s] Level 1:colcon.colcon_core.package_identification:_identify(log) by extension 'ignore'
[0.100s] Level 1:colcon.colcon_core.package_identification:_identify(log) ignored
[0.100s] Level 1:colcon.colcon_core.package_discovery:discover_packages(recursive) using defaults
[0.100s] Level 1:colcon.colcon_core.package_discovery:discover_packages(ignore) discover
[0.100s] Level 1:colcon.colcon_core.package_discovery:discover_packages(ignore) using defaults
[0.100s] Level 1:colcon.colcon_core.package_discovery:discover_packages(path) discover
[0.100s] Level 1:colcon.colcon_core.package_discovery:discover_packages(path) using defaults
[0.112s] Level 1:colcon.colcon_core.package_discovery:discover_packages(prefix_path) check parameters
[0.112s] Level 1:colcon.colcon_core.package_discovery:discover_packages(prefix_path) discover
[0.113s] DEBUG:colcon.colcon_installed_package_information.package_discovery:Found 298 installed packages in /opt/ros/kilted
[0.113s] Level 1:colcon.colcon_core.package_discovery:discover_packages(prefix_path) using defaults
[0.130s] Level 5:colcon.colcon_core.verb:set package 'meca500_description' build argument 'cmake_args' from command line to 'None'
[0.130s] Level 5:colcon.colcon_core.verb:set package 'meca500_description' build argument 'cmake_target' from command line to 'None'
[0.130s] Level 5:colcon.colcon_core.verb:set package 'meca500_description' build argument 'cmake_target_skip_unavailable' from command line to 'False'
[0.130s] Level 5:colcon.colcon_core.verb:set package 'meca500_description' build argument 'cmake_clean_cache' from command line to 'False'
[0.130s] Level 5:colcon.colcon_core.verb:set package 'meca500_description' build argument 'cmake_clean_first' from command line to 'False'
[0.130s] Level 5:colcon.colcon_core.verb:set package 'meca500_description' build argument 'cmake_force_configure' from command line to 'False'
[0.130s] Level 5:colcon.colcon_core.verb:set package 'meca500_description' build argument 'ament_cmake_args' from command line to 'None'
[0.130s] Level 5:colcon.colcon_core.verb:set package 'meca500_description' build argument 'catkin_cmake_args' from command line to 'None'
[0.130s] Level 5:colcon.colcon_core.verb:set package 'meca500_description' build argument 'catkin_skip_building_tests' from command line to 'False'
[0.130s] DEBUG:colcon.colcon_core.verb:Building package 'meca500_description' with the following arguments: {'ament_cmake_args': None, 'build_base': '/home/administrator/Masterproject2/20_ROS/src/Robots/build/meca500_description', 'catkin_cmake_args': None, 'catkin_skip_building_tests': False, 'cmake_args': None, 'cmake_clean_cache': False, 'cmake_clean_first': False, 'cmake_force_configure': False, 'cmake_target': None, 'cmake_target_skip_unavailable': False, 'install_base': '/home/administrator/Masterproject2/20_ROS/src/Robots/install/meca500_description', 'merge_install': False, 'path': '/home/administrator/Masterproject2/20_ROS/src/Robots/Mecademic/meca500_description', 'symlink_install': False, 'test_result_base': None}
[0.131s] Level 5:colcon.colcon_core.verb:set package 'meca500_hardware' build argument 'cmake_args' from command line to 'None'
[0.131s] Level 5:colcon.colcon_core.verb:set package 'meca500_hardware' build argument 'cmake_target' from command line to 'None'
[0.131s] Level 5:colcon.colcon_core.verb:set package 'meca500_hardware' build argument 'cmake_target_skip_unavailable' from command line to 'False'
[0.131s] Level 5:colcon.colcon_core.verb:set package 'meca500_hardware' build argument 'cmake_clean_cache' from command line to 'False'
[0.131s] Level 5:colcon.colcon_core.verb:set package 'meca500_hardware' build argument 'cmake_clean_first' from command line to 'False'
[0.131s] Level 5:colcon.colcon_core.verb:set package 'meca500_hardware' build argument 'cmake_force_configure' from command line to 'False'
[0.131s] Level 5:colcon.colcon_core.verb:set package 'meca500_hardware' build argument 'ament_cmake_args' from command line to 'None'
[0.131s] Level 5:colcon.colcon_core.verb:set package 'meca500_hardware' build argument 'catkin_cmake_args' from command line to 'None'
[0.131s] Level 5:colcon.colcon_core.verb:set package 'meca500_hardware' build argument 'catkin_skip_building_tests' from command line to 'False'
[0.131s] DEBUG:colcon.colcon_core.verb:Building package 'meca500_hardware' with the following arguments: {'ament_cmake_args': None, 'build_base': '/home/administrator/Masterproject2/20_ROS/src/Robots/build/meca500_hardware', 'catkin_cmake_args': None, 'catkin_skip_building_tests': False, 'cmake_args': None, 'cmake_clean_cache': False, 'cmake_clean_first': False, 'cmake_force_configure': False, 'cmake_target': None, 'cmake_target_skip_unavailable': False, 'install_base': '/home/administrator/Masterproject2/20_ROS/src/Robots/install/meca500_hardware', 'merge_install': False, 'path': '/home/administrator/Masterproject2/20_ROS/src/Robots/Mecademic/meca500_hardware', 'symlink_install': False, 'test_result_base': None}
[0.131s] Level 5:colcon.colcon_core.verb:set package 'meca500_moveit_config' build argument 'cmake_args' from command line to 'None'
[0.131s] Level 5:colcon.colcon_core.verb:set package 'meca500_moveit_config' build argument 'cmake_target' from command line to 'None'
[0.131s] Level 5:colcon.colcon_core.verb:set package 'meca500_moveit_config' build argument 'cmake_target_skip_unavailable' from command line to 'False'
[0.131s] Level 5:colcon.colcon_core.verb:set package 'meca500_moveit_config' build argument 'cmake_clean_cache' from command line to 'False'
[0.131s] Level 5:colcon.colcon_core.verb:set package 'meca500_moveit_config' build argument 'cmake_clean_first' from command line to 'False'
[0.131s] Level 5:colcon.colcon_core.verb:set package 'meca500_moveit_config' build argument 'cmake_force_configure' from command line to 'False'
[0.131s] Level 5:colcon.colcon_core.verb:set package 'meca500_moveit_config' build argument 'ament_cmake_args' from command line to 'None'
[0.131s] Level 5:colcon.colcon_core.verb:set package 'meca500_moveit_config' build argument 'catkin_cmake_args' from command line to 'None'
[0.131s] Level 5:colcon.colcon_core.verb:set package 'meca500_moveit_config' build argument 'catkin_skip_building_tests' from command line to 'False'
[0.131s] DEBUG:colcon.colcon_core.verb:Building package 'meca500_moveit_config' with the following arguments: {'ament_cmake_args': None, 'build_base': '/home/administrator/Masterproject2/20_ROS/src/Robots/build/meca500_moveit_config', 'catkin_cmake_args': None, 'catkin_skip_building_tests': False, 'cmake_args': None, 'cmake_clean_cache': False, 'cmake_clean_first': False, 'cmake_force_configure': False, 'cmake_target': None, 'cmake_target_skip_unavailable': False, 'install_base': '/home/administrator/Masterproject2/20_ROS/src/Robots/install/meca500_moveit_config', 'merge_install': False, 'path': '/home/administrator/Masterproject2/20_ROS/src/Robots/Mecademic/meca500_moveit_config', 'symlink_install': False, 'test_result_base': None}
[0.131s] Level 5:colcon.colcon_core.verb:set package 'mir_actions' build argument 'cmake_args' from command line to 'None'
[0.131s] Level 5:colcon.colcon_core.verb:set package 'mir_actions' build argument 'cmake_target' from command line to 'None'
[0.131s] Level 5:colcon.colcon_core.verb:set package 'mir_actions' build argument 'cmake_target_skip_unavailable' from command line to 'False'
[0.131s] Level 5:colcon.colcon_core.verb:set package 'mir_actions' build argument 'cmake_clean_cache' from command line to 'False'
[0.131s] Level 5:colcon.colcon_core.verb:set package 'mir_actions' build argument 'cmake_clean_first' from command line to 'False'
[0.131s] Level 5:colcon.colcon_core.verb:set package 'mir_actions' build argument 'cmake_force_configure' from command line to 'False'
[0.131s] Level 5:colcon.colcon_core.verb:set package 'mir_actions' build argument 'ament_cmake_args' from command line to 'None'
[0.131s] Level 5:colcon.colcon_core.verb:set package 'mir_actions' build argument 'catkin_cmake_args' from command line to 'None'
[0.131s] Level 5:colcon.colcon_core.verb:set package 'mir_actions' build argument 'catkin_skip_building_tests' from command line to 'False'
[0.131s] DEBUG:colcon.colcon_core.verb:Building package 'mir_actions' with the following arguments: {'ament_cmake_args': None, 'build_base': '/home/administrator/Masterproject2/20_ROS/src/Robots/build/mir_actions', 'catkin_cmake_args': None, 'catkin_skip_building_tests': False, 'cmake_args': None, 'cmake_clean_cache': False, 'cmake_clean_first': False, 'cmake_force_configure': False, 'cmake_target': None, 'cmake_target_skip_unavailable': False, 'install_base': '/home/administrator/Masterproject2/20_ROS/src/Robots/install/mir_actions', 'merge_install': False, 'path': '/home/administrator/Masterproject2/20_ROS/src/Robots/MIR/mir_actions', 'symlink_install': False, 'test_result_base': None}
[0.131s] Level 5:colcon.colcon_core.verb:set package 'mir_description' build argument 'cmake_args' from command line to 'None'
[0.131s] Level 5:colcon.colcon_core.verb:set package 'mir_description' build argument 'cmake_target' from command line to 'None'
[0.131s] Level 5:colcon.colcon_core.verb:set package 'mir_description' build argument 'cmake_target_skip_unavailable' from command line to 'False'
[0.131s] Level 5:colcon.colcon_core.verb:set package 'mir_description' build argument 'cmake_clean_cache' from command line to 'False'
[0.131s] Level 5:colcon.colcon_core.verb:set package 'mir_description' build argument 'cmake_clean_first' from command line to 'False'
[0.131s] Level 5:colcon.colcon_core.verb:set package 'mir_description' build argument 'cmake_force_configure' from command line to 'False'
[0.131s] Level 5:colcon.colcon_core.verb:set package 'mir_description' build argument 'ament_cmake_args' from command line to 'None'
[0.131s] Level 5:colcon.colcon_core.verb:set package 'mir_description' build argument 'catkin_cmake_args' from command line to 'None'
[0.131s] Level 5:colcon.colcon_core.verb:set package 'mir_description' build argument 'catkin_skip_building_tests' from command line to 'False'
[0.131s] DEBUG:colcon.colcon_core.verb:Building package 'mir_description' with the following arguments: {'ament_cmake_args': None, 'build_base': '/home/administrator/Masterproject2/20_ROS/src/Robots/build/mir_description', 'catkin_cmake_args': None, 'catkin_skip_building_tests': False, 'cmake_args': None, 'cmake_clean_cache': False, 'cmake_clean_first': False, 'cmake_force_configure': False, 'cmake_target': None, 'cmake_target_skip_unavailable': False, 'install_base': '/home/administrator/Masterproject2/20_ROS/src/Robots/install/mir_description', 'merge_install': False, 'path': '/home/administrator/Masterproject2/20_ROS/src/Robots/MIR/mir_description', 'symlink_install': False, 'test_result_base': None}
[0.131s] Level 5:colcon.colcon_core.verb:set package 'mir_dwb_critics' build argument 'cmake_args' from command line to 'None'
[0.131s] Level 5:colcon.colcon_core.verb:set package 'mir_dwb_critics' build argument 'cmake_target' from command line to 'None'
[0.131s] Level 5:colcon.colcon_core.verb:set package 'mir_dwb_critics' build argument 'cmake_target_skip_unavailable' from command line to 'False'
[0.131s] Level 5:colcon.colcon_core.verb:set package 'mir_dwb_critics' build argument 'cmake_clean_cache' from command line to 'False'
[0.131s] Level 5:colcon.colcon_core.verb:set package 'mir_dwb_critics' build argument 'cmake_clean_first' from command line to 'False'
[0.131s] Level 5:colcon.colcon_core.verb:set package 'mir_dwb_critics' build argument 'cmake_force_configure' from command line to 'False'
[0.131s] Level 5:colcon.colcon_core.verb:set package 'mir_dwb_critics' build argument 'ament_cmake_args' from command line to 'None'
[0.131s] Level 5:colcon.colcon_core.verb:set package 'mir_dwb_critics' build argument 'catkin_cmake_args' from command line to 'None'
[0.131s] Level 5:colcon.colcon_core.verb:set package 'mir_dwb_critics' build argument 'catkin_skip_building_tests' from command line to 'False'
[0.131s] DEBUG:colcon.colcon_core.verb:Building package 'mir_dwb_critics' with the following arguments: {'ament_cmake_args': None, 'build_base': '/home/administrator/Masterproject2/20_ROS/src/Robots/build/mir_dwb_critics', 'catkin_cmake_args': None, 'catkin_skip_building_tests': False, 'cmake_args': None, 'cmake_clean_cache': False, 'cmake_clean_first': False, 'cmake_force_configure': False, 'cmake_target': None, 'cmake_target_skip_unavailable': False, 'install_base': '/home/administrator/Masterproject2/20_ROS/src/Robots/install/mir_dwb_critics', 'merge_install': False, 'path': '/home/administrator/Masterproject2/20_ROS/src/Robots/MIR/mir_dwb_critics', 'symlink_install': False, 'test_result_base': None}
[0.132s] Level 5:colcon.colcon_core.verb:set package 'mir_msgs' build argument 'cmake_args' from command line to 'None'
[0.132s] Level 5:colcon.colcon_core.verb:set package 'mir_msgs' build argument 'cmake_target' from command line to 'None'
[0.132s] Level 5:colcon.colcon_core.verb:set package 'mir_msgs' build argument 'cmake_target_skip_unavailable' from command line to 'False'
[0.132s] Level 5:colcon.colcon_core.verb:set package 'mir_msgs' build argument 'cmake_clean_cache' from command line to 'False'
[0.132s] Level 5:colcon.colcon_core.verb:set package 'mir_msgs' build argument 'cmake_clean_first' from command line to 'False'
[0.132s] Level 5:colcon.colcon_core.verb:set package 'mir_msgs' build argument 'cmake_force_configure' from command line to 'False'
[0.132s] Level 5:colcon.colcon_core.verb:set package 'mir_msgs' build argument 'ament_cmake_args' from command line to 'None'
[0.132s] Level 5:colcon.colcon_core.verb:set package 'mir_msgs' build argument 'catkin_cmake_args' from command line to 'None'
[0.132s] Level 5:colcon.colcon_core.verb:set package 'mir_msgs' build argument 'catkin_skip_building_tests' from command line to 'False'
[0.132s] DEBUG:colcon.colcon_core.verb:Building package 'mir_msgs' with the following arguments: {'ament_cmake_args': None, 'build_base': '/home/administrator/Masterproject2/20_ROS/src/Robots/build/mir_msgs', 'catkin_cmake_args': None, 'catkin_skip_building_tests': False, 'cmake_args': None, 'cmake_clean_cache': False, 'cmake_clean_first': False, 'cmake_force_configure': False, 'cmake_target': None, 'cmake_target_skip_unavailable': False, 'install_base': '/home/administrator/Masterproject2/20_ROS/src/Robots/install/mir_msgs', 'merge_install': False, 'path': '/home/administrator/Masterproject2/20_ROS/src/Robots/MIR/mir_msgs', 'symlink_install': False, 'test_result_base': None}
[0.132s] Level 5:colcon.colcon_core.verb:set package 'om_aiv_msg' build argument 'cmake_args' from command line to 'None'
[0.132s] Level 5:colcon.colcon_core.verb:set package 'om_aiv_msg' build argument 'cmake_target' from command line to 'None'
[0.132s] Level 5:colcon.colcon_core.verb:set package 'om_aiv_msg' build argument 'cmake_target_skip_unavailable' from command line to 'False'
[0.132s] Level 5:colcon.colcon_core.verb:set package 'om_aiv_msg' build argument 'cmake_clean_cache' from command line to 'False'
[0.132s] Level 5:colcon.colcon_core.verb:set package 'om_aiv_msg' build argument 'cmake_clean_first' from command line to 'False'
[0.132s] Level 5:colcon.colcon_core.verb:set package 'om_aiv_msg' build argument 'cmake_force_configure' from command line to 'False'
[0.132s] Level 5:colcon.colcon_core.verb:set package 'om_aiv_msg' build argument 'ament_cmake_args' from command line to 'None'
[0.132s] Level 5:colcon.colcon_core.verb:set package 'om_aiv_msg' build argument 'catkin_cmake_args' from command line to 'None'
[0.132s] Level 5:colcon.colcon_core.verb:set package 'om_aiv_msg' build argument 'catkin_skip_building_tests' from command line to 'False'
[0.132s] DEBUG:colcon.colcon_core.verb:Building package 'om_aiv_msg' with the following arguments: {'ament_cmake_args': None, 'build_base': '/home/administrator/Masterproject2/20_ROS/src/Robots/build/om_aiv_msg', 'catkin_cmake_args': None, 'catkin_skip_building_tests': False, 'cmake_args': None, 'cmake_clean_cache': False, 'cmake_clean_first': False, 'cmake_force_configure': False, 'cmake_target': None, 'cmake_target_skip_unavailable': False, 'install_base': '/home/administrator/Masterproject2/20_ROS/src/Robots/install/om_aiv_msg', 'merge_install': False, 'path': '/home/administrator/Masterproject2/20_ROS/src/Robots/Omron_AMR/src/om_aiv_msg', 'symlink_install': False, 'test_result_base': None}
[0.132s] Level 5:colcon.colcon_core.verb:set package 'om_aiv_navigation' build argument 'cmake_args' from command line to 'None'
[0.132s] Level 5:colcon.colcon_core.verb:set package 'om_aiv_navigation' build argument 'cmake_target' from command line to 'None'
[0.132s] Level 5:colcon.colcon_core.verb:set package 'om_aiv_navigation' build argument 'cmake_target_skip_unavailable' from command line to 'False'
[0.132s] Level 5:colcon.colcon_core.verb:set package 'om_aiv_navigation' build argument 'cmake_clean_cache' from command line to 'False'
[0.132s] Level 5:colcon.colcon_core.verb:set package 'om_aiv_navigation' build argument 'cmake_clean_first' from command line to 'False'
[0.132s] Level 5:colcon.colcon_core.verb:set package 'om_aiv_navigation' build argument 'cmake_force_configure' from command line to 'False'
[0.132s] Level 5:colcon.colcon_core.verb:set package 'om_aiv_navigation' build argument 'ament_cmake_args' from command line to 'None'
[0.132s] Level 5:colcon.colcon_core.verb:set package 'om_aiv_navigation' build argument 'catkin_cmake_args' from command line to 'None'
[0.132s] Level 5:colcon.colcon_core.verb:set package 'om_aiv_navigation' build argument 'catkin_skip_building_tests' from command line to 'False'
[0.132s] DEBUG:colcon.colcon_core.verb:Building package 'om_aiv_navigation' with the following arguments: {'ament_cmake_args': None, 'build_base': '/home/administrator/Masterproject2/20_ROS/src/Robots/build/om_aiv_navigation', 'catkin_cmake_args': None, 'catkin_skip_building_tests': False, 'cmake_args': None, 'cmake_clean_cache': False, 'cmake_clean_first': False, 'cmake_force_configure': False, 'cmake_target': None, 'cmake_target_skip_unavailable': False, 'install_base': '/home/administrator/Masterproject2/20_ROS/src/Robots/install/om_aiv_navigation', 'merge_install': False, 'path': '/home/administrator/Masterproject2/20_ROS/src/Robots/Omron_AMR/src/om_aiv_navigation', 'symlink_install': False, 'test_result_base': None}
[0.132s] Level 5:colcon.colcon_core.verb:set package 'sdc21x0' build argument 'cmake_args' from command line to 'None'
[0.132s] Level 5:colcon.colcon_core.verb:set package 'sdc21x0' build argument 'cmake_target' from command line to 'None'
[0.132s] Level 5:colcon.colcon_core.verb:set package 'sdc21x0' build argument 'cmake_target_skip_unavailable' from command line to 'False'
[0.132s] Level 5:colcon.colcon_core.verb:set package 'sdc21x0' build argument 'cmake_clean_cache' from command line to 'False'
[0.132s] Level 5:colcon.colcon_core.verb:set package 'sdc21x0' build argument 'cmake_clean_first' from command line to 'False'
[0.132s] Level 5:colcon.colcon_core.verb:set package 'sdc21x0' build argument 'cmake_force_configure' from command line to 'False'
[0.132s] Level 5:colcon.colcon_core.verb:set package 'sdc21x0' build argument 'ament_cmake_args' from command line to 'None'
[0.132s] Level 5:colcon.colcon_core.verb:set package 'sdc21x0' build argument 'catkin_cmake_args' from command line to 'None'
[0.132s] Level 5:colcon.colcon_core.verb:set package 'sdc21x0' build argument 'catkin_skip_building_tests' from command line to 'False'
[0.132s] DEBUG:colcon.colcon_core.verb:Building package 'sdc21x0' with the following arguments: {'ament_cmake_args': None, 'build_base': '/home/administrator/Masterproject2/20_ROS/src/Robots/build/sdc21x0', 'catkin_cmake_args': None, 'catkin_skip_building_tests': False, 'cmake_args': None, 'cmake_clean_cache': False, 'cmake_clean_first': False, 'cmake_force_configure': False, 'cmake_target': None, 'cmake_target_skip_unavailable': False, 'install_base': '/home/administrator/Masterproject2/20_ROS/src/Robots/install/sdc21x0', 'merge_install': False, 'path': '/home/administrator/Masterproject2/20_ROS/src/Robots/MIR/sdc21x0', 'symlink_install': False, 'test_result_base': None}
[0.132s] Level 5:colcon.colcon_core.verb:set package 'ur_dashboard_msgs' build argument 'cmake_args' from command line to 'None'
[0.132s] Level 5:colcon.colcon_core.verb:set package 'ur_dashboard_msgs' build argument 'cmake_target' from command line to 'None'
[0.132s] Level 5:colcon.colcon_core.verb:set package 'ur_dashboard_msgs' build argument 'cmake_target_skip_unavailable' from command line to 'False'
[0.132s] Level 5:colcon.colcon_core.verb:set package 'ur_dashboard_msgs' build argument 'cmake_clean_cache' from command line to 'False'
[0.132s] Level 5:colcon.colcon_core.verb:set package 'ur_dashboard_msgs' build argument 'cmake_clean_first' from command line to 'False'
[0.132s] Level 5:colcon.colcon_core.verb:set package 'ur_dashboard_msgs' build argument 'cmake_force_configure' from command line to 'False'
[0.132s] Level 5:colcon.colcon_core.verb:set package 'ur_dashboard_msgs' build argument 'ament_cmake_args' from command line to 'None'
[0.132s] Level 5:colcon.colcon_core.verb:set package 'ur_dashboard_msgs' build argument 'catkin_cmake_args' from command line to 'None'
[0.132s] Level 5:colcon.colcon_core.verb:set package 'ur_dashboard_msgs' build argument 'catkin_skip_building_tests' from command line to 'False'
[0.132s] DEBUG:colcon.colcon_core.verb:Building package 'ur_dashboard_msgs' with the following arguments: {'ament_cmake_args': None, 'build_base': '/home/administrator/Masterproject2/20_ROS/src/Robots/build/ur_dashboard_msgs', 'catkin_cmake_args': None, 'catkin_skip_building_tests': False, 'cmake_args': None, 'cmake_clean_cache': False, 'cmake_clean_first': False, 'cmake_force_configure': False, 'cmake_target': None, 'cmake_target_skip_unavailable': False, 'install_base': '/home/administrator/Masterproject2/20_ROS/src/Robots/install/ur_dashboard_msgs', 'merge_install': False, 'path': '/home/administrator/Masterproject2/20_ROS/src/Robots/UR_Driver/ur_dashboard_msgs', 'symlink_install': False, 'test_result_base': None}
[0.132s] Level 5:colcon.colcon_core.verb:set package 'ur_moveit_config' build argument 'cmake_args' from command line to 'None'
[0.132s] Level 5:colcon.colcon_core.verb:set package 'ur_moveit_config' build argument 'cmake_target' from command line to 'None'
[0.132s] Level 5:colcon.colcon_core.verb:set package 'ur_moveit_config' build argument 'cmake_target_skip_unavailable' from command line to 'False'
[0.132s] Level 5:colcon.colcon_core.verb:set package 'ur_moveit_config' build argument 'cmake_clean_cache' from command line to 'False'
[0.132s] Level 5:colcon.colcon_core.verb:set package 'ur_moveit_config' build argument 'cmake_clean_first' from command line to 'False'
[0.132s] Level 5:colcon.colcon_core.verb:set package 'ur_moveit_config' build argument 'cmake_force_configure' from command line to 'False'
[0.132s] Level 5:colcon.colcon_core.verb:set package 'ur_moveit_config' build argument 'ament_cmake_args' from command line to 'None'
[0.133s] Level 5:colcon.colcon_core.verb:set package 'ur_moveit_config' build argument 'catkin_cmake_args' from command line to 'None'
[0.133s] Level 5:colcon.colcon_core.verb:set package 'ur_moveit_config' build argument 'catkin_skip_building_tests' from command line to 'False'
[0.133s] DEBUG:colcon.colcon_core.verb:Building package 'ur_moveit_config' with the following arguments: {'ament_cmake_args': None, 'build_base': '/home/administrator/Masterproject2/20_ROS/src/Robots/build/ur_moveit_config', 'catkin_cmake_args': None, 'catkin_skip_building_tests': False, 'cmake_args': None, 'cmake_clean_cache': False, 'cmake_clean_first': False, 'cmake_force_configure': False, 'cmake_target': None, 'cmake_target_skip_unavailable': False, 'install_base': '/home/administrator/Masterproject2/20_ROS/src/Robots/install/ur_moveit_config', 'merge_install': False, 'path': '/home/administrator/Masterproject2/20_ROS/src/Robots/UR_Driver/ur_moveit_config', 'symlink_install': False, 'test_result_base': None}
[0.133s] Level 5:colcon.colcon_core.verb:set package 'amr_visualisation' build argument 'cmake_args' from command line to 'None'
[0.133s] Level 5:colcon.colcon_core.verb:set package 'amr_visualisation' build argument 'cmake_target' from command line to 'None'
[0.133s] Level 5:colcon.colcon_core.verb:set package 'amr_visualisation' build argument 'cmake_target_skip_unavailable' from command line to 'False'
[0.133s] Level 5:colcon.colcon_core.verb:set package 'amr_visualisation' build argument 'cmake_clean_cache' from command line to 'False'
[0.133s] Level 5:colcon.colcon_core.verb:set package 'amr_visualisation' build argument 'cmake_clean_first' from command line to 'False'
[0.133s] Level 5:colcon.colcon_core.verb:set package 'amr_visualisation' build argument 'cmake_force_configure' from command line to 'False'
[0.133s] Level 5:colcon.colcon_core.verb:set package 'amr_visualisation' build argument 'ament_cmake_args' from command line to 'None'
[0.133s] Level 5:colcon.colcon_core.verb:set package 'amr_visualisation' build argument 'catkin_cmake_args' from command line to 'None'
[0.133s] Level 5:colcon.colcon_core.verb:set package 'amr_visualisation' build argument 'catkin_skip_building_tests' from command line to 'False'
[0.133s] DEBUG:colcon.colcon_core.verb:Building package 'amr_visualisation' with the following arguments: {'ament_cmake_args': None, 'build_base': '/home/administrator/Masterproject2/20_ROS/src/Robots/build/amr_visualisation', 'catkin_cmake_args': None, 'catkin_skip_building_tests': False, 'cmake_args': None, 'cmake_clean_cache': False, 'cmake_clean_first': False, 'cmake_force_configure': False, 'cmake_target': None, 'cmake_target_skip_unavailable': False, 'install_base': '/home/administrator/Masterproject2/20_ROS/src/Robots/install/amr_visualisation', 'merge_install': False, 'path': '/home/administrator/Masterproject2/20_ROS/src/Robots/Omron_AMR/src/amr_visualisation', 'symlink_install': False, 'test_result_base': None}
[0.133s] Level 5:colcon.colcon_core.verb:set package 'demo' build argument 'cmake_args' from command line to 'None'
[0.133s] Level 5:colcon.colcon_core.verb:set package 'demo' build argument 'cmake_target' from command line to 'None'
[0.133s] Level 5:colcon.colcon_core.verb:set package 'demo' build argument 'cmake_target_skip_unavailable' from command line to 'False'
[0.133s] Level 5:colcon.colcon_core.verb:set package 'demo' build argument 'cmake_clean_cache' from command line to 'False'
[0.133s] Level 5:colcon.colcon_core.verb:set package 'demo' build argument 'cmake_clean_first' from command line to 'False'
[0.133s] Level 5:colcon.colcon_core.verb:set package 'demo' build argument 'cmake_force_configure' from command line to 'False'
[0.133s] Level 5:colcon.colcon_core.verb:set package 'demo' build argument 'ament_cmake_args' from command line to 'None'
[0.133s] Level 5:colcon.colcon_core.verb:set package 'demo' build argument 'catkin_cmake_args' from command line to 'None'
[0.133s] Level 5:colcon.colcon_core.verb:set package 'demo' build argument 'catkin_skip_building_tests' from command line to 'False'
[0.133s] DEBUG:colcon.colcon_core.verb:Building package 'demo' with the following arguments: {'ament_cmake_args': None, 'build_base': '/home/administrator/Masterproject2/20_ROS/src/Robots/build/demo', 'catkin_cmake_args': None, 'catkin_skip_building_tests': False, 'cmake_args': None, 'cmake_clean_cache': False, 'cmake_clean_first': False, 'cmake_force_configure': False, 'cmake_target': None, 'cmake_target_skip_unavailable': False, 'install_base': '/home/administrator/Masterproject2/20_ROS/src/Robots/install/demo', 'merge_install': False, 'path': '/home/administrator/Masterproject2/20_ROS/src/Robots/Omron_AMR/src/demo', 'symlink_install': False, 'test_result_base': None}
[0.133s] Level 5:colcon.colcon_core.verb:set package 'meca500_bringup' build argument 'cmake_args' from command line to 'None'
[0.133s] Level 5:colcon.colcon_core.verb:set package 'meca500_bringup' build argument 'cmake_target' from command line to 'None'
[0.133s] Level 5:colcon.colcon_core.verb:set package 'meca500_bringup' build argument 'cmake_target_skip_unavailable' from command line to 'False'
[0.133s] Level 5:colcon.colcon_core.verb:set package 'meca500_bringup' build argument 'cmake_clean_cache' from command line to 'False'
[0.133s] Level 5:colcon.colcon_core.verb:set package 'meca500_bringup' build argument 'cmake_clean_first' from command line to 'False'
[0.133s] Level 5:colcon.colcon_core.verb:set package 'meca500_bringup' build argument 'cmake_force_configure' from command line to 'False'
[0.133s] Level 5:colcon.colcon_core.verb:set package 'meca500_bringup' build argument 'ament_cmake_args' from command line to 'None'
[0.133s] Level 5:colcon.colcon_core.verb:set package 'meca500_bringup' build argument 'catkin_cmake_args' from command line to 'None'
[0.133s] Level 5:colcon.colcon_core.verb:set package 'meca500_bringup' build argument 'catkin_skip_building_tests' from command line to 'False'
[0.133s] DEBUG:colcon.colcon_core.verb:Building package 'meca500_bringup' with the following arguments: {'ament_cmake_args': None, 'build_base': '/home/administrator/Masterproject2/20_ROS/src/Robots/build/meca500_bringup', 'catkin_cmake_args': None, 'catkin_skip_building_tests': False, 'cmake_args': None, 'cmake_clean_cache': False, 'cmake_clean_first': False, 'cmake_force_configure': False, 'cmake_target': None, 'cmake_target_skip_unavailable': False, 'install_base': '/home/administrator/Masterproject2/20_ROS/src/Robots/install/meca500_bringup', 'merge_install': False, 'path': '/home/administrator/Masterproject2/20_ROS/src/Robots/Mecademic/meca500_bringup', 'symlink_install': False, 'test_result_base': None}
[0.133s] Level 5:colcon.colcon_core.verb:set package 'mir_driver' build argument 'cmake_args' from command line to 'None'
[0.133s] Level 5:colcon.colcon_core.verb:set package 'mir_driver' build argument 'cmake_target' from command line to 'None'
[0.133s] Level 5:colcon.colcon_core.verb:set package 'mir_driver' build argument 'cmake_target_skip_unavailable' from command line to 'False'
[0.133s] Level 5:colcon.colcon_core.verb:set package 'mir_driver' build argument 'cmake_clean_cache' from command line to 'False'
[0.133s] Level 5:colcon.colcon_core.verb:set package 'mir_driver' build argument 'cmake_clean_first' from command line to 'False'
[0.133s] Level 5:colcon.colcon_core.verb:set package 'mir_driver' build argument 'cmake_force_configure' from command line to 'False'
[0.133s] Level 5:colcon.colcon_core.verb:set package 'mir_driver' build argument 'ament_cmake_args' from command line to 'None'
[0.133s] Level 5:colcon.colcon_core.verb:set package 'mir_driver' build argument 'catkin_cmake_args' from command line to 'None'
[0.133s] Level 5:colcon.colcon_core.verb:set package 'mir_driver' build argument 'catkin_skip_building_tests' from command line to 'False'
[0.133s] DEBUG:colcon.colcon_core.verb:Building package 'mir_driver' with the following arguments: {'ament_cmake_args': None, 'build_base': '/home/administrator/Masterproject2/20_ROS/src/Robots/build/mir_driver', 'catkin_cmake_args': None, 'catkin_skip_building_tests': False, 'cmake_args': None, 'cmake_clean_cache': False, 'cmake_clean_first': False, 'cmake_force_configure': False, 'cmake_target': None, 'cmake_target_skip_unavailable': False, 'install_base': '/home/administrator/Masterproject2/20_ROS/src/Robots/install/mir_driver', 'merge_install': False, 'path': '/home/administrator/Masterproject2/20_ROS/src/Robots/MIR/mir_driver', 'symlink_install': False, 'test_result_base': None}
[0.133s] Level 5:colcon.colcon_core.verb:set package 'om_aiv_util' build argument 'cmake_args' from command line to 'None'
[0.133s] Level 5:colcon.colcon_core.verb:set package 'om_aiv_util' build argument 'cmake_target' from command line to 'None'
[0.133s] Level 5:colcon.colcon_core.verb:set package 'om_aiv_util' build argument 'cmake_target_skip_unavailable' from command line to 'False'
[0.133s] Level 5:colcon.colcon_core.verb:set package 'om_aiv_util' build argument 'cmake_clean_cache' from command line to 'False'
[0.133s] Level 5:colcon.colcon_core.verb:set package 'om_aiv_util' build argument 'cmake_clean_first' from command line to 'False'
[0.133s] Level 5:colcon.colcon_core.verb:set package 'om_aiv_util' build argument 'cmake_force_configure' from command line to 'False'
[0.133s] Level 5:colcon.colcon_core.verb:set package 'om_aiv_util' build argument 'ament_cmake_args' from command line to 'None'
[0.133s] Level 5:colcon.colcon_core.verb:set package 'om_aiv_util' build argument 'catkin_cmake_args' from command line to 'None'
[0.133s] Level 5:colcon.colcon_core.verb:set package 'om_aiv_util' build argument 'catkin_skip_building_tests' from command line to 'False'
[0.133s] DEBUG:colcon.colcon_core.verb:Building package 'om_aiv_util' with the following arguments: {'ament_cmake_args': None, 'build_base': '/home/administrator/Masterproject2/20_ROS/src/Robots/build/om_aiv_util', 'catkin_cmake_args': None, 'catkin_skip_building_tests': False, 'cmake_args': None, 'cmake_clean_cache': False, 'cmake_clean_first': False, 'cmake_force_configure': False, 'cmake_target': None, 'cmake_target_skip_unavailable': False, 'install_base': '/home/administrator/Masterproject2/20_ROS/src/Robots/install/om_aiv_util', 'merge_install': False, 'path': '/home/administrator/Masterproject2/20_ROS/src/Robots/Omron_AMR/src/om_aiv_util', 'symlink_install': False, 'test_result_base': None}
[0.134s] Level 5:colcon.colcon_core.verb:set package 'ur_controllers' build argument 'cmake_args' from command line to 'None'
[0.134s] Level 5:colcon.colcon_core.verb:set package 'ur_controllers' build argument 'cmake_target' from command line to 'None'
[0.134s] Level 5:colcon.colcon_core.verb:set package 'ur_controllers' build argument 'cmake_target_skip_unavailable' from command line to 'False'
[0.134s] Level 5:colcon.colcon_core.verb:set package 'ur_controllers' build argument 'cmake_clean_cache' from command line to 'False'
[0.134s] Level 5:colcon.colcon_core.verb:set package 'ur_controllers' build argument 'cmake_clean_first' from command line to 'False'
[0.134s] Level 5:colcon.colcon_core.verb:set package 'ur_controllers' build argument 'cmake_force_configure' from command line to 'False'
[0.134s] Level 5:colcon.colcon_core.verb:set package 'ur_controllers' build argument 'ament_cmake_args' from command line to 'None'
[0.134s] Level 5:colcon.colcon_core.verb:set package 'ur_controllers' build argument 'catkin_cmake_args' from command line to 'None'
[0.134s] Level 5:colcon.colcon_core.verb:set package 'ur_controllers' build argument 'catkin_skip_building_tests' from command line to 'False'
[0.134s] DEBUG:colcon.colcon_core.verb:Building package 'ur_controllers' with the following arguments: {'ament_cmake_args': None, 'build_base': '/home/administrator/Masterproject2/20_ROS/src/Robots/build/ur_controllers', 'catkin_cmake_args': None, 'catkin_skip_building_tests': False, 'cmake_args': None, 'cmake_clean_cache': False, 'cmake_clean_first': False, 'cmake_force_configure': False, 'cmake_target': None, 'cmake_target_skip_unavailable': False, 'install_base': '/home/administrator/Masterproject2/20_ROS/src/Robots/install/ur_controllers', 'merge_install': False, 'path': '/home/administrator/Masterproject2/20_ROS/src/Robots/UR_Driver/ur_controllers', 'symlink_install': False, 'test_result_base': None}
[0.134s] Level 5:colcon.colcon_core.verb:set package 'mir_gazebo' build argument 'cmake_args' from command line to 'None'
[0.134s] Level 5:colcon.colcon_core.verb:set package 'mir_gazebo' build argument 'cmake_target' from command line to 'None'
[0.134s] Level 5:colcon.colcon_core.verb:set package 'mir_gazebo' build argument 'cmake_target_skip_unavailable' from command line to 'False'
[0.134s] Level 5:colcon.colcon_core.verb:set package 'mir_gazebo' build argument 'cmake_clean_cache' from command line to 'False'
[0.134s] Level 5:colcon.colcon_core.verb:set package 'mir_gazebo' build argument 'cmake_clean_first' from command line to 'False'
[0.134s] Level 5:colcon.colcon_core.verb:set package 'mir_gazebo' build argument 'cmake_force_configure' from command line to 'False'
[0.134s] Level 5:colcon.colcon_core.verb:set package 'mir_gazebo' build argument 'ament_cmake_args' from command line to 'None'
[0.134s] Level 5:colcon.colcon_core.verb:set package 'mir_gazebo' build argument 'catkin_cmake_args' from command line to 'None'
[0.134s] Level 5:colcon.colcon_core.verb:set package 'mir_gazebo' build argument 'catkin_skip_building_tests' from command line to 'False'
[0.134s] DEBUG:colcon.colcon_core.verb:Building package 'mir_gazebo' with the following arguments: {'ament_cmake_args': None, 'build_base': '/home/administrator/Masterproject2/20_ROS/src/Robots/build/mir_gazebo', 'catkin_cmake_args': None, 'catkin_skip_building_tests': False, 'cmake_args': None, 'cmake_clean_cache': False, 'cmake_clean_first': False, 'cmake_force_configure': False, 'cmake_target': None, 'cmake_target_skip_unavailable': False, 'install_base': '/home/administrator/Masterproject2/20_ROS/src/Robots/install/mir_gazebo', 'merge_install': False, 'path': '/home/administrator/Masterproject2/20_ROS/src/Robots/MIR/mir_gazebo', 'symlink_install': False, 'test_result_base': None}
[0.134s] Level 5:colcon.colcon_core.verb:set package 'ur_robot_driver' build argument 'cmake_args' from command line to 'None'
[0.134s] Level 5:colcon.colcon_core.verb:set package 'ur_robot_driver' build argument 'cmake_target' from command line to 'None'
[0.134s] Level 5:colcon.colcon_core.verb:set package 'ur_robot_driver' build argument 'cmake_target_skip_unavailable' from command line to 'False'
[0.134s] Level 5:colcon.colcon_core.verb:set package 'ur_robot_driver' build argument 'cmake_clean_cache' from command line to 'False'
[0.134s] Level 5:colcon.colcon_core.verb:set package 'ur_robot_driver' build argument 'cmake_clean_first' from command line to 'False'
[0.134s] Level 5:colcon.colcon_core.verb:set package 'ur_robot_driver' build argument 'cmake_force_configure' from command line to 'False'
[0.134s] Level 5:colcon.colcon_core.verb:set package 'ur_robot_driver' build argument 'ament_cmake_args' from command line to 'None'
[0.134s] Level 5:colcon.colcon_core.verb:set package 'ur_robot_driver' build argument 'catkin_cmake_args' from command line to 'None'
[0.134s] Level 5:colcon.colcon_core.verb:set package 'ur_robot_driver' build argument 'catkin_skip_building_tests' from command line to 'False'
[0.134s] DEBUG:colcon.colcon_core.verb:Building package 'ur_robot_driver' with the following arguments: {'ament_cmake_args': None, 'build_base': '/home/administrator/Masterproject2/20_ROS/src/Robots/build/ur_robot_driver', 'catkin_cmake_args': None, 'catkin_skip_building_tests': False, 'cmake_args': None, 'cmake_clean_cache': False, 'cmake_clean_first': False, 'cmake_force_configure': False, 'cmake_target': None, 'cmake_target_skip_unavailable': False, 'install_base': '/home/administrator/Masterproject2/20_ROS/src/Robots/install/ur_robot_driver', 'merge_install': False, 'path': '/home/administrator/Masterproject2/20_ROS/src/Robots/UR_Driver/ur_robot_driver', 'symlink_install': False, 'test_result_base': None}
[0.134s] Level 5:colcon.colcon_core.verb:set package 'mir_navigation' build argument 'cmake_args' from command line to 'None'
[0.134s] Level 5:colcon.colcon_core.verb:set package 'mir_navigation' build argument 'cmake_target' from command line to 'None'
[0.134s] Level 5:colcon.colcon_core.verb:set package 'mir_navigation' build argument 'cmake_target_skip_unavailable' from command line to 'False'
[0.134s] Level 5:colcon.colcon_core.verb:set package 'mir_navigation' build argument 'cmake_clean_cache' from command line to 'False'
[0.134s] Level 5:colcon.colcon_core.verb:set package 'mir_navigation' build argument 'cmake_clean_first' from command line to 'False'
[0.134s] Level 5:colcon.colcon_core.verb:set package 'mir_navigation' build argument 'cmake_force_configure' from command line to 'False'
[0.134s] Level 5:colcon.colcon_core.verb:set package 'mir_navigation' build argument 'ament_cmake_args' from command line to 'None'
[0.134s] Level 5:colcon.colcon_core.verb:set package 'mir_navigation' build argument 'catkin_cmake_args' from command line to 'None'
[0.134s] Level 5:colcon.colcon_core.verb:set package 'mir_navigation' build argument 'catkin_skip_building_tests' from command line to 'False'
[0.134s] DEBUG:colcon.colcon_core.verb:Building package 'mir_navigation' with the following arguments: {'ament_cmake_args': None, 'build_base': '/home/administrator/Masterproject2/20_ROS/src/Robots/build/mir_navigation', 'catkin_cmake_args': None, 'catkin_skip_building_tests': False, 'cmake_args': None, 'cmake_clean_cache': False, 'cmake_clean_first': False, 'cmake_force_configure': False, 'cmake_target': None, 'cmake_target_skip_unavailable': False, 'install_base': '/home/administrator/Masterproject2/20_ROS/src/Robots/install/mir_navigation', 'merge_install': False, 'path': '/home/administrator/Masterproject2/20_ROS/src/Robots/MIR/mir_navigation', 'symlink_install': False, 'test_result_base': None}
[0.134s] Level 5:colcon.colcon_core.verb:set package 'ur_calibration' build argument 'cmake_args' from command line to 'None'
[0.134s] Level 5:colcon.colcon_core.verb:set package 'ur_calibration' build argument 'cmake_target' from command line to 'None'
[0.134s] Level 5:colcon.colcon_core.verb:set package 'ur_calibration' build argument 'cmake_target_skip_unavailable' from command line to 'False'
[0.134s] Level 5:colcon.colcon_core.verb:set package 'ur_calibration' build argument 'cmake_clean_cache' from command line to 'False'
[0.134s] Level 5:colcon.colcon_core.verb:set package 'ur_calibration' build argument 'cmake_clean_first' from command line to 'False'
[0.134s] Level 5:colcon.colcon_core.verb:set package 'ur_calibration' build argument 'cmake_force_configure' from command line to 'False'
[0.134s] Level 5:colcon.colcon_core.verb:set package 'ur_calibration' build argument 'ament_cmake_args' from command line to 'None'
[0.134s] Level 5:colcon.colcon_core.verb:set package 'ur_calibration' build argument 'catkin_cmake_args' from command line to 'None'
[0.134s] Level 5:colcon.colcon_core.verb:set package 'ur_calibration' build argument 'catkin_skip_building_tests' from command line to 'False'
[0.134s] DEBUG:colcon.colcon_core.verb:Building package 'ur_calibration' with the following arguments: {'ament_cmake_args': None, 'build_base': '/home/administrator/Masterproject2/20_ROS/src/Robots/build/ur_calibration', 'catkin_cmake_args': None, 'catkin_skip_building_tests': False, 'cmake_args': None, 'cmake_clean_cache': False, 'cmake_clean_first': False, 'cmake_force_configure': False, 'cmake_target': None, 'cmake_target_skip_unavailable': False, 'install_base': '/home/administrator/Masterproject2/20_ROS/src/Robots/install/ur_calibration', 'merge_install': False, 'path': '/home/administrator/Masterproject2/20_ROS/src/Robots/UR_Driver/ur_calibration', 'symlink_install': False, 'test_result_base': None}
[0.134s] Level 5:colcon.colcon_core.verb:set package 'mir_robot' build argument 'cmake_args' from command line to 'None'
[0.134s] Level 5:colcon.colcon_core.verb:set package 'mir_robot' build argument 'cmake_target' from command line to 'None'
[0.134s] Level 5:colcon.colcon_core.verb:set package 'mir_robot' build argument 'cmake_target_skip_unavailable' from command line to 'False'
[0.134s] Level 5:colcon.colcon_core.verb:set package 'mir_robot' build argument 'cmake_clean_cache' from command line to 'False'
[0.134s] Level 5:colcon.colcon_core.verb:set package 'mir_robot' build argument 'cmake_clean_first' from command line to 'False'
[0.134s] Level 5:colcon.colcon_core.verb:set package 'mir_robot' build argument 'cmake_force_configure' from command line to 'False'
[0.134s] Level 5:colcon.colcon_core.verb:set package 'mir_robot' build argument 'ament_cmake_args' from command line to 'None'
[0.134s] Level 5:colcon.colcon_core.verb:set package 'mir_robot' build argument 'catkin_cmake_args' from command line to 'None'
[0.134s] Level 5:colcon.colcon_core.verb:set package 'mir_robot' build argument 'catkin_skip_building_tests' from command line to 'False'
[0.135s] DEBUG:colcon.colcon_core.verb:Building package 'mir_robot' with the following arguments: {'ament_cmake_args': None, 'build_base': '/home/administrator/Masterproject2/20_ROS/src/Robots/build/mir_robot', 'catkin_cmake_args': None, 'catkin_skip_building_tests': False, 'cmake_args': None, 'cmake_clean_cache': False, 'cmake_clean_first': False, 'cmake_force_configure': False, 'cmake_target': None, 'cmake_target_skip_unavailable': False, 'install_base': '/home/administrator/Masterproject2/20_ROS/src/Robots/install/mir_robot', 'merge_install': False, 'path': '/home/administrator/Masterproject2/20_ROS/src/Robots/MIR/mir_robot', 'symlink_install': False, 'test_result_base': None}
[0.135s] Level 5:colcon.colcon_core.verb:set package 'ur' build argument 'cmake_args' from command line to 'None'
[0.135s] Level 5:colcon.colcon_core.verb:set package 'ur' build argument 'cmake_target' from command line to 'None'
[0.135s] Level 5:colcon.colcon_core.verb:set package 'ur' build argument 'cmake_target_skip_unavailable' from command line to 'False'
[0.135s] Level 5:colcon.colcon_core.verb:set package 'ur' build argument 'cmake_clean_cache' from command line to 'False'
[0.135s] Level 5:colcon.colcon_core.verb:set package 'ur' build argument 'cmake_clean_first' from command line to 'False'
[0.135s] Level 5:colcon.colcon_core.verb:set package 'ur' build argument 'cmake_force_configure' from command line to 'False'
[0.135s] Level 5:colcon.colcon_core.verb:set package 'ur' build argument 'ament_cmake_args' from command line to 'None'
[0.135s] Level 5:colcon.colcon_core.verb:set package 'ur' build argument 'catkin_cmake_args' from command line to 'None'
[0.135s] Level 5:colcon.colcon_core.verb:set package 'ur' build argument 'catkin_skip_building_tests' from command line to 'False'
[0.135s] DEBUG:colcon.colcon_core.verb:Building package 'ur' with the following arguments: {'ament_cmake_args': None, 'build_base': '/home/administrator/Masterproject2/20_ROS/src/Robots/build/ur', 'catkin_cmake_args': None, 'catkin_skip_building_tests': False, 'cmake_args': None, 'cmake_clean_cache': False, 'cmake_clean_first': False, 'cmake_force_configure': False, 'cmake_target': None, 'cmake_target_skip_unavailable': False, 'install_base': '/home/administrator/Masterproject2/20_ROS/src/Robots/install/ur', 'merge_install': False, 'path': '/home/administrator/Masterproject2/20_ROS/src/Robots/UR_Driver/ur', 'symlink_install': False, 'test_result_base': None}
[0.135s] INFO:colcon.colcon_core.executor:Executing jobs using 'parallel' executor
[0.135s] DEBUG:colcon.colcon_parallel_executor.executor.parallel:run_until_complete
[0.136s] INFO:colcon.colcon_ros.task.ament_cmake.build:Building ROS package in '/home/administrator/Masterproject2/20_ROS/src/Robots/MIR/mir_actions' with build type 'ament_cmake'
[0.136s] INFO:colcon.colcon_cmake.task.cmake.build:Building CMake package in '/home/administrator/Masterproject2/20_ROS/src/Robots/MIR/mir_actions'
[0.137s] INFO:colcon.colcon_core.plugin_system:Skipping extension 'colcon_core.shell.bat': Not used on non-Windows systems
[0.137s] INFO:colcon.colcon_core.shell:Skip shell extension 'powershell' for command environment: Not usable outside of PowerShell
[0.137s] DEBUG:colcon.colcon_core.shell:Skip shell extension 'dsv' for command environment
[0.139s] INFO:colcon.colcon_ros.task.ament_cmake.build:Building ROS package in '/home/administrator/Masterproject2/20_ROS/src/Robots/MIR/mir_description' with build type 'ament_cmake'
[0.139s] INFO:colcon.colcon_cmake.task.cmake.build:Building CMake package in '/home/administrator/Masterproject2/20_ROS/src/Robots/MIR/mir_description'
[0.139s] INFO:colcon.colcon_core.shell:Skip shell extension 'powershell' for command environment: Not usable outside of PowerShell
[0.139s] DEBUG:colcon.colcon_core.shell:Skip shell extension 'dsv' for command environment
[0.140s] INFO:colcon.colcon_ros.task.ament_cmake.build:Building ROS package in '/home/administrator/Masterproject2/20_ROS/src/Robots/MIR/mir_msgs' with build type 'ament_cmake'
[0.140s] INFO:colcon.colcon_cmake.task.cmake.build:Building CMake package in '/home/administrator/Masterproject2/20_ROS/src/Robots/MIR/mir_msgs'
[0.140s] INFO:colcon.colcon_core.shell:Skip shell extension 'powershell' for command environment: Not usable outside of PowerShell
[0.140s] DEBUG:colcon.colcon_core.shell:Skip shell extension 'dsv' for command environment
[0.141s] INFO:colcon.colcon_ros.task.ament_cmake.build:Building ROS package in '/home/administrator/Masterproject2/20_ROS/src/Robots/UR_Driver/ur_dashboard_msgs' with build type 'ament_cmake'
[0.142s] INFO:colcon.colcon_cmake.task.cmake.build:Building CMake package in '/home/administrator/Masterproject2/20_ROS/src/Robots/UR_Driver/ur_dashboard_msgs'
[0.142s] INFO:colcon.colcon_core.shell:Skip shell extension 'powershell' for command environment: Not usable outside of PowerShell
[0.142s] DEBUG:colcon.colcon_core.shell:Skip shell extension 'dsv' for command environment
[0.143s] INFO:colcon.colcon_ros.task.ament_cmake.build:Building ROS package in '/home/administrator/Masterproject2/20_ROS/src/Robots/Omron_AMR/src/om_aiv_msg' with build type 'ament_cmake'
[0.143s] INFO:colcon.colcon_cmake.task.cmake.build:Building CMake package in '/home/administrator/Masterproject2/20_ROS/src/Robots/Omron_AMR/src/om_aiv_msg'
[0.143s] INFO:colcon.colcon_core.shell:Skip shell extension 'powershell' for command environment: Not usable outside of PowerShell
[0.143s] DEBUG:colcon.colcon_core.shell:Skip shell extension 'dsv' for command environment
[0.144s] INFO:colcon.colcon_ros.task.ament_cmake.build:Building ROS package in '/home/administrator/Masterproject2/20_ROS/src/Robots/MIR/mir_dwb_critics' with build type 'ament_cmake'
[0.144s] INFO:colcon.colcon_cmake.task.cmake.build:Building CMake package in '/home/administrator/Masterproject2/20_ROS/src/Robots/MIR/mir_dwb_critics'
[0.144s] INFO:colcon.colcon_core.shell:Skip shell extension 'powershell' for command environment: Not usable outside of PowerShell
[0.144s] DEBUG:colcon.colcon_core.shell:Skip shell extension 'dsv' for command environment
[0.146s] INFO:colcon.colcon_ros.task.ament_cmake.build:Building ROS package in '/home/administrator/Masterproject2/20_ROS/src/Robots/Mecademic/meca500_description' with build type 'ament_cmake'
[0.146s] INFO:colcon.colcon_cmake.task.cmake.build:Building CMake package in '/home/administrator/Masterproject2/20_ROS/src/Robots/Mecademic/meca500_description'
[0.146s] INFO:colcon.colcon_core.shell:Skip shell extension 'powershell' for command environment: Not usable outside of PowerShell
[0.146s] DEBUG:colcon.colcon_core.shell:Skip shell extension 'dsv' for command environment
[0.147s] INFO:colcon.colcon_ros.task.ament_cmake.build:Building ROS package in '/home/administrator/Masterproject2/20_ROS/src/Robots/Mecademic/meca500_hardware' with build type 'ament_cmake'
[0.147s] INFO:colcon.colcon_cmake.task.cmake.build:Building CMake package in '/home/administrator/Masterproject2/20_ROS/src/Robots/Mecademic/meca500_hardware'
[0.147s] INFO:colcon.colcon_core.shell:Skip shell extension 'powershell' for command environment: Not usable outside of PowerShell
[0.147s] DEBUG:colcon.colcon_core.shell:Skip shell extension 'dsv' for command environment
[0.148s] INFO:colcon.colcon_ros.task.ament_cmake.build:Building ROS package in '/home/administrator/Masterproject2/20_ROS/src/Robots/MIR/sdc21x0' with build type 'ament_cmake'
[0.148s] INFO:colcon.colcon_cmake.task.cmake.build:Building CMake package in '/home/administrator/Masterproject2/20_ROS/src/Robots/MIR/sdc21x0'
[0.149s] INFO:colcon.colcon_core.shell:Skip shell extension 'powershell' for command environment: Not usable outside of PowerShell
[0.149s] DEBUG:colcon.colcon_core.shell:Skip shell extension 'dsv' for command environment
[0.150s] INFO:colcon.colcon_ros.task.ament_cmake.build:Building ROS package in '/home/administrator/Masterproject2/20_ROS/src/Robots/UR_Driver/ur_moveit_config' with build type 'ament_cmake'
[0.150s] INFO:colcon.colcon_cmake.task.cmake.build:Building CMake package in '/home/administrator/Masterproject2/20_ROS/src/Robots/UR_Driver/ur_moveit_config'
[0.150s] INFO:colcon.colcon_core.shell:Skip shell extension 'powershell' for command environment: Not usable outside of PowerShell
[0.150s] DEBUG:colcon.colcon_core.shell:Skip shell extension 'dsv' for command environment
[0.151s] INFO:colcon.colcon_ros.task.ament_cmake.build:Building ROS package in '/home/administrator/Masterproject2/20_ROS/src/Robots/Mecademic/meca500_moveit_config' with build type 'ament_cmake'
[0.151s] INFO:colcon.colcon_cmake.task.cmake.build:Building CMake package in '/home/administrator/Masterproject2/20_ROS/src/Robots/Mecademic/meca500_moveit_config'
[0.151s] INFO:colcon.colcon_core.shell:Skip shell extension 'powershell' for command environment: Not usable outside of PowerShell
[0.151s] DEBUG:colcon.colcon_core.shell:Skip shell extension 'dsv' for command environment
[0.152s] INFO:colcon.colcon_ros.task.ament_python.build:Building ROS package in '/home/administrator/Masterproject2/20_ROS/src/Robots/Omron_AMR/src/om_aiv_navigation' with build type 'ament_python'
[0.152s] Level 1:colcon.colcon_core.shell:create_environment_hook('om_aiv_navigation', 'ament_prefix_path')
[0.153s] INFO:colcon.colcon_core.shell:Creating environment hook '/home/administrator/Masterproject2/20_ROS/src/Robots/install/om_aiv_navigation/share/om_aiv_navigation/hook/ament_prefix_path.ps1'
[0.153s] INFO:colcon.colcon_core.shell:Creating environment descriptor '/home/administrator/Masterproject2/20_ROS/src/Robots/install/om_aiv_navigation/share/om_aiv_navigation/hook/ament_prefix_path.dsv'
[0.153s] INFO:colcon.colcon_core.shell:Creating environment hook '/home/administrator/Masterproject2/20_ROS/src/Robots/install/om_aiv_navigation/share/om_aiv_navigation/hook/ament_prefix_path.sh'
[0.153s] INFO:colcon.colcon_core.shell:Skip shell extension 'powershell' for command environment: Not usable outside of PowerShell
[0.153s] DEBUG:colcon.colcon_core.shell:Skip shell extension 'dsv' for command environment
[0.157s] DEBUG:colcon.colcon_core.event_handler.log_command:Invoking command in '/home/administrator/Masterproject2/20_ROS/src/Robots/build/mir_actions': CMAKE_PREFIX_PATH=${CMAKE_PREFIX_PATH}:/opt/ros/kilted DEBUGINFOD_URLS=https://debuginfod.ubuntu.com /usr/bin/cmake --build /home/administrator/Masterproject2/20_ROS/src/Robots/build/mir_actions -- -j14 -l14
[0.159s] DEBUG:colcon.colcon_core.event_handler.log_command:Invoking command in '/home/administrator/Masterproject2/20_ROS/src/Robots/build/mir_description': CMAKE_PREFIX_PATH=${CMAKE_PREFIX_PATH}:/opt/ros/kilted DEBUGINFOD_URLS=https://debuginfod.ubuntu.com /usr/bin/cmake --build /home/administrator/Masterproject2/20_ROS/src/Robots/build/mir_description -- -j14 -l14
[0.160s] DEBUG:colcon.colcon_core.event_handler.log_command:Invoking command in '/home/administrator/Masterproject2/20_ROS/src/Robots/build/mir_msgs': CMAKE_PREFIX_PATH=${CMAKE_PREFIX_PATH}:/opt/ros/kilted DEBUGINFOD_URLS=https://debuginfod.ubuntu.com /usr/bin/cmake --build /home/administrator/Masterproject2/20_ROS/src/Robots/build/mir_msgs -- -j14 -l14
[0.160s] DEBUG:colcon.colcon_core.event_handler.log_command:Invoking command in '/home/administrator/Masterproject2/20_ROS/src/Robots/build/ur_dashboard_msgs': CMAKE_PREFIX_PATH=${CMAKE_PREFIX_PATH}:/opt/ros/kilted DEBUGINFOD_URLS=https://debuginfod.ubuntu.com /usr/bin/cmake --build /home/administrator/Masterproject2/20_ROS/src/Robots/build/ur_dashboard_msgs -- -j14 -l14
[0.161s] DEBUG:colcon.colcon_core.event_handler.log_command:Invoking command in '/home/administrator/Masterproject2/20_ROS/src/Robots/build/om_aiv_msg': CMAKE_PREFIX_PATH=${CMAKE_PREFIX_PATH}:/opt/ros/kilted DEBUGINFOD_URLS=https://debuginfod.ubuntu.com /usr/bin/cmake --build /home/administrator/Masterproject2/20_ROS/src/Robots/build/om_aiv_msg -- -j14 -l14
[0.162s] DEBUG:colcon.colcon_core.event_handler.log_command:Invoking command in '/home/administrator/Masterproject2/20_ROS/src/Robots/build/mir_dwb_critics': CMAKE_PREFIX_PATH=${CMAKE_PREFIX_PATH}:/opt/ros/kilted DEBUGINFOD_URLS=https://debuginfod.ubuntu.com /usr/bin/cmake --build /home/administrator/Masterproject2/20_ROS/src/Robots/build/mir_dwb_critics -- -j14 -l14
[0.163s] DEBUG:colcon.colcon_core.event_handler.log_command:Invoking command in '/home/administrator/Masterproject2/20_ROS/src/Robots/build/meca500_description': CMAKE_PREFIX_PATH=${CMAKE_PREFIX_PATH}:/opt/ros/kilted DEBUGINFOD_URLS=https://debuginfod.ubuntu.com /usr/bin/cmake --build /home/administrator/Masterproject2/20_ROS/src/Robots/build/meca500_description -- -j14 -l14
[0.165s] DEBUG:colcon.colcon_core.event_handler.log_command:Invoking command in '/home/administrator/Masterproject2/20_ROS/src/Robots/build/meca500_hardware': CMAKE_PREFIX_PATH=${CMAKE_PREFIX_PATH}:/opt/ros/kilted DEBUGINFOD_URLS=https://debuginfod.ubuntu.com /usr/bin/cmake --build /home/administrator/Masterproject2/20_ROS/src/Robots/build/meca500_hardware -- -j14 -l14
[0.166s] DEBUG:colcon.colcon_core.event_handler.log_command:Invoking command in '/home/administrator/Masterproject2/20_ROS/src/Robots/build/sdc21x0': CMAKE_PREFIX_PATH=${CMAKE_PREFIX_PATH}:/opt/ros/kilted DEBUGINFOD_URLS=https://debuginfod.ubuntu.com /usr/bin/cmake --build /home/administrator/Masterproject2/20_ROS/src/Robots/build/sdc21x0 -- -j14 -l14
[0.167s] DEBUG:colcon.colcon_core.event_handler.log_command:Invoking command in '/home/administrator/Masterproject2/20_ROS/src/Robots/build/ur_moveit_config': CMAKE_PREFIX_PATH=${CMAKE_PREFIX_PATH}:/opt/ros/kilted DEBUGINFOD_URLS=https://debuginfod.ubuntu.com /usr/bin/cmake --build /home/administrator/Masterproject2/20_ROS/src/Robots/build/ur_moveit_config -- -j14 -l14
[0.168s] DEBUG:colcon.colcon_core.event_handler.log_command:Invoking command in '/home/administrator/Masterproject2/20_ROS/src/Robots/build/meca500_moveit_config': CMAKE_PREFIX_PATH=${CMAKE_PREFIX_PATH}:/opt/ros/kilted DEBUGINFOD_URLS=https://debuginfod.ubuntu.com /usr/bin/cmake --build /home/administrator/Masterproject2/20_ROS/src/Robots/build/meca500_moveit_config -- -j14 -l14
[0.333s] INFO:colcon.colcon_core.task.python.build:Building Python package in '/home/administrator/Masterproject2/20_ROS/src/Robots/Omron_AMR/src/om_aiv_navigation'
[0.333s] INFO:colcon.colcon_core.shell:Skip shell extension 'powershell' for command environment: Not usable outside of PowerShell
[0.333s] DEBUG:colcon.colcon_core.shell:Skip shell extension 'dsv' for command environment
[0.339s] DEBUG:colcon.colcon_core.event_handler.log_command:Invoked command in '/home/administrator/Masterproject2/20_ROS/src/Robots/build/ur_moveit_config' returned '0': CMAKE_PREFIX_PATH=${CMAKE_PREFIX_PATH}:/opt/ros/kilted DEBUGINFOD_URLS=https://debuginfod.ubuntu.com /usr/bin/cmake --build /home/administrator/Masterproject2/20_ROS/src/Robots/build/ur_moveit_config -- -j14 -l14
[0.352s] DEBUG:colcon.colcon_core.event_handler.log_command:Invoking command in '/home/administrator/Masterproject2/20_ROS/src/Robots/build/ur_moveit_config': CMAKE_PREFIX_PATH=${CMAKE_PREFIX_PATH}:/opt/ros/kilted DEBUGINFOD_URLS=https://debuginfod.ubuntu.com /usr/bin/cmake --install /home/administrator/Masterproject2/20_ROS/src/Robots/build/ur_moveit_config
[0.357s] DEBUG:colcon.colcon_core.event_handler.log_command:Invoked command in '/home/administrator/Masterproject2/20_ROS/src/Robots/build/meca500_moveit_config' returned '0': CMAKE_PREFIX_PATH=${CMAKE_PREFIX_PATH}:/opt/ros/kilted DEBUGINFOD_URLS=https://debuginfod.ubuntu.com /usr/bin/cmake --build /home/administrator/Masterproject2/20_ROS/src/Robots/build/meca500_moveit_config -- -j14 -l14
[0.357s] DEBUG:colcon.colcon_core.event_handler.log_command:Invoking command in '/home/administrator/Masterproject2/20_ROS/src/Robots/build/meca500_moveit_config': CMAKE_PREFIX_PATH=${CMAKE_PREFIX_PATH}:/opt/ros/kilted DEBUGINFOD_URLS=https://debuginfod.ubuntu.com /usr/bin/cmake --install /home/administrator/Masterproject2/20_ROS/src/Robots/build/meca500_moveit_config
[0.358s] DEBUG:colcon.colcon_core.event_handler.log_command:Invoked command in '/home/administrator/Masterproject2/20_ROS/src/Robots/build/mir_dwb_critics' returned '0': CMAKE_PREFIX_PATH=${CMAKE_PREFIX_PATH}:/opt/ros/kilted DEBUGINFOD_URLS=https://debuginfod.ubuntu.com /usr/bin/cmake --build /home/administrator/Masterproject2/20_ROS/src/Robots/build/mir_dwb_critics -- -j14 -l14
[0.358s] DEBUG:colcon.colcon_core.event_handler.log_command:Invoking command in '/home/administrator/Masterproject2/20_ROS/src/Robots/build/mir_dwb_critics': CMAKE_PREFIX_PATH=${CMAKE_PREFIX_PATH}:/opt/ros/kilted DEBUGINFOD_URLS=https://debuginfod.ubuntu.com /usr/bin/cmake --install /home/administrator/Masterproject2/20_ROS/src/Robots/build/mir_dwb_critics
[0.361s] DEBUG:colcon.colcon_core.event_handler.log_command:Invoked command in '/home/administrator/Masterproject2/20_ROS/src/Robots/build/meca500_hardware' returned '0': CMAKE_PREFIX_PATH=${CMAKE_PREFIX_PATH}:/opt/ros/kilted DEBUGINFOD_URLS=https://debuginfod.ubuntu.com /usr/bin/cmake --build /home/administrator/Masterproject2/20_ROS/src/Robots/build/meca500_hardware -- -j14 -l14
[0.361s] DEBUG:colcon.colcon_core.event_handler.log_command:Invoking command in '/home/administrator/Masterproject2/20_ROS/src/Robots/build/meca500_hardware': CMAKE_PREFIX_PATH=${CMAKE_PREFIX_PATH}:/opt/ros/kilted DEBUGINFOD_URLS=https://debuginfod.ubuntu.com /usr/bin/cmake --install /home/administrator/Masterproject2/20_ROS/src/Robots/build/meca500_hardware
[0.370s] DEBUG:colcon.colcon_core.event_handler.log_command:Invoked command in '/home/administrator/Masterproject2/20_ROS/src/Robots/build/mir_description' returned '0': CMAKE_PREFIX_PATH=${CMAKE_PREFIX_PATH}:/opt/ros/kilted DEBUGINFOD_URLS=https://debuginfod.ubuntu.com /usr/bin/cmake --build /home/administrator/Masterproject2/20_ROS/src/Robots/build/mir_description -- -j14 -l14
[0.370s] DEBUG:colcon.colcon_core.event_handler.log_command:Invoking command in '/home/administrator/Masterproject2/20_ROS/src/Robots/build/mir_description': CMAKE_PREFIX_PATH=${CMAKE_PREFIX_PATH}:/opt/ros/kilted DEBUGINFOD_URLS=https://debuginfod.ubuntu.com /usr/bin/cmake --install /home/administrator/Masterproject2/20_ROS/src/Robots/build/mir_description
[0.393s] Level 1:colcon.colcon_core.environment:create_environment_scripts_only(mir_dwb_critics)
[0.394s] DEBUG:colcon.colcon_core.event_handler.log_command:Invoked command in '/home/administrator/Masterproject2/20_ROS/src/Robots/build/mir_dwb_critics' returned '0': CMAKE_PREFIX_PATH=${CMAKE_PREFIX_PATH}:/opt/ros/kilted DEBUGINFOD_URLS=https://debuginfod.ubuntu.com /usr/bin/cmake --install /home/administrator/Masterproject2/20_ROS/src/Robots/build/mir_dwb_critics
[0.396s] Level 1:colcon.colcon_core.environment:checking '/home/administrator/Masterproject2/20_ROS/src/Robots/install/mir_dwb_critics' for CMake module files
[0.396s] Level 1:colcon.colcon_core.environment:checking '/home/administrator/Masterproject2/20_ROS/src/Robots/install/mir_dwb_critics' for CMake config files
[0.396s] Level 1:colcon.colcon_core.shell:create_environment_hook('mir_dwb_critics', 'cmake_prefix_path')
[0.396s] INFO:colcon.colcon_core.shell:Creating environment hook '/home/administrator/Masterproject2/20_ROS/src/Robots/install/mir_dwb_critics/share/mir_dwb_critics/hook/cmake_prefix_path.ps1'
[0.399s] INFO:colcon.colcon_core.shell:Creating environment descriptor '/home/administrator/Masterproject2/20_ROS/src/Robots/install/mir_dwb_critics/share/mir_dwb_critics/hook/cmake_prefix_path.dsv'
[0.399s] INFO:colcon.colcon_core.shell:Creating environment hook '/home/administrator/Masterproject2/20_ROS/src/Robots/install/mir_dwb_critics/share/mir_dwb_critics/hook/cmake_prefix_path.sh'
[0.400s] Level 1:colcon.colcon_core.environment:checking '/home/administrator/Masterproject2/20_ROS/src/Robots/install/mir_dwb_critics/lib'
[0.400s] Level 1:colcon.colcon_core.environment:checking '/home/administrator/Masterproject2/20_ROS/src/Robots/install/mir_dwb_critics/bin'
[0.400s] Level 1:colcon.colcon_core.environment:checking '/home/administrator/Masterproject2/20_ROS/src/Robots/install/mir_dwb_critics/lib/pkgconfig/mir_dwb_critics.pc'
[0.400s] Level 1:colcon.colcon_core.environment:checking '/home/administrator/Masterproject2/20_ROS/src/Robots/install/mir_dwb_critics/lib/python3.12/site-packages'
[0.400s] Level 1:colcon.colcon_core.environment:checking '/home/administrator/Masterproject2/20_ROS/src/Robots/install/mir_dwb_critics/bin'
[0.401s] INFO:colcon.colcon_core.shell:Creating package script '/home/administrator/Masterproject2/20_ROS/src/Robots/install/mir_dwb_critics/share/mir_dwb_critics/package.ps1'
[0.401s] INFO:colcon.colcon_core.shell:Creating package descriptor '/home/administrator/Masterproject2/20_ROS/src/Robots/install/mir_dwb_critics/share/mir_dwb_critics/package.dsv'
[0.402s] INFO:colcon.colcon_core.shell:Creating package script '/home/administrator/Masterproject2/20_ROS/src/Robots/install/mir_dwb_critics/share/mir_dwb_critics/package.sh'
[0.402s] INFO:colcon.colcon_core.shell:Creating package script '/home/administrator/Masterproject2/20_ROS/src/Robots/install/mir_dwb_critics/share/mir_dwb_critics/package.bash'
[0.402s] INFO:colcon.colcon_core.shell:Creating package script '/home/administrator/Masterproject2/20_ROS/src/Robots/install/mir_dwb_critics/share/mir_dwb_critics/package.zsh'
[0.403s] Level 1:colcon.colcon_core.environment:create_file_with_runtime_dependencies(/home/administrator/Masterproject2/20_ROS/src/Robots/install/mir_dwb_critics/share/colcon-core/packages/mir_dwb_critics)
[0.403s] Level 1:colcon.colcon_core.environment:create_environment_scripts_only(mir_dwb_critics)
[0.403s] Level 1:colcon.colcon_core.environment:checking '/home/administrator/Masterproject2/20_ROS/src/Robots/install/mir_dwb_critics' for CMake module files
[0.404s] Level 1:colcon.colcon_core.environment:checking '/home/administrator/Masterproject2/20_ROS/src/Robots/install/mir_dwb_critics' for CMake config files
[0.404s] Level 1:colcon.colcon_core.shell:create_environment_hook('mir_dwb_critics', 'cmake_prefix_path')
[0.404s] INFO:colcon.colcon_core.shell:Creating environment hook '/home/administrator/Masterproject2/20_ROS/src/Robots/install/mir_dwb_critics/share/mir_dwb_critics/hook/cmake_prefix_path.ps1'
[0.404s] INFO:colcon.colcon_core.shell:Creating environment descriptor '/home/administrator/Masterproject2/20_ROS/src/Robots/install/mir_dwb_critics/share/mir_dwb_critics/hook/cmake_prefix_path.dsv'
[0.404s] INFO:colcon.colcon_core.shell:Creating environment hook '/home/administrator/Masterproject2/20_ROS/src/Robots/install/mir_dwb_critics/share/mir_dwb_critics/hook/cmake_prefix_path.sh'
[0.405s] Level 1:colcon.colcon_core.environment:checking '/home/administrator/Masterproject2/20_ROS/src/Robots/install/mir_dwb_critics/lib'
[0.405s] Level 1:colcon.colcon_core.environment:checking '/home/administrator/Masterproject2/20_ROS/src/Robots/install/mir_dwb_critics/bin'
[0.405s] Level 1:colcon.colcon_core.environment:checking '/home/administrator/Masterproject2/20_ROS/src/Robots/install/mir_dwb_critics/lib/pkgconfig/mir_dwb_critics.pc'
[0.405s] Level 1:colcon.colcon_core.environment:checking '/home/administrator/Masterproject2/20_ROS/src/Robots/install/mir_dwb_critics/lib/python3.12/site-packages'
[0.405s] Level 1:colcon.colcon_core.environment:checking '/home/administrator/Masterproject2/20_ROS/src/Robots/install/mir_dwb_critics/bin'
[0.405s] INFO:colcon.colcon_core.shell:Creating package script '/home/administrator/Masterproject2/20_ROS/src/Robots/install/mir_dwb_critics/share/mir_dwb_critics/package.ps1'
[0.431s] INFO:colcon.colcon_core.shell:Creating package descriptor '/home/administrator/Masterproject2/20_ROS/src/Robots/install/mir_dwb_critics/share/mir_dwb_critics/package.dsv'
[0.432s] INFO:colcon.colcon_core.shell:Creating package script '/home/administrator/Masterproject2/20_ROS/src/Robots/install/mir_dwb_critics/share/mir_dwb_critics/package.sh'
[0.432s] INFO:colcon.colcon_core.shell:Creating package script '/home/administrator/Masterproject2/20_ROS/src/Robots/install/mir_dwb_critics/share/mir_dwb_critics/package.bash'
[0.432s] INFO:colcon.colcon_core.shell:Creating package script '/home/administrator/Masterproject2/20_ROS/src/Robots/install/mir_dwb_critics/share/mir_dwb_critics/package.zsh'
[0.432s] Level 1:colcon.colcon_core.environment:create_file_with_runtime_dependencies(/home/administrator/Masterproject2/20_ROS/src/Robots/install/mir_dwb_critics/share/colcon-core/packages/mir_dwb_critics)
[0.434s] Level 1:colcon.colcon_core.environment:create_environment_scripts_only(ur_moveit_config)
[0.434s] Level 1:colcon.colcon_core.environment:checking '/home/administrator/Masterproject2/20_ROS/src/Robots/install/ur_moveit_config' for CMake module files
[0.434s] Level 1:colcon.colcon_core.environment:checking '/home/administrator/Masterproject2/20_ROS/src/Robots/install/ur_moveit_config' for CMake config files
[0.435s] Level 1:colcon.colcon_core.shell:create_environment_hook('ur_moveit_config', 'cmake_prefix_path')
[0.434s] DEBUG:colcon.colcon_core.event_handler.log_command:Invoked command in '/home/administrator/Masterproject2/20_ROS/src/Robots/build/ur_moveit_config' returned '0': CMAKE_PREFIX_PATH=${CMAKE_PREFIX_PATH}:/opt/ros/kilted DEBUGINFOD_URLS=https://debuginfod.ubuntu.com /usr/bin/cmake --install /home/administrator/Masterproject2/20_ROS/src/Robots/build/ur_moveit_config
[0.435s] INFO:colcon.colcon_core.shell:Creating environment hook '/home/administrator/Masterproject2/20_ROS/src/Robots/install/ur_moveit_config/share/ur_moveit_config/hook/cmake_prefix_path.ps1'
[0.436s] INFO:colcon.colcon_core.shell:Creating environment descriptor '/home/administrator/Masterproject2/20_ROS/src/Robots/install/ur_moveit_config/share/ur_moveit_config/hook/cmake_prefix_path.dsv'
[0.436s] INFO:colcon.colcon_core.shell:Creating environment hook '/home/administrator/Masterproject2/20_ROS/src/Robots/install/ur_moveit_config/share/ur_moveit_config/hook/cmake_prefix_path.sh'
[0.436s] Level 1:colcon.colcon_core.environment:checking '/home/administrator/Masterproject2/20_ROS/src/Robots/install/ur_moveit_config/bin'
[0.436s] Level 1:colcon.colcon_core.environment:checking '/home/administrator/Masterproject2/20_ROS/src/Robots/install/ur_moveit_config/lib/pkgconfig/ur_moveit_config.pc'
[0.436s] Level 1:colcon.colcon_core.environment:checking '/home/administrator/Masterproject2/20_ROS/src/Robots/install/ur_moveit_config/lib/python3.12/site-packages'
[0.437s] Level 1:colcon.colcon_core.environment:checking '/home/administrator/Masterproject2/20_ROS/src/Robots/install/ur_moveit_config/bin'
[0.437s] INFO:colcon.colcon_core.shell:Creating package script '/home/administrator/Masterproject2/20_ROS/src/Robots/install/ur_moveit_config/share/ur_moveit_config/package.ps1'
[0.437s] INFO:colcon.colcon_core.shell:Creating package descriptor '/home/administrator/Masterproject2/20_ROS/src/Robots/install/ur_moveit_config/share/ur_moveit_config/package.dsv'
[0.438s] INFO:colcon.colcon_core.shell:Creating package script '/home/administrator/Masterproject2/20_ROS/src/Robots/install/ur_moveit_config/share/ur_moveit_config/package.sh'
[0.438s] INFO:colcon.colcon_core.shell:Creating package script '/home/administrator/Masterproject2/20_ROS/src/Robots/install/ur_moveit_config/share/ur_moveit_config/package.bash'
[0.438s] INFO:colcon.colcon_core.shell:Creating package script '/home/administrator/Masterproject2/20_ROS/src/Robots/install/ur_moveit_config/share/ur_moveit_config/package.zsh'
[0.438s] Level 1:colcon.colcon_core.environment:create_file_with_runtime_dependencies(/home/administrator/Masterproject2/20_ROS/src/Robots/install/ur_moveit_config/share/colcon-core/packages/ur_moveit_config)
[0.439s] Level 1:colcon.colcon_core.environment:create_environment_scripts_only(ur_moveit_config)
[0.439s] Level 1:colcon.colcon_core.environment:checking '/home/administrator/Masterproject2/20_ROS/src/Robots/install/ur_moveit_config' for CMake module files
[0.439s] Level 1:colcon.colcon_core.environment:checking '/home/administrator/Masterproject2/20_ROS/src/Robots/install/ur_moveit_config' for CMake config files
[0.439s] Level 1:colcon.colcon_core.shell:create_environment_hook('ur_moveit_config', 'cmake_prefix_path')
[0.439s] INFO:colcon.colcon_core.shell:Creating environment hook '/home/administrator/Masterproject2/20_ROS/src/Robots/install/ur_moveit_config/share/ur_moveit_config/hook/cmake_prefix_path.ps1'
[0.440s] INFO:colcon.colcon_core.shell:Creating environment descriptor '/home/administrator/Masterproject2/20_ROS/src/Robots/install/ur_moveit_config/share/ur_moveit_config/hook/cmake_prefix_path.dsv'
[0.440s] INFO:colcon.colcon_core.shell:Creating environment hook '/home/administrator/Masterproject2/20_ROS/src/Robots/install/ur_moveit_config/share/ur_moveit_config/hook/cmake_prefix_path.sh'
[0.441s] Level 1:colcon.colcon_core.environment:checking '/home/administrator/Masterproject2/20_ROS/src/Robots/install/ur_moveit_config/bin'
[0.441s] Level 1:colcon.colcon_core.environment:checking '/home/administrator/Masterproject2/20_ROS/src/Robots/install/ur_moveit_config/lib/pkgconfig/ur_moveit_config.pc'
[0.441s] Level 1:colcon.colcon_core.environment:checking '/home/administrator/Masterproject2/20_ROS/src/Robots/install/ur_moveit_config/lib/python3.12/site-packages'
[0.441s] Level 1:colcon.colcon_core.environment:checking '/home/administrator/Masterproject2/20_ROS/src/Robots/install/ur_moveit_config/bin'
[0.442s] INFO:colcon.colcon_core.shell:Creating package script '/home/administrator/Masterproject2/20_ROS/src/Robots/install/ur_moveit_config/share/ur_moveit_config/package.ps1'
[0.442s] INFO:colcon.colcon_core.shell:Creating package descriptor '/home/administrator/Masterproject2/20_ROS/src/Robots/install/ur_moveit_config/share/ur_moveit_config/package.dsv'
[0.443s] INFO:colcon.colcon_core.shell:Creating package script '/home/administrator/Masterproject2/20_ROS/src/Robots/install/ur_moveit_config/share/ur_moveit_config/package.sh'
[0.443s] INFO:colcon.colcon_core.shell:Creating package script '/home/administrator/Masterproject2/20_ROS/src/Robots/install/ur_moveit_config/share/ur_moveit_config/package.bash'
[0.443s] INFO:colcon.colcon_core.shell:Creating package script '/home/administrator/Masterproject2/20_ROS/src/Robots/install/ur_moveit_config/share/ur_moveit_config/package.zsh'
[0.443s] Level 1:colcon.colcon_core.environment:create_file_with_runtime_dependencies(/home/administrator/Masterproject2/20_ROS/src/Robots/install/ur_moveit_config/share/colcon-core/packages/ur_moveit_config)
[0.444s] Level 1:colcon.colcon_core.environment:create_environment_scripts_only(mir_description)
[0.444s] Level 1:colcon.colcon_core.environment:checking '/home/administrator/Masterproject2/20_ROS/src/Robots/install/mir_description' for CMake module files
[0.444s] DEBUG:colcon.colcon_core.event_handler.log_command:Invoked command in '/home/administrator/Masterproject2/20_ROS/src/Robots/build/mir_description' returned '0': CMAKE_PREFIX_PATH=${CMAKE_PREFIX_PATH}:/opt/ros/kilted DEBUGINFOD_URLS=https://debuginfod.ubuntu.com /usr/bin/cmake --install /home/administrator/Masterproject2/20_ROS/src/Robots/build/mir_description
[0.445s] Level 1:colcon.colcon_core.environment:checking '/home/administrator/Masterproject2/20_ROS/src/Robots/install/mir_description' for CMake config files
[0.445s] Level 1:colcon.colcon_core.shell:create_environment_hook('mir_description', 'cmake_prefix_path')
[0.445s] INFO:colcon.colcon_core.shell:Creating environment hook '/home/administrator/Masterproject2/20_ROS/src/Robots/install/mir_description/share/mir_description/hook/cmake_prefix_path.ps1'
[0.445s] INFO:colcon.colcon_core.shell:Creating environment descriptor '/home/administrator/Masterproject2/20_ROS/src/Robots/install/mir_description/share/mir_description/hook/cmake_prefix_path.dsv'
[0.446s] INFO:colcon.colcon_core.shell:Creating environment hook '/home/administrator/Masterproject2/20_ROS/src/Robots/install/mir_description/share/mir_description/hook/cmake_prefix_path.sh'
[0.446s] Level 1:colcon.colcon_core.environment:checking '/home/administrator/Masterproject2/20_ROS/src/Robots/install/mir_description/bin'
[0.446s] Level 1:colcon.colcon_core.environment:checking '/home/administrator/Masterproject2/20_ROS/src/Robots/install/mir_description/lib/pkgconfig/mir_description.pc'
[0.446s] Level 1:colcon.colcon_core.environment:checking '/home/administrator/Masterproject2/20_ROS/src/Robots/install/mir_description/lib/python3.12/site-packages'
[0.447s] Level 1:colcon.colcon_core.environment:checking '/home/administrator/Masterproject2/20_ROS/src/Robots/install/mir_description/bin'
[0.447s] INFO:colcon.colcon_core.shell:Creating package script '/home/administrator/Masterproject2/20_ROS/src/Robots/install/mir_description/share/mir_description/package.ps1'
[0.447s] INFO:colcon.colcon_core.shell:Creating package descriptor '/home/administrator/Masterproject2/20_ROS/src/Robots/install/mir_description/share/mir_description/package.dsv'
[0.448s] INFO:colcon.colcon_core.shell:Creating package script '/home/administrator/Masterproject2/20_ROS/src/Robots/install/mir_description/share/mir_description/package.sh'
[0.448s] INFO:colcon.colcon_core.shell:Creating package script '/home/administrator/Masterproject2/20_ROS/src/Robots/install/mir_description/share/mir_description/package.bash'
[0.448s] INFO:colcon.colcon_core.shell:Creating package script '/home/administrator/Masterproject2/20_ROS/src/Robots/install/mir_description/share/mir_description/package.zsh'
[0.448s] Level 1:colcon.colcon_core.environment:create_file_with_runtime_dependencies(/home/administrator/Masterproject2/20_ROS/src/Robots/install/mir_description/share/colcon-core/packages/mir_description)
[0.448s] Level 1:colcon.colcon_core.environment:create_environment_scripts_only(mir_description)
[0.449s] Level 1:colcon.colcon_core.environment:checking '/home/administrator/Masterproject2/20_ROS/src/Robots/install/mir_description' for CMake module files
[0.449s] Level 1:colcon.colcon_core.environment:checking '/home/administrator/Masterproject2/20_ROS/src/Robots/install/mir_description' for CMake config files
[0.449s] Level 1:colcon.colcon_core.shell:create_environment_hook('mir_description', 'cmake_prefix_path')
[0.449s] INFO:colcon.colcon_core.shell:Creating environment hook '/home/administrator/Masterproject2/20_ROS/src/Robots/install/mir_description/share/mir_description/hook/cmake_prefix_path.ps1'
[0.449s] INFO:colcon.colcon_core.shell:Creating environment descriptor '/home/administrator/Masterproject2/20_ROS/src/Robots/install/mir_description/share/mir_description/hook/cmake_prefix_path.dsv'
[0.450s] INFO:colcon.colcon_core.shell:Creating environment hook '/home/administrator/Masterproject2/20_ROS/src/Robots/install/mir_description/share/mir_description/hook/cmake_prefix_path.sh'
[0.450s] Level 1:colcon.colcon_core.environment:checking '/home/administrator/Masterproject2/20_ROS/src/Robots/install/mir_description/bin'
[0.450s] Level 1:colcon.colcon_core.environment:checking '/home/administrator/Masterproject2/20_ROS/src/Robots/install/mir_description/lib/pkgconfig/mir_description.pc'
[0.450s] Level 1:colcon.colcon_core.environment:checking '/home/administrator/Masterproject2/20_ROS/src/Robots/install/mir_description/lib/python3.12/site-packages'
[0.451s] Level 1:colcon.colcon_core.environment:checking '/home/administrator/Masterproject2/20_ROS/src/Robots/install/mir_description/bin'
[0.451s] INFO:colcon.colcon_core.shell:Creating package script '/home/administrator/Masterproject2/20_ROS/src/Robots/install/mir_description/share/mir_description/package.ps1'
[0.451s] INFO:colcon.colcon_core.shell:Creating package descriptor '/home/administrator/Masterproject2/20_ROS/src/Robots/install/mir_description/share/mir_description/package.dsv'
[0.452s] INFO:colcon.colcon_core.shell:Creating package script '/home/administrator/Masterproject2/20_ROS/src/Robots/install/mir_description/share/mir_description/package.sh'
[0.452s] INFO:colcon.colcon_core.shell:Creating package script '/home/administrator/Masterproject2/20_ROS/src/Robots/install/mir_description/share/mir_description/package.bash'
[0.452s] INFO:colcon.colcon_core.shell:Creating package script '/home/administrator/Masterproject2/20_ROS/src/Robots/install/mir_description/share/mir_description/package.zsh'
[0.452s] Level 1:colcon.colcon_core.environment:create_file_with_runtime_dependencies(/home/administrator/Masterproject2/20_ROS/src/Robots/install/mir_description/share/colcon-core/packages/mir_description)
[0.452s] Level 1:colcon.colcon_core.environment:create_environment_scripts_only(meca500_moveit_config)
[0.452s] Level 1:colcon.colcon_core.environment:checking '/home/administrator/Masterproject2/20_ROS/src/Robots/install/meca500_moveit_config' for CMake module files
[0.453s] DEBUG:colcon.colcon_core.event_handler.log_command:Invoked command in '/home/administrator/Masterproject2/20_ROS/src/Robots/build/meca500_moveit_config' returned '0': CMAKE_PREFIX_PATH=${CMAKE_PREFIX_PATH}:/opt/ros/kilted DEBUGINFOD_URLS=https://debuginfod.ubuntu.com /usr/bin/cmake --install /home/administrator/Masterproject2/20_ROS/src/Robots/build/meca500_moveit_config
[0.453s] Level 1:colcon.colcon_core.environment:checking '/home/administrator/Masterproject2/20_ROS/src/Robots/install/meca500_moveit_config' for CMake config files
[0.453s] Level 1:colcon.colcon_core.shell:create_environment_hook('meca500_moveit_config', 'cmake_prefix_path')
[0.454s] INFO:colcon.colcon_core.shell:Creating environment hook '/home/administrator/Masterproject2/20_ROS/src/Robots/install/meca500_moveit_config/share/meca500_moveit_config/hook/cmake_prefix_path.ps1'
[0.454s] INFO:colcon.colcon_core.shell:Creating environment descriptor '/home/administrator/Masterproject2/20_ROS/src/Robots/install/meca500_moveit_config/share/meca500_moveit_config/hook/cmake_prefix_path.dsv'
[0.454s] INFO:colcon.colcon_core.shell:Creating environment hook '/home/administrator/Masterproject2/20_ROS/src/Robots/install/meca500_moveit_config/share/meca500_moveit_config/hook/cmake_prefix_path.sh'
[0.454s] Level 1:colcon.colcon_core.environment:checking '/home/administrator/Masterproject2/20_ROS/src/Robots/install/meca500_moveit_config/bin'
[0.455s] Level 1:colcon.colcon_core.environment:checking '/home/administrator/Masterproject2/20_ROS/src/Robots/install/meca500_moveit_config/lib/pkgconfig/meca500_moveit_config.pc'
[0.455s] Level 1:colcon.colcon_core.environment:checking '/home/administrator/Masterproject2/20_ROS/src/Robots/install/meca500_moveit_config/lib/python3.12/site-packages'
[0.455s] Level 1:colcon.colcon_core.environment:checking '/home/administrator/Masterproject2/20_ROS/src/Robots/install/meca500_moveit_config/bin'
[0.455s] INFO:colcon.colcon_core.shell:Creating package script '/home/administrator/Masterproject2/20_ROS/src/Robots/install/meca500_moveit_config/share/meca500_moveit_config/package.ps1'
[0.456s] INFO:colcon.colcon_core.shell:Creating package descriptor '/home/administrator/Masterproject2/20_ROS/src/Robots/install/meca500_moveit_config/share/meca500_moveit_config/package.dsv'
[0.456s] INFO:colcon.colcon_core.shell:Creating package script '/home/administrator/Masterproject2/20_ROS/src/Robots/install/meca500_moveit_config/share/meca500_moveit_config/package.sh'
[0.456s] INFO:colcon.colcon_core.shell:Creating package script '/home/administrator/Masterproject2/20_ROS/src/Robots/install/meca500_moveit_config/share/meca500_moveit_config/package.bash'
[0.456s] INFO:colcon.colcon_core.shell:Creating package script '/home/administrator/Masterproject2/20_ROS/src/Robots/install/meca500_moveit_config/share/meca500_moveit_config/package.zsh'
[0.457s] Level 1:colcon.colcon_core.environment:create_file_with_runtime_dependencies(/home/administrator/Masterproject2/20_ROS/src/Robots/install/meca500_moveit_config/share/colcon-core/packages/meca500_moveit_config)
[0.457s] Level 1:colcon.colcon_core.environment:create_environment_scripts_only(meca500_moveit_config)
[0.457s] Level 1:colcon.colcon_core.environment:checking '/home/administrator/Masterproject2/20_ROS/src/Robots/install/meca500_moveit_config' for CMake module files
[0.457s] Level 1:colcon.colcon_core.environment:checking '/home/administrator/Masterproject2/20_ROS/src/Robots/install/meca500_moveit_config' for CMake config files
[0.458s] Level 1:colcon.colcon_core.shell:create_environment_hook('meca500_moveit_config', 'cmake_prefix_path')
[0.458s] INFO:colcon.colcon_core.shell:Creating environment hook '/home/administrator/Masterproject2/20_ROS/src/Robots/install/meca500_moveit_config/share/meca500_moveit_config/hook/cmake_prefix_path.ps1'
[0.458s] INFO:colcon.colcon_core.shell:Creating environment descriptor '/home/administrator/Masterproject2/20_ROS/src/Robots/install/meca500_moveit_config/share/meca500_moveit_config/hook/cmake_prefix_path.dsv'
[0.458s] INFO:colcon.colcon_core.shell:Creating environment hook '/home/administrator/Masterproject2/20_ROS/src/Robots/install/meca500_moveit_config/share/meca500_moveit_config/hook/cmake_prefix_path.sh'
[0.459s] Level 1:colcon.colcon_core.environment:checking '/home/administrator/Masterproject2/20_ROS/src/Robots/install/meca500_moveit_config/bin'
[0.459s] Level 1:colcon.colcon_core.environment:checking '/home/administrator/Masterproject2/20_ROS/src/Robots/install/meca500_moveit_config/lib/pkgconfig/meca500_moveit_config.pc'
[0.459s] Level 1:colcon.colcon_core.environment:checking '/home/administrator/Masterproject2/20_ROS/src/Robots/install/meca500_moveit_config/lib/python3.12/site-packages'
[0.459s] Level 1:colcon.colcon_core.environment:checking '/home/administrator/Masterproject2/20_ROS/src/Robots/install/meca500_moveit_config/bin'
[0.459s] INFO:colcon.colcon_core.shell:Creating package script '/home/administrator/Masterproject2/20_ROS/src/Robots/install/meca500_moveit_config/share/meca500_moveit_config/package.ps1'
[0.463s] INFO:colcon.colcon_core.shell:Creating package descriptor '/home/administrator/Masterproject2/20_ROS/src/Robots/install/meca500_moveit_config/share/meca500_moveit_config/package.dsv'
[0.464s] INFO:colcon.colcon_core.shell:Creating package script '/home/administrator/Masterproject2/20_ROS/src/Robots/install/meca500_moveit_config/share/meca500_moveit_config/package.sh'
[0.464s] INFO:colcon.colcon_core.shell:Creating package script '/home/administrator/Masterproject2/20_ROS/src/Robots/install/meca500_moveit_config/share/meca500_moveit_config/package.bash'
[0.464s] INFO:colcon.colcon_core.shell:Creating package script '/home/administrator/Masterproject2/20_ROS/src/Robots/install/meca500_moveit_config/share/meca500_moveit_config/package.zsh'
[0.464s] Level 1:colcon.colcon_core.environment:create_file_with_runtime_dependencies(/home/administrator/Masterproject2/20_ROS/src/Robots/install/meca500_moveit_config/share/colcon-core/packages/meca500_moveit_config)
[0.465s] Level 1:colcon.colcon_core.environment:create_environment_scripts_only(meca500_hardware)
[0.465s] Level 1:colcon.colcon_core.environment:checking '/home/administrator/Masterproject2/20_ROS/src/Robots/install/meca500_hardware' for CMake module files
[0.466s] Level 1:colcon.colcon_core.environment:checking '/home/administrator/Masterproject2/20_ROS/src/Robots/install/meca500_hardware' for CMake config files
[0.466s] Level 1:colcon.colcon_core.shell:create_environment_hook('meca500_hardware', 'cmake_prefix_path')
[0.466s] INFO:colcon.colcon_core.shell:Creating environment hook '/home/administrator/Masterproject2/20_ROS/src/Robots/install/meca500_hardware/share/meca500_hardware/hook/cmake_prefix_path.ps1'
[0.466s] INFO:colcon.colcon_core.shell:Creating environment descriptor '/home/administrator/Masterproject2/20_ROS/src/Robots/install/meca500_hardware/share/meca500_hardware/hook/cmake_prefix_path.dsv'
[0.467s] DEBUG:colcon.colcon_core.event_handler.log_command:Invoked command in '/home/administrator/Masterproject2/20_ROS/src/Robots/build/meca500_hardware' returned '0': CMAKE_PREFIX_PATH=${CMAKE_PREFIX_PATH}:/opt/ros/kilted DEBUGINFOD_URLS=https://debuginfod.ubuntu.com /usr/bin/cmake --install /home/administrator/Masterproject2/20_ROS/src/Robots/build/meca500_hardware
[0.467s] INFO:colcon.colcon_core.shell:Creating environment hook '/home/administrator/Masterproject2/20_ROS/src/Robots/install/meca500_hardware/share/meca500_hardware/hook/cmake_prefix_path.sh'
[0.468s] Level 1:colcon.colcon_core.environment:checking '/home/administrator/Masterproject2/20_ROS/src/Robots/install/meca500_hardware/lib'
[0.468s] Level 1:colcon.colcon_core.shell:create_environment_hook('meca500_hardware', 'ld_library_path_lib')
[0.468s] INFO:colcon.colcon_core.shell:Creating environment hook '/home/administrator/Masterproject2/20_ROS/src/Robots/install/meca500_hardware/share/meca500_hardware/hook/ld_library_path_lib.ps1'
[0.468s] INFO:colcon.colcon_core.shell:Creating environment descriptor '/home/administrator/Masterproject2/20_ROS/src/Robots/install/meca500_hardware/share/meca500_hardware/hook/ld_library_path_lib.dsv'
[0.469s] INFO:colcon.colcon_core.shell:Creating environment hook '/home/administrator/Masterproject2/20_ROS/src/Robots/install/meca500_hardware/share/meca500_hardware/hook/ld_library_path_lib.sh'
[0.469s] Level 1:colcon.colcon_core.environment:checking '/home/administrator/Masterproject2/20_ROS/src/Robots/install/meca500_hardware/bin'
[0.469s] Level 1:colcon.colcon_core.environment:checking '/home/administrator/Masterproject2/20_ROS/src/Robots/install/meca500_hardware/lib/pkgconfig/meca500_hardware.pc'
[0.469s] Level 1:colcon.colcon_core.environment:checking '/home/administrator/Masterproject2/20_ROS/src/Robots/install/meca500_hardware/lib/python3.12/site-packages'
[0.469s] Level 1:colcon.colcon_core.environment:checking '/home/administrator/Masterproject2/20_ROS/src/Robots/install/meca500_hardware/bin'
[0.470s] INFO:colcon.colcon_core.shell:Creating package script '/home/administrator/Masterproject2/20_ROS/src/Robots/install/meca500_hardware/share/meca500_hardware/package.ps1'
[0.470s] INFO:colcon.colcon_core.shell:Creating package descriptor '/home/administrator/Masterproject2/20_ROS/src/Robots/install/meca500_hardware/share/meca500_hardware/package.dsv'
[0.477s] INFO:colcon.colcon_core.shell:Creating package script '/home/administrator/Masterproject2/20_ROS/src/Robots/install/meca500_hardware/share/meca500_hardware/package.sh'
[0.478s] INFO:colcon.colcon_core.shell:Creating package script '/home/administrator/Masterproject2/20_ROS/src/Robots/install/meca500_hardware/share/meca500_hardware/package.bash'
[0.478s] INFO:colcon.colcon_core.shell:Creating package script '/home/administrator/Masterproject2/20_ROS/src/Robots/install/meca500_hardware/share/meca500_hardware/package.zsh'
[0.478s] Level 1:colcon.colcon_core.environment:create_file_with_runtime_dependencies(/home/administrator/Masterproject2/20_ROS/src/Robots/install/meca500_hardware/share/colcon-core/packages/meca500_hardware)
[0.478s] Level 1:colcon.colcon_core.environment:create_environment_scripts_only(meca500_hardware)
[0.479s] Level 1:colcon.colcon_core.environment:checking '/home/administrator/Masterproject2/20_ROS/src/Robots/install/meca500_hardware' for CMake module files
[0.479s] Level 1:colcon.colcon_core.environment:checking '/home/administrator/Masterproject2/20_ROS/src/Robots/install/meca500_hardware' for CMake config files
[0.479s] Level 1:colcon.colcon_core.shell:create_environment_hook('meca500_hardware', 'cmake_prefix_path')
[0.479s] INFO:colcon.colcon_core.shell:Creating environment hook '/home/administrator/Masterproject2/20_ROS/src/Robots/install/meca500_hardware/share/meca500_hardware/hook/cmake_prefix_path.ps1'
[0.480s] INFO:colcon.colcon_core.shell:Creating environment descriptor '/home/administrator/Masterproject2/20_ROS/src/Robots/install/meca500_hardware/share/meca500_hardware/hook/cmake_prefix_path.dsv'
[0.480s] INFO:colcon.colcon_core.shell:Creating environment hook '/home/administrator/Masterproject2/20_ROS/src/Robots/install/meca500_hardware/share/meca500_hardware/hook/cmake_prefix_path.sh'
[0.480s] Level 1:colcon.colcon_core.environment:checking '/home/administrator/Masterproject2/20_ROS/src/Robots/install/meca500_hardware/lib'
[0.481s] Level 1:colcon.colcon_core.shell:create_environment_hook('meca500_hardware', 'ld_library_path_lib')
[0.482s] INFO:colcon.colcon_core.shell:Creating environment hook '/home/administrator/Masterproject2/20_ROS/src/Robots/install/meca500_hardware/share/meca500_hardware/hook/ld_library_path_lib.ps1'
[0.482s] INFO:colcon.colcon_core.shell:Creating environment descriptor '/home/administrator/Masterproject2/20_ROS/src/Robots/install/meca500_hardware/share/meca500_hardware/hook/ld_library_path_lib.dsv'
[0.482s] INFO:colcon.colcon_core.shell:Creating environment hook '/home/administrator/Masterproject2/20_ROS/src/Robots/install/meca500_hardware/share/meca500_hardware/hook/ld_library_path_lib.sh'
[0.483s] Level 1:colcon.colcon_core.environment:checking '/home/administrator/Masterproject2/20_ROS/src/Robots/install/meca500_hardware/bin'
[0.483s] Level 1:colcon.colcon_core.environment:checking '/home/administrator/Masterproject2/20_ROS/src/Robots/install/meca500_hardware/lib/pkgconfig/meca500_hardware.pc'
[0.483s] Level 1:colcon.colcon_core.environment:checking '/home/administrator/Masterproject2/20_ROS/src/Robots/install/meca500_hardware/lib/python3.12/site-packages'
[0.483s] Level 1:colcon.colcon_core.environment:checking '/home/administrator/Masterproject2/20_ROS/src/Robots/install/meca500_hardware/bin'
[0.484s] INFO:colcon.colcon_core.shell:Creating package script '/home/administrator/Masterproject2/20_ROS/src/Robots/install/meca500_hardware/share/meca500_hardware/package.ps1'
[0.484s] INFO:colcon.colcon_core.shell:Creating package descriptor '/home/administrator/Masterproject2/20_ROS/src/Robots/install/meca500_hardware/share/meca500_hardware/package.dsv'
[0.485s] INFO:colcon.colcon_core.shell:Creating package script '/home/administrator/Masterproject2/20_ROS/src/Robots/install/meca500_hardware/share/meca500_hardware/package.sh'
[0.485s] INFO:colcon.colcon_core.shell:Creating package script '/home/administrator/Masterproject2/20_ROS/src/Robots/install/meca500_hardware/share/meca500_hardware/package.bash'
[0.485s] INFO:colcon.colcon_core.shell:Creating package script '/home/administrator/Masterproject2/20_ROS/src/Robots/install/meca500_hardware/share/meca500_hardware/package.zsh'
[0.485s] Level 1:colcon.colcon_core.environment:create_file_with_runtime_dependencies(/home/administrator/Masterproject2/20_ROS/src/Robots/install/meca500_hardware/share/colcon-core/packages/meca500_hardware)
[0.499s] DEBUG:colcon.colcon_core.event_handler.log_command:Invoked command in '/home/administrator/Masterproject2/20_ROS/src/Robots/build/om_aiv_msg' returned '0': CMAKE_PREFIX_PATH=${CMAKE_PREFIX_PATH}:/opt/ros/kilted DEBUGINFOD_URLS=https://debuginfod.ubuntu.com /usr/bin/cmake --build /home/administrator/Masterproject2/20_ROS/src/Robots/build/om_aiv_msg -- -j14 -l14
[0.499s] DEBUG:colcon.colcon_core.event_handler.log_command:Invoking command in '/home/administrator/Masterproject2/20_ROS/src/Robots/build/om_aiv_msg': CMAKE_PREFIX_PATH=${CMAKE_PREFIX_PATH}:/opt/ros/kilted DEBUGINFOD_URLS=https://debuginfod.ubuntu.com /usr/bin/cmake --install /home/administrator/Masterproject2/20_ROS/src/Robots/build/om_aiv_msg
[0.517s] DEBUG:colcon.colcon_core.event_handler.log_command:Invoked command in '/home/administrator/Masterproject2/20_ROS/src/Robots/build/mir_actions' returned '0': CMAKE_PREFIX_PATH=${CMAKE_PREFIX_PATH}:/opt/ros/kilted DEBUGINFOD_URLS=https://debuginfod.ubuntu.com /usr/bin/cmake --build /home/administrator/Masterproject2/20_ROS/src/Robots/build/mir_actions -- -j14 -l14
[0.518s] DEBUG:colcon.colcon_core.event_handler.log_command:Invoking command in '/home/administrator/Masterproject2/20_ROS/src/Robots/build/mir_actions': CMAKE_PREFIX_PATH=${CMAKE_PREFIX_PATH}:/opt/ros/kilted DEBUGINFOD_URLS=https://debuginfod.ubuntu.com /usr/bin/cmake --install /home/administrator/Masterproject2/20_ROS/src/Robots/build/mir_actions
[0.550s] DEBUG:colcon.colcon_core.event_handler.log_command:Invoked command in '/home/administrator/Masterproject2/20_ROS/src/Robots/build/sdc21x0' returned '0': CMAKE_PREFIX_PATH=${CMAKE_PREFIX_PATH}:/opt/ros/kilted DEBUGINFOD_URLS=https://debuginfod.ubuntu.com /usr/bin/cmake --build /home/administrator/Masterproject2/20_ROS/src/Robots/build/sdc21x0 -- -j14 -l14
[0.551s] DEBUG:colcon.colcon_core.event_handler.log_command:Invoking command in '/home/administrator/Masterproject2/20_ROS/src/Robots/build/sdc21x0': CMAKE_PREFIX_PATH=${CMAKE_PREFIX_PATH}:/opt/ros/kilted DEBUGINFOD_URLS=https://debuginfod.ubuntu.com /usr/bin/cmake --install /home/administrator/Masterproject2/20_ROS/src/Robots/build/sdc21x0
[0.569s] Level 1:colcon.colcon_core.environment:create_environment_scripts_only(mir_actions)
[0.569s] Level 1:colcon.colcon_core.environment:checking '/home/administrator/Masterproject2/20_ROS/src/Robots/install/mir_actions' for CMake module files
[0.569s] DEBUG:colcon.colcon_core.event_handler.log_command:Invoked command in '/home/administrator/Masterproject2/20_ROS/src/Robots/build/mir_actions' returned '0': CMAKE_PREFIX_PATH=${CMAKE_PREFIX_PATH}:/opt/ros/kilted DEBUGINFOD_URLS=https://debuginfod.ubuntu.com /usr/bin/cmake --install /home/administrator/Masterproject2/20_ROS/src/Robots/build/mir_actions
[0.570s] Level 1:colcon.colcon_core.environment:checking '/home/administrator/Masterproject2/20_ROS/src/Robots/install/mir_actions' for CMake config files
[0.570s] Level 1:colcon.colcon_core.shell:create_environment_hook('mir_actions', 'cmake_prefix_path')
[0.570s] INFO:colcon.colcon_core.shell:Creating environment hook '/home/administrator/Masterproject2/20_ROS/src/Robots/install/mir_actions/share/mir_actions/hook/cmake_prefix_path.ps1'
[0.571s] INFO:colcon.colcon_core.shell:Creating environment descriptor '/home/administrator/Masterproject2/20_ROS/src/Robots/install/mir_actions/share/mir_actions/hook/cmake_prefix_path.dsv'
[0.571s] INFO:colcon.colcon_core.shell:Creating environment hook '/home/administrator/Masterproject2/20_ROS/src/Robots/install/mir_actions/share/mir_actions/hook/cmake_prefix_path.sh'
[0.571s] Level 1:colcon.colcon_core.environment:checking '/home/administrator/Masterproject2/20_ROS/src/Robots/install/mir_actions/lib'
[0.572s] Level 1:colcon.colcon_core.shell:create_environment_hook('mir_actions', 'ld_library_path_lib')
[0.572s] INFO:colcon.colcon_core.shell:Creating environment hook '/home/administrator/Masterproject2/20_ROS/src/Robots/install/mir_actions/share/mir_actions/hook/ld_library_path_lib.ps1'
[0.572s] INFO:colcon.colcon_core.shell:Creating environment descriptor '/home/administrator/Masterproject2/20_ROS/src/Robots/install/mir_actions/share/mir_actions/hook/ld_library_path_lib.dsv'
[0.572s] INFO:colcon.colcon_core.shell:Creating environment hook '/home/administrator/Masterproject2/20_ROS/src/Robots/install/mir_actions/share/mir_actions/hook/ld_library_path_lib.sh'
[0.573s] Level 1:colcon.colcon_core.environment:checking '/home/administrator/Masterproject2/20_ROS/src/Robots/install/mir_actions/bin'
[0.573s] Level 1:colcon.colcon_core.environment:checking '/home/administrator/Masterproject2/20_ROS/src/Robots/install/mir_actions/lib/pkgconfig/mir_actions.pc'
[0.573s] Level 1:colcon.colcon_core.environment:checking '/home/administrator/Masterproject2/20_ROS/src/Robots/install/mir_actions/lib/python3.12/site-packages'
[0.573s] Level 1:colcon.colcon_core.shell:create_environment_hook('mir_actions', 'pythonpath')
[0.573s] INFO:colcon.colcon_core.shell:Creating environment hook '/home/administrator/Masterproject2/20_ROS/src/Robots/install/mir_actions/share/mir_actions/hook/pythonpath.ps1'
[0.573s] INFO:colcon.colcon_core.shell:Creating environment descriptor '/home/administrator/Masterproject2/20_ROS/src/Robots/install/mir_actions/share/mir_actions/hook/pythonpath.dsv'
[0.574s] INFO:colcon.colcon_core.shell:Creating environment hook '/home/administrator/Masterproject2/20_ROS/src/Robots/install/mir_actions/share/mir_actions/hook/pythonpath.sh'
[0.574s] Level 1:colcon.colcon_core.environment:checking '/home/administrator/Masterproject2/20_ROS/src/Robots/install/mir_actions/bin'
[0.574s] INFO:colcon.colcon_core.shell:Creating package script '/home/administrator/Masterproject2/20_ROS/src/Robots/install/mir_actions/share/mir_actions/package.ps1'
[0.575s] INFO:colcon.colcon_core.shell:Creating package descriptor '/home/administrator/Masterproject2/20_ROS/src/Robots/install/mir_actions/share/mir_actions/package.dsv'
[0.575s] INFO:colcon.colcon_core.shell:Creating package script '/home/administrator/Masterproject2/20_ROS/src/Robots/install/mir_actions/share/mir_actions/package.sh'
[0.576s] INFO:colcon.colcon_core.shell:Creating package script '/home/administrator/Masterproject2/20_ROS/src/Robots/install/mir_actions/share/mir_actions/package.bash'
[0.578s] INFO:colcon.colcon_core.shell:Creating package script '/home/administrator/Masterproject2/20_ROS/src/Robots/install/mir_actions/share/mir_actions/package.zsh'
[0.579s] Level 1:colcon.colcon_core.environment:create_file_with_runtime_dependencies(/home/administrator/Masterproject2/20_ROS/src/Robots/install/mir_actions/share/colcon-core/packages/mir_actions)
[0.579s] Level 1:colcon.colcon_core.environment:create_environment_scripts_only(mir_actions)
[0.579s] Level 1:colcon.colcon_core.environment:checking '/home/administrator/Masterproject2/20_ROS/src/Robots/install/mir_actions' for CMake module files
[0.580s] Level 1:colcon.colcon_core.environment:checking '/home/administrator/Masterproject2/20_ROS/src/Robots/install/mir_actions' for CMake config files
[0.580s] Level 1:colcon.colcon_core.shell:create_environment_hook('mir_actions', 'cmake_prefix_path')
[0.580s] INFO:colcon.colcon_core.shell:Creating environment hook '/home/administrator/Masterproject2/20_ROS/src/Robots/install/mir_actions/share/mir_actions/hook/cmake_prefix_path.ps1'
[0.581s] INFO:colcon.colcon_core.shell:Creating environment descriptor '/home/administrator/Masterproject2/20_ROS/src/Robots/install/mir_actions/share/mir_actions/hook/cmake_prefix_path.dsv'
[0.581s] INFO:colcon.colcon_core.shell:Creating environment hook '/home/administrator/Masterproject2/20_ROS/src/Robots/install/mir_actions/share/mir_actions/hook/cmake_prefix_path.sh'
[0.581s] Level 1:colcon.colcon_core.environment:checking '/home/administrator/Masterproject2/20_ROS/src/Robots/install/mir_actions/lib'
[0.581s] Level 1:colcon.colcon_core.shell:create_environment_hook('mir_actions', 'ld_library_path_lib')
[0.581s] INFO:colcon.colcon_core.shell:Creating environment hook '/home/administrator/Masterproject2/20_ROS/src/Robots/install/mir_actions/share/mir_actions/hook/ld_library_path_lib.ps1'
[0.582s] INFO:colcon.colcon_core.shell:Creating environment descriptor '/home/administrator/Masterproject2/20_ROS/src/Robots/install/mir_actions/share/mir_actions/hook/ld_library_path_lib.dsv'
[0.582s] INFO:colcon.colcon_core.shell:Creating environment hook '/home/administrator/Masterproject2/20_ROS/src/Robots/install/mir_actions/share/mir_actions/hook/ld_library_path_lib.sh'
[0.583s] Level 1:colcon.colcon_core.environment:checking '/home/administrator/Masterproject2/20_ROS/src/Robots/install/mir_actions/bin'
[0.583s] Level 1:colcon.colcon_core.environment:checking '/home/administrator/Masterproject2/20_ROS/src/Robots/install/mir_actions/lib/pkgconfig/mir_actions.pc'
[0.583s] Level 1:colcon.colcon_core.environment:checking '/home/administrator/Masterproject2/20_ROS/src/Robots/install/mir_actions/lib/python3.12/site-packages'
[0.583s] Level 1:colcon.colcon_core.shell:create_environment_hook('mir_actions', 'pythonpath')
[0.583s] INFO:colcon.colcon_core.shell:Creating environment hook '/home/administrator/Masterproject2/20_ROS/src/Robots/install/mir_actions/share/mir_actions/hook/pythonpath.ps1'
[0.584s] INFO:colcon.colcon_core.shell:Creating environment descriptor '/home/administrator/Masterproject2/20_ROS/src/Robots/install/mir_actions/share/mir_actions/hook/pythonpath.dsv'
[0.584s] INFO:colcon.colcon_core.shell:Creating environment hook '/home/administrator/Masterproject2/20_ROS/src/Robots/install/mir_actions/share/mir_actions/hook/pythonpath.sh'
[0.585s] Level 1:colcon.colcon_core.environment:checking '/home/administrator/Masterproject2/20_ROS/src/Robots/install/mir_actions/bin'
[0.585s] INFO:colcon.colcon_core.shell:Creating package script '/home/administrator/Masterproject2/20_ROS/src/Robots/install/mir_actions/share/mir_actions/package.ps1'
[0.586s] INFO:colcon.colcon_core.shell:Creating package descriptor '/home/administrator/Masterproject2/20_ROS/src/Robots/install/mir_actions/share/mir_actions/package.dsv'
[0.586s] INFO:colcon.colcon_core.shell:Creating package script '/home/administrator/Masterproject2/20_ROS/src/Robots/install/mir_actions/share/mir_actions/package.sh'
[0.586s] INFO:colcon.colcon_core.shell:Creating package script '/home/administrator/Masterproject2/20_ROS/src/Robots/install/mir_actions/share/mir_actions/package.bash'
[0.587s] INFO:colcon.colcon_core.shell:Creating package script '/home/administrator/Masterproject2/20_ROS/src/Robots/install/mir_actions/share/mir_actions/package.zsh'
[0.587s] Level 1:colcon.colcon_core.environment:create_file_with_runtime_dependencies(/home/administrator/Masterproject2/20_ROS/src/Robots/install/mir_actions/share/colcon-core/packages/mir_actions)
[0.591s] Level 1:colcon.colcon_core.environment:create_environment_scripts_only(om_aiv_msg)
[0.591s] Level 1:colcon.colcon_core.environment:checking '/home/administrator/Masterproject2/20_ROS/src/Robots/install/om_aiv_msg' for CMake module files
[0.592s] DEBUG:colcon.colcon_core.event_handler.log_command:Invoked command in '/home/administrator/Masterproject2/20_ROS/src/Robots/build/om_aiv_msg' returned '0': CMAKE_PREFIX_PATH=${CMAKE_PREFIX_PATH}:/opt/ros/kilted DEBUGINFOD_URLS=https://debuginfod.ubuntu.com /usr/bin/cmake --install /home/administrator/Masterproject2/20_ROS/src/Robots/build/om_aiv_msg
[0.594s] Level 1:colcon.colcon_core.environment:checking '/home/administrator/Masterproject2/20_ROS/src/Robots/install/om_aiv_msg' for CMake config files
[0.595s] Level 1:colcon.colcon_core.shell:create_environment_hook('om_aiv_msg', 'cmake_prefix_path')
[0.595s] INFO:colcon.colcon_core.shell:Creating environment hook '/home/administrator/Masterproject2/20_ROS/src/Robots/install/om_aiv_msg/share/om_aiv_msg/hook/cmake_prefix_path.ps1'
[0.595s] INFO:colcon.colcon_core.shell:Creating environment descriptor '/home/administrator/Masterproject2/20_ROS/src/Robots/install/om_aiv_msg/share/om_aiv_msg/hook/cmake_prefix_path.dsv'
[0.596s] INFO:colcon.colcon_core.shell:Creating environment hook '/home/administrator/Masterproject2/20_ROS/src/Robots/install/om_aiv_msg/share/om_aiv_msg/hook/cmake_prefix_path.sh'
[0.596s] Level 1:colcon.colcon_core.environment:checking '/home/administrator/Masterproject2/20_ROS/src/Robots/install/om_aiv_msg/lib'
[0.596s] Level 1:colcon.colcon_core.shell:create_environment_hook('om_aiv_msg', 'ld_library_path_lib')
[0.596s] INFO:colcon.colcon_core.shell:Creating environment hook '/home/administrator/Masterproject2/20_ROS/src/Robots/install/om_aiv_msg/share/om_aiv_msg/hook/ld_library_path_lib.ps1'
[0.596s] INFO:colcon.colcon_core.shell:Creating environment descriptor '/home/administrator/Masterproject2/20_ROS/src/Robots/install/om_aiv_msg/share/om_aiv_msg/hook/ld_library_path_lib.dsv'
[0.597s] INFO:colcon.colcon_core.shell:Creating environment hook '/home/administrator/Masterproject2/20_ROS/src/Robots/install/om_aiv_msg/share/om_aiv_msg/hook/ld_library_path_lib.sh'
[0.597s] Level 1:colcon.colcon_core.environment:checking '/home/administrator/Masterproject2/20_ROS/src/Robots/install/om_aiv_msg/bin'
[0.597s] Level 1:colcon.colcon_core.environment:checking '/home/administrator/Masterproject2/20_ROS/src/Robots/install/om_aiv_msg/lib/pkgconfig/om_aiv_msg.pc'
[0.597s] Level 1:colcon.colcon_core.environment:checking '/home/administrator/Masterproject2/20_ROS/src/Robots/install/om_aiv_msg/lib/python3.12/site-packages'
[0.597s] Level 1:colcon.colcon_core.shell:create_environment_hook('om_aiv_msg', 'pythonpath')
[0.598s] INFO:colcon.colcon_core.shell:Creating environment hook '/home/administrator/Masterproject2/20_ROS/src/Robots/install/om_aiv_msg/share/om_aiv_msg/hook/pythonpath.ps1'
[0.598s] INFO:colcon.colcon_core.shell:Creating environment descriptor '/home/administrator/Masterproject2/20_ROS/src/Robots/install/om_aiv_msg/share/om_aiv_msg/hook/pythonpath.dsv'
[0.598s] INFO:colcon.colcon_core.shell:Creating environment hook '/home/administrator/Masterproject2/20_ROS/src/Robots/install/om_aiv_msg/share/om_aiv_msg/hook/pythonpath.sh'
[0.599s] Level 1:colcon.colcon_core.environment:checking '/home/administrator/Masterproject2/20_ROS/src/Robots/install/om_aiv_msg/bin'
[0.599s] INFO:colcon.colcon_core.shell:Creating package script '/home/administrator/Masterproject2/20_ROS/src/Robots/install/om_aiv_msg/share/om_aiv_msg/package.ps1'
[0.599s] INFO:colcon.colcon_core.shell:Creating package descriptor '/home/administrator/Masterproject2/20_ROS/src/Robots/install/om_aiv_msg/share/om_aiv_msg/package.dsv'
[0.600s] INFO:colcon.colcon_core.shell:Creating package script '/home/administrator/Masterproject2/20_ROS/src/Robots/install/om_aiv_msg/share/om_aiv_msg/package.sh'
[0.600s] INFO:colcon.colcon_core.shell:Creating package script '/home/administrator/Masterproject2/20_ROS/src/Robots/install/om_aiv_msg/share/om_aiv_msg/package.bash'
[0.600s] INFO:colcon.colcon_core.shell:Creating package script '/home/administrator/Masterproject2/20_ROS/src/Robots/install/om_aiv_msg/share/om_aiv_msg/package.zsh'
[0.600s] Level 1:colcon.colcon_core.environment:create_file_with_runtime_dependencies(/home/administrator/Masterproject2/20_ROS/src/Robots/install/om_aiv_msg/share/colcon-core/packages/om_aiv_msg)
[0.600s] Level 1:colcon.colcon_core.environment:create_environment_scripts_only(om_aiv_msg)
[0.601s] Level 1:colcon.colcon_core.environment:checking '/home/administrator/Masterproject2/20_ROS/src/Robots/install/om_aiv_msg' for CMake module files
[0.601s] Level 1:colcon.colcon_core.environment:checking '/home/administrator/Masterproject2/20_ROS/src/Robots/install/om_aiv_msg' for CMake config files
[0.602s] Level 1:colcon.colcon_core.shell:create_environment_hook('om_aiv_msg', 'cmake_prefix_path')
[0.602s] INFO:colcon.colcon_core.shell:Creating environment hook '/home/administrator/Masterproject2/20_ROS/src/Robots/install/om_aiv_msg/share/om_aiv_msg/hook/cmake_prefix_path.ps1'
[0.602s] INFO:colcon.colcon_core.shell:Creating environment descriptor '/home/administrator/Masterproject2/20_ROS/src/Robots/install/om_aiv_msg/share/om_aiv_msg/hook/cmake_prefix_path.dsv'
[0.602s] INFO:colcon.colcon_core.shell:Creating environment hook '/home/administrator/Masterproject2/20_ROS/src/Robots/install/om_aiv_msg/share/om_aiv_msg/hook/cmake_prefix_path.sh'
[0.603s] Level 1:colcon.colcon_core.environment:checking '/home/administrator/Masterproject2/20_ROS/src/Robots/install/om_aiv_msg/lib'
[0.603s] Level 1:colcon.colcon_core.shell:create_environment_hook('om_aiv_msg', 'ld_library_path_lib')
[0.603s] INFO:colcon.colcon_core.shell:Creating environment hook '/home/administrator/Masterproject2/20_ROS/src/Robots/install/om_aiv_msg/share/om_aiv_msg/hook/ld_library_path_lib.ps1'
[0.603s] INFO:colcon.colcon_core.shell:Creating environment descriptor '/home/administrator/Masterproject2/20_ROS/src/Robots/install/om_aiv_msg/share/om_aiv_msg/hook/ld_library_path_lib.dsv'
[0.603s] INFO:colcon.colcon_core.shell:Creating environment hook '/home/administrator/Masterproject2/20_ROS/src/Robots/install/om_aiv_msg/share/om_aiv_msg/hook/ld_library_path_lib.sh'
[0.603s] Level 1:colcon.colcon_core.environment:checking '/home/administrator/Masterproject2/20_ROS/src/Robots/install/om_aiv_msg/bin'
[0.603s] Level 1:colcon.colcon_core.environment:checking '/home/administrator/Masterproject2/20_ROS/src/Robots/install/om_aiv_msg/lib/pkgconfig/om_aiv_msg.pc'
[0.604s] Level 1:colcon.colcon_core.environment:checking '/home/administrator/Masterproject2/20_ROS/src/Robots/install/om_aiv_msg/lib/python3.12/site-packages'
[0.604s] Level 1:colcon.colcon_core.shell:create_environment_hook('om_aiv_msg', 'pythonpath')
[0.604s] INFO:colcon.colcon_core.shell:Creating environment hook '/home/administrator/Masterproject2/20_ROS/src/Robots/install/om_aiv_msg/share/om_aiv_msg/hook/pythonpath.ps1'
[0.604s] INFO:colcon.colcon_core.shell:Creating environment descriptor '/home/administrator/Masterproject2/20_ROS/src/Robots/install/om_aiv_msg/share/om_aiv_msg/hook/pythonpath.dsv'
[0.604s] INFO:colcon.colcon_core.shell:Creating environment hook '/home/administrator/Masterproject2/20_ROS/src/Robots/install/om_aiv_msg/share/om_aiv_msg/hook/pythonpath.sh'
[0.605s] Level 1:colcon.colcon_core.environment:checking '/home/administrator/Masterproject2/20_ROS/src/Robots/install/om_aiv_msg/bin'
[0.605s] INFO:colcon.colcon_core.shell:Creating package script '/home/administrator/Masterproject2/20_ROS/src/Robots/install/om_aiv_msg/share/om_aiv_msg/package.ps1'
[0.605s] INFO:colcon.colcon_core.shell:Creating package descriptor '/home/administrator/Masterproject2/20_ROS/src/Robots/install/om_aiv_msg/share/om_aiv_msg/package.dsv'
[0.605s] INFO:colcon.colcon_core.shell:Creating package script '/home/administrator/Masterproject2/20_ROS/src/Robots/install/om_aiv_msg/share/om_aiv_msg/package.sh'
[0.606s] INFO:colcon.colcon_core.shell:Creating package script '/home/administrator/Masterproject2/20_ROS/src/Robots/install/om_aiv_msg/share/om_aiv_msg/package.bash'
[0.606s] INFO:colcon.colcon_core.shell:Creating package script '/home/administrator/Masterproject2/20_ROS/src/Robots/install/om_aiv_msg/share/om_aiv_msg/package.zsh'
[0.606s] Level 1:colcon.colcon_core.environment:create_file_with_runtime_dependencies(/home/administrator/Masterproject2/20_ROS/src/Robots/install/om_aiv_msg/share/colcon-core/packages/om_aiv_msg)
[0.607s] INFO:colcon.colcon_ros.task.ament_cmake.build:Building ROS package in '/home/administrator/Masterproject2/20_ROS/src/Robots/Omron_AMR/src/amr_visualisation' with build type 'ament_cmake'
[0.607s] INFO:colcon.colcon_cmake.task.cmake.build:Building CMake package in '/home/administrator/Masterproject2/20_ROS/src/Robots/Omron_AMR/src/amr_visualisation'
[0.607s] INFO:colcon.colcon_core.shell:Skip shell extension 'powershell' for command environment: Not usable outside of PowerShell
[0.607s] DEBUG:colcon.colcon_core.shell:Skip shell extension 'dsv' for command environment
[0.610s] INFO:colcon.colcon_ros.task.ament_cmake.build:Building ROS package in '/home/administrator/Masterproject2/20_ROS/src/Robots/Omron_AMR/src/demo' with build type 'ament_cmake'
[0.610s] INFO:colcon.colcon_cmake.task.cmake.build:Building CMake package in '/home/administrator/Masterproject2/20_ROS/src/Robots/Omron_AMR/src/demo'
[0.610s] INFO:colcon.colcon_core.shell:Skip shell extension 'powershell' for command environment: Not usable outside of PowerShell
[0.610s] DEBUG:colcon.colcon_core.shell:Skip shell extension 'dsv' for command environment
[0.612s] INFO:colcon.colcon_ros.task.ament_python.build:Building ROS package in '/home/administrator/Masterproject2/20_ROS/src/Robots/Omron_AMR/src/om_aiv_util' with build type 'ament_python'
[0.613s] Level 1:colcon.colcon_core.shell:create_environment_hook('om_aiv_util', 'ament_prefix_path')
[0.613s] INFO:colcon.colcon_core.shell:Creating environment hook '/home/administrator/Masterproject2/20_ROS/src/Robots/install/om_aiv_util/share/om_aiv_util/hook/ament_prefix_path.ps1'
[0.613s] INFO:colcon.colcon_core.shell:Creating environment descriptor '/home/administrator/Masterproject2/20_ROS/src/Robots/install/om_aiv_util/share/om_aiv_util/hook/ament_prefix_path.dsv'
[0.613s] INFO:colcon.colcon_core.shell:Creating environment hook '/home/administrator/Masterproject2/20_ROS/src/Robots/install/om_aiv_util/share/om_aiv_util/hook/ament_prefix_path.sh'
[0.614s] INFO:colcon.colcon_core.shell:Skip shell extension 'powershell' for command environment: Not usable outside of PowerShell
[0.614s] DEBUG:colcon.colcon_core.shell:Skip shell extension 'dsv' for command environment
[0.617s] DEBUG:colcon.colcon_core.event_handler.log_command:Invoked command in '/home/administrator/Masterproject2/20_ROS/src/Robots/build/meca500_description' returned '0': CMAKE_PREFIX_PATH=${CMAKE_PREFIX_PATH}:/opt/ros/kilted DEBUGINFOD_URLS=https://debuginfod.ubuntu.com /usr/bin/cmake --build /home/administrator/Masterproject2/20_ROS/src/Robots/build/meca500_description -- -j14 -l14
[0.618s] DEBUG:colcon.colcon_core.event_handler.log_command:Invoking command in '/home/administrator/Masterproject2/20_ROS/src/Robots/build/meca500_description': CMAKE_PREFIX_PATH=${CMAKE_PREFIX_PATH}:/opt/ros/kilted DEBUGINFOD_URLS=https://debuginfod.ubuntu.com /usr/bin/cmake --install /home/administrator/Masterproject2/20_ROS/src/Robots/build/meca500_description
[0.618s] DEBUG:colcon.colcon_core.event_handler.log_command:Invoked command in '/home/administrator/Masterproject2/20_ROS/src/Robots/build/ur_dashboard_msgs' returned '0': CMAKE_PREFIX_PATH=${CMAKE_PREFIX_PATH}:/opt/ros/kilted DEBUGINFOD_URLS=https://debuginfod.ubuntu.com /usr/bin/cmake --build /home/administrator/Masterproject2/20_ROS/src/Robots/build/ur_dashboard_msgs -- -j14 -l14
[0.619s] DEBUG:colcon.colcon_core.event_handler.log_command:Invoking command in '/home/administrator/Masterproject2/20_ROS/src/Robots/build/ur_dashboard_msgs': CMAKE_PREFIX_PATH=${CMAKE_PREFIX_PATH}:/opt/ros/kilted DEBUGINFOD_URLS=https://debuginfod.ubuntu.com /usr/bin/cmake --install /home/administrator/Masterproject2/20_ROS/src/Robots/build/ur_dashboard_msgs
[0.622s] DEBUG:colcon.colcon_core.event_handler.log_command:Invoking command in '/home/administrator/Masterproject2/20_ROS/src/Robots/build/amr_visualisation': AMENT_PREFIX_PATH=/home/administrator/Masterproject2/20_ROS/src/Robots/install/om_aiv_msg:${AMENT_PREFIX_PATH} CMAKE_PREFIX_PATH=/home/administrator/Masterproject2/20_ROS/src/Robots/install/om_aiv_msg:/opt/ros/kilted/opt/sdformat_vendor:/opt/ros/kilted/opt/gz_math_vendor:/opt/ros/kilted/opt/gz_utils_vendor:/opt/ros/kilted/opt/gz_tools_vendor:/opt/ros/kilted/opt/gz_cmake_vendor:/opt/ros/kilted DEBUGINFOD_URLS=https://debuginfod.ubuntu.com LD_LIBRARY_PATH=/home/administrator/Masterproject2/20_ROS/src/Robots/install/om_aiv_msg/lib:${LD_LIBRARY_PATH} PYTHONPATH=/home/administrator/Masterproject2/20_ROS/src/Robots/install/om_aiv_msg/lib/python3.12/site-packages:${PYTHONPATH} /usr/bin/cmake --build /home/administrator/Masterproject2/20_ROS/src/Robots/build/amr_visualisation -- -j14 -l14
[0.623s] DEBUG:colcon.colcon_core.event_handler.log_command:Invoking command in '/home/administrator/Masterproject2/20_ROS/src/Robots/build/demo': AMENT_PREFIX_PATH=/home/administrator/Masterproject2/20_ROS/src/Robots/install/om_aiv_msg:${AMENT_PREFIX_PATH} CMAKE_PREFIX_PATH=/home/administrator/Masterproject2/20_ROS/src/Robots/install/om_aiv_msg:/opt/ros/kilted/opt/sdformat_vendor:/opt/ros/kilted/opt/gz_math_vendor:/opt/ros/kilted/opt/gz_utils_vendor:/opt/ros/kilted/opt/gz_tools_vendor:/opt/ros/kilted/opt/gz_cmake_vendor:/opt/ros/kilted DEBUGINFOD_URLS=https://debuginfod.ubuntu.com LD_LIBRARY_PATH=/home/administrator/Masterproject2/20_ROS/src/Robots/install/om_aiv_msg/lib:${LD_LIBRARY_PATH} PYTHONPATH=/home/administrator/Masterproject2/20_ROS/src/Robots/install/om_aiv_msg/lib/python3.12/site-packages:${PYTHONPATH} /usr/bin/cmake --build /home/administrator/Masterproject2/20_ROS/src/Robots/build/demo -- -j14 -l14
[0.775s] INFO:colcon.colcon_core.task.python.build:Building Python package in '/home/administrator/Masterproject2/20_ROS/src/Robots/Omron_AMR/src/om_aiv_util'
[0.775s] INFO:colcon.colcon_core.shell:Skip shell extension 'powershell' for command environment: Not usable outside of PowerShell
[0.775s] DEBUG:colcon.colcon_core.shell:Skip shell extension 'dsv' for command environment
[0.778s] DEBUG:colcon.colcon_core.task.python.build:Available setuptools commands: setopt, install_headers, build_scripts, install_scripts, symlink_data, build, egg_info, rotate, compile_catalog, dist_info, install_data, upload_docs, init_catalog, install_egg_info, saveopts, extract_messages, clean, alias, check, sdist, bdist_dumb, develop, build_ext, update_catalog, bdist, bdist_egg, upload, test, build_clib, register, editable_wheel, easy_install, bdist_rpm, install_lib, build_py, install
[0.781s] Level 1:colcon.colcon_core.environment:create_environment_scripts_only(sdc21x0)
[0.782s] Level 1:colcon.colcon_core.environment:checking '/home/administrator/Masterproject2/20_ROS/src/Robots/install/sdc21x0' for CMake module files
[0.783s] Level 1:colcon.colcon_core.environment:checking '/home/administrator/Masterproject2/20_ROS/src/Robots/install/sdc21x0' for CMake config files
[0.784s] DEBUG:colcon.colcon_core.event_handler.log_command:Invoking command in '/home/administrator/Masterproject2/20_ROS/src/Robots/Omron_AMR/src/om_aiv_navigation': DEBUGINFOD_URLS=https://debuginfod.ubuntu.com PYTHONPATH=/home/administrator/Masterproject2/20_ROS/src/Robots/build/om_aiv_navigation/prefix_override:/usr/lib/python3/dist-packages/colcon_core/task/python/colcon_distutils_commands:/home/administrator/Masterproject2/20_ROS/src/Robots/install/om_aiv_navigation/lib/python3.12/site-packages:${PYTHONPATH} /usr/bin/python3 -W ignore:setup.py install is deprecated -W ignore:easy_install command is deprecated setup.py egg_info --egg-base ../../../build/om_aiv_navigation build --build-base /home/administrator/Masterproject2/20_ROS/src/Robots/build/om_aiv_navigation/build install --record /home/administrator/Masterproject2/20_ROS/src/Robots/build/om_aiv_navigation/install.log --install-scripts $base/lib/om_aiv_navigation --single-version-externally-managed install_data
[0.785s] DEBUG:colcon.colcon_core.event_handler.log_command:Invoked command in '/home/administrator/Masterproject2/20_ROS/src/Robots/build/sdc21x0' returned '0': CMAKE_PREFIX_PATH=${CMAKE_PREFIX_PATH}:/opt/ros/kilted DEBUGINFOD_URLS=https://debuginfod.ubuntu.com /usr/bin/cmake --install /home/administrator/Masterproject2/20_ROS/src/Robots/build/sdc21x0
[0.786s] Level 1:colcon.colcon_core.shell:create_environment_hook('sdc21x0', 'cmake_prefix_path')
[0.786s] INFO:colcon.colcon_core.shell:Creating environment hook '/home/administrator/Masterproject2/20_ROS/src/Robots/install/sdc21x0/share/sdc21x0/hook/cmake_prefix_path.ps1'
[0.786s] INFO:colcon.colcon_core.shell:Creating environment descriptor '/home/administrator/Masterproject2/20_ROS/src/Robots/install/sdc21x0/share/sdc21x0/hook/cmake_prefix_path.dsv'
[0.787s] INFO:colcon.colcon_core.shell:Creating environment hook '/home/administrator/Masterproject2/20_ROS/src/Robots/install/sdc21x0/share/sdc21x0/hook/cmake_prefix_path.sh'
[0.787s] Level 1:colcon.colcon_core.environment:checking '/home/administrator/Masterproject2/20_ROS/src/Robots/install/sdc21x0/lib'
[0.788s] Level 1:colcon.colcon_core.shell:create_environment_hook('sdc21x0', 'ld_library_path_lib')
[0.788s] INFO:colcon.colcon_core.shell:Creating environment hook '/home/administrator/Masterproject2/20_ROS/src/Robots/install/sdc21x0/share/sdc21x0/hook/ld_library_path_lib.ps1'
[0.788s] INFO:colcon.colcon_core.shell:Creating environment descriptor '/home/administrator/Masterproject2/20_ROS/src/Robots/install/sdc21x0/share/sdc21x0/hook/ld_library_path_lib.dsv'
[0.788s] INFO:colcon.colcon_core.shell:Creating environment hook '/home/administrator/Masterproject2/20_ROS/src/Robots/install/sdc21x0/share/sdc21x0/hook/ld_library_path_lib.sh'
[0.788s] Level 1:colcon.colcon_core.environment:checking '/home/administrator/Masterproject2/20_ROS/src/Robots/install/sdc21x0/bin'
[0.788s] Level 1:colcon.colcon_core.environment:checking '/home/administrator/Masterproject2/20_ROS/src/Robots/install/sdc21x0/lib/pkgconfig/sdc21x0.pc'
[0.789s] Level 1:colcon.colcon_core.environment:checking '/home/administrator/Masterproject2/20_ROS/src/Robots/install/sdc21x0/lib/python3.12/site-packages'
[0.789s] Level 1:colcon.colcon_core.shell:create_environment_hook('sdc21x0', 'pythonpath')
[0.789s] INFO:colcon.colcon_core.shell:Creating environment hook '/home/administrator/Masterproject2/20_ROS/src/Robots/install/sdc21x0/share/sdc21x0/hook/pythonpath.ps1'
[0.789s] INFO:colcon.colcon_core.shell:Creating environment descriptor '/home/administrator/Masterproject2/20_ROS/src/Robots/install/sdc21x0/share/sdc21x0/hook/pythonpath.dsv'
[0.789s] INFO:colcon.colcon_core.shell:Creating environment hook '/home/administrator/Masterproject2/20_ROS/src/Robots/install/sdc21x0/share/sdc21x0/hook/pythonpath.sh'
[0.790s] Level 1:colcon.colcon_core.environment:checking '/home/administrator/Masterproject2/20_ROS/src/Robots/install/sdc21x0/bin'
[0.790s] INFO:colcon.colcon_core.shell:Creating package script '/home/administrator/Masterproject2/20_ROS/src/Robots/install/sdc21x0/share/sdc21x0/package.ps1'
[0.790s] INFO:colcon.colcon_core.shell:Creating package descriptor '/home/administrator/Masterproject2/20_ROS/src/Robots/install/sdc21x0/share/sdc21x0/package.dsv'
[0.790s] INFO:colcon.colcon_core.shell:Creating package script '/home/administrator/Masterproject2/20_ROS/src/Robots/install/sdc21x0/share/sdc21x0/package.sh'
[0.791s] INFO:colcon.colcon_core.shell:Creating package script '/home/administrator/Masterproject2/20_ROS/src/Robots/install/sdc21x0/share/sdc21x0/package.bash'
[0.791s] INFO:colcon.colcon_core.shell:Creating package script '/home/administrator/Masterproject2/20_ROS/src/Robots/install/sdc21x0/share/sdc21x0/package.zsh'
[0.791s] Level 1:colcon.colcon_core.environment:create_file_with_runtime_dependencies(/home/administrator/Masterproject2/20_ROS/src/Robots/install/sdc21x0/share/colcon-core/packages/sdc21x0)
[0.791s] Level 1:colcon.colcon_core.environment:create_environment_scripts_only(sdc21x0)
[0.792s] Level 1:colcon.colcon_core.environment:checking '/home/administrator/Masterproject2/20_ROS/src/Robots/install/sdc21x0' for CMake module files
[0.792s] Level 1:colcon.colcon_core.environment:checking '/home/administrator/Masterproject2/20_ROS/src/Robots/install/sdc21x0' for CMake config files
[0.792s] Level 1:colcon.colcon_core.shell:create_environment_hook('sdc21x0', 'cmake_prefix_path')
[0.792s] INFO:colcon.colcon_core.shell:Creating environment hook '/home/administrator/Masterproject2/20_ROS/src/Robots/install/sdc21x0/share/sdc21x0/hook/cmake_prefix_path.ps1'
[0.793s] INFO:colcon.colcon_core.shell:Creating environment descriptor '/home/administrator/Masterproject2/20_ROS/src/Robots/install/sdc21x0/share/sdc21x0/hook/cmake_prefix_path.dsv'
[0.793s] INFO:colcon.colcon_core.shell:Creating environment hook '/home/administrator/Masterproject2/20_ROS/src/Robots/install/sdc21x0/share/sdc21x0/hook/cmake_prefix_path.sh'
[0.794s] Level 1:colcon.colcon_core.environment:checking '/home/administrator/Masterproject2/20_ROS/src/Robots/install/sdc21x0/lib'
[0.794s] Level 1:colcon.colcon_core.shell:create_environment_hook('sdc21x0', 'ld_library_path_lib')
[0.794s] INFO:colcon.colcon_core.shell:Creating environment hook '/home/administrator/Masterproject2/20_ROS/src/Robots/install/sdc21x0/share/sdc21x0/hook/ld_library_path_lib.ps1'
[0.794s] INFO:colcon.colcon_core.shell:Creating environment descriptor '/home/administrator/Masterproject2/20_ROS/src/Robots/install/sdc21x0/share/sdc21x0/hook/ld_library_path_lib.dsv'
[0.794s] INFO:colcon.colcon_core.shell:Creating environment hook '/home/administrator/Masterproject2/20_ROS/src/Robots/install/sdc21x0/share/sdc21x0/hook/ld_library_path_lib.sh'
[0.794s] Level 1:colcon.colcon_core.environment:checking '/home/administrator/Masterproject2/20_ROS/src/Robots/install/sdc21x0/bin'
[0.794s] Level 1:colcon.colcon_core.environment:checking '/home/administrator/Masterproject2/20_ROS/src/Robots/install/sdc21x0/lib/pkgconfig/sdc21x0.pc'
[0.795s] Level 1:colcon.colcon_core.environment:checking '/home/administrator/Masterproject2/20_ROS/src/Robots/install/sdc21x0/lib/python3.12/site-packages'
[0.795s] Level 1:colcon.colcon_core.shell:create_environment_hook('sdc21x0', 'pythonpath')
[0.795s] INFO:colcon.colcon_core.shell:Creating environment hook '/home/administrator/Masterproject2/20_ROS/src/Robots/install/sdc21x0/share/sdc21x0/hook/pythonpath.ps1'
[0.795s] INFO:colcon.colcon_core.shell:Creating environment descriptor '/home/administrator/Masterproject2/20_ROS/src/Robots/install/sdc21x0/share/sdc21x0/hook/pythonpath.dsv'
[0.795s] INFO:colcon.colcon_core.shell:Creating environment hook '/home/administrator/Masterproject2/20_ROS/src/Robots/install/sdc21x0/share/sdc21x0/hook/pythonpath.sh'
[0.796s] Level 1:colcon.colcon_core.environment:checking '/home/administrator/Masterproject2/20_ROS/src/Robots/install/sdc21x0/bin'
[0.796s] INFO:colcon.colcon_core.shell:Creating package script '/home/administrator/Masterproject2/20_ROS/src/Robots/install/sdc21x0/share/sdc21x0/package.ps1'
[0.797s] INFO:colcon.colcon_core.shell:Creating package descriptor '/home/administrator/Masterproject2/20_ROS/src/Robots/install/sdc21x0/share/sdc21x0/package.dsv'
[0.797s] INFO:colcon.colcon_core.shell:Creating package script '/home/administrator/Masterproject2/20_ROS/src/Robots/install/sdc21x0/share/sdc21x0/package.sh'
[0.797s] INFO:colcon.colcon_core.shell:Creating package script '/home/administrator/Masterproject2/20_ROS/src/Robots/install/sdc21x0/share/sdc21x0/package.bash'
[0.797s] INFO:colcon.colcon_core.shell:Creating package script '/home/administrator/Masterproject2/20_ROS/src/Robots/install/sdc21x0/share/sdc21x0/package.zsh'
[0.798s] Level 1:colcon.colcon_core.environment:create_file_with_runtime_dependencies(/home/administrator/Masterproject2/20_ROS/src/Robots/install/sdc21x0/share/colcon-core/packages/sdc21x0)
[0.799s] Level 1:colcon.colcon_core.environment:create_environment_scripts_only(meca500_description)
[0.800s] Level 1:colcon.colcon_core.environment:checking '/home/administrator/Masterproject2/20_ROS/src/Robots/install/meca500_description' for CMake module files
[0.800s] DEBUG:colcon.colcon_core.event_handler.log_command:Invoked command in '/home/administrator/Masterproject2/20_ROS/src/Robots/build/mir_msgs' returned '0': CMAKE_PREFIX_PATH=${CMAKE_PREFIX_PATH}:/opt/ros/kilted DEBUGINFOD_URLS=https://debuginfod.ubuntu.com /usr/bin/cmake --build /home/administrator/Masterproject2/20_ROS/src/Robots/build/mir_msgs -- -j14 -l14
[0.800s] DEBUG:colcon.colcon_core.event_handler.log_command:Invoking command in '/home/administrator/Masterproject2/20_ROS/src/Robots/build/mir_msgs': CMAKE_PREFIX_PATH=${CMAKE_PREFIX_PATH}:/opt/ros/kilted DEBUGINFOD_URLS=https://debuginfod.ubuntu.com /usr/bin/cmake --install /home/administrator/Masterproject2/20_ROS/src/Robots/build/mir_msgs
[0.801s] DEBUG:colcon.colcon_core.event_handler.log_command:Invoked command in '/home/administrator/Masterproject2/20_ROS/src/Robots/build/meca500_description' returned '0': CMAKE_PREFIX_PATH=${CMAKE_PREFIX_PATH}:/opt/ros/kilted DEBUGINFOD_URLS=https://debuginfod.ubuntu.com /usr/bin/cmake --install /home/administrator/Masterproject2/20_ROS/src/Robots/build/meca500_description
[0.801s] Level 1:colcon.colcon_core.environment:checking '/home/administrator/Masterproject2/20_ROS/src/Robots/install/meca500_description' for CMake config files
[0.801s] Level 1:colcon.colcon_core.shell:create_environment_hook('meca500_description', 'cmake_prefix_path')
[0.801s] INFO:colcon.colcon_core.shell:Creating environment hook '/home/administrator/Masterproject2/20_ROS/src/Robots/install/meca500_description/share/meca500_description/hook/cmake_prefix_path.ps1'
[0.802s] INFO:colcon.colcon_core.shell:Creating environment descriptor '/home/administrator/Masterproject2/20_ROS/src/Robots/install/meca500_description/share/meca500_description/hook/cmake_prefix_path.dsv'
[0.802s] INFO:colcon.colcon_core.shell:Creating environment hook '/home/administrator/Masterproject2/20_ROS/src/Robots/install/meca500_description/share/meca500_description/hook/cmake_prefix_path.sh'
[0.802s] Level 1:colcon.colcon_core.environment:checking '/home/administrator/Masterproject2/20_ROS/src/Robots/install/meca500_description/bin'
[0.802s] Level 1:colcon.colcon_core.environment:checking '/home/administrator/Masterproject2/20_ROS/src/Robots/install/meca500_description/lib/pkgconfig/meca500_description.pc'
[0.803s] Level 1:colcon.colcon_core.environment:checking '/home/administrator/Masterproject2/20_ROS/src/Robots/install/meca500_description/lib/python3.12/site-packages'
[0.803s] Level 1:colcon.colcon_core.environment:checking '/home/administrator/Masterproject2/20_ROS/src/Robots/install/meca500_description/bin'
[0.803s] INFO:colcon.colcon_core.shell:Creating package script '/home/administrator/Masterproject2/20_ROS/src/Robots/install/meca500_description/share/meca500_description/package.ps1'
[0.803s] INFO:colcon.colcon_core.shell:Creating package descriptor '/home/administrator/Masterproject2/20_ROS/src/Robots/install/meca500_description/share/meca500_description/package.dsv'
[0.804s] INFO:colcon.colcon_core.shell:Creating package script '/home/administrator/Masterproject2/20_ROS/src/Robots/install/meca500_description/share/meca500_description/package.sh'
[0.804s] INFO:colcon.colcon_core.shell:Creating package script '/home/administrator/Masterproject2/20_ROS/src/Robots/install/meca500_description/share/meca500_description/package.bash'
[0.804s] INFO:colcon.colcon_core.shell:Creating package script '/home/administrator/Masterproject2/20_ROS/src/Robots/install/meca500_description/share/meca500_description/package.zsh'
[0.804s] Level 1:colcon.colcon_core.environment:create_file_with_runtime_dependencies(/home/administrator/Masterproject2/20_ROS/src/Robots/install/meca500_description/share/colcon-core/packages/meca500_description)
[0.805s] Level 1:colcon.colcon_core.environment:create_environment_scripts_only(meca500_description)
[0.805s] Level 1:colcon.colcon_core.environment:checking '/home/administrator/Masterproject2/20_ROS/src/Robots/install/meca500_description' for CMake module files
[0.805s] Level 1:colcon.colcon_core.environment:checking '/home/administrator/Masterproject2/20_ROS/src/Robots/install/meca500_description' for CMake config files
[0.805s] Level 1:colcon.colcon_core.shell:create_environment_hook('meca500_description', 'cmake_prefix_path')
[0.806s] INFO:colcon.colcon_core.shell:Creating environment hook '/home/administrator/Masterproject2/20_ROS/src/Robots/install/meca500_description/share/meca500_description/hook/cmake_prefix_path.ps1'
[0.806s] INFO:colcon.colcon_core.shell:Creating environment descriptor '/home/administrator/Masterproject2/20_ROS/src/Robots/install/meca500_description/share/meca500_description/hook/cmake_prefix_path.dsv'
[0.806s] INFO:colcon.colcon_core.shell:Creating environment hook '/home/administrator/Masterproject2/20_ROS/src/Robots/install/meca500_description/share/meca500_description/hook/cmake_prefix_path.sh'
[0.806s] Level 1:colcon.colcon_core.environment:checking '/home/administrator/Masterproject2/20_ROS/src/Robots/install/meca500_description/bin'
[0.807s] Level 1:colcon.colcon_core.environment:checking '/home/administrator/Masterproject2/20_ROS/src/Robots/install/meca500_description/lib/pkgconfig/meca500_description.pc'
[0.807s] Level 1:colcon.colcon_core.environment:checking '/home/administrator/Masterproject2/20_ROS/src/Robots/install/meca500_description/lib/python3.12/site-packages'
[0.807s] Level 1:colcon.colcon_core.environment:checking '/home/administrator/Masterproject2/20_ROS/src/Robots/install/meca500_description/bin'
[0.807s] INFO:colcon.colcon_core.shell:Creating package script '/home/administrator/Masterproject2/20_ROS/src/Robots/install/meca500_description/share/meca500_description/package.ps1'
[0.808s] INFO:colcon.colcon_core.shell:Creating package descriptor '/home/administrator/Masterproject2/20_ROS/src/Robots/install/meca500_description/share/meca500_description/package.dsv'
[0.808s] INFO:colcon.colcon_core.shell:Creating package script '/home/administrator/Masterproject2/20_ROS/src/Robots/install/meca500_description/share/meca500_description/package.sh'
[0.808s] INFO:colcon.colcon_core.shell:Creating package script '/home/administrator/Masterproject2/20_ROS/src/Robots/install/meca500_description/share/meca500_description/package.bash'
[0.808s] INFO:colcon.colcon_core.shell:Creating package script '/home/administrator/Masterproject2/20_ROS/src/Robots/install/meca500_description/share/meca500_description/package.zsh'
[0.809s] Level 1:colcon.colcon_core.environment:create_file_with_runtime_dependencies(/home/administrator/Masterproject2/20_ROS/src/Robots/install/meca500_description/share/colcon-core/packages/meca500_description)
[0.809s] INFO:colcon.colcon_ros.task.ament_cmake.build:Building ROS package in '/home/administrator/Masterproject2/20_ROS/src/Robots/Mecademic/meca500_bringup' with build type 'ament_cmake'
[0.809s] INFO:colcon.colcon_cmake.task.cmake.build:Building CMake package in '/home/administrator/Masterproject2/20_ROS/src/Robots/Mecademic/meca500_bringup'
[0.809s] INFO:colcon.colcon_core.shell:Skip shell extension 'powershell' for command environment: Not usable outside of PowerShell
[0.809s] DEBUG:colcon.colcon_core.shell:Skip shell extension 'dsv' for command environment
[0.830s] Level 1:colcon.colcon_core.environment:create_environment_scripts_only(amr_visualisation)
[0.830s] Level 1:colcon.colcon_core.environment:checking '/home/administrator/Masterproject2/20_ROS/src/Robots/install/amr_visualisation' for CMake module files
[0.831s] Level 1:colcon.colcon_core.environment:checking '/home/administrator/Masterproject2/20_ROS/src/Robots/install/amr_visualisation' for CMake config files
[0.831s] Level 1:colcon.colcon_core.environment:checking '/home/administrator/Masterproject2/20_ROS/src/Robots/install/amr_visualisation/bin'
[0.831s] Level 1:colcon.colcon_core.environment:checking '/home/administrator/Masterproject2/20_ROS/src/Robots/install/amr_visualisation/lib/pkgconfig/amr_visualisation.pc'
[0.831s] Level 1:colcon.colcon_core.environment:checking '/home/administrator/Masterproject2/20_ROS/src/Robots/install/amr_visualisation/lib/python3.12/site-packages'
[0.832s] Level 1:colcon.colcon_core.environment:checking '/home/administrator/Masterproject2/20_ROS/src/Robots/install/amr_visualisation/bin'
[0.832s] INFO:colcon.colcon_core.shell:Creating package script '/home/administrator/Masterproject2/20_ROS/src/Robots/install/amr_visualisation/share/amr_visualisation/package.ps1'
[0.834s] INFO:colcon.colcon_core.shell:Creating package descriptor '/home/administrator/Masterproject2/20_ROS/src/Robots/install/amr_visualisation/share/amr_visualisation/package.dsv'
[0.834s] INFO:colcon.colcon_core.shell:Creating package script '/home/administrator/Masterproject2/20_ROS/src/Robots/install/amr_visualisation/share/amr_visualisation/package.sh'
[0.835s] INFO:colcon.colcon_core.shell:Creating package script '/home/administrator/Masterproject2/20_ROS/src/Robots/install/amr_visualisation/share/amr_visualisation/package.bash'
[0.836s] INFO:colcon.colcon_core.shell:Creating package script '/home/administrator/Masterproject2/20_ROS/src/Robots/install/amr_visualisation/share/amr_visualisation/package.zsh'
[0.837s] Level 1:colcon.colcon_core.environment:create_file_with_runtime_dependencies(/home/administrator/Masterproject2/20_ROS/src/Robots/install/amr_visualisation/share/colcon-core/packages/amr_visualisation)
[0.842s] DEBUG:colcon.colcon_core.event_handler.log_command:Invoking command in '/home/administrator/Masterproject2/20_ROS/src/Robots/build/meca500_bringup': AMENT_PREFIX_PATH=/home/administrator/Masterproject2/20_ROS/src/Robots/install/meca500_hardware:/home/administrator/Masterproject2/20_ROS/src/Robots/install/meca500_description:${AMENT_PREFIX_PATH} CMAKE_PREFIX_PATH=/home/administrator/Masterproject2/20_ROS/src/Robots/install/meca500_hardware:/home/administrator/Masterproject2/20_ROS/src/Robots/install/meca500_description:/opt/ros/kilted/opt/sdformat_vendor:/opt/ros/kilted/opt/gz_math_vendor:/opt/ros/kilted/opt/gz_utils_vendor:/opt/ros/kilted/opt/gz_tools_vendor:/opt/ros/kilted/opt/gz_cmake_vendor:/opt/ros/kilted DEBUGINFOD_URLS=https://debuginfod.ubuntu.com LD_LIBRARY_PATH=/home/administrator/Masterproject2/20_ROS/src/Robots/install/meca500_hardware/lib:${LD_LIBRARY_PATH} /usr/bin/cmake --build /home/administrator/Masterproject2/20_ROS/src/Robots/build/meca500_bringup -- -j14 -l14
[0.857s] DEBUG:colcon.colcon_core.event_handler.log_command:Invoked command in '/home/administrator/Masterproject2/20_ROS/src/Robots/build/amr_visualisation' returned '2': AMENT_PREFIX_PATH=/home/administrator/Masterproject2/20_ROS/src/Robots/install/om_aiv_msg:${AMENT_PREFIX_PATH} CMAKE_PREFIX_PATH=/home/administrator/Masterproject2/20_ROS/src/Robots/install/om_aiv_msg:/opt/ros/kilted/opt/sdformat_vendor:/opt/ros/kilted/opt/gz_math_vendor:/opt/ros/kilted/opt/gz_utils_vendor:/opt/ros/kilted/opt/gz_tools_vendor:/opt/ros/kilted/opt/gz_cmake_vendor:/opt/ros/kilted DEBUGINFOD_URLS=https://debuginfod.ubuntu.com LD_LIBRARY_PATH=/home/administrator/Masterproject2/20_ROS/src/Robots/install/om_aiv_msg/lib:${LD_LIBRARY_PATH} PYTHONPATH=/home/administrator/Masterproject2/20_ROS/src/Robots/install/om_aiv_msg/lib/python3.12/site-packages:${PYTHONPATH} /usr/bin/cmake --build /home/administrator/Masterproject2/20_ROS/src/Robots/build/amr_visualisation -- -j14 -l14
[4.129s] DEBUG:colcon.colcon_parallel_executor.executor.parallel:closing loop
[4.129s] DEBUG:colcon.colcon_parallel_executor.executor.parallel:loop closed
[4.129s] DEBUG:colcon.colcon_parallel_executor.executor.parallel:run_until_complete finished with '2'
[4.129s] DEBUG:colcon.colcon_core.event_reactor:joining thread
[4.137s] INFO:colcon.colcon_core.plugin_system:Skipping extension 'colcon_notification.desktop_notification.terminal_notifier': Not used on non-Darwin systems
[4.137s] INFO:colcon.colcon_core.plugin_system:Skipping extension 'colcon_notification.desktop_notification.win32': Not used on non-Windows systems
[4.137s] INFO:colcon.colcon_notification.desktop_notification:Sending desktop notification using 'notify2'
[4.159s] DEBUG:colcon.colcon_core.event_reactor:joined thread
[4.160s] INFO:colcon.colcon_core.shell:Creating prefix script '/home/administrator/Masterproject2/20_ROS/src/Robots/install/local_setup.ps1'
[4.161s] INFO:colcon.colcon_core.shell:Creating prefix util module '/home/administrator/Masterproject2/20_ROS/src/Robots/install/_local_setup_util_ps1.py'
[4.162s] INFO:colcon.colcon_core.shell:Creating prefix chain script '/home/administrator/Masterproject2/20_ROS/src/Robots/install/setup.ps1'
[4.163s] INFO:colcon.colcon_core.shell:Creating prefix script '/home/administrator/Masterproject2/20_ROS/src/Robots/install/local_setup.sh'
[4.163s] INFO:colcon.colcon_core.shell:Creating prefix util module '/home/administrator/Masterproject2/20_ROS/src/Robots/install/_local_setup_util_sh.py'
[4.164s] INFO:colcon.colcon_core.shell:Creating prefix chain script '/home/administrator/Masterproject2/20_ROS/src/Robots/install/setup.sh'
[4.165s] INFO:colcon.colcon_core.shell:Creating prefix script '/home/administrator/Masterproject2/20_ROS/src/Robots/install/local_setup.bash'
[4.165s] INFO:colcon.colcon_core.shell:Creating prefix chain script '/home/administrator/Masterproject2/20_ROS/src/Robots/install/setup.bash'
[4.166s] INFO:colcon.colcon_core.shell:Creating prefix script '/home/administrator/Masterproject2/20_ROS/src/Robots/install/local_setup.zsh'
[4.167s] INFO:colcon.colcon_core.shell:Creating prefix chain script '/home/administrator/Masterproject2/20_ROS/src/Robots/install/setup.zsh'
