[0.052s] DEBUG:colcon:Command line arguments: ['/usr/bin/colcon', 'build']
[0.052s] DEBUG:colcon:Parsed command line arguments: Namespace(log_base=None, log_level=None, verb_name='build', build_base='build', install_base='install', merge_install=False, symlink_install=False, test_result_base=None, continue_on_error=False, executor='parallel', parallel_workers=14, event_handlers=None, ignore_user_meta=False, metas=['./colcon.meta'], base_paths=['.'], packages_ignore=None, packages_ignore_regex=None, paths=None, packages_up_to=None, packages_up_to_regex=None, packages_above=None, packages_above_and_dependencies=None, packages_above_depth=None, packages_select_by_dep=None, packages_skip_by_dep=None, packages_skip_up_to=None, packages_select_build_failed=False, packages_skip_build_finished=False, packages_select_test_failures=False, packages_skip_test_passed=False, packages_select=None, packages_skip=None, packages_select_regex=None, packages_skip_regex=None, packages_start=None, packages_end=None, allow_overriding=[], cmake_args=None, cmake_target=None, cmake_target_skip_unavailable=False, cmake_clean_cache=False, cmake_clean_first=False, cmake_force_configure=False, ament_cmake_args=None, catkin_cmake_args=None, catkin_skip_building_tests=False, mixin_files=None, mixin=None, verb_parser=<colcon_mixin.mixin.mixin_argument.MixinArgumentDecorator object at 0x79c7e309ca70>, verb_extension=<colcon_core.verb.build.BuildVerb object at 0x79c7e309c740>, main=<bound method BuildVerb.main of <colcon_core.verb.build.BuildVerb object at 0x79c7e309c740>>, mixin_verb=('build',))
[0.070s] Level 1:colcon.colcon_core.package_discovery:discover_packages(colcon_meta) check parameters
[0.070s] Level 1:colcon.colcon_core.package_discovery:discover_packages(recursive) check parameters
[0.070s] Level 1:colcon.colcon_core.package_discovery:discover_packages(ignore) check parameters
[0.070s] Level 1:colcon.colcon_core.package_discovery:discover_packages(path) check parameters
[0.070s] Level 1:colcon.colcon_core.package_discovery:discover_packages(colcon_meta) discover
[0.070s] Level 1:colcon.colcon_core.package_discovery:discover_packages(recursive) discover
[0.070s] INFO:colcon.colcon_core.package_discovery:Crawling recursively for packages in '/home/administrator/Masterproject2/20_ROS/src/Robots'
[0.071s] Level 1:colcon.colcon_core.package_identification:_identify(.) by extensions ['ignore', 'ignore_ament_install']
[0.071s] Level 1:colcon.colcon_core.package_identification:_identify(.) by extension 'ignore'
[0.071s] Level 1:colcon.colcon_core.package_identification:_identify(.) by extension 'ignore_ament_install'
[0.071s] Level 1:colcon.colcon_core.package_identification:_identify(.) by extensions ['colcon_pkg']
[0.071s] Level 1:colcon.colcon_core.package_identification:_identify(.) by extension 'colcon_pkg'
[0.071s] Level 1:colcon.colcon_core.package_identification:_identify(.) by extensions ['colcon_meta']
[0.071s] Level 1:colcon.colcon_core.package_identification:_identify(.) by extension 'colcon_meta'
[0.071s] Level 1:colcon.colcon_core.package_identification:_identify(.) by extensions ['ros']
[0.071s] Level 1:colcon.colcon_core.package_identification:_identify(.) by extension 'ros'
[0.083s] Level 1:colcon.colcon_core.package_identification:_identify(.) by extensions ['cmake', 'python']
[0.083s] Level 1:colcon.colcon_core.package_identification:_identify(.) by extension 'cmake'
[0.083s] Level 1:colcon.colcon_core.package_identification:_identify(.) by extension 'python'
[0.083s] Level 1:colcon.colcon_core.package_identification:_identify(.) by extensions ['python_setup_py']
[0.083s] Level 1:colcon.colcon_core.package_identification:_identify(.) by extension 'python_setup_py'
[0.083s] Level 1:colcon.colcon_core.package_identification:_identify(MIR) by extensions ['ignore', 'ignore_ament_install']
[0.083s] Level 1:colcon.colcon_core.package_identification:_identify(MIR) by extension 'ignore'
[0.083s] Level 1:colcon.colcon_core.package_identification:_identify(MIR) by extension 'ignore_ament_install'
[0.083s] Level 1:colcon.colcon_core.package_identification:_identify(MIR) by extensions ['colcon_pkg']
[0.083s] Level 1:colcon.colcon_core.package_identification:_identify(MIR) by extension 'colcon_pkg'
[0.083s] Level 1:colcon.colcon_core.package_identification:_identify(MIR) by extensions ['colcon_meta']
[0.083s] Level 1:colcon.colcon_core.package_identification:_identify(MIR) by extension 'colcon_meta'
[0.083s] Level 1:colcon.colcon_core.package_identification:_identify(MIR) by extensions ['ros']
[0.083s] Level 1:colcon.colcon_core.package_identification:_identify(MIR) by extension 'ros'
[0.083s] Level 1:colcon.colcon_core.package_identification:_identify(MIR) by extensions ['cmake', 'python']
[0.083s] Level 1:colcon.colcon_core.package_identification:_identify(MIR) by extension 'cmake'
[0.083s] Level 1:colcon.colcon_core.package_identification:_identify(MIR) by extension 'python'
[0.084s] Level 1:colcon.colcon_core.package_identification:_identify(MIR) by extensions ['python_setup_py']
[0.084s] Level 1:colcon.colcon_core.package_identification:_identify(MIR) by extension 'python_setup_py'
[0.084s] Level 1:colcon.colcon_core.package_identification:_identify(MIR/mir_actions) by extensions ['ignore', 'ignore_ament_install']
[0.084s] Level 1:colcon.colcon_core.package_identification:_identify(MIR/mir_actions) by extension 'ignore'
[0.084s] Level 1:colcon.colcon_core.package_identification:_identify(MIR/mir_actions) by extension 'ignore_ament_install'
[0.084s] Level 1:colcon.colcon_core.package_identification:_identify(MIR/mir_actions) by extensions ['colcon_pkg']
[0.084s] Level 1:colcon.colcon_core.package_identification:_identify(MIR/mir_actions) by extension 'colcon_pkg'
[0.084s] Level 1:colcon.colcon_core.package_identification:_identify(MIR/mir_actions) by extensions ['colcon_meta']
[0.084s] Level 1:colcon.colcon_core.package_identification:_identify(MIR/mir_actions) by extension 'colcon_meta'
[0.084s] Level 1:colcon.colcon_core.package_identification:_identify(MIR/mir_actions) by extensions ['ros']
[0.084s] Level 1:colcon.colcon_core.package_identification:_identify(MIR/mir_actions) by extension 'ros'
[0.085s] DEBUG:colcon.colcon_core.package_identification:Package 'MIR/mir_actions' with type 'ros.ament_cmake' and name 'mir_actions'
[0.085s] Level 1:colcon.colcon_core.package_identification:_identify(MIR/mir_description) by extensions ['ignore', 'ignore_ament_install']
[0.085s] Level 1:colcon.colcon_core.package_identification:_identify(MIR/mir_description) by extension 'ignore'
[0.085s] Level 1:colcon.colcon_core.package_identification:_identify(MIR/mir_description) by extension 'ignore_ament_install'
[0.085s] Level 1:colcon.colcon_core.package_identification:_identify(MIR/mir_description) by extensions ['colcon_pkg']
[0.085s] Level 1:colcon.colcon_core.package_identification:_identify(MIR/mir_description) by extension 'colcon_pkg'
[0.085s] Level 1:colcon.colcon_core.package_identification:_identify(MIR/mir_description) by extensions ['colcon_meta']
[0.085s] Level 1:colcon.colcon_core.package_identification:_identify(MIR/mir_description) by extension 'colcon_meta'
[0.085s] Level 1:colcon.colcon_core.package_identification:_identify(MIR/mir_description) by extensions ['ros']
[0.085s] Level 1:colcon.colcon_core.package_identification:_identify(MIR/mir_description) by extension 'ros'
[0.085s] DEBUG:colcon.colcon_core.package_identification:Package 'MIR/mir_description' with type 'ros.ament_cmake' and name 'mir_description'
[0.085s] Level 1:colcon.colcon_core.package_identification:_identify(MIR/mir_driver) by extensions ['ignore', 'ignore_ament_install']
[0.085s] Level 1:colcon.colcon_core.package_identification:_identify(MIR/mir_driver) by extension 'ignore'
[0.086s] Level 1:colcon.colcon_core.package_identification:_identify(MIR/mir_driver) by extension 'ignore_ament_install'
[0.086s] Level 1:colcon.colcon_core.package_identification:_identify(MIR/mir_driver) by extensions ['colcon_pkg']
[0.086s] Level 1:colcon.colcon_core.package_identification:_identify(MIR/mir_driver) by extension 'colcon_pkg'
[0.086s] Level 1:colcon.colcon_core.package_identification:_identify(MIR/mir_driver) by extensions ['colcon_meta']
[0.086s] Level 1:colcon.colcon_core.package_identification:_identify(MIR/mir_driver) by extension 'colcon_meta'
[0.086s] Level 1:colcon.colcon_core.package_identification:_identify(MIR/mir_driver) by extensions ['ros']
[0.086s] Level 1:colcon.colcon_core.package_identification:_identify(MIR/mir_driver) by extension 'ros'
[0.086s] DEBUG:colcon.colcon_core.package_identification:Package 'MIR/mir_driver' with type 'ros.ament_cmake' and name 'mir_driver'
[0.086s] Level 1:colcon.colcon_core.package_identification:_identify(MIR/mir_dwb_critics) by extensions ['ignore', 'ignore_ament_install']
[0.086s] Level 1:colcon.colcon_core.package_identification:_identify(MIR/mir_dwb_critics) by extension 'ignore'
[0.086s] Level 1:colcon.colcon_core.package_identification:_identify(MIR/mir_dwb_critics) by extension 'ignore_ament_install'
[0.086s] Level 1:colcon.colcon_core.package_identification:_identify(MIR/mir_dwb_critics) by extensions ['colcon_pkg']
[0.086s] Level 1:colcon.colcon_core.package_identification:_identify(MIR/mir_dwb_critics) by extension 'colcon_pkg'
[0.086s] Level 1:colcon.colcon_core.package_identification:_identify(MIR/mir_dwb_critics) by extensions ['colcon_meta']
[0.086s] Level 1:colcon.colcon_core.package_identification:_identify(MIR/mir_dwb_critics) by extension 'colcon_meta'
[0.086s] Level 1:colcon.colcon_core.package_identification:_identify(MIR/mir_dwb_critics) by extensions ['ros']
[0.086s] Level 1:colcon.colcon_core.package_identification:_identify(MIR/mir_dwb_critics) by extension 'ros'
[0.087s] DEBUG:colcon.colcon_core.package_identification:Package 'MIR/mir_dwb_critics' with type 'ros.ament_cmake' and name 'mir_dwb_critics'
[0.087s] Level 1:colcon.colcon_core.package_identification:_identify(MIR/mir_gazebo) by extensions ['ignore', 'ignore_ament_install']
[0.087s] Level 1:colcon.colcon_core.package_identification:_identify(MIR/mir_gazebo) by extension 'ignore'
[0.087s] Level 1:colcon.colcon_core.package_identification:_identify(MIR/mir_gazebo) by extension 'ignore_ament_install'
[0.087s] Level 1:colcon.colcon_core.package_identification:_identify(MIR/mir_gazebo) by extensions ['colcon_pkg']
[0.087s] Level 1:colcon.colcon_core.package_identification:_identify(MIR/mir_gazebo) by extension 'colcon_pkg'
[0.087s] Level 1:colcon.colcon_core.package_identification:_identify(MIR/mir_gazebo) by extensions ['colcon_meta']
[0.087s] Level 1:colcon.colcon_core.package_identification:_identify(MIR/mir_gazebo) by extension 'colcon_meta'
[0.087s] Level 1:colcon.colcon_core.package_identification:_identify(MIR/mir_gazebo) by extensions ['ros']
[0.087s] Level 1:colcon.colcon_core.package_identification:_identify(MIR/mir_gazebo) by extension 'ros'
[0.087s] DEBUG:colcon.colcon_core.package_identification:Package 'MIR/mir_gazebo' with type 'ros.ament_cmake' and name 'mir_gazebo'
[0.087s] Level 1:colcon.colcon_core.package_identification:_identify(MIR/mir_msgs) by extensions ['ignore', 'ignore_ament_install']
[0.087s] Level 1:colcon.colcon_core.package_identification:_identify(MIR/mir_msgs) by extension 'ignore'
[0.087s] Level 1:colcon.colcon_core.package_identification:_identify(MIR/mir_msgs) by extension 'ignore_ament_install'
[0.088s] Level 1:colcon.colcon_core.package_identification:_identify(MIR/mir_msgs) by extensions ['colcon_pkg']
[0.088s] Level 1:colcon.colcon_core.package_identification:_identify(MIR/mir_msgs) by extension 'colcon_pkg'
[0.088s] Level 1:colcon.colcon_core.package_identification:_identify(MIR/mir_msgs) by extensions ['colcon_meta']
[0.088s] Level 1:colcon.colcon_core.package_identification:_identify(MIR/mir_msgs) by extension 'colcon_meta'
[0.088s] Level 1:colcon.colcon_core.package_identification:_identify(MIR/mir_msgs) by extensions ['ros']
[0.088s] Level 1:colcon.colcon_core.package_identification:_identify(MIR/mir_msgs) by extension 'ros'
[0.088s] DEBUG:colcon.colcon_core.package_identification:Package 'MIR/mir_msgs' with type 'ros.ament_cmake' and name 'mir_msgs'
[0.088s] Level 1:colcon.colcon_core.package_identification:_identify(MIR/mir_navigation) by extensions ['ignore', 'ignore_ament_install']
[0.088s] Level 1:colcon.colcon_core.package_identification:_identify(MIR/mir_navigation) by extension 'ignore'
[0.088s] Level 1:colcon.colcon_core.package_identification:_identify(MIR/mir_navigation) by extension 'ignore_ament_install'
[0.088s] Level 1:colcon.colcon_core.package_identification:_identify(MIR/mir_navigation) by extensions ['colcon_pkg']
[0.088s] Level 1:colcon.colcon_core.package_identification:_identify(MIR/mir_navigation) by extension 'colcon_pkg'
[0.088s] Level 1:colcon.colcon_core.package_identification:_identify(MIR/mir_navigation) by extensions ['colcon_meta']
[0.088s] Level 1:colcon.colcon_core.package_identification:_identify(MIR/mir_navigation) by extension 'colcon_meta'
[0.088s] Level 1:colcon.colcon_core.package_identification:_identify(MIR/mir_navigation) by extensions ['ros']
[0.088s] Level 1:colcon.colcon_core.package_identification:_identify(MIR/mir_navigation) by extension 'ros'
[0.088s] DEBUG:colcon.colcon_core.package_identification:Package 'MIR/mir_navigation' with type 'ros.ament_cmake' and name 'mir_navigation'
[0.088s] Level 1:colcon.colcon_core.package_identification:_identify(MIR/mir_robot) by extensions ['ignore', 'ignore_ament_install']
[0.088s] Level 1:colcon.colcon_core.package_identification:_identify(MIR/mir_robot) by extension 'ignore'
[0.088s] Level 1:colcon.colcon_core.package_identification:_identify(MIR/mir_robot) by extension 'ignore_ament_install'
[0.088s] Level 1:colcon.colcon_core.package_identification:_identify(MIR/mir_robot) by extensions ['colcon_pkg']
[0.088s] Level 1:colcon.colcon_core.package_identification:_identify(MIR/mir_robot) by extension 'colcon_pkg'
[0.089s] Level 1:colcon.colcon_core.package_identification:_identify(MIR/mir_robot) by extensions ['colcon_meta']
[0.089s] Level 1:colcon.colcon_core.package_identification:_identify(MIR/mir_robot) by extension 'colcon_meta'
[0.089s] Level 1:colcon.colcon_core.package_identification:_identify(MIR/mir_robot) by extensions ['ros']
[0.089s] Level 1:colcon.colcon_core.package_identification:_identify(MIR/mir_robot) by extension 'ros'
[0.089s] DEBUG:colcon.colcon_core.package_identification:Package 'MIR/mir_robot' with type 'ros.ament_cmake' and name 'mir_robot'
[0.089s] Level 1:colcon.colcon_core.package_identification:_identify(MIR/sdc21x0) by extensions ['ignore', 'ignore_ament_install']
[0.089s] Level 1:colcon.colcon_core.package_identification:_identify(MIR/sdc21x0) by extension 'ignore'
[0.089s] Level 1:colcon.colcon_core.package_identification:_identify(MIR/sdc21x0) by extension 'ignore_ament_install'
[0.089s] Level 1:colcon.colcon_core.package_identification:_identify(MIR/sdc21x0) by extensions ['colcon_pkg']
[0.089s] Level 1:colcon.colcon_core.package_identification:_identify(MIR/sdc21x0) by extension 'colcon_pkg'
[0.089s] Level 1:colcon.colcon_core.package_identification:_identify(MIR/sdc21x0) by extensions ['colcon_meta']
[0.089s] Level 1:colcon.colcon_core.package_identification:_identify(MIR/sdc21x0) by extension 'colcon_meta'
[0.089s] Level 1:colcon.colcon_core.package_identification:_identify(MIR/sdc21x0) by extensions ['ros']
[0.089s] Level 1:colcon.colcon_core.package_identification:_identify(MIR/sdc21x0) by extension 'ros'
[0.089s] DEBUG:colcon.colcon_core.package_identification:Package 'MIR/sdc21x0' with type 'ros.ament_cmake' and name 'sdc21x0'
[0.089s] Level 1:colcon.colcon_core.package_identification:_identify(Mecademic) by extensions ['ignore', 'ignore_ament_install']
[0.089s] Level 1:colcon.colcon_core.package_identification:_identify(Mecademic) by extension 'ignore'
[0.089s] Level 1:colcon.colcon_core.package_identification:_identify(Mecademic) by extension 'ignore_ament_install'
[0.089s] Level 1:colcon.colcon_core.package_identification:_identify(Mecademic) by extensions ['colcon_pkg']
[0.089s] Level 1:colcon.colcon_core.package_identification:_identify(Mecademic) by extension 'colcon_pkg'
[0.089s] Level 1:colcon.colcon_core.package_identification:_identify(Mecademic) by extensions ['colcon_meta']
[0.089s] Level 1:colcon.colcon_core.package_identification:_identify(Mecademic) by extension 'colcon_meta'
[0.089s] Level 1:colcon.colcon_core.package_identification:_identify(Mecademic) by extensions ['ros']
[0.089s] Level 1:colcon.colcon_core.package_identification:_identify(Mecademic) by extension 'ros'
[0.089s] Level 1:colcon.colcon_core.package_identification:_identify(Mecademic) by extensions ['cmake', 'python']
[0.089s] Level 1:colcon.colcon_core.package_identification:_identify(Mecademic) by extension 'cmake'
[0.089s] Level 1:colcon.colcon_core.package_identification:_identify(Mecademic) by extension 'python'
[0.090s] Level 1:colcon.colcon_core.package_identification:_identify(Mecademic) by extensions ['python_setup_py']
[0.090s] Level 1:colcon.colcon_core.package_identification:_identify(Mecademic) by extension 'python_setup_py'
[0.090s] Level 1:colcon.colcon_core.package_identification:_identify(Mecademic/meca500_bringup) by extensions ['ignore', 'ignore_ament_install']
[0.090s] Level 1:colcon.colcon_core.package_identification:_identify(Mecademic/meca500_bringup) by extension 'ignore'
[0.090s] Level 1:colcon.colcon_core.package_identification:_identify(Mecademic/meca500_bringup) by extension 'ignore_ament_install'
[0.090s] Level 1:colcon.colcon_core.package_identification:_identify(Mecademic/meca500_bringup) by extensions ['colcon_pkg']
[0.090s] Level 1:colcon.colcon_core.package_identification:_identify(Mecademic/meca500_bringup) by extension 'colcon_pkg'
[0.090s] Level 1:colcon.colcon_core.package_identification:_identify(Mecademic/meca500_bringup) by extensions ['colcon_meta']
[0.090s] Level 1:colcon.colcon_core.package_identification:_identify(Mecademic/meca500_bringup) by extension 'colcon_meta'
[0.090s] Level 1:colcon.colcon_core.package_identification:_identify(Mecademic/meca500_bringup) by extensions ['ros']
[0.090s] Level 1:colcon.colcon_core.package_identification:_identify(Mecademic/meca500_bringup) by extension 'ros'
[0.090s] DEBUG:colcon.colcon_core.package_identification:Package 'Mecademic/meca500_bringup' with type 'ros.ament_cmake' and name 'meca500_bringup'
[0.090s] Level 1:colcon.colcon_core.package_identification:_identify(Mecademic/meca500_description) by extensions ['ignore', 'ignore_ament_install']
[0.090s] Level 1:colcon.colcon_core.package_identification:_identify(Mecademic/meca500_description) by extension 'ignore'
[0.090s] Level 1:colcon.colcon_core.package_identification:_identify(Mecademic/meca500_description) by extension 'ignore_ament_install'
[0.090s] Level 1:colcon.colcon_core.package_identification:_identify(Mecademic/meca500_description) by extensions ['colcon_pkg']
[0.090s] Level 1:colcon.colcon_core.package_identification:_identify(Mecademic/meca500_description) by extension 'colcon_pkg'
[0.090s] Level 1:colcon.colcon_core.package_identification:_identify(Mecademic/meca500_description) by extensions ['colcon_meta']
[0.090s] Level 1:colcon.colcon_core.package_identification:_identify(Mecademic/meca500_description) by extension 'colcon_meta'
[0.090s] Level 1:colcon.colcon_core.package_identification:_identify(Mecademic/meca500_description) by extensions ['ros']
[0.090s] Level 1:colcon.colcon_core.package_identification:_identify(Mecademic/meca500_description) by extension 'ros'
[0.090s] DEBUG:colcon.colcon_core.package_identification:Package 'Mecademic/meca500_description' with type 'ros.ament_cmake' and name 'meca500_description'
[0.090s] Level 1:colcon.colcon_core.package_identification:_identify(Mecademic/meca500_hardware) by extensions ['ignore', 'ignore_ament_install']
[0.091s] Level 1:colcon.colcon_core.package_identification:_identify(Mecademic/meca500_hardware) by extension 'ignore'
[0.091s] Level 1:colcon.colcon_core.package_identification:_identify(Mecademic/meca500_hardware) by extension 'ignore_ament_install'
[0.091s] Level 1:colcon.colcon_core.package_identification:_identify(Mecademic/meca500_hardware) by extensions ['colcon_pkg']
[0.091s] Level 1:colcon.colcon_core.package_identification:_identify(Mecademic/meca500_hardware) by extension 'colcon_pkg'
[0.091s] Level 1:colcon.colcon_core.package_identification:_identify(Mecademic/meca500_hardware) by extensions ['colcon_meta']
[0.091s] Level 1:colcon.colcon_core.package_identification:_identify(Mecademic/meca500_hardware) by extension 'colcon_meta'
[0.091s] Level 1:colcon.colcon_core.package_identification:_identify(Mecademic/meca500_hardware) by extensions ['ros']
[0.091s] Level 1:colcon.colcon_core.package_identification:_identify(Mecademic/meca500_hardware) by extension 'ros'
[0.091s] DEBUG:colcon.colcon_core.package_identification:Package 'Mecademic/meca500_hardware' with type 'ros.ament_cmake' and name 'meca500_hardware'
[0.091s] Level 1:colcon.colcon_core.package_identification:_identify(Mecademic/meca500_moveit_config) by extensions ['ignore', 'ignore_ament_install']
[0.091s] Level 1:colcon.colcon_core.package_identification:_identify(Mecademic/meca500_moveit_config) by extension 'ignore'
[0.091s] Level 1:colcon.colcon_core.package_identification:_identify(Mecademic/meca500_moveit_config) by extension 'ignore_ament_install'
[0.091s] Level 1:colcon.colcon_core.package_identification:_identify(Mecademic/meca500_moveit_config) by extensions ['colcon_pkg']
[0.091s] Level 1:colcon.colcon_core.package_identification:_identify(Mecademic/meca500_moveit_config) by extension 'colcon_pkg'
[0.091s] Level 1:colcon.colcon_core.package_identification:_identify(Mecademic/meca500_moveit_config) by extensions ['colcon_meta']
[0.091s] Level 1:colcon.colcon_core.package_identification:_identify(Mecademic/meca500_moveit_config) by extension 'colcon_meta'
[0.091s] Level 1:colcon.colcon_core.package_identification:_identify(Mecademic/meca500_moveit_config) by extensions ['ros']
[0.091s] Level 1:colcon.colcon_core.package_identification:_identify(Mecademic/meca500_moveit_config) by extension 'ros'
[0.091s] DEBUG:colcon.colcon_core.package_identification:Package 'Mecademic/meca500_moveit_config' with type 'ros.ament_cmake' and name 'meca500_moveit_config'
[0.091s] Level 1:colcon.colcon_core.package_identification:_identify(Omron_AMR) by extensions ['ignore', 'ignore_ament_install']
[0.091s] Level 1:colcon.colcon_core.package_identification:_identify(Omron_AMR) by extension 'ignore'
[0.091s] Level 1:colcon.colcon_core.package_identification:_identify(Omron_AMR) by extension 'ignore_ament_install'
[0.091s] Level 1:colcon.colcon_core.package_identification:_identify(Omron_AMR) by extensions ['colcon_pkg']
[0.091s] Level 1:colcon.colcon_core.package_identification:_identify(Omron_AMR) by extension 'colcon_pkg'
[0.091s] Level 1:colcon.colcon_core.package_identification:_identify(Omron_AMR) by extensions ['colcon_meta']
[0.091s] Level 1:colcon.colcon_core.package_identification:_identify(Omron_AMR) by extension 'colcon_meta'
[0.091s] Level 1:colcon.colcon_core.package_identification:_identify(Omron_AMR) by extensions ['ros']
[0.091s] Level 1:colcon.colcon_core.package_identification:_identify(Omron_AMR) by extension 'ros'
[0.092s] Level 1:colcon.colcon_core.package_identification:_identify(Omron_AMR) by extensions ['cmake', 'python']
[0.092s] Level 1:colcon.colcon_core.package_identification:_identify(Omron_AMR) by extension 'cmake'
[0.092s] Level 1:colcon.colcon_core.package_identification:_identify(Omron_AMR) by extension 'python'
[0.092s] Level 1:colcon.colcon_core.package_identification:_identify(Omron_AMR) by extensions ['python_setup_py']
[0.092s] Level 1:colcon.colcon_core.package_identification:_identify(Omron_AMR) by extension 'python_setup_py'
[0.092s] Level 1:colcon.colcon_core.package_identification:_identify(Omron_AMR/build) by extensions ['ignore', 'ignore_ament_install']
[0.092s] Level 1:colcon.colcon_core.package_identification:_identify(Omron_AMR/build) by extension 'ignore'
[0.092s] Level 1:colcon.colcon_core.package_identification:_identify(Omron_AMR/build) ignored
[0.092s] Level 1:colcon.colcon_core.package_identification:_identify(Omron_AMR/docs) by extensions ['ignore', 'ignore_ament_install']
[0.092s] Level 1:colcon.colcon_core.package_identification:_identify(Omron_AMR/docs) by extension 'ignore'
[0.092s] Level 1:colcon.colcon_core.package_identification:_identify(Omron_AMR/docs) by extension 'ignore_ament_install'
[0.092s] Level 1:colcon.colcon_core.package_identification:_identify(Omron_AMR/docs) by extensions ['colcon_pkg']
[0.092s] Level 1:colcon.colcon_core.package_identification:_identify(Omron_AMR/docs) by extension 'colcon_pkg'
[0.092s] Level 1:colcon.colcon_core.package_identification:_identify(Omron_AMR/docs) by extensions ['colcon_meta']
[0.092s] Level 1:colcon.colcon_core.package_identification:_identify(Omron_AMR/docs) by extension 'colcon_meta'
[0.092s] Level 1:colcon.colcon_core.package_identification:_identify(Omron_AMR/docs) by extensions ['ros']
[0.092s] Level 1:colcon.colcon_core.package_identification:_identify(Omron_AMR/docs) by extension 'ros'
[0.092s] Level 1:colcon.colcon_core.package_identification:_identify(Omron_AMR/docs) by extensions ['cmake', 'python']
[0.092s] Level 1:colcon.colcon_core.package_identification:_identify(Omron_AMR/docs) by extension 'cmake'
[0.092s] Level 1:colcon.colcon_core.package_identification:_identify(Omron_AMR/docs) by extension 'python'
[0.092s] Level 1:colcon.colcon_core.package_identification:_identify(Omron_AMR/docs) by extensions ['python_setup_py']
[0.092s] Level 1:colcon.colcon_core.package_identification:_identify(Omron_AMR/docs) by extension 'python_setup_py'
[0.092s] Level 1:colcon.colcon_core.package_identification:_identify(Omron_AMR/docs/dg-images) by extensions ['ignore', 'ignore_ament_install']
[0.092s] Level 1:colcon.colcon_core.package_identification:_identify(Omron_AMR/docs/dg-images) by extension 'ignore'
[0.092s] Level 1:colcon.colcon_core.package_identification:_identify(Omron_AMR/docs/dg-images) by extension 'ignore_ament_install'
[0.092s] Level 1:colcon.colcon_core.package_identification:_identify(Omron_AMR/docs/dg-images) by extensions ['colcon_pkg']
[0.092s] Level 1:colcon.colcon_core.package_identification:_identify(Omron_AMR/docs/dg-images) by extension 'colcon_pkg'
[0.092s] Level 1:colcon.colcon_core.package_identification:_identify(Omron_AMR/docs/dg-images) by extensions ['colcon_meta']
[0.092s] Level 1:colcon.colcon_core.package_identification:_identify(Omron_AMR/docs/dg-images) by extension 'colcon_meta'
[0.092s] Level 1:colcon.colcon_core.package_identification:_identify(Omron_AMR/docs/dg-images) by extensions ['ros']
[0.092s] Level 1:colcon.colcon_core.package_identification:_identify(Omron_AMR/docs/dg-images) by extension 'ros'
[0.092s] Level 1:colcon.colcon_core.package_identification:_identify(Omron_AMR/docs/dg-images) by extensions ['cmake', 'python']
[0.092s] Level 1:colcon.colcon_core.package_identification:_identify(Omron_AMR/docs/dg-images) by extension 'cmake'
[0.092s] Level 1:colcon.colcon_core.package_identification:_identify(Omron_AMR/docs/dg-images) by extension 'python'
[0.092s] Level 1:colcon.colcon_core.package_identification:_identify(Omron_AMR/docs/dg-images) by extensions ['python_setup_py']
[0.092s] Level 1:colcon.colcon_core.package_identification:_identify(Omron_AMR/docs/dg-images) by extension 'python_setup_py'
[0.092s] Level 1:colcon.colcon_core.package_identification:_identify(Omron_AMR/install) by extensions ['ignore', 'ignore_ament_install']
[0.092s] Level 1:colcon.colcon_core.package_identification:_identify(Omron_AMR/install) by extension 'ignore'
[0.092s] Level 1:colcon.colcon_core.package_identification:_identify(Omron_AMR/install) ignored
[0.092s] Level 1:colcon.colcon_core.package_identification:_identify(Omron_AMR/log) by extensions ['ignore', 'ignore_ament_install']
[0.092s] Level 1:colcon.colcon_core.package_identification:_identify(Omron_AMR/log) by extension 'ignore'
[0.092s] Level 1:colcon.colcon_core.package_identification:_identify(Omron_AMR/log) ignored
[0.092s] Level 1:colcon.colcon_core.package_identification:_identify(Omron_AMR/src) by extensions ['ignore', 'ignore_ament_install']
[0.093s] Level 1:colcon.colcon_core.package_identification:_identify(Omron_AMR/src) by extension 'ignore'
[0.093s] Level 1:colcon.colcon_core.package_identification:_identify(Omron_AMR/src) by extension 'ignore_ament_install'
[0.093s] Level 1:colcon.colcon_core.package_identification:_identify(Omron_AMR/src) by extensions ['colcon_pkg']
[0.093s] Level 1:colcon.colcon_core.package_identification:_identify(Omron_AMR/src) by extension 'colcon_pkg'
[0.093s] Level 1:colcon.colcon_core.package_identification:_identify(Omron_AMR/src) by extensions ['colcon_meta']
[0.093s] Level 1:colcon.colcon_core.package_identification:_identify(Omron_AMR/src) by extension 'colcon_meta'
[0.093s] Level 1:colcon.colcon_core.package_identification:_identify(Omron_AMR/src) by extensions ['ros']
[0.093s] Level 1:colcon.colcon_core.package_identification:_identify(Omron_AMR/src) by extension 'ros'
[0.093s] Level 1:colcon.colcon_core.package_identification:_identify(Omron_AMR/src) by extensions ['cmake', 'python']
[0.093s] Level 1:colcon.colcon_core.package_identification:_identify(Omron_AMR/src) by extension 'cmake'
[0.093s] Level 1:colcon.colcon_core.package_identification:_identify(Omron_AMR/src) by extension 'python'
[0.093s] Level 1:colcon.colcon_core.package_identification:_identify(Omron_AMR/src) by extensions ['python_setup_py']
[0.093s] Level 1:colcon.colcon_core.package_identification:_identify(Omron_AMR/src) by extension 'python_setup_py'
[0.093s] Level 1:colcon.colcon_core.package_identification:_identify(Omron_AMR/src/amr_visualisation) by extensions ['ignore', 'ignore_ament_install']
[0.093s] Level 1:colcon.colcon_core.package_identification:_identify(Omron_AMR/src/amr_visualisation) by extension 'ignore'
[0.093s] Level 1:colcon.colcon_core.package_identification:_identify(Omron_AMR/src/amr_visualisation) by extension 'ignore_ament_install'
[0.093s] Level 1:colcon.colcon_core.package_identification:_identify(Omron_AMR/src/amr_visualisation) by extensions ['colcon_pkg']
[0.093s] Level 1:colcon.colcon_core.package_identification:_identify(Omron_AMR/src/amr_visualisation) by extension 'colcon_pkg'
[0.093s] Level 1:colcon.colcon_core.package_identification:_identify(Omron_AMR/src/amr_visualisation) by extensions ['colcon_meta']
[0.093s] Level 1:colcon.colcon_core.package_identification:_identify(Omron_AMR/src/amr_visualisation) by extension 'colcon_meta'
[0.093s] Level 1:colcon.colcon_core.package_identification:_identify(Omron_AMR/src/amr_visualisation) by extensions ['ros']
[0.093s] Level 1:colcon.colcon_core.package_identification:_identify(Omron_AMR/src/amr_visualisation) by extension 'ros'
[0.093s] DEBUG:colcon.colcon_core.package_identification:Package 'Omron_AMR/src/amr_visualisation' with type 'ros.ament_cmake' and name 'amr_visualisation'
[0.093s] Level 1:colcon.colcon_core.package_identification:_identify(Omron_AMR/src/demo) by extensions ['ignore', 'ignore_ament_install']
[0.093s] Level 1:colcon.colcon_core.package_identification:_identify(Omron_AMR/src/demo) by extension 'ignore'
[0.093s] Level 1:colcon.colcon_core.package_identification:_identify(Omron_AMR/src/demo) by extension 'ignore_ament_install'
[0.093s] Level 1:colcon.colcon_core.package_identification:_identify(Omron_AMR/src/demo) by extensions ['colcon_pkg']
[0.093s] Level 1:colcon.colcon_core.package_identification:_identify(Omron_AMR/src/demo) by extension 'colcon_pkg'
[0.093s] Level 1:colcon.colcon_core.package_identification:_identify(Omron_AMR/src/demo) by extensions ['colcon_meta']
[0.093s] Level 1:colcon.colcon_core.package_identification:_identify(Omron_AMR/src/demo) by extension 'colcon_meta'
[0.093s] Level 1:colcon.colcon_core.package_identification:_identify(Omron_AMR/src/demo) by extensions ['ros']
[0.093s] Level 1:colcon.colcon_core.package_identification:_identify(Omron_AMR/src/demo) by extension 'ros'
[0.094s] DEBUG:colcon.colcon_core.package_identification:Package 'Omron_AMR/src/demo' with type 'ros.ament_cmake' and name 'demo'
[0.094s] Level 1:colcon.colcon_core.package_identification:_identify(Omron_AMR/src/om_aiv_msg) by extensions ['ignore', 'ignore_ament_install']
[0.094s] Level 1:colcon.colcon_core.package_identification:_identify(Omron_AMR/src/om_aiv_msg) by extension 'ignore'
[0.094s] Level 1:colcon.colcon_core.package_identification:_identify(Omron_AMR/src/om_aiv_msg) by extension 'ignore_ament_install'
[0.094s] Level 1:colcon.colcon_core.package_identification:_identify(Omron_AMR/src/om_aiv_msg) by extensions ['colcon_pkg']
[0.094s] Level 1:colcon.colcon_core.package_identification:_identify(Omron_AMR/src/om_aiv_msg) by extension 'colcon_pkg'
[0.094s] Level 1:colcon.colcon_core.package_identification:_identify(Omron_AMR/src/om_aiv_msg) by extensions ['colcon_meta']
[0.094s] Level 1:colcon.colcon_core.package_identification:_identify(Omron_AMR/src/om_aiv_msg) by extension 'colcon_meta'
[0.094s] Level 1:colcon.colcon_core.package_identification:_identify(Omron_AMR/src/om_aiv_msg) by extensions ['ros']
[0.094s] Level 1:colcon.colcon_core.package_identification:_identify(Omron_AMR/src/om_aiv_msg) by extension 'ros'
[0.094s] DEBUG:colcon.colcon_core.package_identification:Package 'Omron_AMR/src/om_aiv_msg' with type 'ros.ament_cmake' and name 'om_aiv_msg'
[0.094s] Level 1:colcon.colcon_core.package_identification:_identify(Omron_AMR/src/om_aiv_navigation) by extensions ['ignore', 'ignore_ament_install']
[0.094s] Level 1:colcon.colcon_core.package_identification:_identify(Omron_AMR/src/om_aiv_navigation) by extension 'ignore'
[0.094s] Level 1:colcon.colcon_core.package_identification:_identify(Omron_AMR/src/om_aiv_navigation) by extension 'ignore_ament_install'
[0.094s] Level 1:colcon.colcon_core.package_identification:_identify(Omron_AMR/src/om_aiv_navigation) by extensions ['colcon_pkg']
[0.094s] Level 1:colcon.colcon_core.package_identification:_identify(Omron_AMR/src/om_aiv_navigation) by extension 'colcon_pkg'
[0.094s] Level 1:colcon.colcon_core.package_identification:_identify(Omron_AMR/src/om_aiv_navigation) by extensions ['colcon_meta']
[0.094s] Level 1:colcon.colcon_core.package_identification:_identify(Omron_AMR/src/om_aiv_navigation) by extension 'colcon_meta'
[0.094s] Level 1:colcon.colcon_core.package_identification:_identify(Omron_AMR/src/om_aiv_navigation) by extensions ['ros']
[0.094s] Level 1:colcon.colcon_core.package_identification:_identify(Omron_AMR/src/om_aiv_navigation) by extension 'ros'
[0.094s] DEBUG:colcon.colcon_core.package_identification:Package 'Omron_AMR/src/om_aiv_navigation' with type 'ros.ament_python' and name 'om_aiv_navigation'
[0.094s] Level 1:colcon.colcon_core.package_identification:_identify(Omron_AMR/src/om_aiv_util) by extensions ['ignore', 'ignore_ament_install']
[0.094s] Level 1:colcon.colcon_core.package_identification:_identify(Omron_AMR/src/om_aiv_util) by extension 'ignore'
[0.095s] Level 1:colcon.colcon_core.package_identification:_identify(Omron_AMR/src/om_aiv_util) by extension 'ignore_ament_install'
[0.095s] Level 1:colcon.colcon_core.package_identification:_identify(Omron_AMR/src/om_aiv_util) by extensions ['colcon_pkg']
[0.095s] Level 1:colcon.colcon_core.package_identification:_identify(Omron_AMR/src/om_aiv_util) by extension 'colcon_pkg'
[0.095s] Level 1:colcon.colcon_core.package_identification:_identify(Omron_AMR/src/om_aiv_util) by extensions ['colcon_meta']
[0.095s] Level 1:colcon.colcon_core.package_identification:_identify(Omron_AMR/src/om_aiv_util) by extension 'colcon_meta'
[0.095s] Level 1:colcon.colcon_core.package_identification:_identify(Omron_AMR/src/om_aiv_util) by extensions ['ros']
[0.095s] Level 1:colcon.colcon_core.package_identification:_identify(Omron_AMR/src/om_aiv_util) by extension 'ros'
[0.095s] DEBUG:colcon.colcon_core.package_identification:Package 'Omron_AMR/src/om_aiv_util' with type 'ros.ament_python' and name 'om_aiv_util'
[0.095s] Level 1:colcon.colcon_core.package_identification:_identify(UR_Description) by extensions ['ignore', 'ignore_ament_install']
[0.095s] Level 1:colcon.colcon_core.package_identification:_identify(UR_Description) by extension 'ignore'
[0.095s] Level 1:colcon.colcon_core.package_identification:_identify(UR_Description) by extension 'ignore_ament_install'
[0.095s] Level 1:colcon.colcon_core.package_identification:_identify(UR_Description) by extensions ['colcon_pkg']
[0.095s] Level 1:colcon.colcon_core.package_identification:_identify(UR_Description) by extension 'colcon_pkg'
[0.095s] Level 1:colcon.colcon_core.package_identification:_identify(UR_Description) by extensions ['colcon_meta']
[0.095s] Level 1:colcon.colcon_core.package_identification:_identify(UR_Description) by extension 'colcon_meta'
[0.095s] Level 1:colcon.colcon_core.package_identification:_identify(UR_Description) by extensions ['ros']
[0.095s] Level 1:colcon.colcon_core.package_identification:_identify(UR_Description) by extension 'ros'
[0.095s] DEBUG:colcon.colcon_core.package_identification:Package 'UR_Description' with type 'ros.ament_cmake' and name 'ur_description'
[0.095s] Level 1:colcon.colcon_core.package_identification:_identify(UR_Driver) by extensions ['ignore', 'ignore_ament_install']
[0.095s] Level 1:colcon.colcon_core.package_identification:_identify(UR_Driver) by extension 'ignore'
[0.095s] Level 1:colcon.colcon_core.package_identification:_identify(UR_Driver) by extension 'ignore_ament_install'
[0.095s] Level 1:colcon.colcon_core.package_identification:_identify(UR_Driver) by extensions ['colcon_pkg']
[0.095s] Level 1:colcon.colcon_core.package_identification:_identify(UR_Driver) by extension 'colcon_pkg'
[0.096s] Level 1:colcon.colcon_core.package_identification:_identify(UR_Driver) by extensions ['colcon_meta']
[0.096s] Level 1:colcon.colcon_core.package_identification:_identify(UR_Driver) by extension 'colcon_meta'
[0.096s] Level 1:colcon.colcon_core.package_identification:_identify(UR_Driver) by extensions ['ros']
[0.096s] Level 1:colcon.colcon_core.package_identification:_identify(UR_Driver) by extension 'ros'
[0.096s] Level 1:colcon.colcon_core.package_identification:_identify(UR_Driver) by extensions ['cmake', 'python']
[0.096s] Level 1:colcon.colcon_core.package_identification:_identify(UR_Driver) by extension 'cmake'
[0.096s] Level 1:colcon.colcon_core.package_identification:_identify(UR_Driver) by extension 'python'
[0.096s] Level 1:colcon.colcon_core.package_identification:_identify(UR_Driver) by extensions ['python_setup_py']
[0.096s] Level 1:colcon.colcon_core.package_identification:_identify(UR_Driver) by extension 'python_setup_py'
[0.096s] Level 1:colcon.colcon_core.package_identification:_identify(UR_Driver/ClientLibrary) by extensions ['ignore', 'ignore_ament_install']
[0.096s] Level 1:colcon.colcon_core.package_identification:_identify(UR_Driver/ClientLibrary) by extension 'ignore'
[0.096s] Level 1:colcon.colcon_core.package_identification:_identify(UR_Driver/ClientLibrary) by extension 'ignore_ament_install'
[0.096s] Level 1:colcon.colcon_core.package_identification:_identify(UR_Driver/ClientLibrary) by extensions ['colcon_pkg']
[0.096s] Level 1:colcon.colcon_core.package_identification:_identify(UR_Driver/ClientLibrary) by extension 'colcon_pkg'
[0.096s] Level 1:colcon.colcon_core.package_identification:_identify(UR_Driver/ClientLibrary) by extensions ['colcon_meta']
[0.096s] Level 1:colcon.colcon_core.package_identification:_identify(UR_Driver/ClientLibrary) by extension 'colcon_meta'
[0.096s] Level 1:colcon.colcon_core.package_identification:_identify(UR_Driver/ClientLibrary) by extensions ['ros']
[0.096s] Level 1:colcon.colcon_core.package_identification:_identify(UR_Driver/ClientLibrary) by extension 'ros'
[0.098s] DEBUG:colcon.colcon_core.package_identification:Package 'UR_Driver/ClientLibrary' with type 'ros.cmake' and name 'ur_client_library'
[0.098s] Level 1:colcon.colcon_core.package_identification:_identify(UR_Driver/build) by extensions ['ignore', 'ignore_ament_install']
[0.098s] Level 1:colcon.colcon_core.package_identification:_identify(UR_Driver/build) by extension 'ignore'
[0.098s] Level 1:colcon.colcon_core.package_identification:_identify(UR_Driver/build) ignored
[0.098s] Level 1:colcon.colcon_core.package_identification:_identify(UR_Driver/install) by extensions ['ignore', 'ignore_ament_install']
[0.098s] Level 1:colcon.colcon_core.package_identification:_identify(UR_Driver/install) by extension 'ignore'
[0.098s] Level 1:colcon.colcon_core.package_identification:_identify(UR_Driver/install) ignored
[0.098s] Level 1:colcon.colcon_core.package_identification:_identify(UR_Driver/log) by extensions ['ignore', 'ignore_ament_install']
[0.098s] Level 1:colcon.colcon_core.package_identification:_identify(UR_Driver/log) by extension 'ignore'
[0.098s] Level 1:colcon.colcon_core.package_identification:_identify(UR_Driver/log) ignored
[0.098s] Level 1:colcon.colcon_core.package_identification:_identify(UR_Driver/my_ur_msgs) by extensions ['ignore', 'ignore_ament_install']
[0.098s] Level 1:colcon.colcon_core.package_identification:_identify(UR_Driver/my_ur_msgs) by extension 'ignore'
[0.098s] Level 1:colcon.colcon_core.package_identification:_identify(UR_Driver/my_ur_msgs) by extension 'ignore_ament_install'
[0.098s] Level 1:colcon.colcon_core.package_identification:_identify(UR_Driver/my_ur_msgs) by extensions ['colcon_pkg']
[0.098s] Level 1:colcon.colcon_core.package_identification:_identify(UR_Driver/my_ur_msgs) by extension 'colcon_pkg'
[0.098s] Level 1:colcon.colcon_core.package_identification:_identify(UR_Driver/my_ur_msgs) by extensions ['colcon_meta']
[0.098s] Level 1:colcon.colcon_core.package_identification:_identify(UR_Driver/my_ur_msgs) by extension 'colcon_meta'
[0.098s] Level 1:colcon.colcon_core.package_identification:_identify(UR_Driver/my_ur_msgs) by extensions ['ros']
[0.098s] Level 1:colcon.colcon_core.package_identification:_identify(UR_Driver/my_ur_msgs) by extension 'ros'
[0.098s] DEBUG:colcon.colcon_core.package_identification:Package 'UR_Driver/my_ur_msgs' with type 'ros.ament_cmake' and name 'my_ur_msgs'
[0.099s] Level 1:colcon.colcon_core.package_identification:_identify(UR_Driver/ur) by extensions ['ignore', 'ignore_ament_install']
[0.099s] Level 1:colcon.colcon_core.package_identification:_identify(UR_Driver/ur) by extension 'ignore'
[0.099s] Level 1:colcon.colcon_core.package_identification:_identify(UR_Driver/ur) by extension 'ignore_ament_install'
[0.099s] Level 1:colcon.colcon_core.package_identification:_identify(UR_Driver/ur) by extensions ['colcon_pkg']
[0.099s] Level 1:colcon.colcon_core.package_identification:_identify(UR_Driver/ur) by extension 'colcon_pkg'
[0.099s] Level 1:colcon.colcon_core.package_identification:_identify(UR_Driver/ur) by extensions ['colcon_meta']
[0.099s] Level 1:colcon.colcon_core.package_identification:_identify(UR_Driver/ur) by extension 'colcon_meta'
[0.099s] Level 1:colcon.colcon_core.package_identification:_identify(UR_Driver/ur) by extensions ['ros']
[0.099s] Level 1:colcon.colcon_core.package_identification:_identify(UR_Driver/ur) by extension 'ros'
[0.099s] DEBUG:colcon.colcon_core.package_identification:Package 'UR_Driver/ur' with type 'ros.ament_cmake' and name 'ur'
[0.099s] Level 1:colcon.colcon_core.package_identification:_identify(UR_Driver/ur_calibration) by extensions ['ignore', 'ignore_ament_install']
[0.099s] Level 1:colcon.colcon_core.package_identification:_identify(UR_Driver/ur_calibration) by extension 'ignore'
[0.099s] Level 1:colcon.colcon_core.package_identification:_identify(UR_Driver/ur_calibration) by extension 'ignore_ament_install'
[0.099s] Level 1:colcon.colcon_core.package_identification:_identify(UR_Driver/ur_calibration) by extensions ['colcon_pkg']
[0.099s] Level 1:colcon.colcon_core.package_identification:_identify(UR_Driver/ur_calibration) by extension 'colcon_pkg'
[0.099s] Level 1:colcon.colcon_core.package_identification:_identify(UR_Driver/ur_calibration) by extensions ['colcon_meta']
[0.099s] Level 1:colcon.colcon_core.package_identification:_identify(UR_Driver/ur_calibration) by extension 'colcon_meta'
[0.099s] Level 1:colcon.colcon_core.package_identification:_identify(UR_Driver/ur_calibration) by extensions ['ros']
[0.099s] Level 1:colcon.colcon_core.package_identification:_identify(UR_Driver/ur_calibration) by extension 'ros'
[0.099s] DEBUG:colcon.colcon_core.package_identification:Package 'UR_Driver/ur_calibration' with type 'ros.ament_cmake' and name 'ur_calibration'
[0.099s] Level 1:colcon.colcon_core.package_identification:_identify(UR_Driver/ur_controllers) by extensions ['ignore', 'ignore_ament_install']
[0.100s] Level 1:colcon.colcon_core.package_identification:_identify(UR_Driver/ur_controllers) by extension 'ignore'
[0.100s] Level 1:colcon.colcon_core.package_identification:_identify(UR_Driver/ur_controllers) by extension 'ignore_ament_install'
[0.100s] Level 1:colcon.colcon_core.package_identification:_identify(UR_Driver/ur_controllers) by extensions ['colcon_pkg']
[0.100s] Level 1:colcon.colcon_core.package_identification:_identify(UR_Driver/ur_controllers) by extension 'colcon_pkg'
[0.100s] Level 1:colcon.colcon_core.package_identification:_identify(UR_Driver/ur_controllers) by extensions ['colcon_meta']
[0.100s] Level 1:colcon.colcon_core.package_identification:_identify(UR_Driver/ur_controllers) by extension 'colcon_meta'
[0.100s] Level 1:colcon.colcon_core.package_identification:_identify(UR_Driver/ur_controllers) by extensions ['ros']
[0.100s] Level 1:colcon.colcon_core.package_identification:_identify(UR_Driver/ur_controllers) by extension 'ros'
[0.101s] DEBUG:colcon.colcon_core.package_identification:Package 'UR_Driver/ur_controllers' with type 'ros.ament_cmake' and name 'ur_controllers'
[0.101s] Level 1:colcon.colcon_core.package_identification:_identify(UR_Driver/ur_dashboard_msgs) by extensions ['ignore', 'ignore_ament_install']
[0.101s] Level 1:colcon.colcon_core.package_identification:_identify(UR_Driver/ur_dashboard_msgs) by extension 'ignore'
[0.101s] Level 1:colcon.colcon_core.package_identification:_identify(UR_Driver/ur_dashboard_msgs) by extension 'ignore_ament_install'
[0.101s] Level 1:colcon.colcon_core.package_identification:_identify(UR_Driver/ur_dashboard_msgs) by extensions ['colcon_pkg']
[0.101s] Level 1:colcon.colcon_core.package_identification:_identify(UR_Driver/ur_dashboard_msgs) by extension 'colcon_pkg'
[0.101s] Level 1:colcon.colcon_core.package_identification:_identify(UR_Driver/ur_dashboard_msgs) by extensions ['colcon_meta']
[0.101s] Level 1:colcon.colcon_core.package_identification:_identify(UR_Driver/ur_dashboard_msgs) by extension 'colcon_meta'
[0.101s] Level 1:colcon.colcon_core.package_identification:_identify(UR_Driver/ur_dashboard_msgs) by extensions ['ros']
[0.101s] Level 1:colcon.colcon_core.package_identification:_identify(UR_Driver/ur_dashboard_msgs) by extension 'ros'
[0.101s] DEBUG:colcon.colcon_core.package_identification:Package 'UR_Driver/ur_dashboard_msgs' with type 'ros.ament_cmake' and name 'ur_dashboard_msgs'
[0.101s] Level 1:colcon.colcon_core.package_identification:_identify(UR_Driver/ur_moveit_config) by extensions ['ignore', 'ignore_ament_install']
[0.101s] Level 1:colcon.colcon_core.package_identification:_identify(UR_Driver/ur_moveit_config) by extension 'ignore'
[0.101s] Level 1:colcon.colcon_core.package_identification:_identify(UR_Driver/ur_moveit_config) by extension 'ignore_ament_install'
[0.101s] Level 1:colcon.colcon_core.package_identification:_identify(UR_Driver/ur_moveit_config) by extensions ['colcon_pkg']
[0.101s] Level 1:colcon.colcon_core.package_identification:_identify(UR_Driver/ur_moveit_config) by extension 'colcon_pkg'
[0.101s] Level 1:colcon.colcon_core.package_identification:_identify(UR_Driver/ur_moveit_config) by extensions ['colcon_meta']
[0.101s] Level 1:colcon.colcon_core.package_identification:_identify(UR_Driver/ur_moveit_config) by extension 'colcon_meta'
[0.101s] Level 1:colcon.colcon_core.package_identification:_identify(UR_Driver/ur_moveit_config) by extensions ['ros']
[0.101s] Level 1:colcon.colcon_core.package_identification:_identify(UR_Driver/ur_moveit_config) by extension 'ros'
[0.102s] DEBUG:colcon.colcon_core.package_identification:Package 'UR_Driver/ur_moveit_config' with type 'ros.ament_cmake' and name 'ur_moveit_config'
[0.102s] Level 1:colcon.colcon_core.package_identification:_identify(UR_Driver/ur_msgs) by extensions ['ignore', 'ignore_ament_install']
[0.102s] Level 1:colcon.colcon_core.package_identification:_identify(UR_Driver/ur_msgs) by extension 'ignore'
[0.102s] Level 1:colcon.colcon_core.package_identification:_identify(UR_Driver/ur_msgs) by extension 'ignore_ament_install'
[0.102s] Level 1:colcon.colcon_core.package_identification:_identify(UR_Driver/ur_msgs) by extensions ['colcon_pkg']
[0.102s] Level 1:colcon.colcon_core.package_identification:_identify(UR_Driver/ur_msgs) by extension 'colcon_pkg'
[0.102s] Level 1:colcon.colcon_core.package_identification:_identify(UR_Driver/ur_msgs) by extensions ['colcon_meta']
[0.102s] Level 1:colcon.colcon_core.package_identification:_identify(UR_Driver/ur_msgs) by extension 'colcon_meta'
[0.102s] Level 1:colcon.colcon_core.package_identification:_identify(UR_Driver/ur_msgs) by extensions ['ros']
[0.102s] Level 1:colcon.colcon_core.package_identification:_identify(UR_Driver/ur_msgs) by extension 'ros'
[0.102s] DEBUG:colcon.colcon_core.package_identification:Package 'UR_Driver/ur_msgs' with type 'ros.ament_cmake' and name 'ur_msgs'
[0.102s] Level 1:colcon.colcon_core.package_identification:_identify(UR_Driver/ur_robot_driver) by extensions ['ignore', 'ignore_ament_install']
[0.102s] Level 1:colcon.colcon_core.package_identification:_identify(UR_Driver/ur_robot_driver) by extension 'ignore'
[0.102s] Level 1:colcon.colcon_core.package_identification:_identify(UR_Driver/ur_robot_driver) by extension 'ignore_ament_install'
[0.102s] Level 1:colcon.colcon_core.package_identification:_identify(UR_Driver/ur_robot_driver) by extensions ['colcon_pkg']
[0.102s] Level 1:colcon.colcon_core.package_identification:_identify(UR_Driver/ur_robot_driver) by extension 'colcon_pkg'
[0.102s] Level 1:colcon.colcon_core.package_identification:_identify(UR_Driver/ur_robot_driver) by extensions ['colcon_meta']
[0.102s] Level 1:colcon.colcon_core.package_identification:_identify(UR_Driver/ur_robot_driver) by extension 'colcon_meta'
[0.102s] Level 1:colcon.colcon_core.package_identification:_identify(UR_Driver/ur_robot_driver) by extensions ['ros']
[0.102s] Level 1:colcon.colcon_core.package_identification:_identify(UR_Driver/ur_robot_driver) by extension 'ros'
[0.103s] DEBUG:colcon.colcon_core.package_identification:Package 'UR_Driver/ur_robot_driver' with type 'ros.ament_cmake' and name 'ur_robot_driver'
[0.103s] Level 1:colcon.colcon_core.package_identification:_identify(build) by extensions ['ignore', 'ignore_ament_install']
[0.103s] Level 1:colcon.colcon_core.package_identification:_identify(build) by extension 'ignore'
[0.103s] Level 1:colcon.colcon_core.package_identification:_identify(build) ignored
[0.103s] Level 1:colcon.colcon_core.package_identification:_identify(install) by extensions ['ignore', 'ignore_ament_install']
[0.103s] Level 1:colcon.colcon_core.package_identification:_identify(install) by extension 'ignore'
[0.103s] Level 1:colcon.colcon_core.package_identification:_identify(install) ignored
[0.104s] Level 1:colcon.colcon_core.package_identification:_identify(log) by extensions ['ignore', 'ignore_ament_install']
[0.104s] Level 1:colcon.colcon_core.package_identification:_identify(log) by extension 'ignore'
[0.104s] Level 1:colcon.colcon_core.package_identification:_identify(log) ignored
[0.104s] Level 1:colcon.colcon_core.package_discovery:discover_packages(recursive) using defaults
[0.104s] Level 1:colcon.colcon_core.package_discovery:discover_packages(ignore) discover
[0.104s] Level 1:colcon.colcon_core.package_discovery:discover_packages(ignore) using defaults
[0.104s] Level 1:colcon.colcon_core.package_discovery:discover_packages(path) discover
[0.104s] Level 1:colcon.colcon_core.package_discovery:discover_packages(path) using defaults
[0.113s] INFO:colcon.colcon_metadata.metadata.colcon_pkg:Updating descriptor of package 'UR_Driver/ClientLibrary' from colcon.pkg: {'hooks': ['share/ur_client_library/hook/ament_prefix_path.dsv', 'share/ur_client_library/hook/ros_package_path.dsv']}
[0.116s] Level 1:colcon.colcon_core.package_discovery:discover_packages(prefix_path) check parameters
[0.116s] Level 1:colcon.colcon_core.package_discovery:discover_packages(prefix_path) discover
[0.117s] DEBUG:colcon.colcon_installed_package_information.package_discovery:Found 346 installed packages in /opt/ros/kilted
[0.118s] Level 1:colcon.colcon_core.package_discovery:discover_packages(prefix_path) using defaults
[0.137s] Level 5:colcon.colcon_core.verb:set package 'meca500_description' build argument 'cmake_args' from command line to 'None'
[0.137s] Level 5:colcon.colcon_core.verb:set package 'meca500_description' build argument 'cmake_target' from command line to 'None'
[0.137s] Level 5:colcon.colcon_core.verb:set package 'meca500_description' build argument 'cmake_target_skip_unavailable' from command line to 'False'
[0.137s] Level 5:colcon.colcon_core.verb:set package 'meca500_description' build argument 'cmake_clean_cache' from command line to 'False'
[0.137s] Level 5:colcon.colcon_core.verb:set package 'meca500_description' build argument 'cmake_clean_first' from command line to 'False'
[0.137s] Level 5:colcon.colcon_core.verb:set package 'meca500_description' build argument 'cmake_force_configure' from command line to 'False'
[0.137s] Level 5:colcon.colcon_core.verb:set package 'meca500_description' build argument 'ament_cmake_args' from command line to 'None'
[0.137s] Level 5:colcon.colcon_core.verb:set package 'meca500_description' build argument 'catkin_cmake_args' from command line to 'None'
[0.137s] Level 5:colcon.colcon_core.verb:set package 'meca500_description' build argument 'catkin_skip_building_tests' from command line to 'False'
[0.137s] DEBUG:colcon.colcon_core.verb:Building package 'meca500_description' with the following arguments: {'ament_cmake_args': None, 'build_base': '/home/administrator/Masterproject2/20_ROS/src/Robots/build/meca500_description', 'catkin_cmake_args': None, 'catkin_skip_building_tests': False, 'cmake_args': None, 'cmake_clean_cache': False, 'cmake_clean_first': False, 'cmake_force_configure': False, 'cmake_target': None, 'cmake_target_skip_unavailable': False, 'install_base': '/home/administrator/Masterproject2/20_ROS/src/Robots/install/meca500_description', 'merge_install': False, 'path': '/home/administrator/Masterproject2/20_ROS/src/Robots/Mecademic/meca500_description', 'symlink_install': False, 'test_result_base': None}
[0.138s] Level 5:colcon.colcon_core.verb:set package 'meca500_hardware' build argument 'cmake_args' from command line to 'None'
[0.138s] Level 5:colcon.colcon_core.verb:set package 'meca500_hardware' build argument 'cmake_target' from command line to 'None'
[0.138s] Level 5:colcon.colcon_core.verb:set package 'meca500_hardware' build argument 'cmake_target_skip_unavailable' from command line to 'False'
[0.138s] Level 5:colcon.colcon_core.verb:set package 'meca500_hardware' build argument 'cmake_clean_cache' from command line to 'False'
[0.138s] Level 5:colcon.colcon_core.verb:set package 'meca500_hardware' build argument 'cmake_clean_first' from command line to 'False'
[0.138s] Level 5:colcon.colcon_core.verb:set package 'meca500_hardware' build argument 'cmake_force_configure' from command line to 'False'
[0.138s] Level 5:colcon.colcon_core.verb:set package 'meca500_hardware' build argument 'ament_cmake_args' from command line to 'None'
[0.138s] Level 5:colcon.colcon_core.verb:set package 'meca500_hardware' build argument 'catkin_cmake_args' from command line to 'None'
[0.138s] Level 5:colcon.colcon_core.verb:set package 'meca500_hardware' build argument 'catkin_skip_building_tests' from command line to 'False'
[0.138s] DEBUG:colcon.colcon_core.verb:Building package 'meca500_hardware' with the following arguments: {'ament_cmake_args': None, 'build_base': '/home/administrator/Masterproject2/20_ROS/src/Robots/build/meca500_hardware', 'catkin_cmake_args': None, 'catkin_skip_building_tests': False, 'cmake_args': None, 'cmake_clean_cache': False, 'cmake_clean_first': False, 'cmake_force_configure': False, 'cmake_target': None, 'cmake_target_skip_unavailable': False, 'install_base': '/home/administrator/Masterproject2/20_ROS/src/Robots/install/meca500_hardware', 'merge_install': False, 'path': '/home/administrator/Masterproject2/20_ROS/src/Robots/Mecademic/meca500_hardware', 'symlink_install': False, 'test_result_base': None}
[0.138s] Level 5:colcon.colcon_core.verb:set package 'meca500_moveit_config' build argument 'cmake_args' from command line to 'None'
[0.138s] Level 5:colcon.colcon_core.verb:set package 'meca500_moveit_config' build argument 'cmake_target' from command line to 'None'
[0.138s] Level 5:colcon.colcon_core.verb:set package 'meca500_moveit_config' build argument 'cmake_target_skip_unavailable' from command line to 'False'
[0.138s] Level 5:colcon.colcon_core.verb:set package 'meca500_moveit_config' build argument 'cmake_clean_cache' from command line to 'False'
[0.138s] Level 5:colcon.colcon_core.verb:set package 'meca500_moveit_config' build argument 'cmake_clean_first' from command line to 'False'
[0.138s] Level 5:colcon.colcon_core.verb:set package 'meca500_moveit_config' build argument 'cmake_force_configure' from command line to 'False'
[0.138s] Level 5:colcon.colcon_core.verb:set package 'meca500_moveit_config' build argument 'ament_cmake_args' from command line to 'None'
[0.138s] Level 5:colcon.colcon_core.verb:set package 'meca500_moveit_config' build argument 'catkin_cmake_args' from command line to 'None'
[0.138s] Level 5:colcon.colcon_core.verb:set package 'meca500_moveit_config' build argument 'catkin_skip_building_tests' from command line to 'False'
[0.138s] DEBUG:colcon.colcon_core.verb:Building package 'meca500_moveit_config' with the following arguments: {'ament_cmake_args': None, 'build_base': '/home/administrator/Masterproject2/20_ROS/src/Robots/build/meca500_moveit_config', 'catkin_cmake_args': None, 'catkin_skip_building_tests': False, 'cmake_args': None, 'cmake_clean_cache': False, 'cmake_clean_first': False, 'cmake_force_configure': False, 'cmake_target': None, 'cmake_target_skip_unavailable': False, 'install_base': '/home/administrator/Masterproject2/20_ROS/src/Robots/install/meca500_moveit_config', 'merge_install': False, 'path': '/home/administrator/Masterproject2/20_ROS/src/Robots/Mecademic/meca500_moveit_config', 'symlink_install': False, 'test_result_base': None}
[0.138s] Level 5:colcon.colcon_core.verb:set package 'mir_actions' build argument 'cmake_args' from command line to 'None'
[0.138s] Level 5:colcon.colcon_core.verb:set package 'mir_actions' build argument 'cmake_target' from command line to 'None'
[0.138s] Level 5:colcon.colcon_core.verb:set package 'mir_actions' build argument 'cmake_target_skip_unavailable' from command line to 'False'
[0.138s] Level 5:colcon.colcon_core.verb:set package 'mir_actions' build argument 'cmake_clean_cache' from command line to 'False'
[0.138s] Level 5:colcon.colcon_core.verb:set package 'mir_actions' build argument 'cmake_clean_first' from command line to 'False'
[0.138s] Level 5:colcon.colcon_core.verb:set package 'mir_actions' build argument 'cmake_force_configure' from command line to 'False'
[0.138s] Level 5:colcon.colcon_core.verb:set package 'mir_actions' build argument 'ament_cmake_args' from command line to 'None'
[0.138s] Level 5:colcon.colcon_core.verb:set package 'mir_actions' build argument 'catkin_cmake_args' from command line to 'None'
[0.138s] Level 5:colcon.colcon_core.verb:set package 'mir_actions' build argument 'catkin_skip_building_tests' from command line to 'False'
[0.138s] DEBUG:colcon.colcon_core.verb:Building package 'mir_actions' with the following arguments: {'ament_cmake_args': None, 'build_base': '/home/administrator/Masterproject2/20_ROS/src/Robots/build/mir_actions', 'catkin_cmake_args': None, 'catkin_skip_building_tests': False, 'cmake_args': None, 'cmake_clean_cache': False, 'cmake_clean_first': False, 'cmake_force_configure': False, 'cmake_target': None, 'cmake_target_skip_unavailable': False, 'install_base': '/home/administrator/Masterproject2/20_ROS/src/Robots/install/mir_actions', 'merge_install': False, 'path': '/home/administrator/Masterproject2/20_ROS/src/Robots/MIR/mir_actions', 'symlink_install': False, 'test_result_base': None}
[0.138s] Level 5:colcon.colcon_core.verb:set package 'mir_description' build argument 'cmake_args' from command line to 'None'
[0.138s] Level 5:colcon.colcon_core.verb:set package 'mir_description' build argument 'cmake_target' from command line to 'None'
[0.138s] Level 5:colcon.colcon_core.verb:set package 'mir_description' build argument 'cmake_target_skip_unavailable' from command line to 'False'
[0.138s] Level 5:colcon.colcon_core.verb:set package 'mir_description' build argument 'cmake_clean_cache' from command line to 'False'
[0.138s] Level 5:colcon.colcon_core.verb:set package 'mir_description' build argument 'cmake_clean_first' from command line to 'False'
[0.138s] Level 5:colcon.colcon_core.verb:set package 'mir_description' build argument 'cmake_force_configure' from command line to 'False'
[0.138s] Level 5:colcon.colcon_core.verb:set package 'mir_description' build argument 'ament_cmake_args' from command line to 'None'
[0.138s] Level 5:colcon.colcon_core.verb:set package 'mir_description' build argument 'catkin_cmake_args' from command line to 'None'
[0.138s] Level 5:colcon.colcon_core.verb:set package 'mir_description' build argument 'catkin_skip_building_tests' from command line to 'False'
[0.138s] DEBUG:colcon.colcon_core.verb:Building package 'mir_description' with the following arguments: {'ament_cmake_args': None, 'build_base': '/home/administrator/Masterproject2/20_ROS/src/Robots/build/mir_description', 'catkin_cmake_args': None, 'catkin_skip_building_tests': False, 'cmake_args': None, 'cmake_clean_cache': False, 'cmake_clean_first': False, 'cmake_force_configure': False, 'cmake_target': None, 'cmake_target_skip_unavailable': False, 'install_base': '/home/administrator/Masterproject2/20_ROS/src/Robots/install/mir_description', 'merge_install': False, 'path': '/home/administrator/Masterproject2/20_ROS/src/Robots/MIR/mir_description', 'symlink_install': False, 'test_result_base': None}
[0.138s] Level 5:colcon.colcon_core.verb:set package 'mir_dwb_critics' build argument 'cmake_args' from command line to 'None'
[0.138s] Level 5:colcon.colcon_core.verb:set package 'mir_dwb_critics' build argument 'cmake_target' from command line to 'None'
[0.138s] Level 5:colcon.colcon_core.verb:set package 'mir_dwb_critics' build argument 'cmake_target_skip_unavailable' from command line to 'False'
[0.138s] Level 5:colcon.colcon_core.verb:set package 'mir_dwb_critics' build argument 'cmake_clean_cache' from command line to 'False'
[0.138s] Level 5:colcon.colcon_core.verb:set package 'mir_dwb_critics' build argument 'cmake_clean_first' from command line to 'False'
[0.138s] Level 5:colcon.colcon_core.verb:set package 'mir_dwb_critics' build argument 'cmake_force_configure' from command line to 'False'
[0.138s] Level 5:colcon.colcon_core.verb:set package 'mir_dwb_critics' build argument 'ament_cmake_args' from command line to 'None'
[0.138s] Level 5:colcon.colcon_core.verb:set package 'mir_dwb_critics' build argument 'catkin_cmake_args' from command line to 'None'
[0.138s] Level 5:colcon.colcon_core.verb:set package 'mir_dwb_critics' build argument 'catkin_skip_building_tests' from command line to 'False'
[0.138s] DEBUG:colcon.colcon_core.verb:Building package 'mir_dwb_critics' with the following arguments: {'ament_cmake_args': None, 'build_base': '/home/administrator/Masterproject2/20_ROS/src/Robots/build/mir_dwb_critics', 'catkin_cmake_args': None, 'catkin_skip_building_tests': False, 'cmake_args': None, 'cmake_clean_cache': False, 'cmake_clean_first': False, 'cmake_force_configure': False, 'cmake_target': None, 'cmake_target_skip_unavailable': False, 'install_base': '/home/administrator/Masterproject2/20_ROS/src/Robots/install/mir_dwb_critics', 'merge_install': False, 'path': '/home/administrator/Masterproject2/20_ROS/src/Robots/MIR/mir_dwb_critics', 'symlink_install': False, 'test_result_base': None}
[0.139s] Level 5:colcon.colcon_core.verb:set package 'mir_msgs' build argument 'cmake_args' from command line to 'None'
[0.139s] Level 5:colcon.colcon_core.verb:set package 'mir_msgs' build argument 'cmake_target' from command line to 'None'
[0.139s] Level 5:colcon.colcon_core.verb:set package 'mir_msgs' build argument 'cmake_target_skip_unavailable' from command line to 'False'
[0.139s] Level 5:colcon.colcon_core.verb:set package 'mir_msgs' build argument 'cmake_clean_cache' from command line to 'False'
[0.139s] Level 5:colcon.colcon_core.verb:set package 'mir_msgs' build argument 'cmake_clean_first' from command line to 'False'
[0.139s] Level 5:colcon.colcon_core.verb:set package 'mir_msgs' build argument 'cmake_force_configure' from command line to 'False'
[0.139s] Level 5:colcon.colcon_core.verb:set package 'mir_msgs' build argument 'ament_cmake_args' from command line to 'None'
[0.139s] Level 5:colcon.colcon_core.verb:set package 'mir_msgs' build argument 'catkin_cmake_args' from command line to 'None'
[0.139s] Level 5:colcon.colcon_core.verb:set package 'mir_msgs' build argument 'catkin_skip_building_tests' from command line to 'False'
[0.139s] DEBUG:colcon.colcon_core.verb:Building package 'mir_msgs' with the following arguments: {'ament_cmake_args': None, 'build_base': '/home/administrator/Masterproject2/20_ROS/src/Robots/build/mir_msgs', 'catkin_cmake_args': None, 'catkin_skip_building_tests': False, 'cmake_args': None, 'cmake_clean_cache': False, 'cmake_clean_first': False, 'cmake_force_configure': False, 'cmake_target': None, 'cmake_target_skip_unavailable': False, 'install_base': '/home/administrator/Masterproject2/20_ROS/src/Robots/install/mir_msgs', 'merge_install': False, 'path': '/home/administrator/Masterproject2/20_ROS/src/Robots/MIR/mir_msgs', 'symlink_install': False, 'test_result_base': None}
[0.139s] Level 5:colcon.colcon_core.verb:set package 'my_ur_msgs' build argument 'cmake_args' from command line to 'None'
[0.139s] Level 5:colcon.colcon_core.verb:set package 'my_ur_msgs' build argument 'cmake_target' from command line to 'None'
[0.139s] Level 5:colcon.colcon_core.verb:set package 'my_ur_msgs' build argument 'cmake_target_skip_unavailable' from command line to 'False'
[0.139s] Level 5:colcon.colcon_core.verb:set package 'my_ur_msgs' build argument 'cmake_clean_cache' from command line to 'False'
[0.139s] Level 5:colcon.colcon_core.verb:set package 'my_ur_msgs' build argument 'cmake_clean_first' from command line to 'False'
[0.139s] Level 5:colcon.colcon_core.verb:set package 'my_ur_msgs' build argument 'cmake_force_configure' from command line to 'False'
[0.139s] Level 5:colcon.colcon_core.verb:set package 'my_ur_msgs' build argument 'ament_cmake_args' from command line to 'None'
[0.139s] Level 5:colcon.colcon_core.verb:set package 'my_ur_msgs' build argument 'catkin_cmake_args' from command line to 'None'
[0.139s] Level 5:colcon.colcon_core.verb:set package 'my_ur_msgs' build argument 'catkin_skip_building_tests' from command line to 'False'
[0.139s] DEBUG:colcon.colcon_core.verb:Building package 'my_ur_msgs' with the following arguments: {'ament_cmake_args': None, 'build_base': '/home/administrator/Masterproject2/20_ROS/src/Robots/build/my_ur_msgs', 'catkin_cmake_args': None, 'catkin_skip_building_tests': False, 'cmake_args': None, 'cmake_clean_cache': False, 'cmake_clean_first': False, 'cmake_force_configure': False, 'cmake_target': None, 'cmake_target_skip_unavailable': False, 'install_base': '/home/administrator/Masterproject2/20_ROS/src/Robots/install/my_ur_msgs', 'merge_install': False, 'path': '/home/administrator/Masterproject2/20_ROS/src/Robots/UR_Driver/my_ur_msgs', 'symlink_install': False, 'test_result_base': None}
[0.139s] Level 5:colcon.colcon_core.verb:set package 'om_aiv_msg' build argument 'cmake_args' from command line to 'None'
[0.139s] Level 5:colcon.colcon_core.verb:set package 'om_aiv_msg' build argument 'cmake_target' from command line to 'None'
[0.139s] Level 5:colcon.colcon_core.verb:set package 'om_aiv_msg' build argument 'cmake_target_skip_unavailable' from command line to 'False'
[0.139s] Level 5:colcon.colcon_core.verb:set package 'om_aiv_msg' build argument 'cmake_clean_cache' from command line to 'False'
[0.139s] Level 5:colcon.colcon_core.verb:set package 'om_aiv_msg' build argument 'cmake_clean_first' from command line to 'False'
[0.139s] Level 5:colcon.colcon_core.verb:set package 'om_aiv_msg' build argument 'cmake_force_configure' from command line to 'False'
[0.139s] Level 5:colcon.colcon_core.verb:set package 'om_aiv_msg' build argument 'ament_cmake_args' from command line to 'None'
[0.139s] Level 5:colcon.colcon_core.verb:set package 'om_aiv_msg' build argument 'catkin_cmake_args' from command line to 'None'
[0.139s] Level 5:colcon.colcon_core.verb:set package 'om_aiv_msg' build argument 'catkin_skip_building_tests' from command line to 'False'
[0.139s] DEBUG:colcon.colcon_core.verb:Building package 'om_aiv_msg' with the following arguments: {'ament_cmake_args': None, 'build_base': '/home/administrator/Masterproject2/20_ROS/src/Robots/build/om_aiv_msg', 'catkin_cmake_args': None, 'catkin_skip_building_tests': False, 'cmake_args': None, 'cmake_clean_cache': False, 'cmake_clean_first': False, 'cmake_force_configure': False, 'cmake_target': None, 'cmake_target_skip_unavailable': False, 'install_base': '/home/administrator/Masterproject2/20_ROS/src/Robots/install/om_aiv_msg', 'merge_install': False, 'path': '/home/administrator/Masterproject2/20_ROS/src/Robots/Omron_AMR/src/om_aiv_msg', 'symlink_install': False, 'test_result_base': None}
[0.139s] Level 5:colcon.colcon_core.verb:set package 'om_aiv_navigation' build argument 'cmake_args' from command line to 'None'
[0.139s] Level 5:colcon.colcon_core.verb:set package 'om_aiv_navigation' build argument 'cmake_target' from command line to 'None'
[0.139s] Level 5:colcon.colcon_core.verb:set package 'om_aiv_navigation' build argument 'cmake_target_skip_unavailable' from command line to 'False'
[0.139s] Level 5:colcon.colcon_core.verb:set package 'om_aiv_navigation' build argument 'cmake_clean_cache' from command line to 'False'
[0.139s] Level 5:colcon.colcon_core.verb:set package 'om_aiv_navigation' build argument 'cmake_clean_first' from command line to 'False'
[0.139s] Level 5:colcon.colcon_core.verb:set package 'om_aiv_navigation' build argument 'cmake_force_configure' from command line to 'False'
[0.139s] Level 5:colcon.colcon_core.verb:set package 'om_aiv_navigation' build argument 'ament_cmake_args' from command line to 'None'
[0.139s] Level 5:colcon.colcon_core.verb:set package 'om_aiv_navigation' build argument 'catkin_cmake_args' from command line to 'None'
[0.139s] Level 5:colcon.colcon_core.verb:set package 'om_aiv_navigation' build argument 'catkin_skip_building_tests' from command line to 'False'
[0.139s] DEBUG:colcon.colcon_core.verb:Building package 'om_aiv_navigation' with the following arguments: {'ament_cmake_args': None, 'build_base': '/home/administrator/Masterproject2/20_ROS/src/Robots/build/om_aiv_navigation', 'catkin_cmake_args': None, 'catkin_skip_building_tests': False, 'cmake_args': None, 'cmake_clean_cache': False, 'cmake_clean_first': False, 'cmake_force_configure': False, 'cmake_target': None, 'cmake_target_skip_unavailable': False, 'install_base': '/home/administrator/Masterproject2/20_ROS/src/Robots/install/om_aiv_navigation', 'merge_install': False, 'path': '/home/administrator/Masterproject2/20_ROS/src/Robots/Omron_AMR/src/om_aiv_navigation', 'symlink_install': False, 'test_result_base': None}
[0.139s] Level 5:colcon.colcon_core.verb:set package 'sdc21x0' build argument 'cmake_args' from command line to 'None'
[0.139s] Level 5:colcon.colcon_core.verb:set package 'sdc21x0' build argument 'cmake_target' from command line to 'None'
[0.139s] Level 5:colcon.colcon_core.verb:set package 'sdc21x0' build argument 'cmake_target_skip_unavailable' from command line to 'False'
[0.139s] Level 5:colcon.colcon_core.verb:set package 'sdc21x0' build argument 'cmake_clean_cache' from command line to 'False'
[0.139s] Level 5:colcon.colcon_core.verb:set package 'sdc21x0' build argument 'cmake_clean_first' from command line to 'False'
[0.139s] Level 5:colcon.colcon_core.verb:set package 'sdc21x0' build argument 'cmake_force_configure' from command line to 'False'
[0.139s] Level 5:colcon.colcon_core.verb:set package 'sdc21x0' build argument 'ament_cmake_args' from command line to 'None'
[0.139s] Level 5:colcon.colcon_core.verb:set package 'sdc21x0' build argument 'catkin_cmake_args' from command line to 'None'
[0.139s] Level 5:colcon.colcon_core.verb:set package 'sdc21x0' build argument 'catkin_skip_building_tests' from command line to 'False'
[0.139s] DEBUG:colcon.colcon_core.verb:Building package 'sdc21x0' with the following arguments: {'ament_cmake_args': None, 'build_base': '/home/administrator/Masterproject2/20_ROS/src/Robots/build/sdc21x0', 'catkin_cmake_args': None, 'catkin_skip_building_tests': False, 'cmake_args': None, 'cmake_clean_cache': False, 'cmake_clean_first': False, 'cmake_force_configure': False, 'cmake_target': None, 'cmake_target_skip_unavailable': False, 'install_base': '/home/administrator/Masterproject2/20_ROS/src/Robots/install/sdc21x0', 'merge_install': False, 'path': '/home/administrator/Masterproject2/20_ROS/src/Robots/MIR/sdc21x0', 'symlink_install': False, 'test_result_base': None}
[0.139s] Level 5:colcon.colcon_core.verb:set package 'ur_client_library' build argument 'cmake_args' from command line to 'None'
[0.139s] Level 5:colcon.colcon_core.verb:set package 'ur_client_library' build argument 'cmake_target' from command line to 'None'
[0.139s] Level 5:colcon.colcon_core.verb:set package 'ur_client_library' build argument 'cmake_target_skip_unavailable' from command line to 'False'
[0.139s] Level 5:colcon.colcon_core.verb:set package 'ur_client_library' build argument 'cmake_clean_cache' from command line to 'False'
[0.139s] Level 5:colcon.colcon_core.verb:set package 'ur_client_library' build argument 'cmake_clean_first' from command line to 'False'
[0.139s] Level 5:colcon.colcon_core.verb:set package 'ur_client_library' build argument 'cmake_force_configure' from command line to 'False'
[0.139s] Level 5:colcon.colcon_core.verb:set package 'ur_client_library' build argument 'ament_cmake_args' from command line to 'None'
[0.139s] Level 5:colcon.colcon_core.verb:set package 'ur_client_library' build argument 'catkin_cmake_args' from command line to 'None'
[0.139s] Level 5:colcon.colcon_core.verb:set package 'ur_client_library' build argument 'catkin_skip_building_tests' from command line to 'False'
[0.139s] DEBUG:colcon.colcon_core.verb:Building package 'ur_client_library' with the following arguments: {'ament_cmake_args': None, 'build_base': '/home/administrator/Masterproject2/20_ROS/src/Robots/build/ur_client_library', 'catkin_cmake_args': None, 'catkin_skip_building_tests': False, 'cmake_args': None, 'cmake_clean_cache': False, 'cmake_clean_first': False, 'cmake_force_configure': False, 'cmake_target': None, 'cmake_target_skip_unavailable': False, 'install_base': '/home/administrator/Masterproject2/20_ROS/src/Robots/install/ur_client_library', 'merge_install': False, 'path': '/home/administrator/Masterproject2/20_ROS/src/Robots/UR_Driver/ClientLibrary', 'symlink_install': False, 'test_result_base': None}
[0.140s] Level 5:colcon.colcon_core.verb:set package 'ur_dashboard_msgs' build argument 'cmake_args' from command line to 'None'
[0.140s] Level 5:colcon.colcon_core.verb:set package 'ur_dashboard_msgs' build argument 'cmake_target' from command line to 'None'
[0.140s] Level 5:colcon.colcon_core.verb:set package 'ur_dashboard_msgs' build argument 'cmake_target_skip_unavailable' from command line to 'False'
[0.140s] Level 5:colcon.colcon_core.verb:set package 'ur_dashboard_msgs' build argument 'cmake_clean_cache' from command line to 'False'
[0.140s] Level 5:colcon.colcon_core.verb:set package 'ur_dashboard_msgs' build argument 'cmake_clean_first' from command line to 'False'
[0.140s] Level 5:colcon.colcon_core.verb:set package 'ur_dashboard_msgs' build argument 'cmake_force_configure' from command line to 'False'
[0.140s] Level 5:colcon.colcon_core.verb:set package 'ur_dashboard_msgs' build argument 'ament_cmake_args' from command line to 'None'
[0.140s] Level 5:colcon.colcon_core.verb:set package 'ur_dashboard_msgs' build argument 'catkin_cmake_args' from command line to 'None'
[0.140s] Level 5:colcon.colcon_core.verb:set package 'ur_dashboard_msgs' build argument 'catkin_skip_building_tests' from command line to 'False'
[0.140s] DEBUG:colcon.colcon_core.verb:Building package 'ur_dashboard_msgs' with the following arguments: {'ament_cmake_args': None, 'build_base': '/home/administrator/Masterproject2/20_ROS/src/Robots/build/ur_dashboard_msgs', 'catkin_cmake_args': None, 'catkin_skip_building_tests': False, 'cmake_args': None, 'cmake_clean_cache': False, 'cmake_clean_first': False, 'cmake_force_configure': False, 'cmake_target': None, 'cmake_target_skip_unavailable': False, 'install_base': '/home/administrator/Masterproject2/20_ROS/src/Robots/install/ur_dashboard_msgs', 'merge_install': False, 'path': '/home/administrator/Masterproject2/20_ROS/src/Robots/UR_Driver/ur_dashboard_msgs', 'symlink_install': False, 'test_result_base': None}
[0.140s] Level 5:colcon.colcon_core.verb:set package 'ur_description' build argument 'cmake_args' from command line to 'None'
[0.140s] Level 5:colcon.colcon_core.verb:set package 'ur_description' build argument 'cmake_target' from command line to 'None'
[0.140s] Level 5:colcon.colcon_core.verb:set package 'ur_description' build argument 'cmake_target_skip_unavailable' from command line to 'False'
[0.140s] Level 5:colcon.colcon_core.verb:set package 'ur_description' build argument 'cmake_clean_cache' from command line to 'False'
[0.140s] Level 5:colcon.colcon_core.verb:set package 'ur_description' build argument 'cmake_clean_first' from command line to 'False'
[0.140s] Level 5:colcon.colcon_core.verb:set package 'ur_description' build argument 'cmake_force_configure' from command line to 'False'
[0.140s] Level 5:colcon.colcon_core.verb:set package 'ur_description' build argument 'ament_cmake_args' from command line to 'None'
[0.140s] Level 5:colcon.colcon_core.verb:set package 'ur_description' build argument 'catkin_cmake_args' from command line to 'None'
[0.140s] Level 5:colcon.colcon_core.verb:set package 'ur_description' build argument 'catkin_skip_building_tests' from command line to 'False'
[0.140s] DEBUG:colcon.colcon_core.verb:Building package 'ur_description' with the following arguments: {'ament_cmake_args': None, 'build_base': '/home/administrator/Masterproject2/20_ROS/src/Robots/build/ur_description', 'catkin_cmake_args': None, 'catkin_skip_building_tests': False, 'cmake_args': None, 'cmake_clean_cache': False, 'cmake_clean_first': False, 'cmake_force_configure': False, 'cmake_target': None, 'cmake_target_skip_unavailable': False, 'install_base': '/home/administrator/Masterproject2/20_ROS/src/Robots/install/ur_description', 'merge_install': False, 'path': '/home/administrator/Masterproject2/20_ROS/src/Robots/UR_Description', 'symlink_install': False, 'test_result_base': None}
[0.140s] Level 5:colcon.colcon_core.verb:set package 'ur_msgs' build argument 'cmake_args' from command line to 'None'
[0.140s] Level 5:colcon.colcon_core.verb:set package 'ur_msgs' build argument 'cmake_target' from command line to 'None'
[0.140s] Level 5:colcon.colcon_core.verb:set package 'ur_msgs' build argument 'cmake_target_skip_unavailable' from command line to 'False'
[0.140s] Level 5:colcon.colcon_core.verb:set package 'ur_msgs' build argument 'cmake_clean_cache' from command line to 'False'
[0.140s] Level 5:colcon.colcon_core.verb:set package 'ur_msgs' build argument 'cmake_clean_first' from command line to 'False'
[0.140s] Level 5:colcon.colcon_core.verb:set package 'ur_msgs' build argument 'cmake_force_configure' from command line to 'False'
[0.140s] Level 5:colcon.colcon_core.verb:set package 'ur_msgs' build argument 'ament_cmake_args' from command line to 'None'
[0.140s] Level 5:colcon.colcon_core.verb:set package 'ur_msgs' build argument 'catkin_cmake_args' from command line to 'None'
[0.140s] Level 5:colcon.colcon_core.verb:set package 'ur_msgs' build argument 'catkin_skip_building_tests' from command line to 'False'
[0.140s] DEBUG:colcon.colcon_core.verb:Building package 'ur_msgs' with the following arguments: {'ament_cmake_args': None, 'build_base': '/home/administrator/Masterproject2/20_ROS/src/Robots/build/ur_msgs', 'catkin_cmake_args': None, 'catkin_skip_building_tests': False, 'cmake_args': None, 'cmake_clean_cache': False, 'cmake_clean_first': False, 'cmake_force_configure': False, 'cmake_target': None, 'cmake_target_skip_unavailable': False, 'install_base': '/home/administrator/Masterproject2/20_ROS/src/Robots/install/ur_msgs', 'merge_install': False, 'path': '/home/administrator/Masterproject2/20_ROS/src/Robots/UR_Driver/ur_msgs', 'symlink_install': False, 'test_result_base': None}
[0.140s] Level 5:colcon.colcon_core.verb:set package 'amr_visualisation' build argument 'cmake_args' from command line to 'None'
[0.140s] Level 5:colcon.colcon_core.verb:set package 'amr_visualisation' build argument 'cmake_target' from command line to 'None'
[0.140s] Level 5:colcon.colcon_core.verb:set package 'amr_visualisation' build argument 'cmake_target_skip_unavailable' from command line to 'False'
[0.140s] Level 5:colcon.colcon_core.verb:set package 'amr_visualisation' build argument 'cmake_clean_cache' from command line to 'False'
[0.140s] Level 5:colcon.colcon_core.verb:set package 'amr_visualisation' build argument 'cmake_clean_first' from command line to 'False'
[0.140s] Level 5:colcon.colcon_core.verb:set package 'amr_visualisation' build argument 'cmake_force_configure' from command line to 'False'
[0.140s] Level 5:colcon.colcon_core.verb:set package 'amr_visualisation' build argument 'ament_cmake_args' from command line to 'None'
[0.140s] Level 5:colcon.colcon_core.verb:set package 'amr_visualisation' build argument 'catkin_cmake_args' from command line to 'None'
[0.140s] Level 5:colcon.colcon_core.verb:set package 'amr_visualisation' build argument 'catkin_skip_building_tests' from command line to 'False'
[0.140s] DEBUG:colcon.colcon_core.verb:Building package 'amr_visualisation' with the following arguments: {'ament_cmake_args': None, 'build_base': '/home/administrator/Masterproject2/20_ROS/src/Robots/build/amr_visualisation', 'catkin_cmake_args': None, 'catkin_skip_building_tests': False, 'cmake_args': None, 'cmake_clean_cache': False, 'cmake_clean_first': False, 'cmake_force_configure': False, 'cmake_target': None, 'cmake_target_skip_unavailable': False, 'install_base': '/home/administrator/Masterproject2/20_ROS/src/Robots/install/amr_visualisation', 'merge_install': False, 'path': '/home/administrator/Masterproject2/20_ROS/src/Robots/Omron_AMR/src/amr_visualisation', 'symlink_install': False, 'test_result_base': None}
[0.140s] Level 5:colcon.colcon_core.verb:set package 'demo' build argument 'cmake_args' from command line to 'None'
[0.140s] Level 5:colcon.colcon_core.verb:set package 'demo' build argument 'cmake_target' from command line to 'None'
[0.140s] Level 5:colcon.colcon_core.verb:set package 'demo' build argument 'cmake_target_skip_unavailable' from command line to 'False'
[0.140s] Level 5:colcon.colcon_core.verb:set package 'demo' build argument 'cmake_clean_cache' from command line to 'False'
[0.140s] Level 5:colcon.colcon_core.verb:set package 'demo' build argument 'cmake_clean_first' from command line to 'False'
[0.140s] Level 5:colcon.colcon_core.verb:set package 'demo' build argument 'cmake_force_configure' from command line to 'False'
[0.140s] Level 5:colcon.colcon_core.verb:set package 'demo' build argument 'ament_cmake_args' from command line to 'None'
[0.140s] Level 5:colcon.colcon_core.verb:set package 'demo' build argument 'catkin_cmake_args' from command line to 'None'
[0.140s] Level 5:colcon.colcon_core.verb:set package 'demo' build argument 'catkin_skip_building_tests' from command line to 'False'
[0.140s] DEBUG:colcon.colcon_core.verb:Building package 'demo' with the following arguments: {'ament_cmake_args': None, 'build_base': '/home/administrator/Masterproject2/20_ROS/src/Robots/build/demo', 'catkin_cmake_args': None, 'catkin_skip_building_tests': False, 'cmake_args': None, 'cmake_clean_cache': False, 'cmake_clean_first': False, 'cmake_force_configure': False, 'cmake_target': None, 'cmake_target_skip_unavailable': False, 'install_base': '/home/administrator/Masterproject2/20_ROS/src/Robots/install/demo', 'merge_install': False, 'path': '/home/administrator/Masterproject2/20_ROS/src/Robots/Omron_AMR/src/demo', 'symlink_install': False, 'test_result_base': None}
[0.140s] Level 5:colcon.colcon_core.verb:set package 'meca500_bringup' build argument 'cmake_args' from command line to 'None'
[0.141s] Level 5:colcon.colcon_core.verb:set package 'meca500_bringup' build argument 'cmake_target' from command line to 'None'
[0.141s] Level 5:colcon.colcon_core.verb:set package 'meca500_bringup' build argument 'cmake_target_skip_unavailable' from command line to 'False'
[0.141s] Level 5:colcon.colcon_core.verb:set package 'meca500_bringup' build argument 'cmake_clean_cache' from command line to 'False'
[0.141s] Level 5:colcon.colcon_core.verb:set package 'meca500_bringup' build argument 'cmake_clean_first' from command line to 'False'
[0.141s] Level 5:colcon.colcon_core.verb:set package 'meca500_bringup' build argument 'cmake_force_configure' from command line to 'False'
[0.141s] Level 5:colcon.colcon_core.verb:set package 'meca500_bringup' build argument 'ament_cmake_args' from command line to 'None'
[0.141s] Level 5:colcon.colcon_core.verb:set package 'meca500_bringup' build argument 'catkin_cmake_args' from command line to 'None'
[0.141s] Level 5:colcon.colcon_core.verb:set package 'meca500_bringup' build argument 'catkin_skip_building_tests' from command line to 'False'
[0.141s] DEBUG:colcon.colcon_core.verb:Building package 'meca500_bringup' with the following arguments: {'ament_cmake_args': None, 'build_base': '/home/administrator/Masterproject2/20_ROS/src/Robots/build/meca500_bringup', 'catkin_cmake_args': None, 'catkin_skip_building_tests': False, 'cmake_args': None, 'cmake_clean_cache': False, 'cmake_clean_first': False, 'cmake_force_configure': False, 'cmake_target': None, 'cmake_target_skip_unavailable': False, 'install_base': '/home/administrator/Masterproject2/20_ROS/src/Robots/install/meca500_bringup', 'merge_install': False, 'path': '/home/administrator/Masterproject2/20_ROS/src/Robots/Mecademic/meca500_bringup', 'symlink_install': False, 'test_result_base': None}
[0.141s] Level 5:colcon.colcon_core.verb:set package 'mir_driver' build argument 'cmake_args' from command line to 'None'
[0.141s] Level 5:colcon.colcon_core.verb:set package 'mir_driver' build argument 'cmake_target' from command line to 'None'
[0.141s] Level 5:colcon.colcon_core.verb:set package 'mir_driver' build argument 'cmake_target_skip_unavailable' from command line to 'False'
[0.141s] Level 5:colcon.colcon_core.verb:set package 'mir_driver' build argument 'cmake_clean_cache' from command line to 'False'
[0.141s] Level 5:colcon.colcon_core.verb:set package 'mir_driver' build argument 'cmake_clean_first' from command line to 'False'
[0.141s] Level 5:colcon.colcon_core.verb:set package 'mir_driver' build argument 'cmake_force_configure' from command line to 'False'
[0.141s] Level 5:colcon.colcon_core.verb:set package 'mir_driver' build argument 'ament_cmake_args' from command line to 'None'
[0.141s] Level 5:colcon.colcon_core.verb:set package 'mir_driver' build argument 'catkin_cmake_args' from command line to 'None'
[0.141s] Level 5:colcon.colcon_core.verb:set package 'mir_driver' build argument 'catkin_skip_building_tests' from command line to 'False'
[0.141s] DEBUG:colcon.colcon_core.verb:Building package 'mir_driver' with the following arguments: {'ament_cmake_args': None, 'build_base': '/home/administrator/Masterproject2/20_ROS/src/Robots/build/mir_driver', 'catkin_cmake_args': None, 'catkin_skip_building_tests': False, 'cmake_args': None, 'cmake_clean_cache': False, 'cmake_clean_first': False, 'cmake_force_configure': False, 'cmake_target': None, 'cmake_target_skip_unavailable': False, 'install_base': '/home/administrator/Masterproject2/20_ROS/src/Robots/install/mir_driver', 'merge_install': False, 'path': '/home/administrator/Masterproject2/20_ROS/src/Robots/MIR/mir_driver', 'symlink_install': False, 'test_result_base': None}
[0.141s] Level 5:colcon.colcon_core.verb:set package 'om_aiv_util' build argument 'cmake_args' from command line to 'None'
[0.141s] Level 5:colcon.colcon_core.verb:set package 'om_aiv_util' build argument 'cmake_target' from command line to 'None'
[0.141s] Level 5:colcon.colcon_core.verb:set package 'om_aiv_util' build argument 'cmake_target_skip_unavailable' from command line to 'False'
[0.141s] Level 5:colcon.colcon_core.verb:set package 'om_aiv_util' build argument 'cmake_clean_cache' from command line to 'False'
[0.141s] Level 5:colcon.colcon_core.verb:set package 'om_aiv_util' build argument 'cmake_clean_first' from command line to 'False'
[0.141s] Level 5:colcon.colcon_core.verb:set package 'om_aiv_util' build argument 'cmake_force_configure' from command line to 'False'
[0.141s] Level 5:colcon.colcon_core.verb:set package 'om_aiv_util' build argument 'ament_cmake_args' from command line to 'None'
[0.141s] Level 5:colcon.colcon_core.verb:set package 'om_aiv_util' build argument 'catkin_cmake_args' from command line to 'None'
[0.141s] Level 5:colcon.colcon_core.verb:set package 'om_aiv_util' build argument 'catkin_skip_building_tests' from command line to 'False'
[0.141s] DEBUG:colcon.colcon_core.verb:Building package 'om_aiv_util' with the following arguments: {'ament_cmake_args': None, 'build_base': '/home/administrator/Masterproject2/20_ROS/src/Robots/build/om_aiv_util', 'catkin_cmake_args': None, 'catkin_skip_building_tests': False, 'cmake_args': None, 'cmake_clean_cache': False, 'cmake_clean_first': False, 'cmake_force_configure': False, 'cmake_target': None, 'cmake_target_skip_unavailable': False, 'install_base': '/home/administrator/Masterproject2/20_ROS/src/Robots/install/om_aiv_util', 'merge_install': False, 'path': '/home/administrator/Masterproject2/20_ROS/src/Robots/Omron_AMR/src/om_aiv_util', 'symlink_install': False, 'test_result_base': None}
[0.141s] Level 5:colcon.colcon_core.verb:set package 'ur_controllers' build argument 'cmake_args' from command line to 'None'
[0.141s] Level 5:colcon.colcon_core.verb:set package 'ur_controllers' build argument 'cmake_target' from command line to 'None'
[0.141s] Level 5:colcon.colcon_core.verb:set package 'ur_controllers' build argument 'cmake_target_skip_unavailable' from command line to 'False'
[0.141s] Level 5:colcon.colcon_core.verb:set package 'ur_controllers' build argument 'cmake_clean_cache' from command line to 'False'
[0.141s] Level 5:colcon.colcon_core.verb:set package 'ur_controllers' build argument 'cmake_clean_first' from command line to 'False'
[0.141s] Level 5:colcon.colcon_core.verb:set package 'ur_controllers' build argument 'cmake_force_configure' from command line to 'False'
[0.141s] Level 5:colcon.colcon_core.verb:set package 'ur_controllers' build argument 'ament_cmake_args' from command line to 'None'
[0.141s] Level 5:colcon.colcon_core.verb:set package 'ur_controllers' build argument 'catkin_cmake_args' from command line to 'None'
[0.141s] Level 5:colcon.colcon_core.verb:set package 'ur_controllers' build argument 'catkin_skip_building_tests' from command line to 'False'
[0.141s] DEBUG:colcon.colcon_core.verb:Building package 'ur_controllers' with the following arguments: {'ament_cmake_args': None, 'build_base': '/home/administrator/Masterproject2/20_ROS/src/Robots/build/ur_controllers', 'catkin_cmake_args': None, 'catkin_skip_building_tests': False, 'cmake_args': None, 'cmake_clean_cache': False, 'cmake_clean_first': False, 'cmake_force_configure': False, 'cmake_target': None, 'cmake_target_skip_unavailable': False, 'install_base': '/home/administrator/Masterproject2/20_ROS/src/Robots/install/ur_controllers', 'merge_install': False, 'path': '/home/administrator/Masterproject2/20_ROS/src/Robots/UR_Driver/ur_controllers', 'symlink_install': False, 'test_result_base': None}
[0.141s] Level 5:colcon.colcon_core.verb:set package 'ur_moveit_config' build argument 'cmake_args' from command line to 'None'
[0.141s] Level 5:colcon.colcon_core.verb:set package 'ur_moveit_config' build argument 'cmake_target' from command line to 'None'
[0.141s] Level 5:colcon.colcon_core.verb:set package 'ur_moveit_config' build argument 'cmake_target_skip_unavailable' from command line to 'False'
[0.141s] Level 5:colcon.colcon_core.verb:set package 'ur_moveit_config' build argument 'cmake_clean_cache' from command line to 'False'
[0.141s] Level 5:colcon.colcon_core.verb:set package 'ur_moveit_config' build argument 'cmake_clean_first' from command line to 'False'
[0.141s] Level 5:colcon.colcon_core.verb:set package 'ur_moveit_config' build argument 'cmake_force_configure' from command line to 'False'
[0.141s] Level 5:colcon.colcon_core.verb:set package 'ur_moveit_config' build argument 'ament_cmake_args' from command line to 'None'
[0.141s] Level 5:colcon.colcon_core.verb:set package 'ur_moveit_config' build argument 'catkin_cmake_args' from command line to 'None'
[0.141s] Level 5:colcon.colcon_core.verb:set package 'ur_moveit_config' build argument 'catkin_skip_building_tests' from command line to 'False'
[0.141s] DEBUG:colcon.colcon_core.verb:Building package 'ur_moveit_config' with the following arguments: {'ament_cmake_args': None, 'build_base': '/home/administrator/Masterproject2/20_ROS/src/Robots/build/ur_moveit_config', 'catkin_cmake_args': None, 'catkin_skip_building_tests': False, 'cmake_args': None, 'cmake_clean_cache': False, 'cmake_clean_first': False, 'cmake_force_configure': False, 'cmake_target': None, 'cmake_target_skip_unavailable': False, 'install_base': '/home/administrator/Masterproject2/20_ROS/src/Robots/install/ur_moveit_config', 'merge_install': False, 'path': '/home/administrator/Masterproject2/20_ROS/src/Robots/UR_Driver/ur_moveit_config', 'symlink_install': False, 'test_result_base': None}
[0.141s] Level 5:colcon.colcon_core.verb:set package 'mir_gazebo' build argument 'cmake_args' from command line to 'None'
[0.141s] Level 5:colcon.colcon_core.verb:set package 'mir_gazebo' build argument 'cmake_target' from command line to 'None'
[0.141s] Level 5:colcon.colcon_core.verb:set package 'mir_gazebo' build argument 'cmake_target_skip_unavailable' from command line to 'False'
[0.141s] Level 5:colcon.colcon_core.verb:set package 'mir_gazebo' build argument 'cmake_clean_cache' from command line to 'False'
[0.141s] Level 5:colcon.colcon_core.verb:set package 'mir_gazebo' build argument 'cmake_clean_first' from command line to 'False'
[0.141s] Level 5:colcon.colcon_core.verb:set package 'mir_gazebo' build argument 'cmake_force_configure' from command line to 'False'
[0.141s] Level 5:colcon.colcon_core.verb:set package 'mir_gazebo' build argument 'ament_cmake_args' from command line to 'None'
[0.141s] Level 5:colcon.colcon_core.verb:set package 'mir_gazebo' build argument 'catkin_cmake_args' from command line to 'None'
[0.141s] Level 5:colcon.colcon_core.verb:set package 'mir_gazebo' build argument 'catkin_skip_building_tests' from command line to 'False'
[0.141s] DEBUG:colcon.colcon_core.verb:Building package 'mir_gazebo' with the following arguments: {'ament_cmake_args': None, 'build_base': '/home/administrator/Masterproject2/20_ROS/src/Robots/build/mir_gazebo', 'catkin_cmake_args': None, 'catkin_skip_building_tests': False, 'cmake_args': None, 'cmake_clean_cache': False, 'cmake_clean_first': False, 'cmake_force_configure': False, 'cmake_target': None, 'cmake_target_skip_unavailable': False, 'install_base': '/home/administrator/Masterproject2/20_ROS/src/Robots/install/mir_gazebo', 'merge_install': False, 'path': '/home/administrator/Masterproject2/20_ROS/src/Robots/MIR/mir_gazebo', 'symlink_install': False, 'test_result_base': None}
[0.142s] Level 5:colcon.colcon_core.verb:set package 'ur_robot_driver' build argument 'cmake_args' from command line to 'None'
[0.142s] Level 5:colcon.colcon_core.verb:set package 'ur_robot_driver' build argument 'cmake_target' from command line to 'None'
[0.142s] Level 5:colcon.colcon_core.verb:set package 'ur_robot_driver' build argument 'cmake_target_skip_unavailable' from command line to 'False'
[0.142s] Level 5:colcon.colcon_core.verb:set package 'ur_robot_driver' build argument 'cmake_clean_cache' from command line to 'False'
[0.142s] Level 5:colcon.colcon_core.verb:set package 'ur_robot_driver' build argument 'cmake_clean_first' from command line to 'False'
[0.142s] Level 5:colcon.colcon_core.verb:set package 'ur_robot_driver' build argument 'cmake_force_configure' from command line to 'False'
[0.142s] Level 5:colcon.colcon_core.verb:set package 'ur_robot_driver' build argument 'ament_cmake_args' from command line to 'None'
[0.142s] Level 5:colcon.colcon_core.verb:set package 'ur_robot_driver' build argument 'catkin_cmake_args' from command line to 'None'
[0.142s] Level 5:colcon.colcon_core.verb:set package 'ur_robot_driver' build argument 'catkin_skip_building_tests' from command line to 'False'
[0.142s] DEBUG:colcon.colcon_core.verb:Building package 'ur_robot_driver' with the following arguments: {'ament_cmake_args': None, 'build_base': '/home/administrator/Masterproject2/20_ROS/src/Robots/build/ur_robot_driver', 'catkin_cmake_args': None, 'catkin_skip_building_tests': False, 'cmake_args': None, 'cmake_clean_cache': False, 'cmake_clean_first': False, 'cmake_force_configure': False, 'cmake_target': None, 'cmake_target_skip_unavailable': False, 'install_base': '/home/administrator/Masterproject2/20_ROS/src/Robots/install/ur_robot_driver', 'merge_install': False, 'path': '/home/administrator/Masterproject2/20_ROS/src/Robots/UR_Driver/ur_robot_driver', 'symlink_install': False, 'test_result_base': None}
[0.142s] Level 5:colcon.colcon_core.verb:set package 'mir_navigation' build argument 'cmake_args' from command line to 'None'
[0.142s] Level 5:colcon.colcon_core.verb:set package 'mir_navigation' build argument 'cmake_target' from command line to 'None'
[0.142s] Level 5:colcon.colcon_core.verb:set package 'mir_navigation' build argument 'cmake_target_skip_unavailable' from command line to 'False'
[0.142s] Level 5:colcon.colcon_core.verb:set package 'mir_navigation' build argument 'cmake_clean_cache' from command line to 'False'
[0.142s] Level 5:colcon.colcon_core.verb:set package 'mir_navigation' build argument 'cmake_clean_first' from command line to 'False'
[0.142s] Level 5:colcon.colcon_core.verb:set package 'mir_navigation' build argument 'cmake_force_configure' from command line to 'False'
[0.142s] Level 5:colcon.colcon_core.verb:set package 'mir_navigation' build argument 'ament_cmake_args' from command line to 'None'
[0.142s] Level 5:colcon.colcon_core.verb:set package 'mir_navigation' build argument 'catkin_cmake_args' from command line to 'None'
[0.142s] Level 5:colcon.colcon_core.verb:set package 'mir_navigation' build argument 'catkin_skip_building_tests' from command line to 'False'
[0.142s] DEBUG:colcon.colcon_core.verb:Building package 'mir_navigation' with the following arguments: {'ament_cmake_args': None, 'build_base': '/home/administrator/Masterproject2/20_ROS/src/Robots/build/mir_navigation', 'catkin_cmake_args': None, 'catkin_skip_building_tests': False, 'cmake_args': None, 'cmake_clean_cache': False, 'cmake_clean_first': False, 'cmake_force_configure': False, 'cmake_target': None, 'cmake_target_skip_unavailable': False, 'install_base': '/home/administrator/Masterproject2/20_ROS/src/Robots/install/mir_navigation', 'merge_install': False, 'path': '/home/administrator/Masterproject2/20_ROS/src/Robots/MIR/mir_navigation', 'symlink_install': False, 'test_result_base': None}
[0.142s] Level 5:colcon.colcon_core.verb:set package 'ur_calibration' build argument 'cmake_args' from command line to 'None'
[0.142s] Level 5:colcon.colcon_core.verb:set package 'ur_calibration' build argument 'cmake_target' from command line to 'None'
[0.142s] Level 5:colcon.colcon_core.verb:set package 'ur_calibration' build argument 'cmake_target_skip_unavailable' from command line to 'False'
[0.142s] Level 5:colcon.colcon_core.verb:set package 'ur_calibration' build argument 'cmake_clean_cache' from command line to 'False'
[0.142s] Level 5:colcon.colcon_core.verb:set package 'ur_calibration' build argument 'cmake_clean_first' from command line to 'False'
[0.142s] Level 5:colcon.colcon_core.verb:set package 'ur_calibration' build argument 'cmake_force_configure' from command line to 'False'
[0.142s] Level 5:colcon.colcon_core.verb:set package 'ur_calibration' build argument 'ament_cmake_args' from command line to 'None'
[0.142s] Level 5:colcon.colcon_core.verb:set package 'ur_calibration' build argument 'catkin_cmake_args' from command line to 'None'
[0.142s] Level 5:colcon.colcon_core.verb:set package 'ur_calibration' build argument 'catkin_skip_building_tests' from command line to 'False'
[0.142s] DEBUG:colcon.colcon_core.verb:Building package 'ur_calibration' with the following arguments: {'ament_cmake_args': None, 'build_base': '/home/administrator/Masterproject2/20_ROS/src/Robots/build/ur_calibration', 'catkin_cmake_args': None, 'catkin_skip_building_tests': False, 'cmake_args': None, 'cmake_clean_cache': False, 'cmake_clean_first': False, 'cmake_force_configure': False, 'cmake_target': None, 'cmake_target_skip_unavailable': False, 'install_base': '/home/administrator/Masterproject2/20_ROS/src/Robots/install/ur_calibration', 'merge_install': False, 'path': '/home/administrator/Masterproject2/20_ROS/src/Robots/UR_Driver/ur_calibration', 'symlink_install': False, 'test_result_base': None}
[0.142s] Level 5:colcon.colcon_core.verb:set package 'mir_robot' build argument 'cmake_args' from command line to 'None'
[0.142s] Level 5:colcon.colcon_core.verb:set package 'mir_robot' build argument 'cmake_target' from command line to 'None'
[0.142s] Level 5:colcon.colcon_core.verb:set package 'mir_robot' build argument 'cmake_target_skip_unavailable' from command line to 'False'
[0.142s] Level 5:colcon.colcon_core.verb:set package 'mir_robot' build argument 'cmake_clean_cache' from command line to 'False'
[0.142s] Level 5:colcon.colcon_core.verb:set package 'mir_robot' build argument 'cmake_clean_first' from command line to 'False'
[0.142s] Level 5:colcon.colcon_core.verb:set package 'mir_robot' build argument 'cmake_force_configure' from command line to 'False'
[0.142s] Level 5:colcon.colcon_core.verb:set package 'mir_robot' build argument 'ament_cmake_args' from command line to 'None'
[0.142s] Level 5:colcon.colcon_core.verb:set package 'mir_robot' build argument 'catkin_cmake_args' from command line to 'None'
[0.142s] Level 5:colcon.colcon_core.verb:set package 'mir_robot' build argument 'catkin_skip_building_tests' from command line to 'False'
[0.142s] DEBUG:colcon.colcon_core.verb:Building package 'mir_robot' with the following arguments: {'ament_cmake_args': None, 'build_base': '/home/administrator/Masterproject2/20_ROS/src/Robots/build/mir_robot', 'catkin_cmake_args': None, 'catkin_skip_building_tests': False, 'cmake_args': None, 'cmake_clean_cache': False, 'cmake_clean_first': False, 'cmake_force_configure': False, 'cmake_target': None, 'cmake_target_skip_unavailable': False, 'install_base': '/home/administrator/Masterproject2/20_ROS/src/Robots/install/mir_robot', 'merge_install': False, 'path': '/home/administrator/Masterproject2/20_ROS/src/Robots/MIR/mir_robot', 'symlink_install': False, 'test_result_base': None}
[0.142s] Level 5:colcon.colcon_core.verb:set package 'ur' build argument 'cmake_args' from command line to 'None'
[0.142s] Level 5:colcon.colcon_core.verb:set package 'ur' build argument 'cmake_target' from command line to 'None'
[0.142s] Level 5:colcon.colcon_core.verb:set package 'ur' build argument 'cmake_target_skip_unavailable' from command line to 'False'
[0.142s] Level 5:colcon.colcon_core.verb:set package 'ur' build argument 'cmake_clean_cache' from command line to 'False'
[0.142s] Level 5:colcon.colcon_core.verb:set package 'ur' build argument 'cmake_clean_first' from command line to 'False'
[0.142s] Level 5:colcon.colcon_core.verb:set package 'ur' build argument 'cmake_force_configure' from command line to 'False'
[0.142s] Level 5:colcon.colcon_core.verb:set package 'ur' build argument 'ament_cmake_args' from command line to 'None'
[0.142s] Level 5:colcon.colcon_core.verb:set package 'ur' build argument 'catkin_cmake_args' from command line to 'None'
[0.142s] Level 5:colcon.colcon_core.verb:set package 'ur' build argument 'catkin_skip_building_tests' from command line to 'False'
[0.142s] DEBUG:colcon.colcon_core.verb:Building package 'ur' with the following arguments: {'ament_cmake_args': None, 'build_base': '/home/administrator/Masterproject2/20_ROS/src/Robots/build/ur', 'catkin_cmake_args': None, 'catkin_skip_building_tests': False, 'cmake_args': None, 'cmake_clean_cache': False, 'cmake_clean_first': False, 'cmake_force_configure': False, 'cmake_target': None, 'cmake_target_skip_unavailable': False, 'install_base': '/home/administrator/Masterproject2/20_ROS/src/Robots/install/ur', 'merge_install': False, 'path': '/home/administrator/Masterproject2/20_ROS/src/Robots/UR_Driver/ur', 'symlink_install': False, 'test_result_base': None}
[0.142s] INFO:colcon.colcon_core.executor:Executing jobs using 'parallel' executor
[0.149s] DEBUG:colcon.colcon_parallel_executor.executor.parallel:run_until_complete
[0.150s] INFO:colcon.colcon_ros.task.ament_cmake.build:Building ROS package in '/home/administrator/Masterproject2/20_ROS/src/Robots/MIR/mir_actions' with build type 'ament_cmake'
[0.150s] INFO:colcon.colcon_cmake.task.cmake.build:Building CMake package in '/home/administrator/Masterproject2/20_ROS/src/Robots/MIR/mir_actions'
[0.151s] INFO:colcon.colcon_core.plugin_system:Skipping extension 'colcon_core.shell.bat': Not used on non-Windows systems
[0.151s] INFO:colcon.colcon_core.shell:Skip shell extension 'powershell' for command environment: Not usable outside of PowerShell
[0.151s] DEBUG:colcon.colcon_core.shell:Skip shell extension 'dsv' for command environment
[0.153s] INFO:colcon.colcon_ros.task.ament_cmake.build:Building ROS package in '/home/administrator/Masterproject2/20_ROS/src/Robots/MIR/mir_description' with build type 'ament_cmake'
[0.153s] INFO:colcon.colcon_cmake.task.cmake.build:Building CMake package in '/home/administrator/Masterproject2/20_ROS/src/Robots/MIR/mir_description'
[0.153s] INFO:colcon.colcon_core.shell:Skip shell extension 'powershell' for command environment: Not usable outside of PowerShell
[0.153s] DEBUG:colcon.colcon_core.shell:Skip shell extension 'dsv' for command environment
[0.154s] INFO:colcon.colcon_ros.task.ament_cmake.build:Building ROS package in '/home/administrator/Masterproject2/20_ROS/src/Robots/MIR/mir_msgs' with build type 'ament_cmake'
[0.155s] INFO:colcon.colcon_cmake.task.cmake.build:Building CMake package in '/home/administrator/Masterproject2/20_ROS/src/Robots/MIR/mir_msgs'
[0.155s] INFO:colcon.colcon_core.shell:Skip shell extension 'powershell' for command environment: Not usable outside of PowerShell
[0.155s] DEBUG:colcon.colcon_core.shell:Skip shell extension 'dsv' for command environment
[0.156s] INFO:colcon.colcon_ros.task.ament_cmake.build:Building ROS package in '/home/administrator/Masterproject2/20_ROS/src/Robots/UR_Driver/my_ur_msgs' with build type 'ament_cmake'
[0.156s] INFO:colcon.colcon_cmake.task.cmake.build:Building CMake package in '/home/administrator/Masterproject2/20_ROS/src/Robots/UR_Driver/my_ur_msgs'
[0.156s] INFO:colcon.colcon_core.shell:Skip shell extension 'powershell' for command environment: Not usable outside of PowerShell
[0.156s] DEBUG:colcon.colcon_core.shell:Skip shell extension 'dsv' for command environment
[0.157s] INFO:colcon.colcon_ros.task.ament_cmake.build:Building ROS package in '/home/administrator/Masterproject2/20_ROS/src/Robots/UR_Driver/ur_dashboard_msgs' with build type 'ament_cmake'
[0.157s] INFO:colcon.colcon_cmake.task.cmake.build:Building CMake package in '/home/administrator/Masterproject2/20_ROS/src/Robots/UR_Driver/ur_dashboard_msgs'
[0.157s] INFO:colcon.colcon_core.shell:Skip shell extension 'powershell' for command environment: Not usable outside of PowerShell
[0.157s] DEBUG:colcon.colcon_core.shell:Skip shell extension 'dsv' for command environment
[0.159s] INFO:colcon.colcon_ros.task.ament_cmake.build:Building ROS package in '/home/administrator/Masterproject2/20_ROS/src/Robots/UR_Description' with build type 'ament_cmake'
[0.159s] INFO:colcon.colcon_cmake.task.cmake.build:Building CMake package in '/home/administrator/Masterproject2/20_ROS/src/Robots/UR_Description'
[0.159s] INFO:colcon.colcon_core.shell:Skip shell extension 'powershell' for command environment: Not usable outside of PowerShell
[0.159s] DEBUG:colcon.colcon_core.shell:Skip shell extension 'dsv' for command environment
[0.160s] INFO:colcon.colcon_ros.task.ament_cmake.build:Building ROS package in '/home/administrator/Masterproject2/20_ROS/src/Robots/UR_Driver/ur_msgs' with build type 'ament_cmake'
[0.160s] INFO:colcon.colcon_cmake.task.cmake.build:Building CMake package in '/home/administrator/Masterproject2/20_ROS/src/Robots/UR_Driver/ur_msgs'
[0.160s] INFO:colcon.colcon_core.shell:Skip shell extension 'powershell' for command environment: Not usable outside of PowerShell
[0.160s] DEBUG:colcon.colcon_core.shell:Skip shell extension 'dsv' for command environment
[0.162s] INFO:colcon.colcon_ros.task.ament_cmake.build:Building ROS package in '/home/administrator/Masterproject2/20_ROS/src/Robots/Omron_AMR/src/om_aiv_msg' with build type 'ament_cmake'
[0.162s] INFO:colcon.colcon_cmake.task.cmake.build:Building CMake package in '/home/administrator/Masterproject2/20_ROS/src/Robots/Omron_AMR/src/om_aiv_msg'
[0.162s] INFO:colcon.colcon_core.shell:Skip shell extension 'powershell' for command environment: Not usable outside of PowerShell
[0.162s] DEBUG:colcon.colcon_core.shell:Skip shell extension 'dsv' for command environment
[0.163s] INFO:colcon.colcon_ros.task.cmake.build:Building ROS package in '/home/administrator/Masterproject2/20_ROS/src/Robots/UR_Driver/ClientLibrary' with build type 'cmake'
[0.163s] INFO:colcon.colcon_cmake.task.cmake.build:Building CMake package in '/home/administrator/Masterproject2/20_ROS/src/Robots/UR_Driver/ClientLibrary'
[0.163s] INFO:colcon.colcon_core.shell:Skip shell extension 'powershell' for command environment: Not usable outside of PowerShell
[0.163s] DEBUG:colcon.colcon_core.shell:Skip shell extension 'dsv' for command environment
[0.165s] INFO:colcon.colcon_ros.task.ament_cmake.build:Building ROS package in '/home/administrator/Masterproject2/20_ROS/src/Robots/MIR/mir_dwb_critics' with build type 'ament_cmake'
[0.165s] INFO:colcon.colcon_cmake.task.cmake.build:Building CMake package in '/home/administrator/Masterproject2/20_ROS/src/Robots/MIR/mir_dwb_critics'
[0.165s] INFO:colcon.colcon_core.shell:Skip shell extension 'powershell' for command environment: Not usable outside of PowerShell
[0.165s] DEBUG:colcon.colcon_core.shell:Skip shell extension 'dsv' for command environment
[0.173s] INFO:colcon.colcon_ros.task.ament_cmake.build:Building ROS package in '/home/administrator/Masterproject2/20_ROS/src/Robots/Mecademic/meca500_description' with build type 'ament_cmake'
[0.173s] INFO:colcon.colcon_cmake.task.cmake.build:Building CMake package in '/home/administrator/Masterproject2/20_ROS/src/Robots/Mecademic/meca500_description'
[0.173s] INFO:colcon.colcon_core.shell:Skip shell extension 'powershell' for command environment: Not usable outside of PowerShell
[0.173s] DEBUG:colcon.colcon_core.shell:Skip shell extension 'dsv' for command environment
[0.174s] INFO:colcon.colcon_ros.task.ament_cmake.build:Building ROS package in '/home/administrator/Masterproject2/20_ROS/src/Robots/Mecademic/meca500_hardware' with build type 'ament_cmake'
[0.175s] INFO:colcon.colcon_cmake.task.cmake.build:Building CMake package in '/home/administrator/Masterproject2/20_ROS/src/Robots/Mecademic/meca500_hardware'
[0.175s] INFO:colcon.colcon_core.shell:Skip shell extension 'powershell' for command environment: Not usable outside of PowerShell
[0.175s] DEBUG:colcon.colcon_core.shell:Skip shell extension 'dsv' for command environment
[0.176s] INFO:colcon.colcon_ros.task.ament_cmake.build:Building ROS package in '/home/administrator/Masterproject2/20_ROS/src/Robots/MIR/sdc21x0' with build type 'ament_cmake'
[0.176s] INFO:colcon.colcon_cmake.task.cmake.build:Building CMake package in '/home/administrator/Masterproject2/20_ROS/src/Robots/MIR/sdc21x0'
[0.176s] INFO:colcon.colcon_core.shell:Skip shell extension 'powershell' for command environment: Not usable outside of PowerShell
[0.176s] DEBUG:colcon.colcon_core.shell:Skip shell extension 'dsv' for command environment
[0.177s] INFO:colcon.colcon_ros.task.ament_cmake.build:Building ROS package in '/home/administrator/Masterproject2/20_ROS/src/Robots/Mecademic/meca500_moveit_config' with build type 'ament_cmake'
[0.177s] INFO:colcon.colcon_cmake.task.cmake.build:Building CMake package in '/home/administrator/Masterproject2/20_ROS/src/Robots/Mecademic/meca500_moveit_config'
[0.177s] INFO:colcon.colcon_core.shell:Skip shell extension 'powershell' for command environment: Not usable outside of PowerShell
[0.177s] DEBUG:colcon.colcon_core.shell:Skip shell extension 'dsv' for command environment
[0.181s] DEBUG:colcon.colcon_core.event_handler.log_command:Invoking command in '/home/administrator/Masterproject2/20_ROS/src/Robots/build/mir_actions': CMAKE_PREFIX_PATH=${CMAKE_PREFIX_PATH}:/opt/ros/kilted DEBUGINFOD_URLS=https://debuginfod.ubuntu.com /usr/bin/cmake --build /home/administrator/Masterproject2/20_ROS/src/Robots/build/mir_actions -- -j14 -l14
[0.183s] DEBUG:colcon.colcon_core.event_handler.log_command:Invoking command in '/home/administrator/Masterproject2/20_ROS/src/Robots/build/mir_description': CMAKE_PREFIX_PATH=${CMAKE_PREFIX_PATH}:/opt/ros/kilted DEBUGINFOD_URLS=https://debuginfod.ubuntu.com /usr/bin/cmake --build /home/administrator/Masterproject2/20_ROS/src/Robots/build/mir_description -- -j14 -l14
[0.184s] DEBUG:colcon.colcon_core.event_handler.log_command:Invoking command in '/home/administrator/Masterproject2/20_ROS/src/Robots/build/mir_msgs': CMAKE_PREFIX_PATH=${CMAKE_PREFIX_PATH}:/opt/ros/kilted DEBUGINFOD_URLS=https://debuginfod.ubuntu.com /usr/bin/cmake --build /home/administrator/Masterproject2/20_ROS/src/Robots/build/mir_msgs -- -j14 -l14
[0.184s] DEBUG:colcon.colcon_core.event_handler.log_command:Invoking command in '/home/administrator/Masterproject2/20_ROS/src/Robots/build/my_ur_msgs': CMAKE_PREFIX_PATH=${CMAKE_PREFIX_PATH}:/opt/ros/kilted DEBUGINFOD_URLS=https://debuginfod.ubuntu.com /usr/bin/cmake --build /home/administrator/Masterproject2/20_ROS/src/Robots/build/my_ur_msgs -- -j14 -l14
[0.185s] DEBUG:colcon.colcon_core.event_handler.log_command:Invoking command in '/home/administrator/Masterproject2/20_ROS/src/Robots/build/ur_dashboard_msgs': CMAKE_PREFIX_PATH=${CMAKE_PREFIX_PATH}:/opt/ros/kilted DEBUGINFOD_URLS=https://debuginfod.ubuntu.com /usr/bin/cmake --build /home/administrator/Masterproject2/20_ROS/src/Robots/build/ur_dashboard_msgs -- -j14 -l14
[0.186s] DEBUG:colcon.colcon_core.event_handler.log_command:Invoking command in '/home/administrator/Masterproject2/20_ROS/src/Robots/build/ur_description': CMAKE_PREFIX_PATH=${CMAKE_PREFIX_PATH}:/opt/ros/kilted DEBUGINFOD_URLS=https://debuginfod.ubuntu.com /usr/bin/cmake --build /home/administrator/Masterproject2/20_ROS/src/Robots/build/ur_description -- -j14 -l14
[0.187s] DEBUG:colcon.colcon_core.event_handler.log_command:Invoking command in '/home/administrator/Masterproject2/20_ROS/src/Robots/build/ur_msgs': CMAKE_PREFIX_PATH=${CMAKE_PREFIX_PATH}:/opt/ros/kilted DEBUGINFOD_URLS=https://debuginfod.ubuntu.com /usr/bin/cmake --build /home/administrator/Masterproject2/20_ROS/src/Robots/build/ur_msgs -- -j14 -l14
[0.188s] DEBUG:colcon.colcon_core.event_handler.log_command:Invoking command in '/home/administrator/Masterproject2/20_ROS/src/Robots/build/om_aiv_msg': CMAKE_PREFIX_PATH=${CMAKE_PREFIX_PATH}:/opt/ros/kilted DEBUGINFOD_URLS=https://debuginfod.ubuntu.com /usr/bin/cmake --build /home/administrator/Masterproject2/20_ROS/src/Robots/build/om_aiv_msg -- -j14 -l14
[0.189s] DEBUG:colcon.colcon_core.event_handler.log_command:Invoking command in '/home/administrator/Masterproject2/20_ROS/src/Robots/build/ur_client_library': CMAKE_PREFIX_PATH=${CMAKE_PREFIX_PATH}:/opt/ros/kilted DEBUGINFOD_URLS=https://debuginfod.ubuntu.com /usr/bin/cmake /home/administrator/Masterproject2/20_ROS/src/Robots/UR_Driver/ClientLibrary -DCMAKE_INSTALL_PREFIX=/home/administrator/Masterproject2/20_ROS/src/Robots/install/ur_client_library
[0.191s] DEBUG:colcon.colcon_core.event_handler.log_command:Invoking command in '/home/administrator/Masterproject2/20_ROS/src/Robots/build/mir_dwb_critics': CMAKE_PREFIX_PATH=${CMAKE_PREFIX_PATH}:/opt/ros/kilted DEBUGINFOD_URLS=https://debuginfod.ubuntu.com /usr/bin/cmake --build /home/administrator/Masterproject2/20_ROS/src/Robots/build/mir_dwb_critics -- -j14 -l14
[0.194s] DEBUG:colcon.colcon_core.event_handler.log_command:Invoking command in '/home/administrator/Masterproject2/20_ROS/src/Robots/build/meca500_description': CMAKE_PREFIX_PATH=${CMAKE_PREFIX_PATH}:/opt/ros/kilted DEBUGINFOD_URLS=https://debuginfod.ubuntu.com /usr/bin/cmake --build /home/administrator/Masterproject2/20_ROS/src/Robots/build/meca500_description -- -j14 -l14
[0.197s] DEBUG:colcon.colcon_core.event_handler.log_command:Invoking command in '/home/administrator/Masterproject2/20_ROS/src/Robots/build/meca500_hardware': CMAKE_PREFIX_PATH=${CMAKE_PREFIX_PATH}:/opt/ros/kilted DEBUGINFOD_URLS=https://debuginfod.ubuntu.com /usr/bin/cmake --build /home/administrator/Masterproject2/20_ROS/src/Robots/build/meca500_hardware -- -j14 -l14
[0.200s] DEBUG:colcon.colcon_core.event_handler.log_command:Invoking command in '/home/administrator/Masterproject2/20_ROS/src/Robots/build/sdc21x0': CMAKE_PREFIX_PATH=${CMAKE_PREFIX_PATH}:/opt/ros/kilted DEBUGINFOD_URLS=https://debuginfod.ubuntu.com /usr/bin/cmake --build /home/administrator/Masterproject2/20_ROS/src/Robots/build/sdc21x0 -- -j14 -l14
[0.207s] DEBUG:colcon.colcon_core.event_handler.log_command:Invoking command in '/home/administrator/Masterproject2/20_ROS/src/Robots/build/meca500_moveit_config': CMAKE_PREFIX_PATH=${CMAKE_PREFIX_PATH}:/opt/ros/kilted DEBUGINFOD_URLS=https://debuginfod.ubuntu.com /usr/bin/cmake --build /home/administrator/Masterproject2/20_ROS/src/Robots/build/meca500_moveit_config -- -j14 -l14
[0.230s] DEBUG:colcon.colcon_core.event_handler.log_command:Invoked command in '/home/administrator/Masterproject2/20_ROS/src/Robots/build/ur_description' returned '0': CMAKE_PREFIX_PATH=${CMAKE_PREFIX_PATH}:/opt/ros/kilted DEBUGINFOD_URLS=https://debuginfod.ubuntu.com /usr/bin/cmake --build /home/administrator/Masterproject2/20_ROS/src/Robots/build/ur_description -- -j14 -l14
[0.236s] DEBUG:colcon.colcon_core.event_handler.log_command:Invoking command in '/home/administrator/Masterproject2/20_ROS/src/Robots/build/ur_description': CMAKE_PREFIX_PATH=${CMAKE_PREFIX_PATH}:/opt/ros/kilted DEBUGINFOD_URLS=https://debuginfod.ubuntu.com /usr/bin/cmake --install /home/administrator/Masterproject2/20_ROS/src/Robots/build/ur_description
[0.242s] DEBUG:colcon.colcon_core.event_handler.log_command:Invoked command in '/home/administrator/Masterproject2/20_ROS/src/Robots/build/mir_description' returned '0': CMAKE_PREFIX_PATH=${CMAKE_PREFIX_PATH}:/opt/ros/kilted DEBUGINFOD_URLS=https://debuginfod.ubuntu.com /usr/bin/cmake --build /home/administrator/Masterproject2/20_ROS/src/Robots/build/mir_description -- -j14 -l14
[0.244s] DEBUG:colcon.colcon_core.event_handler.log_command:Invoking command in '/home/administrator/Masterproject2/20_ROS/src/Robots/build/mir_description': CMAKE_PREFIX_PATH=${CMAKE_PREFIX_PATH}:/opt/ros/kilted DEBUGINFOD_URLS=https://debuginfod.ubuntu.com /usr/bin/cmake --install /home/administrator/Masterproject2/20_ROS/src/Robots/build/mir_description
[0.246s] DEBUG:colcon.colcon_core.event_handler.log_command:Invoked command in '/home/administrator/Masterproject2/20_ROS/src/Robots/build/mir_dwb_critics' returned '0': CMAKE_PREFIX_PATH=${CMAKE_PREFIX_PATH}:/opt/ros/kilted DEBUGINFOD_URLS=https://debuginfod.ubuntu.com /usr/bin/cmake --build /home/administrator/Masterproject2/20_ROS/src/Robots/build/mir_dwb_critics -- -j14 -l14
[0.247s] DEBUG:colcon.colcon_core.event_handler.log_command:Invoking command in '/home/administrator/Masterproject2/20_ROS/src/Robots/build/mir_dwb_critics': CMAKE_PREFIX_PATH=${CMAKE_PREFIX_PATH}:/opt/ros/kilted DEBUGINFOD_URLS=https://debuginfod.ubuntu.com /usr/bin/cmake --install /home/administrator/Masterproject2/20_ROS/src/Robots/build/mir_dwb_critics
[0.249s] DEBUG:colcon.colcon_core.event_handler.log_command:Invoked command in '/home/administrator/Masterproject2/20_ROS/src/Robots/build/meca500_description' returned '0': CMAKE_PREFIX_PATH=${CMAKE_PREFIX_PATH}:/opt/ros/kilted DEBUGINFOD_URLS=https://debuginfod.ubuntu.com /usr/bin/cmake --build /home/administrator/Masterproject2/20_ROS/src/Robots/build/meca500_description -- -j14 -l14
[0.249s] DEBUG:colcon.colcon_core.event_handler.log_command:Invoking command in '/home/administrator/Masterproject2/20_ROS/src/Robots/build/meca500_description': CMAKE_PREFIX_PATH=${CMAKE_PREFIX_PATH}:/opt/ros/kilted DEBUGINFOD_URLS=https://debuginfod.ubuntu.com /usr/bin/cmake --install /home/administrator/Masterproject2/20_ROS/src/Robots/build/meca500_description
[0.268s] DEBUG:colcon.colcon_core.event_handler.log_command:Invoked command in '/home/administrator/Masterproject2/20_ROS/src/Robots/build/meca500_hardware' returned '0': CMAKE_PREFIX_PATH=${CMAKE_PREFIX_PATH}:/opt/ros/kilted DEBUGINFOD_URLS=https://debuginfod.ubuntu.com /usr/bin/cmake --build /home/administrator/Masterproject2/20_ROS/src/Robots/build/meca500_hardware -- -j14 -l14
[0.282s] DEBUG:colcon.colcon_core.event_handler.log_command:Invoking command in '/home/administrator/Masterproject2/20_ROS/src/Robots/build/meca500_hardware': CMAKE_PREFIX_PATH=${CMAKE_PREFIX_PATH}:/opt/ros/kilted DEBUGINFOD_URLS=https://debuginfod.ubuntu.com /usr/bin/cmake --install /home/administrator/Masterproject2/20_ROS/src/Robots/build/meca500_hardware
[0.287s] Level 1:colcon.colcon_core.environment:create_environment_scripts_only(ur_description)
[0.295s] Level 1:colcon.colcon_core.environment:checking '/home/administrator/Masterproject2/20_ROS/src/Robots/install/ur_description' for CMake module files
[0.296s] Level 1:colcon.colcon_core.environment:checking '/home/administrator/Masterproject2/20_ROS/src/Robots/install/ur_description' for CMake config files
[0.297s] DEBUG:colcon.colcon_core.event_handler.log_command:Invoked command in '/home/administrator/Masterproject2/20_ROS/src/Robots/build/meca500_moveit_config' returned '0': CMAKE_PREFIX_PATH=${CMAKE_PREFIX_PATH}:/opt/ros/kilted DEBUGINFOD_URLS=https://debuginfod.ubuntu.com /usr/bin/cmake --build /home/administrator/Masterproject2/20_ROS/src/Robots/build/meca500_moveit_config -- -j14 -l14
[0.297s] DEBUG:colcon.colcon_core.event_handler.log_command:Invoking command in '/home/administrator/Masterproject2/20_ROS/src/Robots/build/meca500_moveit_config': CMAKE_PREFIX_PATH=${CMAKE_PREFIX_PATH}:/opt/ros/kilted DEBUGINFOD_URLS=https://debuginfod.ubuntu.com /usr/bin/cmake --install /home/administrator/Masterproject2/20_ROS/src/Robots/build/meca500_moveit_config
[0.302s] Level 1:colcon.colcon_core.shell:create_environment_hook('ur_description', 'cmake_prefix_path')
[0.302s] INFO:colcon.colcon_core.shell:Creating environment hook '/home/administrator/Masterproject2/20_ROS/src/Robots/install/ur_description/share/ur_description/hook/cmake_prefix_path.ps1'
[0.302s] INFO:colcon.colcon_core.shell:Creating environment descriptor '/home/administrator/Masterproject2/20_ROS/src/Robots/install/ur_description/share/ur_description/hook/cmake_prefix_path.dsv'
[0.303s] INFO:colcon.colcon_core.shell:Creating environment hook '/home/administrator/Masterproject2/20_ROS/src/Robots/install/ur_description/share/ur_description/hook/cmake_prefix_path.sh'
[0.303s] Level 1:colcon.colcon_core.environment:checking '/home/administrator/Masterproject2/20_ROS/src/Robots/install/ur_description/bin'
[0.303s] Level 1:colcon.colcon_core.environment:checking '/home/administrator/Masterproject2/20_ROS/src/Robots/install/ur_description/lib/pkgconfig/ur_description.pc'
[0.303s] Level 1:colcon.colcon_core.environment:checking '/home/administrator/Masterproject2/20_ROS/src/Robots/install/ur_description/lib/python3.12/site-packages'
[0.304s] Level 1:colcon.colcon_core.environment:checking '/home/administrator/Masterproject2/20_ROS/src/Robots/install/ur_description/bin'
[0.304s] INFO:colcon.colcon_core.shell:Creating package script '/home/administrator/Masterproject2/20_ROS/src/Robots/install/ur_description/share/ur_description/package.ps1'
[0.304s] INFO:colcon.colcon_core.shell:Creating package descriptor '/home/administrator/Masterproject2/20_ROS/src/Robots/install/ur_description/share/ur_description/package.dsv'
[0.305s] INFO:colcon.colcon_core.shell:Creating package script '/home/administrator/Masterproject2/20_ROS/src/Robots/install/ur_description/share/ur_description/package.sh'
[0.306s] INFO:colcon.colcon_core.shell:Creating package script '/home/administrator/Masterproject2/20_ROS/src/Robots/install/ur_description/share/ur_description/package.bash'
[0.307s] INFO:colcon.colcon_core.shell:Creating package script '/home/administrator/Masterproject2/20_ROS/src/Robots/install/ur_description/share/ur_description/package.zsh'
[0.307s] Level 1:colcon.colcon_core.environment:create_file_with_runtime_dependencies(/home/administrator/Masterproject2/20_ROS/src/Robots/install/ur_description/share/colcon-core/packages/ur_description)
[0.307s] Level 1:colcon.colcon_core.environment:create_environment_scripts_only(ur_description)
[0.307s] Level 1:colcon.colcon_core.environment:checking '/home/administrator/Masterproject2/20_ROS/src/Robots/install/ur_description' for CMake module files
[0.308s] Level 1:colcon.colcon_core.environment:checking '/home/administrator/Masterproject2/20_ROS/src/Robots/install/ur_description' for CMake config files
[0.308s] Level 1:colcon.colcon_core.shell:create_environment_hook('ur_description', 'cmake_prefix_path')
[0.308s] INFO:colcon.colcon_core.shell:Creating environment hook '/home/administrator/Masterproject2/20_ROS/src/Robots/install/ur_description/share/ur_description/hook/cmake_prefix_path.ps1'
[0.308s] INFO:colcon.colcon_core.shell:Creating environment descriptor '/home/administrator/Masterproject2/20_ROS/src/Robots/install/ur_description/share/ur_description/hook/cmake_prefix_path.dsv'
[0.308s] INFO:colcon.colcon_core.shell:Creating environment hook '/home/administrator/Masterproject2/20_ROS/src/Robots/install/ur_description/share/ur_description/hook/cmake_prefix_path.sh'
[0.309s] Level 1:colcon.colcon_core.environment:checking '/home/administrator/Masterproject2/20_ROS/src/Robots/install/ur_description/bin'
[0.309s] Level 1:colcon.colcon_core.environment:checking '/home/administrator/Masterproject2/20_ROS/src/Robots/install/ur_description/lib/pkgconfig/ur_description.pc'
[0.309s] Level 1:colcon.colcon_core.environment:checking '/home/administrator/Masterproject2/20_ROS/src/Robots/install/ur_description/lib/python3.12/site-packages'
[0.309s] Level 1:colcon.colcon_core.environment:checking '/home/administrator/Masterproject2/20_ROS/src/Robots/install/ur_description/bin'
[0.309s] INFO:colcon.colcon_core.shell:Creating package script '/home/administrator/Masterproject2/20_ROS/src/Robots/install/ur_description/share/ur_description/package.ps1'
[0.309s] INFO:colcon.colcon_core.shell:Creating package descriptor '/home/administrator/Masterproject2/20_ROS/src/Robots/install/ur_description/share/ur_description/package.dsv'
[0.310s] INFO:colcon.colcon_core.shell:Creating package script '/home/administrator/Masterproject2/20_ROS/src/Robots/install/ur_description/share/ur_description/package.sh'
[0.311s] INFO:colcon.colcon_core.shell:Creating package script '/home/administrator/Masterproject2/20_ROS/src/Robots/install/ur_description/share/ur_description/package.bash'
[0.311s] INFO:colcon.colcon_core.shell:Creating package script '/home/administrator/Masterproject2/20_ROS/src/Robots/install/ur_description/share/ur_description/package.zsh'
[0.311s] Level 1:colcon.colcon_core.environment:create_file_with_runtime_dependencies(/home/administrator/Masterproject2/20_ROS/src/Robots/install/ur_description/share/colcon-core/packages/ur_description)
[0.311s] INFO:colcon.colcon_ros.task.ament_cmake.build:Building ROS package in '/home/administrator/Masterproject2/20_ROS/src/Robots/UR_Driver/ur_moveit_config' with build type 'ament_cmake'
[0.312s] INFO:colcon.colcon_cmake.task.cmake.build:Building CMake package in '/home/administrator/Masterproject2/20_ROS/src/Robots/UR_Driver/ur_moveit_config'
[0.310s] DEBUG:colcon.colcon_core.event_handler.log_command:Invoked command in '/home/administrator/Masterproject2/20_ROS/src/Robots/build/ur_description' returned '0': CMAKE_PREFIX_PATH=${CMAKE_PREFIX_PATH}:/opt/ros/kilted DEBUGINFOD_URLS=https://debuginfod.ubuntu.com /usr/bin/cmake --install /home/administrator/Masterproject2/20_ROS/src/Robots/build/ur_description
[0.312s] INFO:colcon.colcon_core.shell:Skip shell extension 'powershell' for command environment: Not usable outside of PowerShell
[0.312s] DEBUG:colcon.colcon_core.shell:Skip shell extension 'dsv' for command environment
[0.317s] Level 1:colcon.colcon_core.environment:create_environment_scripts_only(mir_dwb_critics)
[0.317s] Level 1:colcon.colcon_core.environment:checking '/home/administrator/Masterproject2/20_ROS/src/Robots/install/mir_dwb_critics' for CMake module files
[0.318s] DEBUG:colcon.colcon_core.event_handler.log_command:Invoked command in '/home/administrator/Masterproject2/20_ROS/src/Robots/build/mir_dwb_critics' returned '0': CMAKE_PREFIX_PATH=${CMAKE_PREFIX_PATH}:/opt/ros/kilted DEBUGINFOD_URLS=https://debuginfod.ubuntu.com /usr/bin/cmake --install /home/administrator/Masterproject2/20_ROS/src/Robots/build/mir_dwb_critics
[0.318s] Level 1:colcon.colcon_core.environment:checking '/home/administrator/Masterproject2/20_ROS/src/Robots/install/mir_dwb_critics' for CMake config files
[0.318s] Level 1:colcon.colcon_core.shell:create_environment_hook('mir_dwb_critics', 'cmake_prefix_path')
[0.318s] INFO:colcon.colcon_core.shell:Creating environment hook '/home/administrator/Masterproject2/20_ROS/src/Robots/install/mir_dwb_critics/share/mir_dwb_critics/hook/cmake_prefix_path.ps1'
[0.319s] INFO:colcon.colcon_core.shell:Creating environment descriptor '/home/administrator/Masterproject2/20_ROS/src/Robots/install/mir_dwb_critics/share/mir_dwb_critics/hook/cmake_prefix_path.dsv'
[0.319s] INFO:colcon.colcon_core.shell:Creating environment hook '/home/administrator/Masterproject2/20_ROS/src/Robots/install/mir_dwb_critics/share/mir_dwb_critics/hook/cmake_prefix_path.sh'
[0.319s] Level 1:colcon.colcon_core.environment:checking '/home/administrator/Masterproject2/20_ROS/src/Robots/install/mir_dwb_critics/lib'
[0.320s] Level 1:colcon.colcon_core.environment:checking '/home/administrator/Masterproject2/20_ROS/src/Robots/install/mir_dwb_critics/bin'
[0.320s] Level 1:colcon.colcon_core.environment:checking '/home/administrator/Masterproject2/20_ROS/src/Robots/install/mir_dwb_critics/lib/pkgconfig/mir_dwb_critics.pc'
[0.320s] Level 1:colcon.colcon_core.environment:checking '/home/administrator/Masterproject2/20_ROS/src/Robots/install/mir_dwb_critics/lib/python3.12/site-packages'
[0.320s] Level 1:colcon.colcon_core.environment:checking '/home/administrator/Masterproject2/20_ROS/src/Robots/install/mir_dwb_critics/bin'
[0.320s] INFO:colcon.colcon_core.shell:Creating package script '/home/administrator/Masterproject2/20_ROS/src/Robots/install/mir_dwb_critics/share/mir_dwb_critics/package.ps1'
[0.321s] INFO:colcon.colcon_core.shell:Creating package descriptor '/home/administrator/Masterproject2/20_ROS/src/Robots/install/mir_dwb_critics/share/mir_dwb_critics/package.dsv'
[0.321s] INFO:colcon.colcon_core.shell:Creating package script '/home/administrator/Masterproject2/20_ROS/src/Robots/install/mir_dwb_critics/share/mir_dwb_critics/package.sh'
[0.321s] INFO:colcon.colcon_core.shell:Creating package script '/home/administrator/Masterproject2/20_ROS/src/Robots/install/mir_dwb_critics/share/mir_dwb_critics/package.bash'
[0.322s] INFO:colcon.colcon_core.shell:Creating package script '/home/administrator/Masterproject2/20_ROS/src/Robots/install/mir_dwb_critics/share/mir_dwb_critics/package.zsh'
[0.322s] Level 1:colcon.colcon_core.environment:create_file_with_runtime_dependencies(/home/administrator/Masterproject2/20_ROS/src/Robots/install/mir_dwb_critics/share/colcon-core/packages/mir_dwb_critics)
[0.323s] Level 1:colcon.colcon_core.environment:create_environment_scripts_only(mir_dwb_critics)
[0.323s] Level 1:colcon.colcon_core.environment:checking '/home/administrator/Masterproject2/20_ROS/src/Robots/install/mir_dwb_critics' for CMake module files
[0.323s] Level 1:colcon.colcon_core.environment:checking '/home/administrator/Masterproject2/20_ROS/src/Robots/install/mir_dwb_critics' for CMake config files
[0.323s] Level 1:colcon.colcon_core.shell:create_environment_hook('mir_dwb_critics', 'cmake_prefix_path')
[0.323s] INFO:colcon.colcon_core.shell:Creating environment hook '/home/administrator/Masterproject2/20_ROS/src/Robots/install/mir_dwb_critics/share/mir_dwb_critics/hook/cmake_prefix_path.ps1'
[0.323s] INFO:colcon.colcon_core.shell:Creating environment descriptor '/home/administrator/Masterproject2/20_ROS/src/Robots/install/mir_dwb_critics/share/mir_dwb_critics/hook/cmake_prefix_path.dsv'
[0.324s] INFO:colcon.colcon_core.shell:Creating environment hook '/home/administrator/Masterproject2/20_ROS/src/Robots/install/mir_dwb_critics/share/mir_dwb_critics/hook/cmake_prefix_path.sh'
[0.324s] Level 1:colcon.colcon_core.environment:checking '/home/administrator/Masterproject2/20_ROS/src/Robots/install/mir_dwb_critics/lib'
[0.324s] Level 1:colcon.colcon_core.environment:checking '/home/administrator/Masterproject2/20_ROS/src/Robots/install/mir_dwb_critics/bin'
[0.324s] Level 1:colcon.colcon_core.environment:checking '/home/administrator/Masterproject2/20_ROS/src/Robots/install/mir_dwb_critics/lib/pkgconfig/mir_dwb_critics.pc'
[0.325s] Level 1:colcon.colcon_core.environment:checking '/home/administrator/Masterproject2/20_ROS/src/Robots/install/mir_dwb_critics/lib/python3.12/site-packages'
[0.325s] Level 1:colcon.colcon_core.environment:checking '/home/administrator/Masterproject2/20_ROS/src/Robots/install/mir_dwb_critics/bin'
[0.325s] INFO:colcon.colcon_core.shell:Creating package script '/home/administrator/Masterproject2/20_ROS/src/Robots/install/mir_dwb_critics/share/mir_dwb_critics/package.ps1'
[0.325s] INFO:colcon.colcon_core.shell:Creating package descriptor '/home/administrator/Masterproject2/20_ROS/src/Robots/install/mir_dwb_critics/share/mir_dwb_critics/package.dsv'
[0.325s] INFO:colcon.colcon_core.shell:Creating package script '/home/administrator/Masterproject2/20_ROS/src/Robots/install/mir_dwb_critics/share/mir_dwb_critics/package.sh'
[0.326s] INFO:colcon.colcon_core.shell:Creating package script '/home/administrator/Masterproject2/20_ROS/src/Robots/install/mir_dwb_critics/share/mir_dwb_critics/package.bash'
[0.326s] INFO:colcon.colcon_core.shell:Creating package script '/home/administrator/Masterproject2/20_ROS/src/Robots/install/mir_dwb_critics/share/mir_dwb_critics/package.zsh'
[0.326s] Level 1:colcon.colcon_core.environment:create_file_with_runtime_dependencies(/home/administrator/Masterproject2/20_ROS/src/Robots/install/mir_dwb_critics/share/colcon-core/packages/mir_dwb_critics)
[0.326s] Level 1:colcon.colcon_core.environment:create_environment_scripts_only(mir_description)
[0.327s] Level 1:colcon.colcon_core.environment:checking '/home/administrator/Masterproject2/20_ROS/src/Robots/install/mir_description' for CMake module files
[0.327s] DEBUG:colcon.colcon_core.event_handler.log_command:Invoked command in '/home/administrator/Masterproject2/20_ROS/src/Robots/build/mir_description' returned '0': CMAKE_PREFIX_PATH=${CMAKE_PREFIX_PATH}:/opt/ros/kilted DEBUGINFOD_URLS=https://debuginfod.ubuntu.com /usr/bin/cmake --install /home/administrator/Masterproject2/20_ROS/src/Robots/build/mir_description
[0.327s] Level 1:colcon.colcon_core.environment:checking '/home/administrator/Masterproject2/20_ROS/src/Robots/install/mir_description' for CMake config files
[0.328s] Level 1:colcon.colcon_core.shell:create_environment_hook('mir_description', 'cmake_prefix_path')
[0.328s] INFO:colcon.colcon_core.shell:Creating environment hook '/home/administrator/Masterproject2/20_ROS/src/Robots/install/mir_description/share/mir_description/hook/cmake_prefix_path.ps1'
[0.328s] INFO:colcon.colcon_core.shell:Creating environment descriptor '/home/administrator/Masterproject2/20_ROS/src/Robots/install/mir_description/share/mir_description/hook/cmake_prefix_path.dsv'
[0.328s] INFO:colcon.colcon_core.shell:Creating environment hook '/home/administrator/Masterproject2/20_ROS/src/Robots/install/mir_description/share/mir_description/hook/cmake_prefix_path.sh'
[0.329s] Level 1:colcon.colcon_core.environment:checking '/home/administrator/Masterproject2/20_ROS/src/Robots/install/mir_description/bin'
[0.329s] Level 1:colcon.colcon_core.environment:checking '/home/administrator/Masterproject2/20_ROS/src/Robots/install/mir_description/lib/pkgconfig/mir_description.pc'
[0.329s] Level 1:colcon.colcon_core.environment:checking '/home/administrator/Masterproject2/20_ROS/src/Robots/install/mir_description/lib/python3.12/site-packages'
[0.330s] Level 1:colcon.colcon_core.environment:checking '/home/administrator/Masterproject2/20_ROS/src/Robots/install/mir_description/bin'
[0.330s] INFO:colcon.colcon_core.shell:Creating package script '/home/administrator/Masterproject2/20_ROS/src/Robots/install/mir_description/share/mir_description/package.ps1'
[0.330s] INFO:colcon.colcon_core.shell:Creating package descriptor '/home/administrator/Masterproject2/20_ROS/src/Robots/install/mir_description/share/mir_description/package.dsv'
[0.330s] INFO:colcon.colcon_core.shell:Creating package script '/home/administrator/Masterproject2/20_ROS/src/Robots/install/mir_description/share/mir_description/package.sh'
[0.331s] INFO:colcon.colcon_core.shell:Creating package script '/home/administrator/Masterproject2/20_ROS/src/Robots/install/mir_description/share/mir_description/package.bash'
[0.331s] INFO:colcon.colcon_core.shell:Creating package script '/home/administrator/Masterproject2/20_ROS/src/Robots/install/mir_description/share/mir_description/package.zsh'
[0.331s] Level 1:colcon.colcon_core.environment:create_file_with_runtime_dependencies(/home/administrator/Masterproject2/20_ROS/src/Robots/install/mir_description/share/colcon-core/packages/mir_description)
[0.332s] Level 1:colcon.colcon_core.environment:create_environment_scripts_only(mir_description)
[0.332s] Level 1:colcon.colcon_core.environment:checking '/home/administrator/Masterproject2/20_ROS/src/Robots/install/mir_description' for CMake module files
[0.332s] Level 1:colcon.colcon_core.environment:checking '/home/administrator/Masterproject2/20_ROS/src/Robots/install/mir_description' for CMake config files
[0.332s] Level 1:colcon.colcon_core.shell:create_environment_hook('mir_description', 'cmake_prefix_path')
[0.333s] INFO:colcon.colcon_core.shell:Creating environment hook '/home/administrator/Masterproject2/20_ROS/src/Robots/install/mir_description/share/mir_description/hook/cmake_prefix_path.ps1'
[0.333s] INFO:colcon.colcon_core.shell:Creating environment descriptor '/home/administrator/Masterproject2/20_ROS/src/Robots/install/mir_description/share/mir_description/hook/cmake_prefix_path.dsv'
[0.333s] INFO:colcon.colcon_core.shell:Creating environment hook '/home/administrator/Masterproject2/20_ROS/src/Robots/install/mir_description/share/mir_description/hook/cmake_prefix_path.sh'
[0.333s] Level 1:colcon.colcon_core.environment:checking '/home/administrator/Masterproject2/20_ROS/src/Robots/install/mir_description/bin'
[0.334s] Level 1:colcon.colcon_core.environment:checking '/home/administrator/Masterproject2/20_ROS/src/Robots/install/mir_description/lib/pkgconfig/mir_description.pc'
[0.334s] Level 1:colcon.colcon_core.environment:checking '/home/administrator/Masterproject2/20_ROS/src/Robots/install/mir_description/lib/python3.12/site-packages'
[0.334s] Level 1:colcon.colcon_core.environment:checking '/home/administrator/Masterproject2/20_ROS/src/Robots/install/mir_description/bin'
[0.334s] INFO:colcon.colcon_core.shell:Creating package script '/home/administrator/Masterproject2/20_ROS/src/Robots/install/mir_description/share/mir_description/package.ps1'
[0.335s] INFO:colcon.colcon_core.shell:Creating package descriptor '/home/administrator/Masterproject2/20_ROS/src/Robots/install/mir_description/share/mir_description/package.dsv'
[0.338s] INFO:colcon.colcon_core.shell:Creating package script '/home/administrator/Masterproject2/20_ROS/src/Robots/install/mir_description/share/mir_description/package.sh'
[0.338s] INFO:colcon.colcon_core.shell:Creating package script '/home/administrator/Masterproject2/20_ROS/src/Robots/install/mir_description/share/mir_description/package.bash'
[0.338s] INFO:colcon.colcon_core.shell:Creating package script '/home/administrator/Masterproject2/20_ROS/src/Robots/install/mir_description/share/mir_description/package.zsh'
[0.338s] Level 1:colcon.colcon_core.environment:create_file_with_runtime_dependencies(/home/administrator/Masterproject2/20_ROS/src/Robots/install/mir_description/share/colcon-core/packages/mir_description)
[0.341s] INFO:colcon.colcon_ros.task.ament_python.build:Building ROS package in '/home/administrator/Masterproject2/20_ROS/src/Robots/Omron_AMR/src/om_aiv_navigation' with build type 'ament_python'
[0.341s] Level 1:colcon.colcon_core.shell:create_environment_hook('om_aiv_navigation', 'ament_prefix_path')
[0.341s] INFO:colcon.colcon_core.shell:Creating environment hook '/home/administrator/Masterproject2/20_ROS/src/Robots/install/om_aiv_navigation/share/om_aiv_navigation/hook/ament_prefix_path.ps1'
[0.342s] INFO:colcon.colcon_core.shell:Creating environment descriptor '/home/administrator/Masterproject2/20_ROS/src/Robots/install/om_aiv_navigation/share/om_aiv_navigation/hook/ament_prefix_path.dsv'
[0.346s] INFO:colcon.colcon_core.shell:Creating environment hook '/home/administrator/Masterproject2/20_ROS/src/Robots/install/om_aiv_navigation/share/om_aiv_navigation/hook/ament_prefix_path.sh'
[0.347s] INFO:colcon.colcon_core.shell:Skip shell extension 'powershell' for command environment: Not usable outside of PowerShell
[0.347s] DEBUG:colcon.colcon_core.shell:Skip shell extension 'dsv' for command environment
[0.355s] Level 1:colcon.colcon_core.environment:create_environment_scripts_only(meca500_description)
[0.355s] DEBUG:colcon.colcon_core.event_handler.log_command:Invoked command in '/home/administrator/Masterproject2/20_ROS/src/Robots/build/meca500_description' returned '0': CMAKE_PREFIX_PATH=${CMAKE_PREFIX_PATH}:/opt/ros/kilted DEBUGINFOD_URLS=https://debuginfod.ubuntu.com /usr/bin/cmake --install /home/administrator/Masterproject2/20_ROS/src/Robots/build/meca500_description
[0.356s] Level 1:colcon.colcon_core.environment:checking '/home/administrator/Masterproject2/20_ROS/src/Robots/install/meca500_description' for CMake module files
[0.356s] Level 1:colcon.colcon_core.environment:checking '/home/administrator/Masterproject2/20_ROS/src/Robots/install/meca500_description' for CMake config files
[0.356s] Level 1:colcon.colcon_core.shell:create_environment_hook('meca500_description', 'cmake_prefix_path')
[0.357s] INFO:colcon.colcon_core.shell:Creating environment hook '/home/administrator/Masterproject2/20_ROS/src/Robots/install/meca500_description/share/meca500_description/hook/cmake_prefix_path.ps1'
[0.357s] INFO:colcon.colcon_core.shell:Creating environment descriptor '/home/administrator/Masterproject2/20_ROS/src/Robots/install/meca500_description/share/meca500_description/hook/cmake_prefix_path.dsv'
[0.357s] INFO:colcon.colcon_core.shell:Creating environment hook '/home/administrator/Masterproject2/20_ROS/src/Robots/install/meca500_description/share/meca500_description/hook/cmake_prefix_path.sh'
[0.358s] Level 1:colcon.colcon_core.environment:checking '/home/administrator/Masterproject2/20_ROS/src/Robots/install/meca500_description/bin'
[0.358s] Level 1:colcon.colcon_core.environment:checking '/home/administrator/Masterproject2/20_ROS/src/Robots/install/meca500_description/lib/pkgconfig/meca500_description.pc'
[0.358s] Level 1:colcon.colcon_core.environment:checking '/home/administrator/Masterproject2/20_ROS/src/Robots/install/meca500_description/lib/python3.12/site-packages'
[0.358s] Level 1:colcon.colcon_core.environment:checking '/home/administrator/Masterproject2/20_ROS/src/Robots/install/meca500_description/bin'
[0.358s] INFO:colcon.colcon_core.shell:Creating package script '/home/administrator/Masterproject2/20_ROS/src/Robots/install/meca500_description/share/meca500_description/package.ps1'
[0.359s] INFO:colcon.colcon_core.shell:Creating package descriptor '/home/administrator/Masterproject2/20_ROS/src/Robots/install/meca500_description/share/meca500_description/package.dsv'
[0.359s] INFO:colcon.colcon_core.shell:Creating package script '/home/administrator/Masterproject2/20_ROS/src/Robots/install/meca500_description/share/meca500_description/package.sh'
[0.359s] INFO:colcon.colcon_core.shell:Creating package script '/home/administrator/Masterproject2/20_ROS/src/Robots/install/meca500_description/share/meca500_description/package.bash'
[0.360s] INFO:colcon.colcon_core.shell:Creating package script '/home/administrator/Masterproject2/20_ROS/src/Robots/install/meca500_description/share/meca500_description/package.zsh'
[0.360s] Level 1:colcon.colcon_core.environment:create_file_with_runtime_dependencies(/home/administrator/Masterproject2/20_ROS/src/Robots/install/meca500_description/share/colcon-core/packages/meca500_description)
[0.360s] Level 1:colcon.colcon_core.environment:create_environment_scripts_only(meca500_description)
[0.360s] Level 1:colcon.colcon_core.environment:checking '/home/administrator/Masterproject2/20_ROS/src/Robots/install/meca500_description' for CMake module files
[0.361s] Level 1:colcon.colcon_core.environment:checking '/home/administrator/Masterproject2/20_ROS/src/Robots/install/meca500_description' for CMake config files
[0.361s] Level 1:colcon.colcon_core.shell:create_environment_hook('meca500_description', 'cmake_prefix_path')
[0.361s] INFO:colcon.colcon_core.shell:Creating environment hook '/home/administrator/Masterproject2/20_ROS/src/Robots/install/meca500_description/share/meca500_description/hook/cmake_prefix_path.ps1'
[0.362s] INFO:colcon.colcon_core.shell:Creating environment descriptor '/home/administrator/Masterproject2/20_ROS/src/Robots/install/meca500_description/share/meca500_description/hook/cmake_prefix_path.dsv'
[0.362s] INFO:colcon.colcon_core.shell:Creating environment hook '/home/administrator/Masterproject2/20_ROS/src/Robots/install/meca500_description/share/meca500_description/hook/cmake_prefix_path.sh'
[0.362s] Level 1:colcon.colcon_core.environment:checking '/home/administrator/Masterproject2/20_ROS/src/Robots/install/meca500_description/bin'
[0.362s] Level 1:colcon.colcon_core.environment:checking '/home/administrator/Masterproject2/20_ROS/src/Robots/install/meca500_description/lib/pkgconfig/meca500_description.pc'
[0.363s] Level 1:colcon.colcon_core.environment:checking '/home/administrator/Masterproject2/20_ROS/src/Robots/install/meca500_description/lib/python3.12/site-packages'
[0.363s] Level 1:colcon.colcon_core.environment:checking '/home/administrator/Masterproject2/20_ROS/src/Robots/install/meca500_description/bin'
[0.363s] INFO:colcon.colcon_core.shell:Creating package script '/home/administrator/Masterproject2/20_ROS/src/Robots/install/meca500_description/share/meca500_description/package.ps1'
[0.363s] INFO:colcon.colcon_core.shell:Creating package descriptor '/home/administrator/Masterproject2/20_ROS/src/Robots/install/meca500_description/share/meca500_description/package.dsv'
[0.364s] INFO:colcon.colcon_core.shell:Creating package script '/home/administrator/Masterproject2/20_ROS/src/Robots/install/meca500_description/share/meca500_description/package.sh'
[0.364s] INFO:colcon.colcon_core.shell:Creating package script '/home/administrator/Masterproject2/20_ROS/src/Robots/install/meca500_description/share/meca500_description/package.bash'
[0.364s] INFO:colcon.colcon_core.shell:Creating package script '/home/administrator/Masterproject2/20_ROS/src/Robots/install/meca500_description/share/meca500_description/package.zsh'
[0.365s] Level 1:colcon.colcon_core.environment:create_file_with_runtime_dependencies(/home/administrator/Masterproject2/20_ROS/src/Robots/install/meca500_description/share/colcon-core/packages/meca500_description)
[0.370s] DEBUG:colcon.colcon_core.event_handler.log_command:Invoking command in '/home/administrator/Masterproject2/20_ROS/src/Robots/build/ur_moveit_config': AMENT_PREFIX_PATH=/home/administrator/Masterproject2/20_ROS/src/Robots/install/ur_description:${AMENT_PREFIX_PATH} CMAKE_PREFIX_PATH=/home/administrator/Masterproject2/20_ROS/src/Robots/install/ur_description:/opt/ros/kilted/opt/sdformat_vendor:/opt/ros/kilted/opt/gz_math_vendor:/opt/ros/kilted/opt/gz_utils_vendor:/opt/ros/kilted/opt/gz_tools_vendor:/opt/ros/kilted/opt/gz_cmake_vendor:/opt/ros/kilted DEBUGINFOD_URLS=https://debuginfod.ubuntu.com /usr/bin/cmake --build /home/administrator/Masterproject2/20_ROS/src/Robots/build/ur_moveit_config -- -j14 -l14
[0.371s] Level 1:colcon.colcon_core.environment:create_environment_scripts_only(meca500_hardware)
[0.371s] Level 1:colcon.colcon_core.environment:checking '/home/administrator/Masterproject2/20_ROS/src/Robots/install/meca500_hardware' for CMake module files
[0.372s] Level 1:colcon.colcon_core.environment:checking '/home/administrator/Masterproject2/20_ROS/src/Robots/install/meca500_hardware' for CMake config files
[0.372s] Level 1:colcon.colcon_core.shell:create_environment_hook('meca500_hardware', 'cmake_prefix_path')
[0.372s] INFO:colcon.colcon_core.shell:Creating environment hook '/home/administrator/Masterproject2/20_ROS/src/Robots/install/meca500_hardware/share/meca500_hardware/hook/cmake_prefix_path.ps1'
[0.371s] DEBUG:colcon.colcon_core.event_handler.log_command:Invoked command in '/home/administrator/Masterproject2/20_ROS/src/Robots/build/meca500_hardware' returned '0': CMAKE_PREFIX_PATH=${CMAKE_PREFIX_PATH}:/opt/ros/kilted DEBUGINFOD_URLS=https://debuginfod.ubuntu.com /usr/bin/cmake --install /home/administrator/Masterproject2/20_ROS/src/Robots/build/meca500_hardware
[0.373s] INFO:colcon.colcon_core.shell:Creating environment descriptor '/home/administrator/Masterproject2/20_ROS/src/Robots/install/meca500_hardware/share/meca500_hardware/hook/cmake_prefix_path.dsv'
[0.373s] INFO:colcon.colcon_core.shell:Creating environment hook '/home/administrator/Masterproject2/20_ROS/src/Robots/install/meca500_hardware/share/meca500_hardware/hook/cmake_prefix_path.sh'
[0.373s] Level 1:colcon.colcon_core.environment:checking '/home/administrator/Masterproject2/20_ROS/src/Robots/install/meca500_hardware/lib'
[0.374s] Level 1:colcon.colcon_core.shell:create_environment_hook('meca500_hardware', 'ld_library_path_lib')
[0.374s] INFO:colcon.colcon_core.shell:Creating environment hook '/home/administrator/Masterproject2/20_ROS/src/Robots/install/meca500_hardware/share/meca500_hardware/hook/ld_library_path_lib.ps1'
[0.374s] INFO:colcon.colcon_core.shell:Creating environment descriptor '/home/administrator/Masterproject2/20_ROS/src/Robots/install/meca500_hardware/share/meca500_hardware/hook/ld_library_path_lib.dsv'
[0.375s] INFO:colcon.colcon_core.shell:Creating environment hook '/home/administrator/Masterproject2/20_ROS/src/Robots/install/meca500_hardware/share/meca500_hardware/hook/ld_library_path_lib.sh'
[0.375s] Level 1:colcon.colcon_core.environment:checking '/home/administrator/Masterproject2/20_ROS/src/Robots/install/meca500_hardware/bin'
[0.375s] Level 1:colcon.colcon_core.environment:checking '/home/administrator/Masterproject2/20_ROS/src/Robots/install/meca500_hardware/lib/pkgconfig/meca500_hardware.pc'
[0.375s] Level 1:colcon.colcon_core.environment:checking '/home/administrator/Masterproject2/20_ROS/src/Robots/install/meca500_hardware/lib/python3.12/site-packages'
[0.375s] Level 1:colcon.colcon_core.environment:checking '/home/administrator/Masterproject2/20_ROS/src/Robots/install/meca500_hardware/bin'
[0.376s] INFO:colcon.colcon_core.shell:Creating package script '/home/administrator/Masterproject2/20_ROS/src/Robots/install/meca500_hardware/share/meca500_hardware/package.ps1'
[0.376s] INFO:colcon.colcon_core.shell:Creating package descriptor '/home/administrator/Masterproject2/20_ROS/src/Robots/install/meca500_hardware/share/meca500_hardware/package.dsv'
[0.376s] INFO:colcon.colcon_core.shell:Creating package script '/home/administrator/Masterproject2/20_ROS/src/Robots/install/meca500_hardware/share/meca500_hardware/package.sh'
[0.377s] INFO:colcon.colcon_core.shell:Creating package script '/home/administrator/Masterproject2/20_ROS/src/Robots/install/meca500_hardware/share/meca500_hardware/package.bash'
[0.377s] INFO:colcon.colcon_core.shell:Creating package script '/home/administrator/Masterproject2/20_ROS/src/Robots/install/meca500_hardware/share/meca500_hardware/package.zsh'
[0.377s] Level 1:colcon.colcon_core.environment:create_file_with_runtime_dependencies(/home/administrator/Masterproject2/20_ROS/src/Robots/install/meca500_hardware/share/colcon-core/packages/meca500_hardware)
[0.377s] Level 1:colcon.colcon_core.environment:create_environment_scripts_only(meca500_hardware)
[0.378s] Level 1:colcon.colcon_core.environment:checking '/home/administrator/Masterproject2/20_ROS/src/Robots/install/meca500_hardware' for CMake module files
[0.378s] Level 1:colcon.colcon_core.environment:checking '/home/administrator/Masterproject2/20_ROS/src/Robots/install/meca500_hardware' for CMake config files
[0.379s] Level 1:colcon.colcon_core.shell:create_environment_hook('meca500_hardware', 'cmake_prefix_path')
[0.379s] INFO:colcon.colcon_core.shell:Creating environment hook '/home/administrator/Masterproject2/20_ROS/src/Robots/install/meca500_hardware/share/meca500_hardware/hook/cmake_prefix_path.ps1'
[0.379s] INFO:colcon.colcon_core.shell:Creating environment descriptor '/home/administrator/Masterproject2/20_ROS/src/Robots/install/meca500_hardware/share/meca500_hardware/hook/cmake_prefix_path.dsv'
[0.379s] INFO:colcon.colcon_core.shell:Creating environment hook '/home/administrator/Masterproject2/20_ROS/src/Robots/install/meca500_hardware/share/meca500_hardware/hook/cmake_prefix_path.sh'
[0.380s] Level 1:colcon.colcon_core.environment:checking '/home/administrator/Masterproject2/20_ROS/src/Robots/install/meca500_hardware/lib'
[0.380s] Level 1:colcon.colcon_core.shell:create_environment_hook('meca500_hardware', 'ld_library_path_lib')
[0.380s] INFO:colcon.colcon_core.shell:Creating environment hook '/home/administrator/Masterproject2/20_ROS/src/Robots/install/meca500_hardware/share/meca500_hardware/hook/ld_library_path_lib.ps1'
[0.381s] INFO:colcon.colcon_core.shell:Creating environment descriptor '/home/administrator/Masterproject2/20_ROS/src/Robots/install/meca500_hardware/share/meca500_hardware/hook/ld_library_path_lib.dsv'
[0.381s] INFO:colcon.colcon_core.shell:Creating environment hook '/home/administrator/Masterproject2/20_ROS/src/Robots/install/meca500_hardware/share/meca500_hardware/hook/ld_library_path_lib.sh'
[0.381s] Level 1:colcon.colcon_core.environment:checking '/home/administrator/Masterproject2/20_ROS/src/Robots/install/meca500_hardware/bin'
[0.381s] Level 1:colcon.colcon_core.environment:checking '/home/administrator/Masterproject2/20_ROS/src/Robots/install/meca500_hardware/lib/pkgconfig/meca500_hardware.pc'
[0.381s] Level 1:colcon.colcon_core.environment:checking '/home/administrator/Masterproject2/20_ROS/src/Robots/install/meca500_hardware/lib/python3.12/site-packages'
[0.382s] Level 1:colcon.colcon_core.environment:checking '/home/administrator/Masterproject2/20_ROS/src/Robots/install/meca500_hardware/bin'
[0.382s] INFO:colcon.colcon_core.shell:Creating package script '/home/administrator/Masterproject2/20_ROS/src/Robots/install/meca500_hardware/share/meca500_hardware/package.ps1'
[0.382s] INFO:colcon.colcon_core.shell:Creating package descriptor '/home/administrator/Masterproject2/20_ROS/src/Robots/install/meca500_hardware/share/meca500_hardware/package.dsv'
[0.383s] INFO:colcon.colcon_core.shell:Creating package script '/home/administrator/Masterproject2/20_ROS/src/Robots/install/meca500_hardware/share/meca500_hardware/package.sh'
[0.383s] INFO:colcon.colcon_core.shell:Creating package script '/home/administrator/Masterproject2/20_ROS/src/Robots/install/meca500_hardware/share/meca500_hardware/package.bash'
[0.383s] INFO:colcon.colcon_core.shell:Creating package script '/home/administrator/Masterproject2/20_ROS/src/Robots/install/meca500_hardware/share/meca500_hardware/package.zsh'
[0.384s] Level 1:colcon.colcon_core.environment:create_file_with_runtime_dependencies(/home/administrator/Masterproject2/20_ROS/src/Robots/install/meca500_hardware/share/colcon-core/packages/meca500_hardware)
[0.384s] Level 1:colcon.colcon_core.environment:create_environment_scripts_only(meca500_moveit_config)
[0.384s] Level 1:colcon.colcon_core.environment:checking '/home/administrator/Masterproject2/20_ROS/src/Robots/install/meca500_moveit_config' for CMake module files
[0.385s] Level 1:colcon.colcon_core.environment:checking '/home/administrator/Masterproject2/20_ROS/src/Robots/install/meca500_moveit_config' for CMake config files
[0.385s] Level 1:colcon.colcon_core.shell:create_environment_hook('meca500_moveit_config', 'cmake_prefix_path')
[0.386s] INFO:colcon.colcon_core.shell:Creating environment hook '/home/administrator/Masterproject2/20_ROS/src/Robots/install/meca500_moveit_config/share/meca500_moveit_config/hook/cmake_prefix_path.ps1'
[0.387s] INFO:colcon.colcon_core.shell:Creating environment descriptor '/home/administrator/Masterproject2/20_ROS/src/Robots/install/meca500_moveit_config/share/meca500_moveit_config/hook/cmake_prefix_path.dsv'
[0.387s] INFO:colcon.colcon_core.shell:Creating environment hook '/home/administrator/Masterproject2/20_ROS/src/Robots/install/meca500_moveit_config/share/meca500_moveit_config/hook/cmake_prefix_path.sh'
[0.387s] Level 1:colcon.colcon_core.environment:checking '/home/administrator/Masterproject2/20_ROS/src/Robots/install/meca500_moveit_config/bin'
[0.387s] Level 1:colcon.colcon_core.environment:checking '/home/administrator/Masterproject2/20_ROS/src/Robots/install/meca500_moveit_config/lib/pkgconfig/meca500_moveit_config.pc'
[0.387s] Level 1:colcon.colcon_core.environment:checking '/home/administrator/Masterproject2/20_ROS/src/Robots/install/meca500_moveit_config/lib/python3.12/site-packages'
[0.388s] Level 1:colcon.colcon_core.environment:checking '/home/administrator/Masterproject2/20_ROS/src/Robots/install/meca500_moveit_config/bin'
[0.388s] INFO:colcon.colcon_core.shell:Creating package script '/home/administrator/Masterproject2/20_ROS/src/Robots/install/meca500_moveit_config/share/meca500_moveit_config/package.ps1'
[0.388s] INFO:colcon.colcon_core.shell:Creating package descriptor '/home/administrator/Masterproject2/20_ROS/src/Robots/install/meca500_moveit_config/share/meca500_moveit_config/package.dsv'
[0.389s] INFO:colcon.colcon_core.shell:Creating package script '/home/administrator/Masterproject2/20_ROS/src/Robots/install/meca500_moveit_config/share/meca500_moveit_config/package.sh'
[0.389s] INFO:colcon.colcon_core.shell:Creating package script '/home/administrator/Masterproject2/20_ROS/src/Robots/install/meca500_moveit_config/share/meca500_moveit_config/package.bash'
[0.389s] INFO:colcon.colcon_core.shell:Creating package script '/home/administrator/Masterproject2/20_ROS/src/Robots/install/meca500_moveit_config/share/meca500_moveit_config/package.zsh'
[0.389s] Level 1:colcon.colcon_core.environment:create_file_with_runtime_dependencies(/home/administrator/Masterproject2/20_ROS/src/Robots/install/meca500_moveit_config/share/colcon-core/packages/meca500_moveit_config)
[0.390s] Level 1:colcon.colcon_core.environment:create_environment_scripts_only(meca500_moveit_config)
[0.386s] DEBUG:colcon.colcon_core.event_handler.log_command:Invoked command in '/home/administrator/Masterproject2/20_ROS/src/Robots/build/meca500_moveit_config' returned '0': CMAKE_PREFIX_PATH=${CMAKE_PREFIX_PATH}:/opt/ros/kilted DEBUGINFOD_URLS=https://debuginfod.ubuntu.com /usr/bin/cmake --install /home/administrator/Masterproject2/20_ROS/src/Robots/build/meca500_moveit_config
[0.390s] Level 1:colcon.colcon_core.environment:checking '/home/administrator/Masterproject2/20_ROS/src/Robots/install/meca500_moveit_config' for CMake module files
[0.391s] Level 1:colcon.colcon_core.environment:checking '/home/administrator/Masterproject2/20_ROS/src/Robots/install/meca500_moveit_config' for CMake config files
[0.392s] Level 1:colcon.colcon_core.shell:create_environment_hook('meca500_moveit_config', 'cmake_prefix_path')
[0.392s] INFO:colcon.colcon_core.shell:Creating environment hook '/home/administrator/Masterproject2/20_ROS/src/Robots/install/meca500_moveit_config/share/meca500_moveit_config/hook/cmake_prefix_path.ps1'
[0.392s] INFO:colcon.colcon_core.shell:Creating environment descriptor '/home/administrator/Masterproject2/20_ROS/src/Robots/install/meca500_moveit_config/share/meca500_moveit_config/hook/cmake_prefix_path.dsv'
[0.392s] INFO:colcon.colcon_core.shell:Creating environment hook '/home/administrator/Masterproject2/20_ROS/src/Robots/install/meca500_moveit_config/share/meca500_moveit_config/hook/cmake_prefix_path.sh'
[0.393s] Level 1:colcon.colcon_core.environment:checking '/home/administrator/Masterproject2/20_ROS/src/Robots/install/meca500_moveit_config/bin'
[0.393s] Level 1:colcon.colcon_core.environment:checking '/home/administrator/Masterproject2/20_ROS/src/Robots/install/meca500_moveit_config/lib/pkgconfig/meca500_moveit_config.pc'
[0.393s] Level 1:colcon.colcon_core.environment:checking '/home/administrator/Masterproject2/20_ROS/src/Robots/install/meca500_moveit_config/lib/python3.12/site-packages'
[0.393s] Level 1:colcon.colcon_core.environment:checking '/home/administrator/Masterproject2/20_ROS/src/Robots/install/meca500_moveit_config/bin'
[0.393s] INFO:colcon.colcon_core.shell:Creating package script '/home/administrator/Masterproject2/20_ROS/src/Robots/install/meca500_moveit_config/share/meca500_moveit_config/package.ps1'
[0.394s] INFO:colcon.colcon_core.shell:Creating package descriptor '/home/administrator/Masterproject2/20_ROS/src/Robots/install/meca500_moveit_config/share/meca500_moveit_config/package.dsv'
[0.394s] INFO:colcon.colcon_core.shell:Creating package script '/home/administrator/Masterproject2/20_ROS/src/Robots/install/meca500_moveit_config/share/meca500_moveit_config/package.sh'
[0.395s] INFO:colcon.colcon_core.shell:Creating package script '/home/administrator/Masterproject2/20_ROS/src/Robots/install/meca500_moveit_config/share/meca500_moveit_config/package.bash'
[0.395s] INFO:colcon.colcon_core.shell:Creating package script '/home/administrator/Masterproject2/20_ROS/src/Robots/install/meca500_moveit_config/share/meca500_moveit_config/package.zsh'
[0.395s] Level 1:colcon.colcon_core.environment:create_file_with_runtime_dependencies(/home/administrator/Masterproject2/20_ROS/src/Robots/install/meca500_moveit_config/share/colcon-core/packages/meca500_moveit_config)
[0.396s] INFO:colcon.colcon_ros.task.ament_cmake.build:Building ROS package in '/home/administrator/Masterproject2/20_ROS/src/Robots/Mecademic/meca500_bringup' with build type 'ament_cmake'
[0.400s] INFO:colcon.colcon_cmake.task.cmake.build:Building CMake package in '/home/administrator/Masterproject2/20_ROS/src/Robots/Mecademic/meca500_bringup'
[0.400s] INFO:colcon.colcon_core.shell:Skip shell extension 'powershell' for command environment: Not usable outside of PowerShell
[0.400s] DEBUG:colcon.colcon_core.shell:Skip shell extension 'dsv' for command environment
[0.617s] INFO:colcon.colcon_core.task.python.build:Building Python package in '/home/administrator/Masterproject2/20_ROS/src/Robots/Omron_AMR/src/om_aiv_navigation'
[0.617s] INFO:colcon.colcon_core.shell:Skip shell extension 'powershell' for command environment: Not usable outside of PowerShell
[0.617s] DEBUG:colcon.colcon_core.shell:Skip shell extension 'dsv' for command environment
[0.621s] DEBUG:colcon.colcon_core.event_handler.log_command:Invoked command in '/home/administrator/Masterproject2/20_ROS/src/Robots/build/ur_moveit_config' returned '0': AMENT_PREFIX_PATH=/home/administrator/Masterproject2/20_ROS/src/Robots/install/ur_description:${AMENT_PREFIX_PATH} CMAKE_PREFIX_PATH=/home/administrator/Masterproject2/20_ROS/src/Robots/install/ur_description:/opt/ros/kilted/opt/sdformat_vendor:/opt/ros/kilted/opt/gz_math_vendor:/opt/ros/kilted/opt/gz_utils_vendor:/opt/ros/kilted/opt/gz_tools_vendor:/opt/ros/kilted/opt/gz_cmake_vendor:/opt/ros/kilted DEBUGINFOD_URLS=https://debuginfod.ubuntu.com /usr/bin/cmake --build /home/administrator/Masterproject2/20_ROS/src/Robots/build/ur_moveit_config -- -j14 -l14
[0.622s] DEBUG:colcon.colcon_core.event_handler.log_command:Invoking command in '/home/administrator/Masterproject2/20_ROS/src/Robots/build/ur_moveit_config': AMENT_PREFIX_PATH=/home/administrator/Masterproject2/20_ROS/src/Robots/install/ur_description:${AMENT_PREFIX_PATH} CMAKE_PREFIX_PATH=/home/administrator/Masterproject2/20_ROS/src/Robots/install/ur_description:/opt/ros/kilted/opt/sdformat_vendor:/opt/ros/kilted/opt/gz_math_vendor:/opt/ros/kilted/opt/gz_utils_vendor:/opt/ros/kilted/opt/gz_tools_vendor:/opt/ros/kilted/opt/gz_cmake_vendor:/opt/ros/kilted DEBUGINFOD_URLS=https://debuginfod.ubuntu.com /usr/bin/cmake --install /home/administrator/Masterproject2/20_ROS/src/Robots/build/ur_moveit_config
[0.622s] DEBUG:colcon.colcon_core.event_handler.log_command:Invoked command in '/home/administrator/Masterproject2/20_ROS/src/Robots/build/my_ur_msgs' returned '0': CMAKE_PREFIX_PATH=${CMAKE_PREFIX_PATH}:/opt/ros/kilted DEBUGINFOD_URLS=https://debuginfod.ubuntu.com /usr/bin/cmake --build /home/administrator/Masterproject2/20_ROS/src/Robots/build/my_ur_msgs -- -j14 -l14
[0.623s] DEBUG:colcon.colcon_core.event_handler.log_command:Invoking command in '/home/administrator/Masterproject2/20_ROS/src/Robots/build/my_ur_msgs': CMAKE_PREFIX_PATH=${CMAKE_PREFIX_PATH}:/opt/ros/kilted DEBUGINFOD_URLS=https://debuginfod.ubuntu.com /usr/bin/cmake --install /home/administrator/Masterproject2/20_ROS/src/Robots/build/my_ur_msgs
[0.624s] DEBUG:colcon.colcon_core.event_handler.log_command:Invoked command in '/home/administrator/Masterproject2/20_ROS/src/Robots/build/mir_actions' returned '0': CMAKE_PREFIX_PATH=${CMAKE_PREFIX_PATH}:/opt/ros/kilted DEBUGINFOD_URLS=https://debuginfod.ubuntu.com /usr/bin/cmake --build /home/administrator/Masterproject2/20_ROS/src/Robots/build/mir_actions -- -j14 -l14
[0.625s] DEBUG:colcon.colcon_core.event_handler.log_command:Invoking command in '/home/administrator/Masterproject2/20_ROS/src/Robots/build/mir_actions': CMAKE_PREFIX_PATH=${CMAKE_PREFIX_PATH}:/opt/ros/kilted DEBUGINFOD_URLS=https://debuginfod.ubuntu.com /usr/bin/cmake --install /home/administrator/Masterproject2/20_ROS/src/Robots/build/mir_actions
[0.625s] DEBUG:colcon.colcon_core.event_handler.log_command:Invoked command in '/home/administrator/Masterproject2/20_ROS/src/Robots/build/om_aiv_msg' returned '0': CMAKE_PREFIX_PATH=${CMAKE_PREFIX_PATH}:/opt/ros/kilted DEBUGINFOD_URLS=https://debuginfod.ubuntu.com /usr/bin/cmake --build /home/administrator/Masterproject2/20_ROS/src/Robots/build/om_aiv_msg -- -j14 -l14
[0.625s] DEBUG:colcon.colcon_core.event_handler.log_command:Invoking command in '/home/administrator/Masterproject2/20_ROS/src/Robots/build/om_aiv_msg': CMAKE_PREFIX_PATH=${CMAKE_PREFIX_PATH}:/opt/ros/kilted DEBUGINFOD_URLS=https://debuginfod.ubuntu.com /usr/bin/cmake --install /home/administrator/Masterproject2/20_ROS/src/Robots/build/om_aiv_msg
[0.626s] DEBUG:colcon.colcon_core.event_handler.log_command:Invoked command in '/home/administrator/Masterproject2/20_ROS/src/Robots/build/sdc21x0' returned '0': CMAKE_PREFIX_PATH=${CMAKE_PREFIX_PATH}:/opt/ros/kilted DEBUGINFOD_URLS=https://debuginfod.ubuntu.com /usr/bin/cmake --build /home/administrator/Masterproject2/20_ROS/src/Robots/build/sdc21x0 -- -j14 -l14
[0.627s] DEBUG:colcon.colcon_core.event_handler.log_command:Invoking command in '/home/administrator/Masterproject2/20_ROS/src/Robots/build/sdc21x0': CMAKE_PREFIX_PATH=${CMAKE_PREFIX_PATH}:/opt/ros/kilted DEBUGINFOD_URLS=https://debuginfod.ubuntu.com /usr/bin/cmake --install /home/administrator/Masterproject2/20_ROS/src/Robots/build/sdc21x0
[0.628s] DEBUG:colcon.colcon_core.event_handler.log_command:Invoking command in '/home/administrator/Masterproject2/20_ROS/src/Robots/build/meca500_bringup': AMENT_PREFIX_PATH=/home/administrator/Masterproject2/20_ROS/src/Robots/install/meca500_hardware:/home/administrator/Masterproject2/20_ROS/src/Robots/install/meca500_description:${AMENT_PREFIX_PATH} CMAKE_PREFIX_PATH=/home/administrator/Masterproject2/20_ROS/src/Robots/install/meca500_hardware:/home/administrator/Masterproject2/20_ROS/src/Robots/install/meca500_description:/opt/ros/kilted/opt/sdformat_vendor:/opt/ros/kilted/opt/gz_math_vendor:/opt/ros/kilted/opt/gz_utils_vendor:/opt/ros/kilted/opt/gz_tools_vendor:/opt/ros/kilted/opt/gz_cmake_vendor:/opt/ros/kilted DEBUGINFOD_URLS=https://debuginfod.ubuntu.com LD_LIBRARY_PATH=/home/administrator/Masterproject2/20_ROS/src/Robots/install/meca500_hardware/lib:${LD_LIBRARY_PATH} /usr/bin/cmake --build /home/administrator/Masterproject2/20_ROS/src/Robots/build/meca500_bringup -- -j14 -l14
[0.644s] Level 1:colcon.colcon_core.environment:create_environment_scripts_only(ur_moveit_config)
[0.644s] Level 1:colcon.colcon_core.environment:checking '/home/administrator/Masterproject2/20_ROS/src/Robots/install/ur_moveit_config' for CMake module files
[0.645s] Level 1:colcon.colcon_core.environment:checking '/home/administrator/Masterproject2/20_ROS/src/Robots/install/ur_moveit_config' for CMake config files
[0.645s] Level 1:colcon.colcon_core.shell:create_environment_hook('ur_moveit_config', 'cmake_prefix_path')
[0.645s] INFO:colcon.colcon_core.shell:Creating environment hook '/home/administrator/Masterproject2/20_ROS/src/Robots/install/ur_moveit_config/share/ur_moveit_config/hook/cmake_prefix_path.ps1'
[0.647s] INFO:colcon.colcon_core.shell:Creating environment descriptor '/home/administrator/Masterproject2/20_ROS/src/Robots/install/ur_moveit_config/share/ur_moveit_config/hook/cmake_prefix_path.dsv'
[0.648s] INFO:colcon.colcon_core.shell:Creating environment hook '/home/administrator/Masterproject2/20_ROS/src/Robots/install/ur_moveit_config/share/ur_moveit_config/hook/cmake_prefix_path.sh'
[0.649s] Level 1:colcon.colcon_core.environment:checking '/home/administrator/Masterproject2/20_ROS/src/Robots/install/ur_moveit_config/bin'
[0.650s] Level 1:colcon.colcon_core.environment:checking '/home/administrator/Masterproject2/20_ROS/src/Robots/install/ur_moveit_config/lib/pkgconfig/ur_moveit_config.pc'
[0.650s] Level 1:colcon.colcon_core.environment:checking '/home/administrator/Masterproject2/20_ROS/src/Robots/install/ur_moveit_config/lib/python3.12/site-packages'
[0.651s] Level 1:colcon.colcon_core.environment:checking '/home/administrator/Masterproject2/20_ROS/src/Robots/install/ur_moveit_config/bin'
[0.651s] INFO:colcon.colcon_core.shell:Creating package script '/home/administrator/Masterproject2/20_ROS/src/Robots/install/ur_moveit_config/share/ur_moveit_config/package.ps1'
[0.663s] INFO:colcon.colcon_core.shell:Creating package descriptor '/home/administrator/Masterproject2/20_ROS/src/Robots/install/ur_moveit_config/share/ur_moveit_config/package.dsv'
[0.663s] INFO:colcon.colcon_core.shell:Creating package script '/home/administrator/Masterproject2/20_ROS/src/Robots/install/ur_moveit_config/share/ur_moveit_config/package.sh'
[0.664s] INFO:colcon.colcon_core.shell:Creating package script '/home/administrator/Masterproject2/20_ROS/src/Robots/install/ur_moveit_config/share/ur_moveit_config/package.bash'
[0.667s] INFO:colcon.colcon_core.shell:Creating package script '/home/administrator/Masterproject2/20_ROS/src/Robots/install/ur_moveit_config/share/ur_moveit_config/package.zsh'
[0.668s] Level 1:colcon.colcon_core.environment:create_file_with_runtime_dependencies(/home/administrator/Masterproject2/20_ROS/src/Robots/install/ur_moveit_config/share/colcon-core/packages/ur_moveit_config)
[0.668s] Level 1:colcon.colcon_core.environment:create_environment_scripts_only(ur_moveit_config)
[0.668s] Level 1:colcon.colcon_core.environment:checking '/home/administrator/Masterproject2/20_ROS/src/Robots/install/ur_moveit_config' for CMake module files
[0.669s] Level 1:colcon.colcon_core.environment:checking '/home/administrator/Masterproject2/20_ROS/src/Robots/install/ur_moveit_config' for CMake config files
[0.669s] Level 1:colcon.colcon_core.shell:create_environment_hook('ur_moveit_config', 'cmake_prefix_path')
[0.669s] INFO:colcon.colcon_core.shell:Creating environment hook '/home/administrator/Masterproject2/20_ROS/src/Robots/install/ur_moveit_config/share/ur_moveit_config/hook/cmake_prefix_path.ps1'
[0.670s] INFO:colcon.colcon_core.shell:Creating environment descriptor '/home/administrator/Masterproject2/20_ROS/src/Robots/install/ur_moveit_config/share/ur_moveit_config/hook/cmake_prefix_path.dsv'
[0.671s] INFO:colcon.colcon_core.shell:Creating environment hook '/home/administrator/Masterproject2/20_ROS/src/Robots/install/ur_moveit_config/share/ur_moveit_config/hook/cmake_prefix_path.sh'
[0.673s] Level 1:colcon.colcon_core.environment:checking '/home/administrator/Masterproject2/20_ROS/src/Robots/install/ur_moveit_config/bin'
[0.673s] Level 1:colcon.colcon_core.environment:checking '/home/administrator/Masterproject2/20_ROS/src/Robots/install/ur_moveit_config/lib/pkgconfig/ur_moveit_config.pc'
[0.674s] Level 1:colcon.colcon_core.environment:checking '/home/administrator/Masterproject2/20_ROS/src/Robots/install/ur_moveit_config/lib/python3.12/site-packages'
[0.674s] Level 1:colcon.colcon_core.environment:checking '/home/administrator/Masterproject2/20_ROS/src/Robots/install/ur_moveit_config/bin'
[0.674s] INFO:colcon.colcon_core.shell:Creating package script '/home/administrator/Masterproject2/20_ROS/src/Robots/install/ur_moveit_config/share/ur_moveit_config/package.ps1'
[0.675s] INFO:colcon.colcon_core.shell:Creating package descriptor '/home/administrator/Masterproject2/20_ROS/src/Robots/install/ur_moveit_config/share/ur_moveit_config/package.dsv'
[0.683s] INFO:colcon.colcon_core.shell:Creating package script '/home/administrator/Masterproject2/20_ROS/src/Robots/install/ur_moveit_config/share/ur_moveit_config/package.sh'
[0.690s] INFO:colcon.colcon_core.shell:Creating package script '/home/administrator/Masterproject2/20_ROS/src/Robots/install/ur_moveit_config/share/ur_moveit_config/package.bash'
[0.692s] INFO:colcon.colcon_core.shell:Creating package script '/home/administrator/Masterproject2/20_ROS/src/Robots/install/ur_moveit_config/share/ur_moveit_config/package.zsh'
[0.693s] Level 1:colcon.colcon_core.environment:create_file_with_runtime_dependencies(/home/administrator/Masterproject2/20_ROS/src/Robots/install/ur_moveit_config/share/colcon-core/packages/ur_moveit_config)
[0.701s] Level 1:colcon.colcon_core.environment:create_environment_scripts_only(my_ur_msgs)
[0.701s] Level 1:colcon.colcon_core.environment:checking '/home/administrator/Masterproject2/20_ROS/src/Robots/install/my_ur_msgs' for CMake module files
[0.703s] Level 1:colcon.colcon_core.environment:checking '/home/administrator/Masterproject2/20_ROS/src/Robots/install/my_ur_msgs' for CMake config files
[0.704s] Level 1:colcon.colcon_core.shell:create_environment_hook('my_ur_msgs', 'cmake_prefix_path')
[0.704s] INFO:colcon.colcon_core.shell:Creating environment hook '/home/administrator/Masterproject2/20_ROS/src/Robots/install/my_ur_msgs/share/my_ur_msgs/hook/cmake_prefix_path.ps1'
[0.708s] INFO:colcon.colcon_core.shell:Creating environment descriptor '/home/administrator/Masterproject2/20_ROS/src/Robots/install/my_ur_msgs/share/my_ur_msgs/hook/cmake_prefix_path.dsv'
[0.708s] INFO:colcon.colcon_core.shell:Creating environment hook '/home/administrator/Masterproject2/20_ROS/src/Robots/install/my_ur_msgs/share/my_ur_msgs/hook/cmake_prefix_path.sh'
[0.709s] Level 1:colcon.colcon_core.environment:checking '/home/administrator/Masterproject2/20_ROS/src/Robots/install/my_ur_msgs/lib'
[0.709s] Level 1:colcon.colcon_core.shell:create_environment_hook('my_ur_msgs', 'ld_library_path_lib')
[0.711s] INFO:colcon.colcon_core.shell:Creating environment hook '/home/administrator/Masterproject2/20_ROS/src/Robots/install/my_ur_msgs/share/my_ur_msgs/hook/ld_library_path_lib.ps1'
[0.711s] INFO:colcon.colcon_core.shell:Creating environment descriptor '/home/administrator/Masterproject2/20_ROS/src/Robots/install/my_ur_msgs/share/my_ur_msgs/hook/ld_library_path_lib.dsv'
[0.711s] INFO:colcon.colcon_core.shell:Creating environment hook '/home/administrator/Masterproject2/20_ROS/src/Robots/install/my_ur_msgs/share/my_ur_msgs/hook/ld_library_path_lib.sh'
[0.712s] Level 1:colcon.colcon_core.environment:checking '/home/administrator/Masterproject2/20_ROS/src/Robots/install/my_ur_msgs/bin'
[0.712s] Level 1:colcon.colcon_core.environment:checking '/home/administrator/Masterproject2/20_ROS/src/Robots/install/my_ur_msgs/lib/pkgconfig/my_ur_msgs.pc'
[0.712s] Level 1:colcon.colcon_core.environment:checking '/home/administrator/Masterproject2/20_ROS/src/Robots/install/my_ur_msgs/lib/python3.12/site-packages'
[0.713s] Level 1:colcon.colcon_core.shell:create_environment_hook('my_ur_msgs', 'pythonpath')
[0.715s] INFO:colcon.colcon_core.shell:Creating environment hook '/home/administrator/Masterproject2/20_ROS/src/Robots/install/my_ur_msgs/share/my_ur_msgs/hook/pythonpath.ps1'
[0.715s] INFO:colcon.colcon_core.shell:Creating environment descriptor '/home/administrator/Masterproject2/20_ROS/src/Robots/install/my_ur_msgs/share/my_ur_msgs/hook/pythonpath.dsv'
[0.716s] DEBUG:colcon.colcon_core.event_handler.log_command:Invoked command in '/home/administrator/Masterproject2/20_ROS/src/Robots/build/ur_moveit_config' returned '0': AMENT_PREFIX_PATH=/home/administrator/Masterproject2/20_ROS/src/Robots/install/ur_description:${AMENT_PREFIX_PATH} CMAKE_PREFIX_PATH=/home/administrator/Masterproject2/20_ROS/src/Robots/install/ur_description:/opt/ros/kilted/opt/sdformat_vendor:/opt/ros/kilted/opt/gz_math_vendor:/opt/ros/kilted/opt/gz_utils_vendor:/opt/ros/kilted/opt/gz_tools_vendor:/opt/ros/kilted/opt/gz_cmake_vendor:/opt/ros/kilted DEBUGINFOD_URLS=https://debuginfod.ubuntu.com /usr/bin/cmake --install /home/administrator/Masterproject2/20_ROS/src/Robots/build/ur_moveit_config
[0.716s] INFO:colcon.colcon_core.shell:Creating environment hook '/home/administrator/Masterproject2/20_ROS/src/Robots/install/my_ur_msgs/share/my_ur_msgs/hook/pythonpath.sh'
[0.718s] Level 1:colcon.colcon_core.environment:checking '/home/administrator/Masterproject2/20_ROS/src/Robots/install/my_ur_msgs/bin'
[0.718s] INFO:colcon.colcon_core.shell:Creating package script '/home/administrator/Masterproject2/20_ROS/src/Robots/install/my_ur_msgs/share/my_ur_msgs/package.ps1'
[0.719s] INFO:colcon.colcon_core.shell:Creating package descriptor '/home/administrator/Masterproject2/20_ROS/src/Robots/install/my_ur_msgs/share/my_ur_msgs/package.dsv'
[0.724s] INFO:colcon.colcon_core.shell:Creating package script '/home/administrator/Masterproject2/20_ROS/src/Robots/install/my_ur_msgs/share/my_ur_msgs/package.sh'
[0.725s] INFO:colcon.colcon_core.shell:Creating package script '/home/administrator/Masterproject2/20_ROS/src/Robots/install/my_ur_msgs/share/my_ur_msgs/package.bash'
[0.725s] INFO:colcon.colcon_core.shell:Creating package script '/home/administrator/Masterproject2/20_ROS/src/Robots/install/my_ur_msgs/share/my_ur_msgs/package.zsh'
[0.726s] Level 1:colcon.colcon_core.environment:create_file_with_runtime_dependencies(/home/administrator/Masterproject2/20_ROS/src/Robots/install/my_ur_msgs/share/colcon-core/packages/my_ur_msgs)
[0.726s] Level 1:colcon.colcon_core.environment:create_environment_scripts_only(my_ur_msgs)
[0.726s] Level 1:colcon.colcon_core.environment:checking '/home/administrator/Masterproject2/20_ROS/src/Robots/install/my_ur_msgs' for CMake module files
[0.727s] Level 1:colcon.colcon_core.environment:checking '/home/administrator/Masterproject2/20_ROS/src/Robots/install/my_ur_msgs' for CMake config files
[0.727s] Level 1:colcon.colcon_core.shell:create_environment_hook('my_ur_msgs', 'cmake_prefix_path')
[0.727s] INFO:colcon.colcon_core.shell:Creating environment hook '/home/administrator/Masterproject2/20_ROS/src/Robots/install/my_ur_msgs/share/my_ur_msgs/hook/cmake_prefix_path.ps1'
[0.727s] INFO:colcon.colcon_core.shell:Creating environment descriptor '/home/administrator/Masterproject2/20_ROS/src/Robots/install/my_ur_msgs/share/my_ur_msgs/hook/cmake_prefix_path.dsv'
[0.728s] INFO:colcon.colcon_core.shell:Creating environment hook '/home/administrator/Masterproject2/20_ROS/src/Robots/install/my_ur_msgs/share/my_ur_msgs/hook/cmake_prefix_path.sh'
[0.735s] Level 1:colcon.colcon_core.environment:checking '/home/administrator/Masterproject2/20_ROS/src/Robots/install/my_ur_msgs/lib'
[0.735s] Level 1:colcon.colcon_core.shell:create_environment_hook('my_ur_msgs', 'ld_library_path_lib')
[0.737s] INFO:colcon.colcon_core.shell:Creating environment hook '/home/administrator/Masterproject2/20_ROS/src/Robots/install/my_ur_msgs/share/my_ur_msgs/hook/ld_library_path_lib.ps1'
[0.738s] INFO:colcon.colcon_core.shell:Creating environment descriptor '/home/administrator/Masterproject2/20_ROS/src/Robots/install/my_ur_msgs/share/my_ur_msgs/hook/ld_library_path_lib.dsv'
[0.738s] INFO:colcon.colcon_core.shell:Creating environment hook '/home/administrator/Masterproject2/20_ROS/src/Robots/install/my_ur_msgs/share/my_ur_msgs/hook/ld_library_path_lib.sh'
[0.739s] Level 1:colcon.colcon_core.environment:checking '/home/administrator/Masterproject2/20_ROS/src/Robots/install/my_ur_msgs/bin'
[0.739s] Level 1:colcon.colcon_core.environment:checking '/home/administrator/Masterproject2/20_ROS/src/Robots/install/my_ur_msgs/lib/pkgconfig/my_ur_msgs.pc'
[0.739s] Level 1:colcon.colcon_core.environment:checking '/home/administrator/Masterproject2/20_ROS/src/Robots/install/my_ur_msgs/lib/python3.12/site-packages'
[0.739s] Level 1:colcon.colcon_core.shell:create_environment_hook('my_ur_msgs', 'pythonpath')
[0.740s] INFO:colcon.colcon_core.shell:Creating environment hook '/home/administrator/Masterproject2/20_ROS/src/Robots/install/my_ur_msgs/share/my_ur_msgs/hook/pythonpath.ps1'
[0.740s] INFO:colcon.colcon_core.shell:Creating environment descriptor '/home/administrator/Masterproject2/20_ROS/src/Robots/install/my_ur_msgs/share/my_ur_msgs/hook/pythonpath.dsv'
[0.745s] INFO:colcon.colcon_core.shell:Creating environment hook '/home/administrator/Masterproject2/20_ROS/src/Robots/install/my_ur_msgs/share/my_ur_msgs/hook/pythonpath.sh'
[0.746s] Level 1:colcon.colcon_core.environment:checking '/home/administrator/Masterproject2/20_ROS/src/Robots/install/my_ur_msgs/bin'
[0.746s] INFO:colcon.colcon_core.shell:Creating package script '/home/administrator/Masterproject2/20_ROS/src/Robots/install/my_ur_msgs/share/my_ur_msgs/package.ps1'
[0.747s] INFO:colcon.colcon_core.shell:Creating package descriptor '/home/administrator/Masterproject2/20_ROS/src/Robots/install/my_ur_msgs/share/my_ur_msgs/package.dsv'
[0.748s] INFO:colcon.colcon_core.shell:Creating package script '/home/administrator/Masterproject2/20_ROS/src/Robots/install/my_ur_msgs/share/my_ur_msgs/package.sh'
[0.748s] INFO:colcon.colcon_core.shell:Creating package script '/home/administrator/Masterproject2/20_ROS/src/Robots/install/my_ur_msgs/share/my_ur_msgs/package.bash'
[0.749s] INFO:colcon.colcon_core.shell:Creating package script '/home/administrator/Masterproject2/20_ROS/src/Robots/install/my_ur_msgs/share/my_ur_msgs/package.zsh'
[0.749s] Level 1:colcon.colcon_core.environment:create_file_with_runtime_dependencies(/home/administrator/Masterproject2/20_ROS/src/Robots/install/my_ur_msgs/share/colcon-core/packages/my_ur_msgs)
[0.756s] Level 1:colcon.colcon_core.environment:create_environment_scripts_only(mir_actions)
[0.757s] Level 1:colcon.colcon_core.environment:checking '/home/administrator/Masterproject2/20_ROS/src/Robots/install/mir_actions' for CMake module files
[0.758s] Level 1:colcon.colcon_core.environment:checking '/home/administrator/Masterproject2/20_ROS/src/Robots/install/mir_actions' for CMake config files
[0.758s] Level 1:colcon.colcon_core.shell:create_environment_hook('mir_actions', 'cmake_prefix_path')
[0.758s] INFO:colcon.colcon_core.shell:Creating environment hook '/home/administrator/Masterproject2/20_ROS/src/Robots/install/mir_actions/share/mir_actions/hook/cmake_prefix_path.ps1'
[0.758s] INFO:colcon.colcon_core.shell:Creating environment descriptor '/home/administrator/Masterproject2/20_ROS/src/Robots/install/mir_actions/share/mir_actions/hook/cmake_prefix_path.dsv'
[0.759s] INFO:colcon.colcon_core.shell:Creating environment hook '/home/administrator/Masterproject2/20_ROS/src/Robots/install/mir_actions/share/mir_actions/hook/cmake_prefix_path.sh'
[0.759s] Level 1:colcon.colcon_core.environment:checking '/home/administrator/Masterproject2/20_ROS/src/Robots/install/mir_actions/lib'
[0.759s] Level 1:colcon.colcon_core.shell:create_environment_hook('mir_actions', 'ld_library_path_lib')
[0.759s] INFO:colcon.colcon_core.shell:Creating environment hook '/home/administrator/Masterproject2/20_ROS/src/Robots/install/mir_actions/share/mir_actions/hook/ld_library_path_lib.ps1'
[0.759s] INFO:colcon.colcon_core.shell:Creating environment descriptor '/home/administrator/Masterproject2/20_ROS/src/Robots/install/mir_actions/share/mir_actions/hook/ld_library_path_lib.dsv'
[0.760s] INFO:colcon.colcon_core.shell:Creating environment hook '/home/administrator/Masterproject2/20_ROS/src/Robots/install/mir_actions/share/mir_actions/hook/ld_library_path_lib.sh'
[0.760s] Level 1:colcon.colcon_core.environment:checking '/home/administrator/Masterproject2/20_ROS/src/Robots/install/mir_actions/bin'
[0.760s] Level 1:colcon.colcon_core.environment:checking '/home/administrator/Masterproject2/20_ROS/src/Robots/install/mir_actions/lib/pkgconfig/mir_actions.pc'
[0.760s] Level 1:colcon.colcon_core.environment:checking '/home/administrator/Masterproject2/20_ROS/src/Robots/install/mir_actions/lib/python3.12/site-packages'
[0.760s] Level 1:colcon.colcon_core.shell:create_environment_hook('mir_actions', 'pythonpath')
[0.760s] INFO:colcon.colcon_core.shell:Creating environment hook '/home/administrator/Masterproject2/20_ROS/src/Robots/install/mir_actions/share/mir_actions/hook/pythonpath.ps1'
[0.761s] INFO:colcon.colcon_core.shell:Creating environment descriptor '/home/administrator/Masterproject2/20_ROS/src/Robots/install/mir_actions/share/mir_actions/hook/pythonpath.dsv'
[0.761s] INFO:colcon.colcon_core.shell:Creating environment hook '/home/administrator/Masterproject2/20_ROS/src/Robots/install/mir_actions/share/mir_actions/hook/pythonpath.sh'
[0.762s] DEBUG:colcon.colcon_core.event_handler.log_command:Invoked command in '/home/administrator/Masterproject2/20_ROS/src/Robots/build/my_ur_msgs' returned '0': CMAKE_PREFIX_PATH=${CMAKE_PREFIX_PATH}:/opt/ros/kilted DEBUGINFOD_URLS=https://debuginfod.ubuntu.com /usr/bin/cmake --install /home/administrator/Masterproject2/20_ROS/src/Robots/build/my_ur_msgs
[0.763s] Level 1:colcon.colcon_core.environment:checking '/home/administrator/Masterproject2/20_ROS/src/Robots/install/mir_actions/bin'
[0.764s] INFO:colcon.colcon_core.shell:Creating package script '/home/administrator/Masterproject2/20_ROS/src/Robots/install/mir_actions/share/mir_actions/package.ps1'
[0.765s] INFO:colcon.colcon_core.shell:Creating package descriptor '/home/administrator/Masterproject2/20_ROS/src/Robots/install/mir_actions/share/mir_actions/package.dsv'
[0.765s] INFO:colcon.colcon_core.shell:Creating package script '/home/administrator/Masterproject2/20_ROS/src/Robots/install/mir_actions/share/mir_actions/package.sh'
[0.766s] INFO:colcon.colcon_core.shell:Creating package script '/home/administrator/Masterproject2/20_ROS/src/Robots/install/mir_actions/share/mir_actions/package.bash'
[0.766s] DEBUG:colcon.colcon_core.event_handler.log_command:Invoked command in '/home/administrator/Masterproject2/20_ROS/src/Robots/build/ur_dashboard_msgs' returned '0': CMAKE_PREFIX_PATH=${CMAKE_PREFIX_PATH}:/opt/ros/kilted DEBUGINFOD_URLS=https://debuginfod.ubuntu.com /usr/bin/cmake --build /home/administrator/Masterproject2/20_ROS/src/Robots/build/ur_dashboard_msgs -- -j14 -l14
[0.766s] DEBUG:colcon.colcon_core.event_handler.log_command:Invoking command in '/home/administrator/Masterproject2/20_ROS/src/Robots/build/ur_dashboard_msgs': CMAKE_PREFIX_PATH=${CMAKE_PREFIX_PATH}:/opt/ros/kilted DEBUGINFOD_URLS=https://debuginfod.ubuntu.com /usr/bin/cmake --install /home/administrator/Masterproject2/20_ROS/src/Robots/build/ur_dashboard_msgs
[0.766s] DEBUG:colcon.colcon_core.event_handler.log_command:Invoked command in '/home/administrator/Masterproject2/20_ROS/src/Robots/build/mir_msgs' returned '0': CMAKE_PREFIX_PATH=${CMAKE_PREFIX_PATH}:/opt/ros/kilted DEBUGINFOD_URLS=https://debuginfod.ubuntu.com /usr/bin/cmake --build /home/administrator/Masterproject2/20_ROS/src/Robots/build/mir_msgs -- -j14 -l14
[0.766s] DEBUG:colcon.colcon_core.event_handler.log_command:Invoking command in '/home/administrator/Masterproject2/20_ROS/src/Robots/build/mir_msgs': CMAKE_PREFIX_PATH=${CMAKE_PREFIX_PATH}:/opt/ros/kilted DEBUGINFOD_URLS=https://debuginfod.ubuntu.com /usr/bin/cmake --install /home/administrator/Masterproject2/20_ROS/src/Robots/build/mir_msgs
[0.767s] DEBUG:colcon.colcon_core.event_handler.log_command:Invoked command in '/home/administrator/Masterproject2/20_ROS/src/Robots/build/mir_actions' returned '0': CMAKE_PREFIX_PATH=${CMAKE_PREFIX_PATH}:/opt/ros/kilted DEBUGINFOD_URLS=https://debuginfod.ubuntu.com /usr/bin/cmake --install /home/administrator/Masterproject2/20_ROS/src/Robots/build/mir_actions
[0.767s] INFO:colcon.colcon_core.shell:Creating package script '/home/administrator/Masterproject2/20_ROS/src/Robots/install/mir_actions/share/mir_actions/package.zsh'
[0.768s] Level 1:colcon.colcon_core.environment:create_file_with_runtime_dependencies(/home/administrator/Masterproject2/20_ROS/src/Robots/install/mir_actions/share/colcon-core/packages/mir_actions)
[0.770s] Level 1:colcon.colcon_core.environment:create_environment_scripts_only(mir_actions)
[0.770s] Level 1:colcon.colcon_core.environment:checking '/home/administrator/Masterproject2/20_ROS/src/Robots/install/mir_actions' for CMake module files
[0.771s] Level 1:colcon.colcon_core.environment:checking '/home/administrator/Masterproject2/20_ROS/src/Robots/install/mir_actions' for CMake config files
[0.775s] Level 1:colcon.colcon_core.shell:create_environment_hook('mir_actions', 'cmake_prefix_path')
[0.775s] INFO:colcon.colcon_core.shell:Creating environment hook '/home/administrator/Masterproject2/20_ROS/src/Robots/install/mir_actions/share/mir_actions/hook/cmake_prefix_path.ps1'
[0.776s] INFO:colcon.colcon_core.shell:Creating environment descriptor '/home/administrator/Masterproject2/20_ROS/src/Robots/install/mir_actions/share/mir_actions/hook/cmake_prefix_path.dsv'
[0.777s] INFO:colcon.colcon_core.shell:Creating environment hook '/home/administrator/Masterproject2/20_ROS/src/Robots/install/mir_actions/share/mir_actions/hook/cmake_prefix_path.sh'
[0.778s] Level 1:colcon.colcon_core.environment:checking '/home/administrator/Masterproject2/20_ROS/src/Robots/install/mir_actions/lib'
[0.779s] Level 1:colcon.colcon_core.shell:create_environment_hook('mir_actions', 'ld_library_path_lib')
[0.779s] INFO:colcon.colcon_core.shell:Creating environment hook '/home/administrator/Masterproject2/20_ROS/src/Robots/install/mir_actions/share/mir_actions/hook/ld_library_path_lib.ps1'
[0.781s] INFO:colcon.colcon_core.shell:Creating environment descriptor '/home/administrator/Masterproject2/20_ROS/src/Robots/install/mir_actions/share/mir_actions/hook/ld_library_path_lib.dsv'
[0.782s] INFO:colcon.colcon_core.shell:Creating environment hook '/home/administrator/Masterproject2/20_ROS/src/Robots/install/mir_actions/share/mir_actions/hook/ld_library_path_lib.sh'
[0.783s] Level 1:colcon.colcon_core.environment:checking '/home/administrator/Masterproject2/20_ROS/src/Robots/install/mir_actions/bin'
[0.783s] Level 1:colcon.colcon_core.environment:checking '/home/administrator/Masterproject2/20_ROS/src/Robots/install/mir_actions/lib/pkgconfig/mir_actions.pc'
[0.783s] Level 1:colcon.colcon_core.environment:checking '/home/administrator/Masterproject2/20_ROS/src/Robots/install/mir_actions/lib/python3.12/site-packages'
[0.784s] Level 1:colcon.colcon_core.shell:create_environment_hook('mir_actions', 'pythonpath')
[0.784s] INFO:colcon.colcon_core.shell:Creating environment hook '/home/administrator/Masterproject2/20_ROS/src/Robots/install/mir_actions/share/mir_actions/hook/pythonpath.ps1'
[0.785s] INFO:colcon.colcon_core.shell:Creating environment descriptor '/home/administrator/Masterproject2/20_ROS/src/Robots/install/mir_actions/share/mir_actions/hook/pythonpath.dsv'
[0.786s] INFO:colcon.colcon_core.shell:Creating environment hook '/home/administrator/Masterproject2/20_ROS/src/Robots/install/mir_actions/share/mir_actions/hook/pythonpath.sh'
[0.787s] Level 1:colcon.colcon_core.environment:checking '/home/administrator/Masterproject2/20_ROS/src/Robots/install/mir_actions/bin'
[0.787s] INFO:colcon.colcon_core.shell:Creating package script '/home/administrator/Masterproject2/20_ROS/src/Robots/install/mir_actions/share/mir_actions/package.ps1'
[0.788s] INFO:colcon.colcon_core.shell:Creating package descriptor '/home/administrator/Masterproject2/20_ROS/src/Robots/install/mir_actions/share/mir_actions/package.dsv'
[0.789s] INFO:colcon.colcon_core.shell:Creating package script '/home/administrator/Masterproject2/20_ROS/src/Robots/install/mir_actions/share/mir_actions/package.sh'
[0.790s] INFO:colcon.colcon_core.shell:Creating package script '/home/administrator/Masterproject2/20_ROS/src/Robots/install/mir_actions/share/mir_actions/package.bash'
[0.791s] INFO:colcon.colcon_core.shell:Creating package script '/home/administrator/Masterproject2/20_ROS/src/Robots/install/mir_actions/share/mir_actions/package.zsh'
[0.792s] Level 1:colcon.colcon_core.environment:create_file_with_runtime_dependencies(/home/administrator/Masterproject2/20_ROS/src/Robots/install/mir_actions/share/colcon-core/packages/mir_actions)
[0.796s] Level 1:colcon.colcon_core.environment:create_environment_scripts_only(sdc21x0)
[0.796s] Level 1:colcon.colcon_core.environment:checking '/home/administrator/Masterproject2/20_ROS/src/Robots/install/sdc21x0' for CMake module files
[0.799s] Level 1:colcon.colcon_core.environment:checking '/home/administrator/Masterproject2/20_ROS/src/Robots/install/sdc21x0' for CMake config files
[0.801s] Level 1:colcon.colcon_core.shell:create_environment_hook('sdc21x0', 'cmake_prefix_path')
[0.802s] INFO:colcon.colcon_core.shell:Creating environment hook '/home/administrator/Masterproject2/20_ROS/src/Robots/install/sdc21x0/share/sdc21x0/hook/cmake_prefix_path.ps1'
[0.802s] INFO:colcon.colcon_core.shell:Creating environment descriptor '/home/administrator/Masterproject2/20_ROS/src/Robots/install/sdc21x0/share/sdc21x0/hook/cmake_prefix_path.dsv'
[0.803s] INFO:colcon.colcon_core.shell:Creating environment hook '/home/administrator/Masterproject2/20_ROS/src/Robots/install/sdc21x0/share/sdc21x0/hook/cmake_prefix_path.sh'
[0.804s] Level 1:colcon.colcon_core.environment:checking '/home/administrator/Masterproject2/20_ROS/src/Robots/install/sdc21x0/lib'
[0.805s] Level 1:colcon.colcon_core.shell:create_environment_hook('sdc21x0', 'ld_library_path_lib')
[0.806s] INFO:colcon.colcon_core.shell:Creating environment hook '/home/administrator/Masterproject2/20_ROS/src/Robots/install/sdc21x0/share/sdc21x0/hook/ld_library_path_lib.ps1'
[0.807s] INFO:colcon.colcon_core.shell:Creating environment descriptor '/home/administrator/Masterproject2/20_ROS/src/Robots/install/sdc21x0/share/sdc21x0/hook/ld_library_path_lib.dsv'
[0.809s] INFO:colcon.colcon_core.shell:Creating environment hook '/home/administrator/Masterproject2/20_ROS/src/Robots/install/sdc21x0/share/sdc21x0/hook/ld_library_path_lib.sh'
[0.809s] Level 1:colcon.colcon_core.environment:checking '/home/administrator/Masterproject2/20_ROS/src/Robots/install/sdc21x0/bin'
[0.810s] Level 1:colcon.colcon_core.environment:checking '/home/administrator/Masterproject2/20_ROS/src/Robots/install/sdc21x0/lib/pkgconfig/sdc21x0.pc'
[0.810s] Level 1:colcon.colcon_core.environment:checking '/home/administrator/Masterproject2/20_ROS/src/Robots/install/sdc21x0/lib/python3.12/site-packages'
[0.810s] Level 1:colcon.colcon_core.shell:create_environment_hook('sdc21x0', 'pythonpath')
[0.810s] INFO:colcon.colcon_core.shell:Creating environment hook '/home/administrator/Masterproject2/20_ROS/src/Robots/install/sdc21x0/share/sdc21x0/hook/pythonpath.ps1'
[0.811s] INFO:colcon.colcon_core.shell:Creating environment descriptor '/home/administrator/Masterproject2/20_ROS/src/Robots/install/sdc21x0/share/sdc21x0/hook/pythonpath.dsv'
[0.812s] INFO:colcon.colcon_core.shell:Creating environment hook '/home/administrator/Masterproject2/20_ROS/src/Robots/install/sdc21x0/share/sdc21x0/hook/pythonpath.sh'
[0.812s] Level 1:colcon.colcon_core.environment:checking '/home/administrator/Masterproject2/20_ROS/src/Robots/install/sdc21x0/bin'
[0.812s] INFO:colcon.colcon_core.shell:Creating package script '/home/administrator/Masterproject2/20_ROS/src/Robots/install/sdc21x0/share/sdc21x0/package.ps1'
[0.813s] INFO:colcon.colcon_core.shell:Creating package descriptor '/home/administrator/Masterproject2/20_ROS/src/Robots/install/sdc21x0/share/sdc21x0/package.dsv'
[0.813s] INFO:colcon.colcon_core.shell:Creating package script '/home/administrator/Masterproject2/20_ROS/src/Robots/install/sdc21x0/share/sdc21x0/package.sh'
[0.814s] INFO:colcon.colcon_core.shell:Creating package script '/home/administrator/Masterproject2/20_ROS/src/Robots/install/sdc21x0/share/sdc21x0/package.bash'
[0.814s] INFO:colcon.colcon_core.shell:Creating package script '/home/administrator/Masterproject2/20_ROS/src/Robots/install/sdc21x0/share/sdc21x0/package.zsh'
[0.815s] Level 1:colcon.colcon_core.environment:create_file_with_runtime_dependencies(/home/administrator/Masterproject2/20_ROS/src/Robots/install/sdc21x0/share/colcon-core/packages/sdc21x0)
[0.815s] Level 1:colcon.colcon_core.environment:create_environment_scripts_only(sdc21x0)
[0.815s] Level 1:colcon.colcon_core.environment:checking '/home/administrator/Masterproject2/20_ROS/src/Robots/install/sdc21x0' for CMake module files
[0.816s] Level 1:colcon.colcon_core.environment:checking '/home/administrator/Masterproject2/20_ROS/src/Robots/install/sdc21x0' for CMake config files
[0.817s] Level 1:colcon.colcon_core.shell:create_environment_hook('sdc21x0', 'cmake_prefix_path')
[0.817s] INFO:colcon.colcon_core.shell:Creating environment hook '/home/administrator/Masterproject2/20_ROS/src/Robots/install/sdc21x0/share/sdc21x0/hook/cmake_prefix_path.ps1'
[0.818s] INFO:colcon.colcon_core.shell:Creating environment descriptor '/home/administrator/Masterproject2/20_ROS/src/Robots/install/sdc21x0/share/sdc21x0/hook/cmake_prefix_path.dsv'
[0.818s] INFO:colcon.colcon_core.shell:Creating environment hook '/home/administrator/Masterproject2/20_ROS/src/Robots/install/sdc21x0/share/sdc21x0/hook/cmake_prefix_path.sh'
[0.818s] Level 1:colcon.colcon_core.environment:checking '/home/administrator/Masterproject2/20_ROS/src/Robots/install/sdc21x0/lib'
[0.819s] Level 1:colcon.colcon_core.shell:create_environment_hook('sdc21x0', 'ld_library_path_lib')
[0.819s] INFO:colcon.colcon_core.shell:Creating environment hook '/home/administrator/Masterproject2/20_ROS/src/Robots/install/sdc21x0/share/sdc21x0/hook/ld_library_path_lib.ps1'
[0.819s] INFO:colcon.colcon_core.shell:Creating environment descriptor '/home/administrator/Masterproject2/20_ROS/src/Robots/install/sdc21x0/share/sdc21x0/hook/ld_library_path_lib.dsv'
[0.820s] INFO:colcon.colcon_core.shell:Creating environment hook '/home/administrator/Masterproject2/20_ROS/src/Robots/install/sdc21x0/share/sdc21x0/hook/ld_library_path_lib.sh'
[0.821s] Level 1:colcon.colcon_core.environment:checking '/home/administrator/Masterproject2/20_ROS/src/Robots/install/sdc21x0/bin'
[0.821s] Level 1:colcon.colcon_core.environment:checking '/home/administrator/Masterproject2/20_ROS/src/Robots/install/sdc21x0/lib/pkgconfig/sdc21x0.pc'
[0.821s] Level 1:colcon.colcon_core.environment:checking '/home/administrator/Masterproject2/20_ROS/src/Robots/install/sdc21x0/lib/python3.12/site-packages'
[0.822s] Level 1:colcon.colcon_core.shell:create_environment_hook('sdc21x0', 'pythonpath')
[0.822s] INFO:colcon.colcon_core.shell:Creating environment hook '/home/administrator/Masterproject2/20_ROS/src/Robots/install/sdc21x0/share/sdc21x0/hook/pythonpath.ps1'
[0.823s] INFO:colcon.colcon_core.shell:Creating environment descriptor '/home/administrator/Masterproject2/20_ROS/src/Robots/install/sdc21x0/share/sdc21x0/hook/pythonpath.dsv'
[0.823s] INFO:colcon.colcon_core.shell:Creating environment hook '/home/administrator/Masterproject2/20_ROS/src/Robots/install/sdc21x0/share/sdc21x0/hook/pythonpath.sh'
[0.825s] Level 1:colcon.colcon_core.environment:checking '/home/administrator/Masterproject2/20_ROS/src/Robots/install/sdc21x0/bin'
[0.825s] INFO:colcon.colcon_core.shell:Creating package script '/home/administrator/Masterproject2/20_ROS/src/Robots/install/sdc21x0/share/sdc21x0/package.ps1'
[0.826s] INFO:colcon.colcon_core.shell:Creating package descriptor '/home/administrator/Masterproject2/20_ROS/src/Robots/install/sdc21x0/share/sdc21x0/package.dsv'
[0.828s] INFO:colcon.colcon_core.shell:Creating package script '/home/administrator/Masterproject2/20_ROS/src/Robots/install/sdc21x0/share/sdc21x0/package.sh'
[0.828s] INFO:colcon.colcon_core.shell:Creating package script '/home/administrator/Masterproject2/20_ROS/src/Robots/install/sdc21x0/share/sdc21x0/package.bash'
[0.830s] INFO:colcon.colcon_core.shell:Creating package script '/home/administrator/Masterproject2/20_ROS/src/Robots/install/sdc21x0/share/sdc21x0/package.zsh'
[0.831s] Level 1:colcon.colcon_core.environment:create_file_with_runtime_dependencies(/home/administrator/Masterproject2/20_ROS/src/Robots/install/sdc21x0/share/colcon-core/packages/sdc21x0)
[0.834s] Level 1:colcon.colcon_core.environment:create_environment_scripts_only(om_aiv_msg)
[0.834s] Level 1:colcon.colcon_core.environment:checking '/home/administrator/Masterproject2/20_ROS/src/Robots/install/om_aiv_msg' for CMake module files
[0.835s] Level 1:colcon.colcon_core.environment:checking '/home/administrator/Masterproject2/20_ROS/src/Robots/install/om_aiv_msg' for CMake config files
[0.835s] Level 1:colcon.colcon_core.shell:create_environment_hook('om_aiv_msg', 'cmake_prefix_path')
[0.836s] INFO:colcon.colcon_core.shell:Creating environment hook '/home/administrator/Masterproject2/20_ROS/src/Robots/install/om_aiv_msg/share/om_aiv_msg/hook/cmake_prefix_path.ps1'
[0.836s] INFO:colcon.colcon_core.shell:Creating environment descriptor '/home/administrator/Masterproject2/20_ROS/src/Robots/install/om_aiv_msg/share/om_aiv_msg/hook/cmake_prefix_path.dsv'
[0.836s] INFO:colcon.colcon_core.shell:Creating environment hook '/home/administrator/Masterproject2/20_ROS/src/Robots/install/om_aiv_msg/share/om_aiv_msg/hook/cmake_prefix_path.sh'
[0.840s] Level 1:colcon.colcon_core.environment:checking '/home/administrator/Masterproject2/20_ROS/src/Robots/install/om_aiv_msg/lib'
[0.840s] Level 1:colcon.colcon_core.shell:create_environment_hook('om_aiv_msg', 'ld_library_path_lib')
[0.840s] INFO:colcon.colcon_core.shell:Creating environment hook '/home/administrator/Masterproject2/20_ROS/src/Robots/install/om_aiv_msg/share/om_aiv_msg/hook/ld_library_path_lib.ps1'
[0.840s] INFO:colcon.colcon_core.shell:Creating environment descriptor '/home/administrator/Masterproject2/20_ROS/src/Robots/install/om_aiv_msg/share/om_aiv_msg/hook/ld_library_path_lib.dsv'
[0.841s] INFO:colcon.colcon_core.shell:Creating environment hook '/home/administrator/Masterproject2/20_ROS/src/Robots/install/om_aiv_msg/share/om_aiv_msg/hook/ld_library_path_lib.sh'
[0.841s] Level 1:colcon.colcon_core.environment:checking '/home/administrator/Masterproject2/20_ROS/src/Robots/install/om_aiv_msg/bin'
[0.841s] Level 1:colcon.colcon_core.environment:checking '/home/administrator/Masterproject2/20_ROS/src/Robots/install/om_aiv_msg/lib/pkgconfig/om_aiv_msg.pc'
[0.841s] Level 1:colcon.colcon_core.environment:checking '/home/administrator/Masterproject2/20_ROS/src/Robots/install/om_aiv_msg/lib/python3.12/site-packages'
[0.841s] Level 1:colcon.colcon_core.shell:create_environment_hook('om_aiv_msg', 'pythonpath')
[0.841s] INFO:colcon.colcon_core.shell:Creating environment hook '/home/administrator/Masterproject2/20_ROS/src/Robots/install/om_aiv_msg/share/om_aiv_msg/hook/pythonpath.ps1'
[0.841s] INFO:colcon.colcon_core.shell:Creating environment descriptor '/home/administrator/Masterproject2/20_ROS/src/Robots/install/om_aiv_msg/share/om_aiv_msg/hook/pythonpath.dsv'
[0.842s] INFO:colcon.colcon_core.shell:Creating environment hook '/home/administrator/Masterproject2/20_ROS/src/Robots/install/om_aiv_msg/share/om_aiv_msg/hook/pythonpath.sh'
[0.842s] Level 1:colcon.colcon_core.environment:checking '/home/administrator/Masterproject2/20_ROS/src/Robots/install/om_aiv_msg/bin'
[0.842s] INFO:colcon.colcon_core.shell:Creating package script '/home/administrator/Masterproject2/20_ROS/src/Robots/install/om_aiv_msg/share/om_aiv_msg/package.ps1'
[0.843s] INFO:colcon.colcon_core.shell:Creating package descriptor '/home/administrator/Masterproject2/20_ROS/src/Robots/install/om_aiv_msg/share/om_aiv_msg/package.dsv'
[0.847s] INFO:colcon.colcon_core.shell:Creating package script '/home/administrator/Masterproject2/20_ROS/src/Robots/install/om_aiv_msg/share/om_aiv_msg/package.sh'
[0.848s] INFO:colcon.colcon_core.shell:Creating package script '/home/administrator/Masterproject2/20_ROS/src/Robots/install/om_aiv_msg/share/om_aiv_msg/package.bash'
[0.848s] INFO:colcon.colcon_core.shell:Creating package script '/home/administrator/Masterproject2/20_ROS/src/Robots/install/om_aiv_msg/share/om_aiv_msg/package.zsh'
[0.849s] Level 1:colcon.colcon_core.environment:create_file_with_runtime_dependencies(/home/administrator/Masterproject2/20_ROS/src/Robots/install/om_aiv_msg/share/colcon-core/packages/om_aiv_msg)
[0.850s] Level 1:colcon.colcon_core.environment:create_environment_scripts_only(om_aiv_msg)
[0.850s] Level 1:colcon.colcon_core.environment:checking '/home/administrator/Masterproject2/20_ROS/src/Robots/install/om_aiv_msg' for CMake module files
[0.851s] Level 1:colcon.colcon_core.environment:checking '/home/administrator/Masterproject2/20_ROS/src/Robots/install/om_aiv_msg' for CMake config files
[0.851s] Level 1:colcon.colcon_core.shell:create_environment_hook('om_aiv_msg', 'cmake_prefix_path')
[0.851s] INFO:colcon.colcon_core.shell:Creating environment hook '/home/administrator/Masterproject2/20_ROS/src/Robots/install/om_aiv_msg/share/om_aiv_msg/hook/cmake_prefix_path.ps1'
[0.852s] INFO:colcon.colcon_core.shell:Creating environment descriptor '/home/administrator/Masterproject2/20_ROS/src/Robots/install/om_aiv_msg/share/om_aiv_msg/hook/cmake_prefix_path.dsv'
[0.852s] INFO:colcon.colcon_core.shell:Creating environment hook '/home/administrator/Masterproject2/20_ROS/src/Robots/install/om_aiv_msg/share/om_aiv_msg/hook/cmake_prefix_path.sh'
[0.852s] Level 1:colcon.colcon_core.environment:checking '/home/administrator/Masterproject2/20_ROS/src/Robots/install/om_aiv_msg/lib'
[0.852s] Level 1:colcon.colcon_core.shell:create_environment_hook('om_aiv_msg', 'ld_library_path_lib')
[0.853s] INFO:colcon.colcon_core.shell:Creating environment hook '/home/administrator/Masterproject2/20_ROS/src/Robots/install/om_aiv_msg/share/om_aiv_msg/hook/ld_library_path_lib.ps1'
[0.856s] INFO:colcon.colcon_core.shell:Creating environment descriptor '/home/administrator/Masterproject2/20_ROS/src/Robots/install/om_aiv_msg/share/om_aiv_msg/hook/ld_library_path_lib.dsv'
[0.856s] INFO:colcon.colcon_core.shell:Creating environment hook '/home/administrator/Masterproject2/20_ROS/src/Robots/install/om_aiv_msg/share/om_aiv_msg/hook/ld_library_path_lib.sh'
[0.858s] Level 1:colcon.colcon_core.environment:checking '/home/administrator/Masterproject2/20_ROS/src/Robots/install/om_aiv_msg/bin'
[0.858s] Level 1:colcon.colcon_core.environment:checking '/home/administrator/Masterproject2/20_ROS/src/Robots/install/om_aiv_msg/lib/pkgconfig/om_aiv_msg.pc'
[0.858s] Level 1:colcon.colcon_core.environment:checking '/home/administrator/Masterproject2/20_ROS/src/Robots/install/om_aiv_msg/lib/python3.12/site-packages'
[0.858s] Level 1:colcon.colcon_core.shell:create_environment_hook('om_aiv_msg', 'pythonpath')
[0.858s] INFO:colcon.colcon_core.shell:Creating environment hook '/home/administrator/Masterproject2/20_ROS/src/Robots/install/om_aiv_msg/share/om_aiv_msg/hook/pythonpath.ps1'
[0.858s] INFO:colcon.colcon_core.shell:Creating environment descriptor '/home/administrator/Masterproject2/20_ROS/src/Robots/install/om_aiv_msg/share/om_aiv_msg/hook/pythonpath.dsv'
[0.859s] INFO:colcon.colcon_core.shell:Creating environment hook '/home/administrator/Masterproject2/20_ROS/src/Robots/install/om_aiv_msg/share/om_aiv_msg/hook/pythonpath.sh'
[0.863s] Level 1:colcon.colcon_core.environment:checking '/home/administrator/Masterproject2/20_ROS/src/Robots/install/om_aiv_msg/bin'
[0.867s] INFO:colcon.colcon_core.shell:Creating package script '/home/administrator/Masterproject2/20_ROS/src/Robots/install/om_aiv_msg/share/om_aiv_msg/package.ps1'
[0.869s] INFO:colcon.colcon_core.shell:Creating package descriptor '/home/administrator/Masterproject2/20_ROS/src/Robots/install/om_aiv_msg/share/om_aiv_msg/package.dsv'
[0.870s] INFO:colcon.colcon_core.shell:Creating package script '/home/administrator/Masterproject2/20_ROS/src/Robots/install/om_aiv_msg/share/om_aiv_msg/package.sh'
[0.870s] INFO:colcon.colcon_core.shell:Creating package script '/home/administrator/Masterproject2/20_ROS/src/Robots/install/om_aiv_msg/share/om_aiv_msg/package.bash'
[0.870s] INFO:colcon.colcon_core.shell:Creating package script '/home/administrator/Masterproject2/20_ROS/src/Robots/install/om_aiv_msg/share/om_aiv_msg/package.zsh'
[0.871s] Level 1:colcon.colcon_core.environment:create_file_with_runtime_dependencies(/home/administrator/Masterproject2/20_ROS/src/Robots/install/om_aiv_msg/share/colcon-core/packages/om_aiv_msg)
[0.871s] INFO:colcon.colcon_ros.task.ament_cmake.build:Building ROS package in '/home/administrator/Masterproject2/20_ROS/src/Robots/Omron_AMR/src/amr_visualisation' with build type 'ament_cmake'
[0.871s] INFO:colcon.colcon_cmake.task.cmake.build:Building CMake package in '/home/administrator/Masterproject2/20_ROS/src/Robots/Omron_AMR/src/amr_visualisation'
[0.871s] INFO:colcon.colcon_core.shell:Skip shell extension 'powershell' for command environment: Not usable outside of PowerShell
[0.871s] DEBUG:colcon.colcon_core.shell:Skip shell extension 'dsv' for command environment
[0.869s] DEBUG:colcon.colcon_core.event_handler.log_command:Invoked command in '/home/administrator/Masterproject2/20_ROS/src/Robots/build/meca500_bringup' returned '0': AMENT_PREFIX_PATH=/home/administrator/Masterproject2/20_ROS/src/Robots/install/meca500_hardware:/home/administrator/Masterproject2/20_ROS/src/Robots/install/meca500_description:${AMENT_PREFIX_PATH} CMAKE_PREFIX_PATH=/home/administrator/Masterproject2/20_ROS/src/Robots/install/meca500_hardware:/home/administrator/Masterproject2/20_ROS/src/Robots/install/meca500_description:/opt/ros/kilted/opt/sdformat_vendor:/opt/ros/kilted/opt/gz_math_vendor:/opt/ros/kilted/opt/gz_utils_vendor:/opt/ros/kilted/opt/gz_tools_vendor:/opt/ros/kilted/opt/gz_cmake_vendor:/opt/ros/kilted DEBUGINFOD_URLS=https://debuginfod.ubuntu.com LD_LIBRARY_PATH=/home/administrator/Masterproject2/20_ROS/src/Robots/install/meca500_hardware/lib:${LD_LIBRARY_PATH} /usr/bin/cmake --build /home/administrator/Masterproject2/20_ROS/src/Robots/build/meca500_bringup -- -j14 -l14
[0.874s] DEBUG:colcon.colcon_core.event_handler.log_command:Invoking command in '/home/administrator/Masterproject2/20_ROS/src/Robots/build/meca500_bringup': AMENT_PREFIX_PATH=/home/administrator/Masterproject2/20_ROS/src/Robots/install/meca500_hardware:/home/administrator/Masterproject2/20_ROS/src/Robots/install/meca500_description:${AMENT_PREFIX_PATH} CMAKE_PREFIX_PATH=/home/administrator/Masterproject2/20_ROS/src/Robots/install/meca500_hardware:/home/administrator/Masterproject2/20_ROS/src/Robots/install/meca500_description:/opt/ros/kilted/opt/sdformat_vendor:/opt/ros/kilted/opt/gz_math_vendor:/opt/ros/kilted/opt/gz_utils_vendor:/opt/ros/kilted/opt/gz_tools_vendor:/opt/ros/kilted/opt/gz_cmake_vendor:/opt/ros/kilted DEBUGINFOD_URLS=https://debuginfod.ubuntu.com LD_LIBRARY_PATH=/home/administrator/Masterproject2/20_ROS/src/Robots/install/meca500_hardware/lib:${LD_LIBRARY_PATH} /usr/bin/cmake --install /home/administrator/Masterproject2/20_ROS/src/Robots/build/meca500_bringup
[0.876s] DEBUG:colcon.colcon_core.event_handler.log_command:Invoked command in '/home/administrator/Masterproject2/20_ROS/src/Robots/build/ur_client_library' returned '0': CMAKE_PREFIX_PATH=${CMAKE_PREFIX_PATH}:/opt/ros/kilted DEBUGINFOD_URLS=https://debuginfod.ubuntu.com /usr/bin/cmake /home/administrator/Masterproject2/20_ROS/src/Robots/UR_Driver/ClientLibrary -DCMAKE_INSTALL_PREFIX=/home/administrator/Masterproject2/20_ROS/src/Robots/install/ur_client_library
[0.877s] INFO:colcon.colcon_ros.task.ament_cmake.build:Building ROS package in '/home/administrator/Masterproject2/20_ROS/src/Robots/Omron_AMR/src/demo' with build type 'ament_cmake'
[0.878s] INFO:colcon.colcon_cmake.task.cmake.build:Building CMake package in '/home/administrator/Masterproject2/20_ROS/src/Robots/Omron_AMR/src/demo'
[0.878s] INFO:colcon.colcon_core.shell:Skip shell extension 'powershell' for command environment: Not usable outside of PowerShell
[0.878s] DEBUG:colcon.colcon_core.shell:Skip shell extension 'dsv' for command environment
[0.882s] DEBUG:colcon.colcon_core.event_handler.log_command:Invoking command in '/home/administrator/Masterproject2/20_ROS/src/Robots/build/ur_client_library': CMAKE_PREFIX_PATH=${CMAKE_PREFIX_PATH}:/opt/ros/kilted DEBUGINFOD_URLS=https://debuginfod.ubuntu.com /usr/bin/cmake --build /home/administrator/Masterproject2/20_ROS/src/Robots/build/ur_client_library -- -j14 -l14
[0.883s] DEBUG:colcon.colcon_core.event_handler.log_command:Invoked command in '/home/administrator/Masterproject2/20_ROS/src/Robots/build/sdc21x0' returned '0': CMAKE_PREFIX_PATH=${CMAKE_PREFIX_PATH}:/opt/ros/kilted DEBUGINFOD_URLS=https://debuginfod.ubuntu.com /usr/bin/cmake --install /home/administrator/Masterproject2/20_ROS/src/Robots/build/sdc21x0
[0.884s] INFO:colcon.colcon_ros.task.ament_python.build:Building ROS package in '/home/administrator/Masterproject2/20_ROS/src/Robots/Omron_AMR/src/om_aiv_util' with build type 'ament_python'
[0.884s] Level 1:colcon.colcon_core.shell:create_environment_hook('om_aiv_util', 'ament_prefix_path')
[0.884s] INFO:colcon.colcon_core.shell:Creating environment hook '/home/administrator/Masterproject2/20_ROS/src/Robots/install/om_aiv_util/share/om_aiv_util/hook/ament_prefix_path.ps1'
[0.885s] INFO:colcon.colcon_core.shell:Creating environment descriptor '/home/administrator/Masterproject2/20_ROS/src/Robots/install/om_aiv_util/share/om_aiv_util/hook/ament_prefix_path.dsv'
[0.885s] INFO:colcon.colcon_core.shell:Creating environment hook '/home/administrator/Masterproject2/20_ROS/src/Robots/install/om_aiv_util/share/om_aiv_util/hook/ament_prefix_path.sh'
[0.885s] INFO:colcon.colcon_core.shell:Skip shell extension 'powershell' for command environment: Not usable outside of PowerShell
[0.885s] DEBUG:colcon.colcon_core.shell:Skip shell extension 'dsv' for command environment
[0.889s] Level 1:colcon.colcon_core.environment:create_environment_scripts_only(meca500_bringup)
[0.889s] Level 1:colcon.colcon_core.environment:checking '/home/administrator/Masterproject2/20_ROS/src/Robots/install/meca500_bringup' for CMake module files
[0.890s] Level 1:colcon.colcon_core.environment:checking '/home/administrator/Masterproject2/20_ROS/src/Robots/install/meca500_bringup' for CMake config files
[0.890s] Level 1:colcon.colcon_core.shell:create_environment_hook('meca500_bringup', 'cmake_prefix_path')
[0.890s] INFO:colcon.colcon_core.shell:Creating environment hook '/home/administrator/Masterproject2/20_ROS/src/Robots/install/meca500_bringup/share/meca500_bringup/hook/cmake_prefix_path.ps1'
[0.891s] INFO:colcon.colcon_core.shell:Creating environment descriptor '/home/administrator/Masterproject2/20_ROS/src/Robots/install/meca500_bringup/share/meca500_bringup/hook/cmake_prefix_path.dsv'
[0.897s] INFO:colcon.colcon_core.shell:Creating environment hook '/home/administrator/Masterproject2/20_ROS/src/Robots/install/meca500_bringup/share/meca500_bringup/hook/cmake_prefix_path.sh'
[0.897s] Level 1:colcon.colcon_core.environment:checking '/home/administrator/Masterproject2/20_ROS/src/Robots/install/meca500_bringup/bin'
[0.898s] Level 1:colcon.colcon_core.environment:checking '/home/administrator/Masterproject2/20_ROS/src/Robots/install/meca500_bringup/lib/pkgconfig/meca500_bringup.pc'
[0.899s] Level 1:colcon.colcon_core.environment:checking '/home/administrator/Masterproject2/20_ROS/src/Robots/install/meca500_bringup/lib/python3.12/site-packages'
[0.899s] Level 1:colcon.colcon_core.environment:checking '/home/administrator/Masterproject2/20_ROS/src/Robots/install/meca500_bringup/bin'
[0.899s] INFO:colcon.colcon_core.shell:Creating package script '/home/administrator/Masterproject2/20_ROS/src/Robots/install/meca500_bringup/share/meca500_bringup/package.ps1'
[0.900s] INFO:colcon.colcon_core.shell:Creating package descriptor '/home/administrator/Masterproject2/20_ROS/src/Robots/install/meca500_bringup/share/meca500_bringup/package.dsv'
[0.900s] INFO:colcon.colcon_core.shell:Creating package script '/home/administrator/Masterproject2/20_ROS/src/Robots/install/meca500_bringup/share/meca500_bringup/package.sh'
[0.900s] INFO:colcon.colcon_core.shell:Creating package script '/home/administrator/Masterproject2/20_ROS/src/Robots/install/meca500_bringup/share/meca500_bringup/package.bash'
[0.900s] INFO:colcon.colcon_core.shell:Creating package script '/home/administrator/Masterproject2/20_ROS/src/Robots/install/meca500_bringup/share/meca500_bringup/package.zsh'
[0.901s] Level 1:colcon.colcon_core.environment:create_file_with_runtime_dependencies(/home/administrator/Masterproject2/20_ROS/src/Robots/install/meca500_bringup/share/colcon-core/packages/meca500_bringup)
[0.906s] Level 1:colcon.colcon_core.environment:create_environment_scripts_only(meca500_bringup)
[0.907s] Level 1:colcon.colcon_core.environment:checking '/home/administrator/Masterproject2/20_ROS/src/Robots/install/meca500_bringup' for CMake module files
[0.909s] Level 1:colcon.colcon_core.environment:checking '/home/administrator/Masterproject2/20_ROS/src/Robots/install/meca500_bringup' for CMake config files
[0.909s] Level 1:colcon.colcon_core.shell:create_environment_hook('meca500_bringup', 'cmake_prefix_path')
[0.909s] INFO:colcon.colcon_core.shell:Creating environment hook '/home/administrator/Masterproject2/20_ROS/src/Robots/install/meca500_bringup/share/meca500_bringup/hook/cmake_prefix_path.ps1'
[0.910s] INFO:colcon.colcon_core.shell:Creating environment descriptor '/home/administrator/Masterproject2/20_ROS/src/Robots/install/meca500_bringup/share/meca500_bringup/hook/cmake_prefix_path.dsv'
[0.911s] INFO:colcon.colcon_core.shell:Creating environment hook '/home/administrator/Masterproject2/20_ROS/src/Robots/install/meca500_bringup/share/meca500_bringup/hook/cmake_prefix_path.sh'
[0.912s] Level 1:colcon.colcon_core.environment:checking '/home/administrator/Masterproject2/20_ROS/src/Robots/install/meca500_bringup/bin'
[0.912s] Level 1:colcon.colcon_core.environment:checking '/home/administrator/Masterproject2/20_ROS/src/Robots/install/meca500_bringup/lib/pkgconfig/meca500_bringup.pc'
[0.912s] Level 1:colcon.colcon_core.environment:checking '/home/administrator/Masterproject2/20_ROS/src/Robots/install/meca500_bringup/lib/python3.12/site-packages'
[0.912s] Level 1:colcon.colcon_core.environment:checking '/home/administrator/Masterproject2/20_ROS/src/Robots/install/meca500_bringup/bin'
[0.913s] INFO:colcon.colcon_core.shell:Creating package script '/home/administrator/Masterproject2/20_ROS/src/Robots/install/meca500_bringup/share/meca500_bringup/package.ps1'
[0.914s] INFO:colcon.colcon_core.shell:Creating package descriptor '/home/administrator/Masterproject2/20_ROS/src/Robots/install/meca500_bringup/share/meca500_bringup/package.dsv'
[0.915s] INFO:colcon.colcon_core.shell:Creating package script '/home/administrator/Masterproject2/20_ROS/src/Robots/install/meca500_bringup/share/meca500_bringup/package.sh'
[0.915s] INFO:colcon.colcon_core.shell:Creating package script '/home/administrator/Masterproject2/20_ROS/src/Robots/install/meca500_bringup/share/meca500_bringup/package.bash'
[0.915s] INFO:colcon.colcon_core.shell:Creating package script '/home/administrator/Masterproject2/20_ROS/src/Robots/install/meca500_bringup/share/meca500_bringup/package.zsh'
[0.916s] Level 1:colcon.colcon_core.environment:create_file_with_runtime_dependencies(/home/administrator/Masterproject2/20_ROS/src/Robots/install/meca500_bringup/share/colcon-core/packages/meca500_bringup)
[1.017s] DEBUG:colcon.colcon_core.event_handler.log_command:Invoked command in '/home/administrator/Masterproject2/20_ROS/src/Robots/build/om_aiv_msg' returned '0': CMAKE_PREFIX_PATH=${CMAKE_PREFIX_PATH}:/opt/ros/kilted DEBUGINFOD_URLS=https://debuginfod.ubuntu.com /usr/bin/cmake --install /home/administrator/Masterproject2/20_ROS/src/Robots/build/om_aiv_msg
[1.020s] DEBUG:colcon.colcon_core.event_handler.log_command:Invoked command in '/home/administrator/Masterproject2/20_ROS/src/Robots/build/meca500_bringup' returned '0': AMENT_PREFIX_PATH=/home/administrator/Masterproject2/20_ROS/src/Robots/install/meca500_hardware:/home/administrator/Masterproject2/20_ROS/src/Robots/install/meca500_description:${AMENT_PREFIX_PATH} CMAKE_PREFIX_PATH=/home/administrator/Masterproject2/20_ROS/src/Robots/install/meca500_hardware:/home/administrator/Masterproject2/20_ROS/src/Robots/install/meca500_description:/opt/ros/kilted/opt/sdformat_vendor:/opt/ros/kilted/opt/gz_math_vendor:/opt/ros/kilted/opt/gz_utils_vendor:/opt/ros/kilted/opt/gz_tools_vendor:/opt/ros/kilted/opt/gz_cmake_vendor:/opt/ros/kilted DEBUGINFOD_URLS=https://debuginfod.ubuntu.com LD_LIBRARY_PATH=/home/administrator/Masterproject2/20_ROS/src/Robots/install/meca500_hardware/lib:${LD_LIBRARY_PATH} /usr/bin/cmake --install /home/administrator/Masterproject2/20_ROS/src/Robots/build/meca500_bringup
[1.028s] DEBUG:colcon.colcon_core.event_handler.log_command:Invoking command in '/home/administrator/Masterproject2/20_ROS/src/Robots/build/amr_visualisation': AMENT_PREFIX_PATH=/home/administrator/Masterproject2/20_ROS/src/Robots/install/om_aiv_msg:${AMENT_PREFIX_PATH} CMAKE_PREFIX_PATH=/home/administrator/Masterproject2/20_ROS/src/Robots/install/om_aiv_msg:/opt/ros/kilted/opt/sdformat_vendor:/opt/ros/kilted/opt/gz_math_vendor:/opt/ros/kilted/opt/gz_utils_vendor:/opt/ros/kilted/opt/gz_tools_vendor:/opt/ros/kilted/opt/gz_cmake_vendor:/opt/ros/kilted DEBUGINFOD_URLS=https://debuginfod.ubuntu.com LD_LIBRARY_PATH=/home/administrator/Masterproject2/20_ROS/src/Robots/install/om_aiv_msg/lib:${LD_LIBRARY_PATH} PYTHONPATH=/home/administrator/Masterproject2/20_ROS/src/Robots/install/om_aiv_msg/lib/python3.12/site-packages:${PYTHONPATH} /usr/bin/cmake --build /home/administrator/Masterproject2/20_ROS/src/Robots/build/amr_visualisation -- -j14 -l14
[1.031s] DEBUG:colcon.colcon_core.event_handler.log_command:Invoking command in '/home/administrator/Masterproject2/20_ROS/src/Robots/build/demo': AMENT_PREFIX_PATH=/home/administrator/Masterproject2/20_ROS/src/Robots/install/om_aiv_msg:${AMENT_PREFIX_PATH} CMAKE_PREFIX_PATH=/home/administrator/Masterproject2/20_ROS/src/Robots/install/om_aiv_msg:/opt/ros/kilted/opt/sdformat_vendor:/opt/ros/kilted/opt/gz_math_vendor:/opt/ros/kilted/opt/gz_utils_vendor:/opt/ros/kilted/opt/gz_tools_vendor:/opt/ros/kilted/opt/gz_cmake_vendor:/opt/ros/kilted DEBUGINFOD_URLS=https://debuginfod.ubuntu.com LD_LIBRARY_PATH=/home/administrator/Masterproject2/20_ROS/src/Robots/install/om_aiv_msg/lib:${LD_LIBRARY_PATH} PYTHONPATH=/home/administrator/Masterproject2/20_ROS/src/Robots/install/om_aiv_msg/lib/python3.12/site-packages:${PYTHONPATH} /usr/bin/cmake --build /home/administrator/Masterproject2/20_ROS/src/Robots/build/demo -- -j14 -l14
[1.147s] INFO:colcon.colcon_core.task.python.build:Building Python package in '/home/administrator/Masterproject2/20_ROS/src/Robots/Omron_AMR/src/om_aiv_util'
[1.147s] INFO:colcon.colcon_core.shell:Skip shell extension 'powershell' for command environment: Not usable outside of PowerShell
[1.147s] DEBUG:colcon.colcon_core.shell:Skip shell extension 'dsv' for command environment
[1.157s] DEBUG:colcon.colcon_core.event_handler.log_command:Invoked command in '/home/administrator/Masterproject2/20_ROS/src/Robots/build/amr_visualisation' returned '0': AMENT_PREFIX_PATH=/home/administrator/Masterproject2/20_ROS/src/Robots/install/om_aiv_msg:${AMENT_PREFIX_PATH} CMAKE_PREFIX_PATH=/home/administrator/Masterproject2/20_ROS/src/Robots/install/om_aiv_msg:/opt/ros/kilted/opt/sdformat_vendor:/opt/ros/kilted/opt/gz_math_vendor:/opt/ros/kilted/opt/gz_utils_vendor:/opt/ros/kilted/opt/gz_tools_vendor:/opt/ros/kilted/opt/gz_cmake_vendor:/opt/ros/kilted DEBUGINFOD_URLS=https://debuginfod.ubuntu.com LD_LIBRARY_PATH=/home/administrator/Masterproject2/20_ROS/src/Robots/install/om_aiv_msg/lib:${LD_LIBRARY_PATH} PYTHONPATH=/home/administrator/Masterproject2/20_ROS/src/Robots/install/om_aiv_msg/lib/python3.12/site-packages:${PYTHONPATH} /usr/bin/cmake --build /home/administrator/Masterproject2/20_ROS/src/Robots/build/amr_visualisation -- -j14 -l14
[1.158s] DEBUG:colcon.colcon_core.event_handler.log_command:Invoking command in '/home/administrator/Masterproject2/20_ROS/src/Robots/build/amr_visualisation': AMENT_PREFIX_PATH=/home/administrator/Masterproject2/20_ROS/src/Robots/install/om_aiv_msg:${AMENT_PREFIX_PATH} CMAKE_PREFIX_PATH=/home/administrator/Masterproject2/20_ROS/src/Robots/install/om_aiv_msg:/opt/ros/kilted/opt/sdformat_vendor:/opt/ros/kilted/opt/gz_math_vendor:/opt/ros/kilted/opt/gz_utils_vendor:/opt/ros/kilted/opt/gz_tools_vendor:/opt/ros/kilted/opt/gz_cmake_vendor:/opt/ros/kilted DEBUGINFOD_URLS=https://debuginfod.ubuntu.com LD_LIBRARY_PATH=/home/administrator/Masterproject2/20_ROS/src/Robots/install/om_aiv_msg/lib:${LD_LIBRARY_PATH} PYTHONPATH=/home/administrator/Masterproject2/20_ROS/src/Robots/install/om_aiv_msg/lib/python3.12/site-packages:${PYTHONPATH} /usr/bin/cmake --install /home/administrator/Masterproject2/20_ROS/src/Robots/build/amr_visualisation
[1.160s] DEBUG:colcon.colcon_core.event_handler.log_command:Invoked command in '/home/administrator/Masterproject2/20_ROS/src/Robots/build/demo' returned '0': AMENT_PREFIX_PATH=/home/administrator/Masterproject2/20_ROS/src/Robots/install/om_aiv_msg:${AMENT_PREFIX_PATH} CMAKE_PREFIX_PATH=/home/administrator/Masterproject2/20_ROS/src/Robots/install/om_aiv_msg:/opt/ros/kilted/opt/sdformat_vendor:/opt/ros/kilted/opt/gz_math_vendor:/opt/ros/kilted/opt/gz_utils_vendor:/opt/ros/kilted/opt/gz_tools_vendor:/opt/ros/kilted/opt/gz_cmake_vendor:/opt/ros/kilted DEBUGINFOD_URLS=https://debuginfod.ubuntu.com LD_LIBRARY_PATH=/home/administrator/Masterproject2/20_ROS/src/Robots/install/om_aiv_msg/lib:${LD_LIBRARY_PATH} PYTHONPATH=/home/administrator/Masterproject2/20_ROS/src/Robots/install/om_aiv_msg/lib/python3.12/site-packages:${PYTHONPATH} /usr/bin/cmake --build /home/administrator/Masterproject2/20_ROS/src/Robots/build/demo -- -j14 -l14
[1.160s] DEBUG:colcon.colcon_core.event_handler.log_command:Invoking command in '/home/administrator/Masterproject2/20_ROS/src/Robots/build/demo': AMENT_PREFIX_PATH=/home/administrator/Masterproject2/20_ROS/src/Robots/install/om_aiv_msg:${AMENT_PREFIX_PATH} CMAKE_PREFIX_PATH=/home/administrator/Masterproject2/20_ROS/src/Robots/install/om_aiv_msg:/opt/ros/kilted/opt/sdformat_vendor:/opt/ros/kilted/opt/gz_math_vendor:/opt/ros/kilted/opt/gz_utils_vendor:/opt/ros/kilted/opt/gz_tools_vendor:/opt/ros/kilted/opt/gz_cmake_vendor:/opt/ros/kilted DEBUGINFOD_URLS=https://debuginfod.ubuntu.com LD_LIBRARY_PATH=/home/administrator/Masterproject2/20_ROS/src/Robots/install/om_aiv_msg/lib:${LD_LIBRARY_PATH} PYTHONPATH=/home/administrator/Masterproject2/20_ROS/src/Robots/install/om_aiv_msg/lib/python3.12/site-packages:${PYTHONPATH} /usr/bin/cmake --install /home/administrator/Masterproject2/20_ROS/src/Robots/build/demo
[1.160s] Level 1:colcon.colcon_core.environment:create_environment_scripts_only(ur_dashboard_msgs)
[1.160s] Level 1:colcon.colcon_core.environment:checking '/home/administrator/Masterproject2/20_ROS/src/Robots/install/ur_dashboard_msgs' for CMake module files
[1.161s] Level 1:colcon.colcon_core.environment:checking '/home/administrator/Masterproject2/20_ROS/src/Robots/install/ur_dashboard_msgs' for CMake config files
[1.163s] Level 1:colcon.colcon_core.shell:create_environment_hook('ur_dashboard_msgs', 'cmake_prefix_path')
[1.164s] INFO:colcon.colcon_core.shell:Creating environment hook '/home/administrator/Masterproject2/20_ROS/src/Robots/install/ur_dashboard_msgs/share/ur_dashboard_msgs/hook/cmake_prefix_path.ps1'
[1.171s] INFO:colcon.colcon_core.shell:Creating environment descriptor '/home/administrator/Masterproject2/20_ROS/src/Robots/install/ur_dashboard_msgs/share/ur_dashboard_msgs/hook/cmake_prefix_path.dsv'
[1.171s] INFO:colcon.colcon_core.shell:Creating environment hook '/home/administrator/Masterproject2/20_ROS/src/Robots/install/ur_dashboard_msgs/share/ur_dashboard_msgs/hook/cmake_prefix_path.sh'
[1.171s] Level 1:colcon.colcon_core.environment:checking '/home/administrator/Masterproject2/20_ROS/src/Robots/install/ur_dashboard_msgs/lib'
[1.172s] Level 1:colcon.colcon_core.shell:create_environment_hook('ur_dashboard_msgs', 'ld_library_path_lib')
[1.173s] DEBUG:colcon.colcon_core.event_handler.log_command:Invoked command in '/home/administrator/Masterproject2/20_ROS/src/Robots/build/ur_dashboard_msgs' returned '0': CMAKE_PREFIX_PATH=${CMAKE_PREFIX_PATH}:/opt/ros/kilted DEBUGINFOD_URLS=https://debuginfod.ubuntu.com /usr/bin/cmake --install /home/administrator/Masterproject2/20_ROS/src/Robots/build/ur_dashboard_msgs
[1.173s] INFO:colcon.colcon_core.shell:Creating environment hook '/home/administrator/Masterproject2/20_ROS/src/Robots/install/ur_dashboard_msgs/share/ur_dashboard_msgs/hook/ld_library_path_lib.ps1'
[1.174s] INFO:colcon.colcon_core.shell:Creating environment descriptor '/home/administrator/Masterproject2/20_ROS/src/Robots/install/ur_dashboard_msgs/share/ur_dashboard_msgs/hook/ld_library_path_lib.dsv'
[1.176s] INFO:colcon.colcon_core.shell:Creating environment hook '/home/administrator/Masterproject2/20_ROS/src/Robots/install/ur_dashboard_msgs/share/ur_dashboard_msgs/hook/ld_library_path_lib.sh'
[1.177s] Level 1:colcon.colcon_core.environment:checking '/home/administrator/Masterproject2/20_ROS/src/Robots/install/ur_dashboard_msgs/bin'
[1.177s] Level 1:colcon.colcon_core.environment:checking '/home/administrator/Masterproject2/20_ROS/src/Robots/install/ur_dashboard_msgs/lib/pkgconfig/ur_dashboard_msgs.pc'
[1.177s] Level 1:colcon.colcon_core.environment:checking '/home/administrator/Masterproject2/20_ROS/src/Robots/install/ur_dashboard_msgs/lib/python3.12/site-packages'
[1.178s] Level 1:colcon.colcon_core.shell:create_environment_hook('ur_dashboard_msgs', 'pythonpath')
[1.178s] INFO:colcon.colcon_core.shell:Creating environment hook '/home/administrator/Masterproject2/20_ROS/src/Robots/install/ur_dashboard_msgs/share/ur_dashboard_msgs/hook/pythonpath.ps1'
[1.178s] INFO:colcon.colcon_core.shell:Creating environment descriptor '/home/administrator/Masterproject2/20_ROS/src/Robots/install/ur_dashboard_msgs/share/ur_dashboard_msgs/hook/pythonpath.dsv'
[1.179s] INFO:colcon.colcon_core.shell:Creating environment hook '/home/administrator/Masterproject2/20_ROS/src/Robots/install/ur_dashboard_msgs/share/ur_dashboard_msgs/hook/pythonpath.sh'
[1.180s] Level 1:colcon.colcon_core.environment:checking '/home/administrator/Masterproject2/20_ROS/src/Robots/install/ur_dashboard_msgs/bin'
[1.180s] INFO:colcon.colcon_core.shell:Creating package script '/home/administrator/Masterproject2/20_ROS/src/Robots/install/ur_dashboard_msgs/share/ur_dashboard_msgs/package.ps1'
[1.182s] INFO:colcon.colcon_core.shell:Creating package descriptor '/home/administrator/Masterproject2/20_ROS/src/Robots/install/ur_dashboard_msgs/share/ur_dashboard_msgs/package.dsv'
[1.183s] INFO:colcon.colcon_core.shell:Creating package script '/home/administrator/Masterproject2/20_ROS/src/Robots/install/ur_dashboard_msgs/share/ur_dashboard_msgs/package.sh'
[1.187s] INFO:colcon.colcon_core.shell:Creating package script '/home/administrator/Masterproject2/20_ROS/src/Robots/install/ur_dashboard_msgs/share/ur_dashboard_msgs/package.bash'
[1.188s] INFO:colcon.colcon_core.shell:Creating package script '/home/administrator/Masterproject2/20_ROS/src/Robots/install/ur_dashboard_msgs/share/ur_dashboard_msgs/package.zsh'
[1.188s] Level 1:colcon.colcon_core.environment:create_file_with_runtime_dependencies(/home/administrator/Masterproject2/20_ROS/src/Robots/install/ur_dashboard_msgs/share/colcon-core/packages/ur_dashboard_msgs)
[1.189s] Level 1:colcon.colcon_core.environment:create_environment_scripts_only(ur_dashboard_msgs)
[1.189s] Level 1:colcon.colcon_core.environment:checking '/home/administrator/Masterproject2/20_ROS/src/Robots/install/ur_dashboard_msgs' for CMake module files
[1.193s] Level 1:colcon.colcon_core.environment:checking '/home/administrator/Masterproject2/20_ROS/src/Robots/install/ur_dashboard_msgs' for CMake config files
[1.196s] Level 1:colcon.colcon_core.shell:create_environment_hook('ur_dashboard_msgs', 'cmake_prefix_path')
[1.199s] INFO:colcon.colcon_core.shell:Creating environment hook '/home/administrator/Masterproject2/20_ROS/src/Robots/install/ur_dashboard_msgs/share/ur_dashboard_msgs/hook/cmake_prefix_path.ps1'
[1.200s] INFO:colcon.colcon_core.shell:Creating environment descriptor '/home/administrator/Masterproject2/20_ROS/src/Robots/install/ur_dashboard_msgs/share/ur_dashboard_msgs/hook/cmake_prefix_path.dsv'
[1.200s] INFO:colcon.colcon_core.shell:Creating environment hook '/home/administrator/Masterproject2/20_ROS/src/Robots/install/ur_dashboard_msgs/share/ur_dashboard_msgs/hook/cmake_prefix_path.sh'
[1.201s] Level 1:colcon.colcon_core.environment:checking '/home/administrator/Masterproject2/20_ROS/src/Robots/install/ur_dashboard_msgs/lib'
[1.201s] Level 1:colcon.colcon_core.shell:create_environment_hook('ur_dashboard_msgs', 'ld_library_path_lib')
[1.201s] INFO:colcon.colcon_core.shell:Creating environment hook '/home/administrator/Masterproject2/20_ROS/src/Robots/install/ur_dashboard_msgs/share/ur_dashboard_msgs/hook/ld_library_path_lib.ps1'
[1.202s] INFO:colcon.colcon_core.shell:Creating environment descriptor '/home/administrator/Masterproject2/20_ROS/src/Robots/install/ur_dashboard_msgs/share/ur_dashboard_msgs/hook/ld_library_path_lib.dsv'
[1.206s] INFO:colcon.colcon_core.shell:Creating environment hook '/home/administrator/Masterproject2/20_ROS/src/Robots/install/ur_dashboard_msgs/share/ur_dashboard_msgs/hook/ld_library_path_lib.sh'
[1.207s] Level 1:colcon.colcon_core.environment:checking '/home/administrator/Masterproject2/20_ROS/src/Robots/install/ur_dashboard_msgs/bin'
[1.207s] Level 1:colcon.colcon_core.environment:checking '/home/administrator/Masterproject2/20_ROS/src/Robots/install/ur_dashboard_msgs/lib/pkgconfig/ur_dashboard_msgs.pc'
[1.207s] Level 1:colcon.colcon_core.environment:checking '/home/administrator/Masterproject2/20_ROS/src/Robots/install/ur_dashboard_msgs/lib/python3.12/site-packages'
[1.207s] Level 1:colcon.colcon_core.shell:create_environment_hook('ur_dashboard_msgs', 'pythonpath')
[1.208s] INFO:colcon.colcon_core.shell:Creating environment hook '/home/administrator/Masterproject2/20_ROS/src/Robots/install/ur_dashboard_msgs/share/ur_dashboard_msgs/hook/pythonpath.ps1'
[1.208s] INFO:colcon.colcon_core.shell:Creating environment descriptor '/home/administrator/Masterproject2/20_ROS/src/Robots/install/ur_dashboard_msgs/share/ur_dashboard_msgs/hook/pythonpath.dsv'
[1.209s] INFO:colcon.colcon_core.shell:Creating environment hook '/home/administrator/Masterproject2/20_ROS/src/Robots/install/ur_dashboard_msgs/share/ur_dashboard_msgs/hook/pythonpath.sh'
[1.209s] Level 1:colcon.colcon_core.environment:checking '/home/administrator/Masterproject2/20_ROS/src/Robots/install/ur_dashboard_msgs/bin'
[1.213s] INFO:colcon.colcon_core.shell:Creating package script '/home/administrator/Masterproject2/20_ROS/src/Robots/install/ur_dashboard_msgs/share/ur_dashboard_msgs/package.ps1'
[1.215s] INFO:colcon.colcon_core.shell:Creating package descriptor '/home/administrator/Masterproject2/20_ROS/src/Robots/install/ur_dashboard_msgs/share/ur_dashboard_msgs/package.dsv'
[1.216s] INFO:colcon.colcon_core.shell:Creating package script '/home/administrator/Masterproject2/20_ROS/src/Robots/install/ur_dashboard_msgs/share/ur_dashboard_msgs/package.sh'
[1.216s] INFO:colcon.colcon_core.shell:Creating package script '/home/administrator/Masterproject2/20_ROS/src/Robots/install/ur_dashboard_msgs/share/ur_dashboard_msgs/package.bash'
[1.216s] INFO:colcon.colcon_core.shell:Creating package script '/home/administrator/Masterproject2/20_ROS/src/Robots/install/ur_dashboard_msgs/share/ur_dashboard_msgs/package.zsh'
[1.217s] Level 1:colcon.colcon_core.environment:create_file_with_runtime_dependencies(/home/administrator/Masterproject2/20_ROS/src/Robots/install/ur_dashboard_msgs/share/colcon-core/packages/ur_dashboard_msgs)
[1.220s] Level 1:colcon.colcon_core.environment:create_environment_scripts_only(mir_msgs)
[1.221s] Level 1:colcon.colcon_core.environment:checking '/home/administrator/Masterproject2/20_ROS/src/Robots/install/mir_msgs' for CMake module files
[1.222s] DEBUG:colcon.colcon_core.event_handler.log_command:Invoked command in '/home/administrator/Masterproject2/20_ROS/src/Robots/build/mir_msgs' returned '0': CMAKE_PREFIX_PATH=${CMAKE_PREFIX_PATH}:/opt/ros/kilted DEBUGINFOD_URLS=https://debuginfod.ubuntu.com /usr/bin/cmake --install /home/administrator/Masterproject2/20_ROS/src/Robots/build/mir_msgs
[1.224s] Level 1:colcon.colcon_core.environment:checking '/home/administrator/Masterproject2/20_ROS/src/Robots/install/mir_msgs' for CMake config files
[1.225s] Level 1:colcon.colcon_core.shell:create_environment_hook('mir_msgs', 'cmake_prefix_path')
[1.225s] INFO:colcon.colcon_core.shell:Creating environment hook '/home/administrator/Masterproject2/20_ROS/src/Robots/install/mir_msgs/share/mir_msgs/hook/cmake_prefix_path.ps1'
[1.226s] INFO:colcon.colcon_core.shell:Creating environment descriptor '/home/administrator/Masterproject2/20_ROS/src/Robots/install/mir_msgs/share/mir_msgs/hook/cmake_prefix_path.dsv'
[1.226s] INFO:colcon.colcon_core.shell:Creating environment hook '/home/administrator/Masterproject2/20_ROS/src/Robots/install/mir_msgs/share/mir_msgs/hook/cmake_prefix_path.sh'
[1.227s] Level 1:colcon.colcon_core.environment:checking '/home/administrator/Masterproject2/20_ROS/src/Robots/install/mir_msgs/lib'
[1.233s] Level 1:colcon.colcon_core.shell:create_environment_hook('mir_msgs', 'ld_library_path_lib')
[1.233s] INFO:colcon.colcon_core.shell:Creating environment hook '/home/administrator/Masterproject2/20_ROS/src/Robots/install/mir_msgs/share/mir_msgs/hook/ld_library_path_lib.ps1'
[1.234s] INFO:colcon.colcon_core.shell:Creating environment descriptor '/home/administrator/Masterproject2/20_ROS/src/Robots/install/mir_msgs/share/mir_msgs/hook/ld_library_path_lib.dsv'
[1.234s] INFO:colcon.colcon_core.shell:Creating environment hook '/home/administrator/Masterproject2/20_ROS/src/Robots/install/mir_msgs/share/mir_msgs/hook/ld_library_path_lib.sh'
[1.234s] Level 1:colcon.colcon_core.environment:checking '/home/administrator/Masterproject2/20_ROS/src/Robots/install/mir_msgs/bin'
[1.235s] Level 1:colcon.colcon_core.environment:checking '/home/administrator/Masterproject2/20_ROS/src/Robots/install/mir_msgs/lib/pkgconfig/mir_msgs.pc'
[1.235s] Level 1:colcon.colcon_core.environment:checking '/home/administrator/Masterproject2/20_ROS/src/Robots/install/mir_msgs/lib/python3.12/site-packages'
[1.235s] Level 1:colcon.colcon_core.shell:create_environment_hook('mir_msgs', 'pythonpath')
[1.235s] INFO:colcon.colcon_core.shell:Creating environment hook '/home/administrator/Masterproject2/20_ROS/src/Robots/install/mir_msgs/share/mir_msgs/hook/pythonpath.ps1'
[1.235s] INFO:colcon.colcon_core.shell:Creating environment descriptor '/home/administrator/Masterproject2/20_ROS/src/Robots/install/mir_msgs/share/mir_msgs/hook/pythonpath.dsv'
[1.236s] INFO:colcon.colcon_core.shell:Creating environment hook '/home/administrator/Masterproject2/20_ROS/src/Robots/install/mir_msgs/share/mir_msgs/hook/pythonpath.sh'
[1.240s] Level 1:colcon.colcon_core.environment:checking '/home/administrator/Masterproject2/20_ROS/src/Robots/install/mir_msgs/bin'
[1.240s] INFO:colcon.colcon_core.shell:Creating package script '/home/administrator/Masterproject2/20_ROS/src/Robots/install/mir_msgs/share/mir_msgs/package.ps1'
[1.241s] INFO:colcon.colcon_core.shell:Creating package descriptor '/home/administrator/Masterproject2/20_ROS/src/Robots/install/mir_msgs/share/mir_msgs/package.dsv'
[1.241s] INFO:colcon.colcon_core.shell:Creating package script '/home/administrator/Masterproject2/20_ROS/src/Robots/install/mir_msgs/share/mir_msgs/package.sh'
[1.241s] INFO:colcon.colcon_core.shell:Creating package script '/home/administrator/Masterproject2/20_ROS/src/Robots/install/mir_msgs/share/mir_msgs/package.bash'
[1.242s] INFO:colcon.colcon_core.shell:Creating package script '/home/administrator/Masterproject2/20_ROS/src/Robots/install/mir_msgs/share/mir_msgs/package.zsh'
[1.245s] Level 1:colcon.colcon_core.environment:create_file_with_runtime_dependencies(/home/administrator/Masterproject2/20_ROS/src/Robots/install/mir_msgs/share/colcon-core/packages/mir_msgs)
[1.246s] Level 1:colcon.colcon_core.environment:create_environment_scripts_only(mir_msgs)
[1.246s] Level 1:colcon.colcon_core.environment:checking '/home/administrator/Masterproject2/20_ROS/src/Robots/install/mir_msgs' for CMake module files
[1.246s] Level 1:colcon.colcon_core.environment:checking '/home/administrator/Masterproject2/20_ROS/src/Robots/install/mir_msgs' for CMake config files
[1.247s] Level 1:colcon.colcon_core.shell:create_environment_hook('mir_msgs', 'cmake_prefix_path')
[1.247s] INFO:colcon.colcon_core.shell:Creating environment hook '/home/administrator/Masterproject2/20_ROS/src/Robots/install/mir_msgs/share/mir_msgs/hook/cmake_prefix_path.ps1'
[1.251s] INFO:colcon.colcon_core.shell:Creating environment descriptor '/home/administrator/Masterproject2/20_ROS/src/Robots/install/mir_msgs/share/mir_msgs/hook/cmake_prefix_path.dsv'
[1.251s] INFO:colcon.colcon_core.shell:Creating environment hook '/home/administrator/Masterproject2/20_ROS/src/Robots/install/mir_msgs/share/mir_msgs/hook/cmake_prefix_path.sh'
[1.252s] Level 1:colcon.colcon_core.environment:checking '/home/administrator/Masterproject2/20_ROS/src/Robots/install/mir_msgs/lib'
[1.252s] Level 1:colcon.colcon_core.shell:create_environment_hook('mir_msgs', 'ld_library_path_lib')
[1.252s] INFO:colcon.colcon_core.shell:Creating environment hook '/home/administrator/Masterproject2/20_ROS/src/Robots/install/mir_msgs/share/mir_msgs/hook/ld_library_path_lib.ps1'
[1.253s] INFO:colcon.colcon_core.shell:Creating environment descriptor '/home/administrator/Masterproject2/20_ROS/src/Robots/install/mir_msgs/share/mir_msgs/hook/ld_library_path_lib.dsv'
[1.253s] INFO:colcon.colcon_core.shell:Creating environment hook '/home/administrator/Masterproject2/20_ROS/src/Robots/install/mir_msgs/share/mir_msgs/hook/ld_library_path_lib.sh'
[1.253s] Level 1:colcon.colcon_core.environment:checking '/home/administrator/Masterproject2/20_ROS/src/Robots/install/mir_msgs/bin'
[1.254s] Level 1:colcon.colcon_core.environment:checking '/home/administrator/Masterproject2/20_ROS/src/Robots/install/mir_msgs/lib/pkgconfig/mir_msgs.pc'
[1.257s] Level 1:colcon.colcon_core.environment:checking '/home/administrator/Masterproject2/20_ROS/src/Robots/install/mir_msgs/lib/python3.12/site-packages'
[1.257s] Level 1:colcon.colcon_core.shell:create_environment_hook('mir_msgs', 'pythonpath')
[1.257s] INFO:colcon.colcon_core.shell:Creating environment hook '/home/administrator/Masterproject2/20_ROS/src/Robots/install/mir_msgs/share/mir_msgs/hook/pythonpath.ps1'
[1.258s] INFO:colcon.colcon_core.shell:Creating environment descriptor '/home/administrator/Masterproject2/20_ROS/src/Robots/install/mir_msgs/share/mir_msgs/hook/pythonpath.dsv'
[1.258s] INFO:colcon.colcon_core.shell:Creating environment hook '/home/administrator/Masterproject2/20_ROS/src/Robots/install/mir_msgs/share/mir_msgs/hook/pythonpath.sh'
[1.259s] Level 1:colcon.colcon_core.environment:checking '/home/administrator/Masterproject2/20_ROS/src/Robots/install/mir_msgs/bin'
[1.259s] INFO:colcon.colcon_core.shell:Creating package script '/home/administrator/Masterproject2/20_ROS/src/Robots/install/mir_msgs/share/mir_msgs/package.ps1'
[1.264s] INFO:colcon.colcon_core.shell:Creating package descriptor '/home/administrator/Masterproject2/20_ROS/src/Robots/install/mir_msgs/share/mir_msgs/package.dsv'
[1.265s] INFO:colcon.colcon_core.shell:Creating package script '/home/administrator/Masterproject2/20_ROS/src/Robots/install/mir_msgs/share/mir_msgs/package.sh'
[1.265s] INFO:colcon.colcon_core.shell:Creating package script '/home/administrator/Masterproject2/20_ROS/src/Robots/install/mir_msgs/share/mir_msgs/package.bash'
[1.265s] INFO:colcon.colcon_core.shell:Creating package script '/home/administrator/Masterproject2/20_ROS/src/Robots/install/mir_msgs/share/mir_msgs/package.zsh'
[1.266s] Level 1:colcon.colcon_core.environment:create_file_with_runtime_dependencies(/home/administrator/Masterproject2/20_ROS/src/Robots/install/mir_msgs/share/colcon-core/packages/mir_msgs)
[1.272s] INFO:colcon.colcon_ros.task.ament_cmake.build:Building ROS package in '/home/administrator/Masterproject2/20_ROS/src/Robots/MIR/mir_driver' with build type 'ament_cmake'
[1.272s] INFO:colcon.colcon_cmake.task.cmake.build:Building CMake package in '/home/administrator/Masterproject2/20_ROS/src/Robots/MIR/mir_driver'
[1.272s] INFO:colcon.colcon_core.shell:Skip shell extension 'powershell' for command environment: Not usable outside of PowerShell
[1.272s] DEBUG:colcon.colcon_core.shell:Skip shell extension 'dsv' for command environment
[1.280s] Level 1:colcon.colcon_core.environment:create_environment_scripts_only(demo)
[1.281s] DEBUG:colcon.colcon_core.event_handler.log_command:Invoked command in '/home/administrator/Masterproject2/20_ROS/src/Robots/build/demo' returned '0': AMENT_PREFIX_PATH=/home/administrator/Masterproject2/20_ROS/src/Robots/install/om_aiv_msg:${AMENT_PREFIX_PATH} CMAKE_PREFIX_PATH=/home/administrator/Masterproject2/20_ROS/src/Robots/install/om_aiv_msg:/opt/ros/kilted/opt/sdformat_vendor:/opt/ros/kilted/opt/gz_math_vendor:/opt/ros/kilted/opt/gz_utils_vendor:/opt/ros/kilted/opt/gz_tools_vendor:/opt/ros/kilted/opt/gz_cmake_vendor:/opt/ros/kilted DEBUGINFOD_URLS=https://debuginfod.ubuntu.com LD_LIBRARY_PATH=/home/administrator/Masterproject2/20_ROS/src/Robots/install/om_aiv_msg/lib:${LD_LIBRARY_PATH} PYTHONPATH=/home/administrator/Masterproject2/20_ROS/src/Robots/install/om_aiv_msg/lib/python3.12/site-packages:${PYTHONPATH} /usr/bin/cmake --install /home/administrator/Masterproject2/20_ROS/src/Robots/build/demo
[1.281s] Level 1:colcon.colcon_core.environment:checking '/home/administrator/Masterproject2/20_ROS/src/Robots/install/demo' for CMake module files
[1.283s] Level 1:colcon.colcon_core.environment:checking '/home/administrator/Masterproject2/20_ROS/src/Robots/install/demo' for CMake config files
[1.284s] Level 1:colcon.colcon_core.shell:create_environment_hook('demo', 'cmake_prefix_path')
[1.284s] INFO:colcon.colcon_core.shell:Creating environment hook '/home/administrator/Masterproject2/20_ROS/src/Robots/install/demo/share/demo/hook/cmake_prefix_path.ps1'
[1.284s] INFO:colcon.colcon_core.shell:Creating environment descriptor '/home/administrator/Masterproject2/20_ROS/src/Robots/install/demo/share/demo/hook/cmake_prefix_path.dsv'
[1.288s] INFO:colcon.colcon_core.shell:Creating environment hook '/home/administrator/Masterproject2/20_ROS/src/Robots/install/demo/share/demo/hook/cmake_prefix_path.sh'
[1.289s] Level 1:colcon.colcon_core.environment:checking '/home/administrator/Masterproject2/20_ROS/src/Robots/install/demo/lib'
[1.289s] Level 1:colcon.colcon_core.shell:create_environment_hook('demo', 'ld_library_path_lib')
[1.289s] INFO:colcon.colcon_core.shell:Creating environment hook '/home/administrator/Masterproject2/20_ROS/src/Robots/install/demo/share/demo/hook/ld_library_path_lib.ps1'
[1.290s] INFO:colcon.colcon_core.shell:Creating environment descriptor '/home/administrator/Masterproject2/20_ROS/src/Robots/install/demo/share/demo/hook/ld_library_path_lib.dsv'
[1.292s] INFO:colcon.colcon_core.shell:Creating environment hook '/home/administrator/Masterproject2/20_ROS/src/Robots/install/demo/share/demo/hook/ld_library_path_lib.sh'
[1.293s] Level 1:colcon.colcon_core.environment:checking '/home/administrator/Masterproject2/20_ROS/src/Robots/install/demo/bin'
[1.297s] Level 1:colcon.colcon_core.environment:checking '/home/administrator/Masterproject2/20_ROS/src/Robots/install/demo/lib/pkgconfig/demo.pc'
[1.297s] Level 1:colcon.colcon_core.environment:checking '/home/administrator/Masterproject2/20_ROS/src/Robots/install/demo/lib/python3.12/site-packages'
[1.297s] Level 1:colcon.colcon_core.environment:checking '/home/administrator/Masterproject2/20_ROS/src/Robots/install/demo/bin'
[1.298s] INFO:colcon.colcon_core.shell:Creating package script '/home/administrator/Masterproject2/20_ROS/src/Robots/install/demo/share/demo/package.ps1'
[1.299s] INFO:colcon.colcon_core.shell:Creating package descriptor '/home/administrator/Masterproject2/20_ROS/src/Robots/install/demo/share/demo/package.dsv'
[1.299s] INFO:colcon.colcon_core.shell:Creating package script '/home/administrator/Masterproject2/20_ROS/src/Robots/install/demo/share/demo/package.sh'
[1.300s] INFO:colcon.colcon_core.shell:Creating package script '/home/administrator/Masterproject2/20_ROS/src/Robots/install/demo/share/demo/package.bash'
[1.301s] INFO:colcon.colcon_core.shell:Creating package script '/home/administrator/Masterproject2/20_ROS/src/Robots/install/demo/share/demo/package.zsh'
[1.302s] Level 1:colcon.colcon_core.environment:create_file_with_runtime_dependencies(/home/administrator/Masterproject2/20_ROS/src/Robots/install/demo/share/colcon-core/packages/demo)
[1.303s] Level 1:colcon.colcon_core.environment:create_environment_scripts_only(demo)
[1.306s] Level 1:colcon.colcon_core.environment:checking '/home/administrator/Masterproject2/20_ROS/src/Robots/install/demo' for CMake module files
[1.307s] Level 1:colcon.colcon_core.environment:checking '/home/administrator/Masterproject2/20_ROS/src/Robots/install/demo' for CMake config files
[1.307s] Level 1:colcon.colcon_core.shell:create_environment_hook('demo', 'cmake_prefix_path')
[1.307s] INFO:colcon.colcon_core.shell:Creating environment hook '/home/administrator/Masterproject2/20_ROS/src/Robots/install/demo/share/demo/hook/cmake_prefix_path.ps1'
[1.307s] INFO:colcon.colcon_core.shell:Creating environment descriptor '/home/administrator/Masterproject2/20_ROS/src/Robots/install/demo/share/demo/hook/cmake_prefix_path.dsv'
[1.308s] INFO:colcon.colcon_core.shell:Creating environment hook '/home/administrator/Masterproject2/20_ROS/src/Robots/install/demo/share/demo/hook/cmake_prefix_path.sh'
[1.308s] Level 1:colcon.colcon_core.environment:checking '/home/administrator/Masterproject2/20_ROS/src/Robots/install/demo/lib'
[1.309s] Level 1:colcon.colcon_core.shell:create_environment_hook('demo', 'ld_library_path_lib')
[1.309s] INFO:colcon.colcon_core.shell:Creating environment hook '/home/administrator/Masterproject2/20_ROS/src/Robots/install/demo/share/demo/hook/ld_library_path_lib.ps1'
[1.313s] INFO:colcon.colcon_core.shell:Creating environment descriptor '/home/administrator/Masterproject2/20_ROS/src/Robots/install/demo/share/demo/hook/ld_library_path_lib.dsv'
[1.314s] INFO:colcon.colcon_core.shell:Creating environment hook '/home/administrator/Masterproject2/20_ROS/src/Robots/install/demo/share/demo/hook/ld_library_path_lib.sh'
[1.314s] Level 1:colcon.colcon_core.environment:checking '/home/administrator/Masterproject2/20_ROS/src/Robots/install/demo/bin'
[1.314s] Level 1:colcon.colcon_core.environment:checking '/home/administrator/Masterproject2/20_ROS/src/Robots/install/demo/lib/pkgconfig/demo.pc'
[1.314s] Level 1:colcon.colcon_core.environment:checking '/home/administrator/Masterproject2/20_ROS/src/Robots/install/demo/lib/python3.12/site-packages'
[1.315s] Level 1:colcon.colcon_core.environment:checking '/home/administrator/Masterproject2/20_ROS/src/Robots/install/demo/bin'
[1.315s] INFO:colcon.colcon_core.shell:Creating package script '/home/administrator/Masterproject2/20_ROS/src/Robots/install/demo/share/demo/package.ps1'
[1.315s] INFO:colcon.colcon_core.shell:Creating package descriptor '/home/administrator/Masterproject2/20_ROS/src/Robots/install/demo/share/demo/package.dsv'
[1.316s] INFO:colcon.colcon_core.shell:Creating package script '/home/administrator/Masterproject2/20_ROS/src/Robots/install/demo/share/demo/package.sh'
[1.317s] INFO:colcon.colcon_core.shell:Creating package script '/home/administrator/Masterproject2/20_ROS/src/Robots/install/demo/share/demo/package.bash'
[1.321s] INFO:colcon.colcon_core.shell:Creating package script '/home/administrator/Masterproject2/20_ROS/src/Robots/install/demo/share/demo/package.zsh'
[1.322s] Level 1:colcon.colcon_core.environment:create_file_with_runtime_dependencies(/home/administrator/Masterproject2/20_ROS/src/Robots/install/demo/share/colcon-core/packages/demo)
[1.322s] Level 1:colcon.colcon_core.environment:create_environment_scripts_only(amr_visualisation)
[1.322s] Level 1:colcon.colcon_core.environment:checking '/home/administrator/Masterproject2/20_ROS/src/Robots/install/amr_visualisation' for CMake module files
[1.323s] Level 1:colcon.colcon_core.environment:checking '/home/administrator/Masterproject2/20_ROS/src/Robots/install/amr_visualisation' for CMake config files
[1.323s] Level 1:colcon.colcon_core.shell:create_environment_hook('amr_visualisation', 'cmake_prefix_path')
[1.323s] INFO:colcon.colcon_core.shell:Creating environment hook '/home/administrator/Masterproject2/20_ROS/src/Robots/install/amr_visualisation/share/amr_visualisation/hook/cmake_prefix_path.ps1'
[1.324s] INFO:colcon.colcon_core.shell:Creating environment descriptor '/home/administrator/Masterproject2/20_ROS/src/Robots/install/amr_visualisation/share/amr_visualisation/hook/cmake_prefix_path.dsv'
[1.324s] DEBUG:colcon.colcon_core.event_handler.log_command:Invoked command in '/home/administrator/Masterproject2/20_ROS/src/Robots/build/amr_visualisation' returned '0': AMENT_PREFIX_PATH=/home/administrator/Masterproject2/20_ROS/src/Robots/install/om_aiv_msg:${AMENT_PREFIX_PATH} CMAKE_PREFIX_PATH=/home/administrator/Masterproject2/20_ROS/src/Robots/install/om_aiv_msg:/opt/ros/kilted/opt/sdformat_vendor:/opt/ros/kilted/opt/gz_math_vendor:/opt/ros/kilted/opt/gz_utils_vendor:/opt/ros/kilted/opt/gz_tools_vendor:/opt/ros/kilted/opt/gz_cmake_vendor:/opt/ros/kilted DEBUGINFOD_URLS=https://debuginfod.ubuntu.com LD_LIBRARY_PATH=/home/administrator/Masterproject2/20_ROS/src/Robots/install/om_aiv_msg/lib:${LD_LIBRARY_PATH} PYTHONPATH=/home/administrator/Masterproject2/20_ROS/src/Robots/install/om_aiv_msg/lib/python3.12/site-packages:${PYTHONPATH} /usr/bin/cmake --install /home/administrator/Masterproject2/20_ROS/src/Robots/build/amr_visualisation
[1.325s] INFO:colcon.colcon_core.shell:Creating environment hook '/home/administrator/Masterproject2/20_ROS/src/Robots/install/amr_visualisation/share/amr_visualisation/hook/cmake_prefix_path.sh'
[1.329s] Level 1:colcon.colcon_core.environment:checking '/home/administrator/Masterproject2/20_ROS/src/Robots/install/amr_visualisation/lib'
[1.329s] Level 1:colcon.colcon_core.environment:checking '/home/administrator/Masterproject2/20_ROS/src/Robots/install/amr_visualisation/bin'
[1.329s] Level 1:colcon.colcon_core.environment:checking '/home/administrator/Masterproject2/20_ROS/src/Robots/install/amr_visualisation/lib/pkgconfig/amr_visualisation.pc'
[1.330s] Level 1:colcon.colcon_core.environment:checking '/home/administrator/Masterproject2/20_ROS/src/Robots/install/amr_visualisation/lib/python3.12/site-packages'
[1.330s] Level 1:colcon.colcon_core.environment:checking '/home/administrator/Masterproject2/20_ROS/src/Robots/install/amr_visualisation/bin'
[1.330s] INFO:colcon.colcon_core.shell:Creating package script '/home/administrator/Masterproject2/20_ROS/src/Robots/install/amr_visualisation/share/amr_visualisation/package.ps1'
[1.331s] INFO:colcon.colcon_core.shell:Creating package descriptor '/home/administrator/Masterproject2/20_ROS/src/Robots/install/amr_visualisation/share/amr_visualisation/package.dsv'
[1.331s] INFO:colcon.colcon_core.shell:Creating package script '/home/administrator/Masterproject2/20_ROS/src/Robots/install/amr_visualisation/share/amr_visualisation/package.sh'
[1.332s] INFO:colcon.colcon_core.shell:Creating package script '/home/administrator/Masterproject2/20_ROS/src/Robots/install/amr_visualisation/share/amr_visualisation/package.bash'
[1.332s] INFO:colcon.colcon_core.shell:Creating package script '/home/administrator/Masterproject2/20_ROS/src/Robots/install/amr_visualisation/share/amr_visualisation/package.zsh'
[1.332s] Level 1:colcon.colcon_core.environment:create_file_with_runtime_dependencies(/home/administrator/Masterproject2/20_ROS/src/Robots/install/amr_visualisation/share/colcon-core/packages/amr_visualisation)
[1.336s] Level 1:colcon.colcon_core.environment:create_environment_scripts_only(amr_visualisation)
[1.337s] Level 1:colcon.colcon_core.environment:checking '/home/administrator/Masterproject2/20_ROS/src/Robots/install/amr_visualisation' for CMake module files
[1.337s] Level 1:colcon.colcon_core.environment:checking '/home/administrator/Masterproject2/20_ROS/src/Robots/install/amr_visualisation' for CMake config files
[1.337s] Level 1:colcon.colcon_core.shell:create_environment_hook('amr_visualisation', 'cmake_prefix_path')
[1.337s] INFO:colcon.colcon_core.shell:Creating environment hook '/home/administrator/Masterproject2/20_ROS/src/Robots/install/amr_visualisation/share/amr_visualisation/hook/cmake_prefix_path.ps1'
[1.338s] INFO:colcon.colcon_core.shell:Creating environment descriptor '/home/administrator/Masterproject2/20_ROS/src/Robots/install/amr_visualisation/share/amr_visualisation/hook/cmake_prefix_path.dsv'
[1.338s] INFO:colcon.colcon_core.shell:Creating environment hook '/home/administrator/Masterproject2/20_ROS/src/Robots/install/amr_visualisation/share/amr_visualisation/hook/cmake_prefix_path.sh'
[1.339s] Level 1:colcon.colcon_core.environment:checking '/home/administrator/Masterproject2/20_ROS/src/Robots/install/amr_visualisation/lib'
[1.339s] Level 1:colcon.colcon_core.environment:checking '/home/administrator/Masterproject2/20_ROS/src/Robots/install/amr_visualisation/bin'
[1.343s] Level 1:colcon.colcon_core.environment:checking '/home/administrator/Masterproject2/20_ROS/src/Robots/install/amr_visualisation/lib/pkgconfig/amr_visualisation.pc'
[1.343s] Level 1:colcon.colcon_core.environment:checking '/home/administrator/Masterproject2/20_ROS/src/Robots/install/amr_visualisation/lib/python3.12/site-packages'
[1.344s] Level 1:colcon.colcon_core.environment:checking '/home/administrator/Masterproject2/20_ROS/src/Robots/install/amr_visualisation/bin'
[1.344s] INFO:colcon.colcon_core.shell:Creating package script '/home/administrator/Masterproject2/20_ROS/src/Robots/install/amr_visualisation/share/amr_visualisation/package.ps1'
[1.345s] INFO:colcon.colcon_core.shell:Creating package descriptor '/home/administrator/Masterproject2/20_ROS/src/Robots/install/amr_visualisation/share/amr_visualisation/package.dsv'
[1.345s] INFO:colcon.colcon_core.shell:Creating package script '/home/administrator/Masterproject2/20_ROS/src/Robots/install/amr_visualisation/share/amr_visualisation/package.sh'
[1.346s] INFO:colcon.colcon_core.shell:Creating package script '/home/administrator/Masterproject2/20_ROS/src/Robots/install/amr_visualisation/share/amr_visualisation/package.bash'
[1.346s] INFO:colcon.colcon_core.shell:Creating package script '/home/administrator/Masterproject2/20_ROS/src/Robots/install/amr_visualisation/share/amr_visualisation/package.zsh'
[1.347s] Level 1:colcon.colcon_core.environment:create_file_with_runtime_dependencies(/home/administrator/Masterproject2/20_ROS/src/Robots/install/amr_visualisation/share/colcon-core/packages/amr_visualisation)
[1.350s] DEBUG:colcon.colcon_core.task.python.build:Available setuptools commands: editable_wheel, sdist, check, build_ext, develop, alias, setopt, install, build_clib, extract_messages, saveopts, upload, build_py, bdist_dumb, register, symlink_data, easy_install, update_catalog, bdist, test, build, egg_info, upload_docs, install_headers, build_scripts, install_lib, rotate, bdist_rpm, install_data, init_catalog, compile_catalog, install_egg_info, install_scripts, dist_info, clean, bdist_egg
[1.353s] DEBUG:colcon.colcon_core.event_handler.log_command:Invoking command in '/home/administrator/Masterproject2/20_ROS/src/Robots/Omron_AMR/src/om_aiv_navigation': DEBUGINFOD_URLS=https://debuginfod.ubuntu.com PYTHONPATH=/home/administrator/Masterproject2/20_ROS/src/Robots/build/om_aiv_navigation/prefix_override:/usr/lib/python3/dist-packages/colcon_core/task/python/colcon_distutils_commands:/home/administrator/Masterproject2/20_ROS/src/Robots/install/om_aiv_navigation/lib/python3.12/site-packages:${PYTHONPATH} /usr/bin/python3 -W ignore:setup.py install is deprecated -W ignore:easy_install command is deprecated setup.py egg_info --egg-base ../../../build/om_aiv_navigation build --build-base /home/administrator/Masterproject2/20_ROS/src/Robots/build/om_aiv_navigation/build install --record /home/administrator/Masterproject2/20_ROS/src/Robots/build/om_aiv_navigation/install.log --install-scripts $base/lib/om_aiv_navigation --single-version-externally-managed install_data
[1.360s] DEBUG:colcon.colcon_core.event_handler.log_command:Invoking command in '/home/administrator/Masterproject2/20_ROS/src/Robots/build/mir_driver': AMENT_PREFIX_PATH=/home/administrator/Masterproject2/20_ROS/src/Robots/install/mir_msgs:/home/administrator/Masterproject2/20_ROS/src/Robots/install/mir_description:/home/administrator/Masterproject2/20_ROS/src/Robots/install/mir_actions:${AMENT_PREFIX_PATH} CMAKE_PREFIX_PATH=/home/administrator/Masterproject2/20_ROS/src/Robots/install/mir_msgs:/home/administrator/Masterproject2/20_ROS/src/Robots/install/mir_description:/home/administrator/Masterproject2/20_ROS/src/Robots/install/mir_actions:/opt/ros/kilted/opt/sdformat_vendor:/opt/ros/kilted/opt/gz_math_vendor:/opt/ros/kilted/opt/gz_utils_vendor:/opt/ros/kilted/opt/gz_tools_vendor:/opt/ros/kilted/opt/gz_cmake_vendor:/opt/ros/kilted DEBUGINFOD_URLS=https://debuginfod.ubuntu.com LD_LIBRARY_PATH=/home/administrator/Masterproject2/20_ROS/src/Robots/install/mir_msgs/lib:/home/administrator/Masterproject2/20_ROS/src/Robots/install/mir_actions/lib:${LD_LIBRARY_PATH} PYTHONPATH=/home/administrator/Masterproject2/20_ROS/src/Robots/install/mir_msgs/lib/python3.12/site-packages:/home/administrator/Masterproject2/20_ROS/src/Robots/install/mir_actions/lib/python3.12/site-packages:${PYTHONPATH} /usr/bin/cmake --build /home/administrator/Masterproject2/20_ROS/src/Robots/build/mir_driver -- -j14 -l14
[2.015s] DEBUG:colcon.colcon_core.event_handler.log_command:Invoked command in '/home/administrator/Masterproject2/20_ROS/src/Robots/build/mir_driver' returned '0': AMENT_PREFIX_PATH=/home/administrator/Masterproject2/20_ROS/src/Robots/install/mir_msgs:/home/administrator/Masterproject2/20_ROS/src/Robots/install/mir_description:/home/administrator/Masterproject2/20_ROS/src/Robots/install/mir_actions:${AMENT_PREFIX_PATH} CMAKE_PREFIX_PATH=/home/administrator/Masterproject2/20_ROS/src/Robots/install/mir_msgs:/home/administrator/Masterproject2/20_ROS/src/Robots/install/mir_description:/home/administrator/Masterproject2/20_ROS/src/Robots/install/mir_actions:/opt/ros/kilted/opt/sdformat_vendor:/opt/ros/kilted/opt/gz_math_vendor:/opt/ros/kilted/opt/gz_utils_vendor:/opt/ros/kilted/opt/gz_tools_vendor:/opt/ros/kilted/opt/gz_cmake_vendor:/opt/ros/kilted DEBUGINFOD_URLS=https://debuginfod.ubuntu.com LD_LIBRARY_PATH=/home/administrator/Masterproject2/20_ROS/src/Robots/install/mir_msgs/lib:/home/administrator/Masterproject2/20_ROS/src/Robots/install/mir_actions/lib:${LD_LIBRARY_PATH} PYTHONPATH=/home/administrator/Masterproject2/20_ROS/src/Robots/install/mir_msgs/lib/python3.12/site-packages:/home/administrator/Masterproject2/20_ROS/src/Robots/install/mir_actions/lib/python3.12/site-packages:${PYTHONPATH} /usr/bin/cmake --build /home/administrator/Masterproject2/20_ROS/src/Robots/build/mir_driver -- -j14 -l14
[2.016s] DEBUG:colcon.colcon_core.event_handler.log_command:Invoking command in '/home/administrator/Masterproject2/20_ROS/src/Robots/build/mir_driver': AMENT_PREFIX_PATH=/home/administrator/Masterproject2/20_ROS/src/Robots/install/mir_msgs:/home/administrator/Masterproject2/20_ROS/src/Robots/install/mir_description:/home/administrator/Masterproject2/20_ROS/src/Robots/install/mir_actions:${AMENT_PREFIX_PATH} CMAKE_PREFIX_PATH=/home/administrator/Masterproject2/20_ROS/src/Robots/install/mir_msgs:/home/administrator/Masterproject2/20_ROS/src/Robots/install/mir_description:/home/administrator/Masterproject2/20_ROS/src/Robots/install/mir_actions:/opt/ros/kilted/opt/sdformat_vendor:/opt/ros/kilted/opt/gz_math_vendor:/opt/ros/kilted/opt/gz_utils_vendor:/opt/ros/kilted/opt/gz_tools_vendor:/opt/ros/kilted/opt/gz_cmake_vendor:/opt/ros/kilted DEBUGINFOD_URLS=https://debuginfod.ubuntu.com LD_LIBRARY_PATH=/home/administrator/Masterproject2/20_ROS/src/Robots/install/mir_msgs/lib:/home/administrator/Masterproject2/20_ROS/src/Robots/install/mir_actions/lib:${LD_LIBRARY_PATH} PYTHONPATH=/home/administrator/Masterproject2/20_ROS/src/Robots/install/mir_msgs/lib/python3.12/site-packages:/home/administrator/Masterproject2/20_ROS/src/Robots/install/mir_actions/lib/python3.12/site-packages:${PYTHONPATH} /usr/bin/cmake --install /home/administrator/Masterproject2/20_ROS/src/Robots/build/mir_driver
[2.123s] Level 1:colcon.colcon_core.environment:create_environment_scripts_only(mir_driver)
[2.123s] Level 1:colcon.colcon_core.environment:checking '/home/administrator/Masterproject2/20_ROS/src/Robots/install/mir_driver' for CMake module files
[2.123s] Level 1:colcon.colcon_core.environment:checking '/home/administrator/Masterproject2/20_ROS/src/Robots/install/mir_driver' for CMake config files
[2.123s] Level 1:colcon.colcon_core.shell:create_environment_hook('mir_driver', 'cmake_prefix_path')
[2.123s] INFO:colcon.colcon_core.shell:Creating environment hook '/home/administrator/Masterproject2/20_ROS/src/Robots/install/mir_driver/share/mir_driver/hook/cmake_prefix_path.ps1'
[2.124s] INFO:colcon.colcon_core.shell:Creating environment descriptor '/home/administrator/Masterproject2/20_ROS/src/Robots/install/mir_driver/share/mir_driver/hook/cmake_prefix_path.dsv'
[2.128s] INFO:colcon.colcon_core.shell:Creating environment hook '/home/administrator/Masterproject2/20_ROS/src/Robots/install/mir_driver/share/mir_driver/hook/cmake_prefix_path.sh'
[2.129s] Level 1:colcon.colcon_core.environment:checking '/home/administrator/Masterproject2/20_ROS/src/Robots/install/mir_driver/lib'
[2.129s] Level 1:colcon.colcon_core.environment:checking '/home/administrator/Masterproject2/20_ROS/src/Robots/install/mir_driver/bin'
[2.129s] Level 1:colcon.colcon_core.environment:checking '/home/administrator/Masterproject2/20_ROS/src/Robots/install/mir_driver/lib/pkgconfig/mir_driver.pc'
[2.129s] Level 1:colcon.colcon_core.environment:checking '/home/administrator/Masterproject2/20_ROS/src/Robots/install/mir_driver/lib/python3.12/site-packages'
[2.129s] Level 1:colcon.colcon_core.shell:create_environment_hook('mir_driver', 'pythonpath')
[2.129s] INFO:colcon.colcon_core.shell:Creating environment hook '/home/administrator/Masterproject2/20_ROS/src/Robots/install/mir_driver/share/mir_driver/hook/pythonpath.ps1'
[2.129s] INFO:colcon.colcon_core.shell:Creating environment descriptor '/home/administrator/Masterproject2/20_ROS/src/Robots/install/mir_driver/share/mir_driver/hook/pythonpath.dsv'
[2.130s] DEBUG:colcon.colcon_core.event_handler.log_command:Invoked command in '/home/administrator/Masterproject2/20_ROS/src/Robots/build/mir_driver' returned '0': AMENT_PREFIX_PATH=/home/administrator/Masterproject2/20_ROS/src/Robots/install/mir_msgs:/home/administrator/Masterproject2/20_ROS/src/Robots/install/mir_description:/home/administrator/Masterproject2/20_ROS/src/Robots/install/mir_actions:${AMENT_PREFIX_PATH} CMAKE_PREFIX_PATH=/home/administrator/Masterproject2/20_ROS/src/Robots/install/mir_msgs:/home/administrator/Masterproject2/20_ROS/src/Robots/install/mir_description:/home/administrator/Masterproject2/20_ROS/src/Robots/install/mir_actions:/opt/ros/kilted/opt/sdformat_vendor:/opt/ros/kilted/opt/gz_math_vendor:/opt/ros/kilted/opt/gz_utils_vendor:/opt/ros/kilted/opt/gz_tools_vendor:/opt/ros/kilted/opt/gz_cmake_vendor:/opt/ros/kilted DEBUGINFOD_URLS=https://debuginfod.ubuntu.com LD_LIBRARY_PATH=/home/administrator/Masterproject2/20_ROS/src/Robots/install/mir_msgs/lib:/home/administrator/Masterproject2/20_ROS/src/Robots/install/mir_actions/lib:${LD_LIBRARY_PATH} PYTHONPATH=/home/administrator/Masterproject2/20_ROS/src/Robots/install/mir_msgs/lib/python3.12/site-packages:/home/administrator/Masterproject2/20_ROS/src/Robots/install/mir_actions/lib/python3.12/site-packages:${PYTHONPATH} /usr/bin/cmake --install /home/administrator/Masterproject2/20_ROS/src/Robots/build/mir_driver
[2.130s] INFO:colcon.colcon_core.shell:Creating environment hook '/home/administrator/Masterproject2/20_ROS/src/Robots/install/mir_driver/share/mir_driver/hook/pythonpath.sh'
[2.130s] Level 1:colcon.colcon_core.environment:checking '/home/administrator/Masterproject2/20_ROS/src/Robots/install/mir_driver/bin'
[2.130s] INFO:colcon.colcon_core.shell:Creating package script '/home/administrator/Masterproject2/20_ROS/src/Robots/install/mir_driver/share/mir_driver/package.ps1'
[2.135s] INFO:colcon.colcon_core.shell:Creating package descriptor '/home/administrator/Masterproject2/20_ROS/src/Robots/install/mir_driver/share/mir_driver/package.dsv'
[2.135s] INFO:colcon.colcon_core.shell:Creating package script '/home/administrator/Masterproject2/20_ROS/src/Robots/install/mir_driver/share/mir_driver/package.sh'
[2.136s] INFO:colcon.colcon_core.shell:Creating package script '/home/administrator/Masterproject2/20_ROS/src/Robots/install/mir_driver/share/mir_driver/package.bash'
[2.136s] INFO:colcon.colcon_core.shell:Creating package script '/home/administrator/Masterproject2/20_ROS/src/Robots/install/mir_driver/share/mir_driver/package.zsh'
[2.136s] Level 1:colcon.colcon_core.environment:create_file_with_runtime_dependencies(/home/administrator/Masterproject2/20_ROS/src/Robots/install/mir_driver/share/colcon-core/packages/mir_driver)
[2.136s] Level 1:colcon.colcon_core.environment:create_environment_scripts_only(mir_driver)
[2.136s] Level 1:colcon.colcon_core.environment:checking '/home/administrator/Masterproject2/20_ROS/src/Robots/install/mir_driver' for CMake module files
[2.137s] Level 1:colcon.colcon_core.environment:checking '/home/administrator/Masterproject2/20_ROS/src/Robots/install/mir_driver' for CMake config files
[2.137s] Level 1:colcon.colcon_core.shell:create_environment_hook('mir_driver', 'cmake_prefix_path')
[2.137s] INFO:colcon.colcon_core.shell:Creating environment hook '/home/administrator/Masterproject2/20_ROS/src/Robots/install/mir_driver/share/mir_driver/hook/cmake_prefix_path.ps1'
[2.137s] INFO:colcon.colcon_core.shell:Creating environment descriptor '/home/administrator/Masterproject2/20_ROS/src/Robots/install/mir_driver/share/mir_driver/hook/cmake_prefix_path.dsv'
[2.137s] INFO:colcon.colcon_core.shell:Creating environment hook '/home/administrator/Masterproject2/20_ROS/src/Robots/install/mir_driver/share/mir_driver/hook/cmake_prefix_path.sh'
[2.138s] Level 1:colcon.colcon_core.environment:checking '/home/administrator/Masterproject2/20_ROS/src/Robots/install/mir_driver/lib'
[2.138s] Level 1:colcon.colcon_core.environment:checking '/home/administrator/Masterproject2/20_ROS/src/Robots/install/mir_driver/bin'
[2.138s] Level 1:colcon.colcon_core.environment:checking '/home/administrator/Masterproject2/20_ROS/src/Robots/install/mir_driver/lib/pkgconfig/mir_driver.pc'
[2.138s] Level 1:colcon.colcon_core.environment:checking '/home/administrator/Masterproject2/20_ROS/src/Robots/install/mir_driver/lib/python3.12/site-packages'
[2.138s] Level 1:colcon.colcon_core.shell:create_environment_hook('mir_driver', 'pythonpath')
[2.138s] INFO:colcon.colcon_core.shell:Creating environment hook '/home/administrator/Masterproject2/20_ROS/src/Robots/install/mir_driver/share/mir_driver/hook/pythonpath.ps1'
[2.139s] INFO:colcon.colcon_core.shell:Creating environment descriptor '/home/administrator/Masterproject2/20_ROS/src/Robots/install/mir_driver/share/mir_driver/hook/pythonpath.dsv'
[2.139s] INFO:colcon.colcon_core.shell:Creating environment hook '/home/administrator/Masterproject2/20_ROS/src/Robots/install/mir_driver/share/mir_driver/hook/pythonpath.sh'
[2.139s] Level 1:colcon.colcon_core.environment:checking '/home/administrator/Masterproject2/20_ROS/src/Robots/install/mir_driver/bin'
[2.139s] INFO:colcon.colcon_core.shell:Creating package script '/home/administrator/Masterproject2/20_ROS/src/Robots/install/mir_driver/share/mir_driver/package.ps1'
[2.143s] INFO:colcon.colcon_core.shell:Creating package descriptor '/home/administrator/Masterproject2/20_ROS/src/Robots/install/mir_driver/share/mir_driver/package.dsv'
[2.144s] INFO:colcon.colcon_core.shell:Creating package script '/home/administrator/Masterproject2/20_ROS/src/Robots/install/mir_driver/share/mir_driver/package.sh'
[2.144s] INFO:colcon.colcon_core.shell:Creating package script '/home/administrator/Masterproject2/20_ROS/src/Robots/install/mir_driver/share/mir_driver/package.bash'
[2.148s] INFO:colcon.colcon_core.shell:Creating package script '/home/administrator/Masterproject2/20_ROS/src/Robots/install/mir_driver/share/mir_driver/package.zsh'
[2.148s] Level 1:colcon.colcon_core.environment:create_file_with_runtime_dependencies(/home/administrator/Masterproject2/20_ROS/src/Robots/install/mir_driver/share/colcon-core/packages/mir_driver)
[2.149s] INFO:colcon.colcon_ros.task.ament_cmake.build:Building ROS package in '/home/administrator/Masterproject2/20_ROS/src/Robots/MIR/mir_gazebo' with build type 'ament_cmake'
[2.149s] INFO:colcon.colcon_cmake.task.cmake.build:Building CMake package in '/home/administrator/Masterproject2/20_ROS/src/Robots/MIR/mir_gazebo'
[2.149s] INFO:colcon.colcon_core.shell:Skip shell extension 'powershell' for command environment: Not usable outside of PowerShell
[2.149s] DEBUG:colcon.colcon_core.shell:Skip shell extension 'dsv' for command environment
[2.182s] DEBUG:colcon.colcon_core.event_handler.log_command:Invoking command in '/home/administrator/Masterproject2/20_ROS/src/Robots/build/mir_gazebo': AMENT_PREFIX_PATH=/home/administrator/Masterproject2/20_ROS/src/Robots/install/mir_driver:/home/administrator/Masterproject2/20_ROS/src/Robots/install/mir_msgs:/home/administrator/Masterproject2/20_ROS/src/Robots/install/mir_description:/home/administrator/Masterproject2/20_ROS/src/Robots/install/mir_actions:${AMENT_PREFIX_PATH} CMAKE_PREFIX_PATH=/home/administrator/Masterproject2/20_ROS/src/Robots/install/mir_driver:/home/administrator/Masterproject2/20_ROS/src/Robots/install/mir_msgs:/home/administrator/Masterproject2/20_ROS/src/Robots/install/mir_description:/home/administrator/Masterproject2/20_ROS/src/Robots/install/mir_actions:/opt/ros/kilted/opt/sdformat_vendor:/opt/ros/kilted/opt/gz_math_vendor:/opt/ros/kilted/opt/gz_utils_vendor:/opt/ros/kilted/opt/gz_tools_vendor:/opt/ros/kilted/opt/gz_cmake_vendor:/opt/ros/kilted DEBUGINFOD_URLS=https://debuginfod.ubuntu.com LD_LIBRARY_PATH=/home/administrator/Masterproject2/20_ROS/src/Robots/install/mir_msgs/lib:/home/administrator/Masterproject2/20_ROS/src/Robots/install/mir_actions/lib:${LD_LIBRARY_PATH} PYTHONPATH=/home/administrator/Masterproject2/20_ROS/src/Robots/install/mir_driver/lib/python3.12/site-packages:/home/administrator/Masterproject2/20_ROS/src/Robots/install/mir_msgs/lib/python3.12/site-packages:/home/administrator/Masterproject2/20_ROS/src/Robots/install/mir_actions/lib/python3.12/site-packages:${PYTHONPATH} /usr/bin/cmake --build /home/administrator/Masterproject2/20_ROS/src/Robots/build/mir_gazebo -- -j14 -l14
[2.221s] Level 1:colcon.colcon_core.environment:checking '/home/administrator/Masterproject2/20_ROS/src/Robots/install/om_aiv_navigation' for CMake module files
[2.222s] Level 1:colcon.colcon_core.environment:checking '/home/administrator/Masterproject2/20_ROS/src/Robots/install/om_aiv_navigation' for CMake config files
[2.222s] Level 1:colcon.colcon_core.environment:checking '/home/administrator/Masterproject2/20_ROS/src/Robots/install/om_aiv_navigation/lib'
[2.222s] Level 1:colcon.colcon_core.environment:checking '/home/administrator/Masterproject2/20_ROS/src/Robots/install/om_aiv_navigation/bin'
[2.222s] Level 1:colcon.colcon_core.environment:checking '/home/administrator/Masterproject2/20_ROS/src/Robots/install/om_aiv_navigation/lib/pkgconfig/om_aiv_navigation.pc'
[2.222s] Level 1:colcon.colcon_core.environment:checking '/home/administrator/Masterproject2/20_ROS/src/Robots/install/om_aiv_navigation/lib/python3.12/site-packages'
[2.222s] Level 1:colcon.colcon_core.shell:create_environment_hook('om_aiv_navigation', 'pythonpath')
[2.223s] INFO:colcon.colcon_core.shell:Creating environment hook '/home/administrator/Masterproject2/20_ROS/src/Robots/install/om_aiv_navigation/share/om_aiv_navigation/hook/pythonpath.ps1'
[2.223s] INFO:colcon.colcon_core.shell:Creating environment descriptor '/home/administrator/Masterproject2/20_ROS/src/Robots/install/om_aiv_navigation/share/om_aiv_navigation/hook/pythonpath.dsv'
[2.223s] DEBUG:colcon.colcon_core.event_handler.log_command:Invoked command in '/home/administrator/Masterproject2/20_ROS/src/Robots/Omron_AMR/src/om_aiv_navigation' returned '0': DEBUGINFOD_URLS=https://debuginfod.ubuntu.com PYTHONPATH=/home/administrator/Masterproject2/20_ROS/src/Robots/build/om_aiv_navigation/prefix_override:/usr/lib/python3/dist-packages/colcon_core/task/python/colcon_distutils_commands:/home/administrator/Masterproject2/20_ROS/src/Robots/install/om_aiv_navigation/lib/python3.12/site-packages:${PYTHONPATH} /usr/bin/python3 -W ignore:setup.py install is deprecated -W ignore:easy_install command is deprecated setup.py egg_info --egg-base ../../../build/om_aiv_navigation build --build-base /home/administrator/Masterproject2/20_ROS/src/Robots/build/om_aiv_navigation/build install --record /home/administrator/Masterproject2/20_ROS/src/Robots/build/om_aiv_navigation/install.log --install-scripts $base/lib/om_aiv_navigation --single-version-externally-managed install_data
[2.224s] INFO:colcon.colcon_core.shell:Creating environment hook '/home/administrator/Masterproject2/20_ROS/src/Robots/install/om_aiv_navigation/share/om_aiv_navigation/hook/pythonpath.sh'
[2.224s] Level 1:colcon.colcon_core.environment:checking '/home/administrator/Masterproject2/20_ROS/src/Robots/install/om_aiv_navigation/bin'
[2.225s] Level 1:colcon.colcon_core.environment:create_environment_scripts_only(om_aiv_navigation)
[2.225s] INFO:colcon.colcon_core.shell:Creating package script '/home/administrator/Masterproject2/20_ROS/src/Robots/install/om_aiv_navigation/share/om_aiv_navigation/package.ps1'
[2.225s] INFO:colcon.colcon_core.shell:Creating package descriptor '/home/administrator/Masterproject2/20_ROS/src/Robots/install/om_aiv_navigation/share/om_aiv_navigation/package.dsv'
[2.225s] INFO:colcon.colcon_core.shell:Creating package script '/home/administrator/Masterproject2/20_ROS/src/Robots/install/om_aiv_navigation/share/om_aiv_navigation/package.sh'
[2.226s] INFO:colcon.colcon_core.shell:Creating package script '/home/administrator/Masterproject2/20_ROS/src/Robots/install/om_aiv_navigation/share/om_aiv_navigation/package.bash'
[2.226s] INFO:colcon.colcon_core.shell:Creating package script '/home/administrator/Masterproject2/20_ROS/src/Robots/install/om_aiv_navigation/share/om_aiv_navigation/package.zsh'
[2.226s] Level 1:colcon.colcon_core.environment:create_file_with_runtime_dependencies(/home/administrator/Masterproject2/20_ROS/src/Robots/install/om_aiv_navigation/share/colcon-core/packages/om_aiv_navigation)
[2.242s] DEBUG:colcon.colcon_core.event_handler.log_command:Invoked command in '/home/administrator/Masterproject2/20_ROS/src/Robots/build/mir_gazebo' returned '0': AMENT_PREFIX_PATH=/home/administrator/Masterproject2/20_ROS/src/Robots/install/mir_driver:/home/administrator/Masterproject2/20_ROS/src/Robots/install/mir_msgs:/home/administrator/Masterproject2/20_ROS/src/Robots/install/mir_description:/home/administrator/Masterproject2/20_ROS/src/Robots/install/mir_actions:${AMENT_PREFIX_PATH} CMAKE_PREFIX_PATH=/home/administrator/Masterproject2/20_ROS/src/Robots/install/mir_driver:/home/administrator/Masterproject2/20_ROS/src/Robots/install/mir_msgs:/home/administrator/Masterproject2/20_ROS/src/Robots/install/mir_description:/home/administrator/Masterproject2/20_ROS/src/Robots/install/mir_actions:/opt/ros/kilted/opt/sdformat_vendor:/opt/ros/kilted/opt/gz_math_vendor:/opt/ros/kilted/opt/gz_utils_vendor:/opt/ros/kilted/opt/gz_tools_vendor:/opt/ros/kilted/opt/gz_cmake_vendor:/opt/ros/kilted DEBUGINFOD_URLS=https://debuginfod.ubuntu.com LD_LIBRARY_PATH=/home/administrator/Masterproject2/20_ROS/src/Robots/install/mir_msgs/lib:/home/administrator/Masterproject2/20_ROS/src/Robots/install/mir_actions/lib:${LD_LIBRARY_PATH} PYTHONPATH=/home/administrator/Masterproject2/20_ROS/src/Robots/install/mir_driver/lib/python3.12/site-packages:/home/administrator/Masterproject2/20_ROS/src/Robots/install/mir_msgs/lib/python3.12/site-packages:/home/administrator/Masterproject2/20_ROS/src/Robots/install/mir_actions/lib/python3.12/site-packages:${PYTHONPATH} /usr/bin/cmake --build /home/administrator/Masterproject2/20_ROS/src/Robots/build/mir_gazebo -- -j14 -l14
[2.243s] DEBUG:colcon.colcon_core.event_handler.log_command:Invoking command in '/home/administrator/Masterproject2/20_ROS/src/Robots/build/mir_gazebo': AMENT_PREFIX_PATH=/home/administrator/Masterproject2/20_ROS/src/Robots/install/mir_driver:/home/administrator/Masterproject2/20_ROS/src/Robots/install/mir_msgs:/home/administrator/Masterproject2/20_ROS/src/Robots/install/mir_description:/home/administrator/Masterproject2/20_ROS/src/Robots/install/mir_actions:${AMENT_PREFIX_PATH} CMAKE_PREFIX_PATH=/home/administrator/Masterproject2/20_ROS/src/Robots/install/mir_driver:/home/administrator/Masterproject2/20_ROS/src/Robots/install/mir_msgs:/home/administrator/Masterproject2/20_ROS/src/Robots/install/mir_description:/home/administrator/Masterproject2/20_ROS/src/Robots/install/mir_actions:/opt/ros/kilted/opt/sdformat_vendor:/opt/ros/kilted/opt/gz_math_vendor:/opt/ros/kilted/opt/gz_utils_vendor:/opt/ros/kilted/opt/gz_tools_vendor:/opt/ros/kilted/opt/gz_cmake_vendor:/opt/ros/kilted DEBUGINFOD_URLS=https://debuginfod.ubuntu.com LD_LIBRARY_PATH=/home/administrator/Masterproject2/20_ROS/src/Robots/install/mir_msgs/lib:/home/administrator/Masterproject2/20_ROS/src/Robots/install/mir_actions/lib:${LD_LIBRARY_PATH} PYTHONPATH=/home/administrator/Masterproject2/20_ROS/src/Robots/install/mir_driver/lib/python3.12/site-packages:/home/administrator/Masterproject2/20_ROS/src/Robots/install/mir_msgs/lib/python3.12/site-packages:/home/administrator/Masterproject2/20_ROS/src/Robots/install/mir_actions/lib/python3.12/site-packages:${PYTHONPATH} /usr/bin/cmake --install /home/administrator/Masterproject2/20_ROS/src/Robots/build/mir_gazebo
[2.252s] Level 1:colcon.colcon_core.environment:create_environment_scripts_only(mir_gazebo)
[2.252s] Level 1:colcon.colcon_core.environment:checking '/home/administrator/Masterproject2/20_ROS/src/Robots/install/mir_gazebo' for CMake module files
[2.253s] Level 1:colcon.colcon_core.environment:checking '/home/administrator/Masterproject2/20_ROS/src/Robots/install/mir_gazebo' for CMake config files
[2.253s] Level 1:colcon.colcon_core.shell:create_environment_hook('mir_gazebo', 'cmake_prefix_path')
[2.253s] INFO:colcon.colcon_core.shell:Creating environment hook '/home/administrator/Masterproject2/20_ROS/src/Robots/install/mir_gazebo/share/mir_gazebo/hook/cmake_prefix_path.ps1'
[2.253s] INFO:colcon.colcon_core.shell:Creating environment descriptor '/home/administrator/Masterproject2/20_ROS/src/Robots/install/mir_gazebo/share/mir_gazebo/hook/cmake_prefix_path.dsv'
[2.254s] INFO:colcon.colcon_core.shell:Creating environment hook '/home/administrator/Masterproject2/20_ROS/src/Robots/install/mir_gazebo/share/mir_gazebo/hook/cmake_prefix_path.sh'
[2.254s] Level 1:colcon.colcon_core.environment:checking '/home/administrator/Masterproject2/20_ROS/src/Robots/install/mir_gazebo/bin'
[2.254s] Level 1:colcon.colcon_core.environment:checking '/home/administrator/Masterproject2/20_ROS/src/Robots/install/mir_gazebo/lib/pkgconfig/mir_gazebo.pc'
[2.254s] Level 1:colcon.colcon_core.environment:checking '/home/administrator/Masterproject2/20_ROS/src/Robots/install/mir_gazebo/lib/python3.12/site-packages'
[2.255s] Level 1:colcon.colcon_core.environment:checking '/home/administrator/Masterproject2/20_ROS/src/Robots/install/mir_gazebo/bin'
[2.255s] INFO:colcon.colcon_core.shell:Creating package script '/home/administrator/Masterproject2/20_ROS/src/Robots/install/mir_gazebo/share/mir_gazebo/package.ps1'
[2.257s] DEBUG:colcon.colcon_core.event_handler.log_command:Invoked command in '/home/administrator/Masterproject2/20_ROS/src/Robots/build/mir_gazebo' returned '0': AMENT_PREFIX_PATH=/home/administrator/Masterproject2/20_ROS/src/Robots/install/mir_driver:/home/administrator/Masterproject2/20_ROS/src/Robots/install/mir_msgs:/home/administrator/Masterproject2/20_ROS/src/Robots/install/mir_description:/home/administrator/Masterproject2/20_ROS/src/Robots/install/mir_actions:${AMENT_PREFIX_PATH} CMAKE_PREFIX_PATH=/home/administrator/Masterproject2/20_ROS/src/Robots/install/mir_driver:/home/administrator/Masterproject2/20_ROS/src/Robots/install/mir_msgs:/home/administrator/Masterproject2/20_ROS/src/Robots/install/mir_description:/home/administrator/Masterproject2/20_ROS/src/Robots/install/mir_actions:/opt/ros/kilted/opt/sdformat_vendor:/opt/ros/kilted/opt/gz_math_vendor:/opt/ros/kilted/opt/gz_utils_vendor:/opt/ros/kilted/opt/gz_tools_vendor:/opt/ros/kilted/opt/gz_cmake_vendor:/opt/ros/kilted DEBUGINFOD_URLS=https://debuginfod.ubuntu.com LD_LIBRARY_PATH=/home/administrator/Masterproject2/20_ROS/src/Robots/install/mir_msgs/lib:/home/administrator/Masterproject2/20_ROS/src/Robots/install/mir_actions/lib:${LD_LIBRARY_PATH} PYTHONPATH=/home/administrator/Masterproject2/20_ROS/src/Robots/install/mir_driver/lib/python3.12/site-packages:/home/administrator/Masterproject2/20_ROS/src/Robots/install/mir_msgs/lib/python3.12/site-packages:/home/administrator/Masterproject2/20_ROS/src/Robots/install/mir_actions/lib/python3.12/site-packages:${PYTHONPATH} /usr/bin/cmake --install /home/administrator/Masterproject2/20_ROS/src/Robots/build/mir_gazebo
[2.259s] INFO:colcon.colcon_core.shell:Creating package descriptor '/home/administrator/Masterproject2/20_ROS/src/Robots/install/mir_gazebo/share/mir_gazebo/package.dsv'
[2.260s] INFO:colcon.colcon_core.shell:Creating package script '/home/administrator/Masterproject2/20_ROS/src/Robots/install/mir_gazebo/share/mir_gazebo/package.sh'
[2.261s] INFO:colcon.colcon_core.shell:Creating package script '/home/administrator/Masterproject2/20_ROS/src/Robots/install/mir_gazebo/share/mir_gazebo/package.bash'
[2.261s] INFO:colcon.colcon_core.shell:Creating package script '/home/administrator/Masterproject2/20_ROS/src/Robots/install/mir_gazebo/share/mir_gazebo/package.zsh'
[2.262s] Level 1:colcon.colcon_core.environment:create_file_with_runtime_dependencies(/home/administrator/Masterproject2/20_ROS/src/Robots/install/mir_gazebo/share/colcon-core/packages/mir_gazebo)
[2.262s] Level 1:colcon.colcon_core.environment:create_environment_scripts_only(mir_gazebo)
[2.262s] Level 1:colcon.colcon_core.environment:checking '/home/administrator/Masterproject2/20_ROS/src/Robots/install/mir_gazebo' for CMake module files
[2.263s] Level 1:colcon.colcon_core.environment:checking '/home/administrator/Masterproject2/20_ROS/src/Robots/install/mir_gazebo' for CMake config files
[2.263s] Level 1:colcon.colcon_core.shell:create_environment_hook('mir_gazebo', 'cmake_prefix_path')
[2.263s] INFO:colcon.colcon_core.shell:Creating environment hook '/home/administrator/Masterproject2/20_ROS/src/Robots/install/mir_gazebo/share/mir_gazebo/hook/cmake_prefix_path.ps1'
[2.264s] INFO:colcon.colcon_core.shell:Creating environment descriptor '/home/administrator/Masterproject2/20_ROS/src/Robots/install/mir_gazebo/share/mir_gazebo/hook/cmake_prefix_path.dsv'
[2.264s] INFO:colcon.colcon_core.shell:Creating environment hook '/home/administrator/Masterproject2/20_ROS/src/Robots/install/mir_gazebo/share/mir_gazebo/hook/cmake_prefix_path.sh'
[2.265s] Level 1:colcon.colcon_core.environment:checking '/home/administrator/Masterproject2/20_ROS/src/Robots/install/mir_gazebo/bin'
[2.265s] Level 1:colcon.colcon_core.environment:checking '/home/administrator/Masterproject2/20_ROS/src/Robots/install/mir_gazebo/lib/pkgconfig/mir_gazebo.pc'
[2.266s] Level 1:colcon.colcon_core.environment:checking '/home/administrator/Masterproject2/20_ROS/src/Robots/install/mir_gazebo/lib/python3.12/site-packages'
[2.266s] Level 1:colcon.colcon_core.environment:checking '/home/administrator/Masterproject2/20_ROS/src/Robots/install/mir_gazebo/bin'
[2.266s] INFO:colcon.colcon_core.shell:Creating package script '/home/administrator/Masterproject2/20_ROS/src/Robots/install/mir_gazebo/share/mir_gazebo/package.ps1'
[2.267s] INFO:colcon.colcon_core.shell:Creating package descriptor '/home/administrator/Masterproject2/20_ROS/src/Robots/install/mir_gazebo/share/mir_gazebo/package.dsv'
[2.268s] INFO:colcon.colcon_core.shell:Creating package script '/home/administrator/Masterproject2/20_ROS/src/Robots/install/mir_gazebo/share/mir_gazebo/package.sh'
[2.268s] INFO:colcon.colcon_core.shell:Creating package script '/home/administrator/Masterproject2/20_ROS/src/Robots/install/mir_gazebo/share/mir_gazebo/package.bash'
[2.269s] INFO:colcon.colcon_core.shell:Creating package script '/home/administrator/Masterproject2/20_ROS/src/Robots/install/mir_gazebo/share/mir_gazebo/package.zsh'
[2.269s] Level 1:colcon.colcon_core.environment:create_file_with_runtime_dependencies(/home/administrator/Masterproject2/20_ROS/src/Robots/install/mir_gazebo/share/colcon-core/packages/mir_gazebo)
[2.270s] INFO:colcon.colcon_ros.task.ament_cmake.build:Building ROS package in '/home/administrator/Masterproject2/20_ROS/src/Robots/MIR/mir_navigation' with build type 'ament_cmake'
[2.270s] INFO:colcon.colcon_cmake.task.cmake.build:Building CMake package in '/home/administrator/Masterproject2/20_ROS/src/Robots/MIR/mir_navigation'
[2.271s] INFO:colcon.colcon_core.shell:Skip shell extension 'powershell' for command environment: Not usable outside of PowerShell
[2.271s] DEBUG:colcon.colcon_core.shell:Skip shell extension 'dsv' for command environment
[2.307s] DEBUG:colcon.colcon_core.event_handler.log_command:Invoking command in '/home/administrator/Masterproject2/20_ROS/src/Robots/build/mir_navigation': AMENT_PREFIX_PATH=/home/administrator/Masterproject2/20_ROS/src/Robots/install/mir_gazebo:/home/administrator/Masterproject2/20_ROS/src/Robots/install/mir_driver:/home/administrator/Masterproject2/20_ROS/src/Robots/install/mir_msgs:/home/administrator/Masterproject2/20_ROS/src/Robots/install/mir_dwb_critics:/home/administrator/Masterproject2/20_ROS/src/Robots/install/mir_description:/home/administrator/Masterproject2/20_ROS/src/Robots/install/mir_actions:${AMENT_PREFIX_PATH} CMAKE_PREFIX_PATH=/home/administrator/Masterproject2/20_ROS/src/Robots/install/mir_gazebo:/home/administrator/Masterproject2/20_ROS/src/Robots/install/mir_driver:/home/administrator/Masterproject2/20_ROS/src/Robots/install/mir_msgs:/home/administrator/Masterproject2/20_ROS/src/Robots/install/mir_dwb_critics:/home/administrator/Masterproject2/20_ROS/src/Robots/install/mir_description:/home/administrator/Masterproject2/20_ROS/src/Robots/install/mir_actions:/opt/ros/kilted/opt/sdformat_vendor:/opt/ros/kilted/opt/gz_math_vendor:/opt/ros/kilted/opt/gz_utils_vendor:/opt/ros/kilted/opt/gz_tools_vendor:/opt/ros/kilted/opt/gz_cmake_vendor:/opt/ros/kilted DEBUGINFOD_URLS=https://debuginfod.ubuntu.com LD_LIBRARY_PATH=/home/administrator/Masterproject2/20_ROS/src/Robots/install/mir_msgs/lib:/home/administrator/Masterproject2/20_ROS/src/Robots/install/mir_actions/lib:${LD_LIBRARY_PATH} PYTHONPATH=/home/administrator/Masterproject2/20_ROS/src/Robots/install/mir_driver/lib/python3.12/site-packages:/home/administrator/Masterproject2/20_ROS/src/Robots/install/mir_msgs/lib/python3.12/site-packages:/home/administrator/Masterproject2/20_ROS/src/Robots/install/mir_actions/lib/python3.12/site-packages:${PYTHONPATH} /usr/bin/cmake --build /home/administrator/Masterproject2/20_ROS/src/Robots/build/mir_navigation -- -j14 -l14
[2.374s] DEBUG:colcon.colcon_core.event_handler.log_command:Invoked command in '/home/administrator/Masterproject2/20_ROS/src/Robots/build/mir_navigation' returned '0': AMENT_PREFIX_PATH=/home/administrator/Masterproject2/20_ROS/src/Robots/install/mir_gazebo:/home/administrator/Masterproject2/20_ROS/src/Robots/install/mir_driver:/home/administrator/Masterproject2/20_ROS/src/Robots/install/mir_msgs:/home/administrator/Masterproject2/20_ROS/src/Robots/install/mir_dwb_critics:/home/administrator/Masterproject2/20_ROS/src/Robots/install/mir_description:/home/administrator/Masterproject2/20_ROS/src/Robots/install/mir_actions:${AMENT_PREFIX_PATH} CMAKE_PREFIX_PATH=/home/administrator/Masterproject2/20_ROS/src/Robots/install/mir_gazebo:/home/administrator/Masterproject2/20_ROS/src/Robots/install/mir_driver:/home/administrator/Masterproject2/20_ROS/src/Robots/install/mir_msgs:/home/administrator/Masterproject2/20_ROS/src/Robots/install/mir_dwb_critics:/home/administrator/Masterproject2/20_ROS/src/Robots/install/mir_description:/home/administrator/Masterproject2/20_ROS/src/Robots/install/mir_actions:/opt/ros/kilted/opt/sdformat_vendor:/opt/ros/kilted/opt/gz_math_vendor:/opt/ros/kilted/opt/gz_utils_vendor:/opt/ros/kilted/opt/gz_tools_vendor:/opt/ros/kilted/opt/gz_cmake_vendor:/opt/ros/kilted DEBUGINFOD_URLS=https://debuginfod.ubuntu.com LD_LIBRARY_PATH=/home/administrator/Masterproject2/20_ROS/src/Robots/install/mir_msgs/lib:/home/administrator/Masterproject2/20_ROS/src/Robots/install/mir_actions/lib:${LD_LIBRARY_PATH} PYTHONPATH=/home/administrator/Masterproject2/20_ROS/src/Robots/install/mir_driver/lib/python3.12/site-packages:/home/administrator/Masterproject2/20_ROS/src/Robots/install/mir_msgs/lib/python3.12/site-packages:/home/administrator/Masterproject2/20_ROS/src/Robots/install/mir_actions/lib/python3.12/site-packages:${PYTHONPATH} /usr/bin/cmake --build /home/administrator/Masterproject2/20_ROS/src/Robots/build/mir_navigation -- -j14 -l14
[2.376s] DEBUG:colcon.colcon_core.event_handler.log_command:Invoking command in '/home/administrator/Masterproject2/20_ROS/src/Robots/build/mir_navigation': AMENT_PREFIX_PATH=/home/administrator/Masterproject2/20_ROS/src/Robots/install/mir_gazebo:/home/administrator/Masterproject2/20_ROS/src/Robots/install/mir_driver:/home/administrator/Masterproject2/20_ROS/src/Robots/install/mir_msgs:/home/administrator/Masterproject2/20_ROS/src/Robots/install/mir_dwb_critics:/home/administrator/Masterproject2/20_ROS/src/Robots/install/mir_description:/home/administrator/Masterproject2/20_ROS/src/Robots/install/mir_actions:${AMENT_PREFIX_PATH} CMAKE_PREFIX_PATH=/home/administrator/Masterproject2/20_ROS/src/Robots/install/mir_gazebo:/home/administrator/Masterproject2/20_ROS/src/Robots/install/mir_driver:/home/administrator/Masterproject2/20_ROS/src/Robots/install/mir_msgs:/home/administrator/Masterproject2/20_ROS/src/Robots/install/mir_dwb_critics:/home/administrator/Masterproject2/20_ROS/src/Robots/install/mir_description:/home/administrator/Masterproject2/20_ROS/src/Robots/install/mir_actions:/opt/ros/kilted/opt/sdformat_vendor:/opt/ros/kilted/opt/gz_math_vendor:/opt/ros/kilted/opt/gz_utils_vendor:/opt/ros/kilted/opt/gz_tools_vendor:/opt/ros/kilted/opt/gz_cmake_vendor:/opt/ros/kilted DEBUGINFOD_URLS=https://debuginfod.ubuntu.com LD_LIBRARY_PATH=/home/administrator/Masterproject2/20_ROS/src/Robots/install/mir_msgs/lib:/home/administrator/Masterproject2/20_ROS/src/Robots/install/mir_actions/lib:${LD_LIBRARY_PATH} PYTHONPATH=/home/administrator/Masterproject2/20_ROS/src/Robots/install/mir_driver/lib/python3.12/site-packages:/home/administrator/Masterproject2/20_ROS/src/Robots/install/mir_msgs/lib/python3.12/site-packages:/home/administrator/Masterproject2/20_ROS/src/Robots/install/mir_actions/lib/python3.12/site-packages:${PYTHONPATH} /usr/bin/cmake --install /home/administrator/Masterproject2/20_ROS/src/Robots/build/mir_navigation
[2.423s] Level 1:colcon.colcon_core.environment:create_environment_scripts_only(mir_navigation)
[2.424s] Level 1:colcon.colcon_core.environment:checking '/home/administrator/Masterproject2/20_ROS/src/Robots/install/mir_navigation' for CMake module files
[2.433s] DEBUG:colcon.colcon_core.event_handler.log_command:Invoked command in '/home/administrator/Masterproject2/20_ROS/src/Robots/build/mir_navigation' returned '0': AMENT_PREFIX_PATH=/home/administrator/Masterproject2/20_ROS/src/Robots/install/mir_gazebo:/home/administrator/Masterproject2/20_ROS/src/Robots/install/mir_driver:/home/administrator/Masterproject2/20_ROS/src/Robots/install/mir_msgs:/home/administrator/Masterproject2/20_ROS/src/Robots/install/mir_dwb_critics:/home/administrator/Masterproject2/20_ROS/src/Robots/install/mir_description:/home/administrator/Masterproject2/20_ROS/src/Robots/install/mir_actions:${AMENT_PREFIX_PATH} CMAKE_PREFIX_PATH=/home/administrator/Masterproject2/20_ROS/src/Robots/install/mir_gazebo:/home/administrator/Masterproject2/20_ROS/src/Robots/install/mir_driver:/home/administrator/Masterproject2/20_ROS/src/Robots/install/mir_msgs:/home/administrator/Masterproject2/20_ROS/src/Robots/install/mir_dwb_critics:/home/administrator/Masterproject2/20_ROS/src/Robots/install/mir_description:/home/administrator/Masterproject2/20_ROS/src/Robots/install/mir_actions:/opt/ros/kilted/opt/sdformat_vendor:/opt/ros/kilted/opt/gz_math_vendor:/opt/ros/kilted/opt/gz_utils_vendor:/opt/ros/kilted/opt/gz_tools_vendor:/opt/ros/kilted/opt/gz_cmake_vendor:/opt/ros/kilted DEBUGINFOD_URLS=https://debuginfod.ubuntu.com LD_LIBRARY_PATH=/home/administrator/Masterproject2/20_ROS/src/Robots/install/mir_msgs/lib:/home/administrator/Masterproject2/20_ROS/src/Robots/install/mir_actions/lib:${LD_LIBRARY_PATH} PYTHONPATH=/home/administrator/Masterproject2/20_ROS/src/Robots/install/mir_driver/lib/python3.12/site-packages:/home/administrator/Masterproject2/20_ROS/src/Robots/install/mir_msgs/lib/python3.12/site-packages:/home/administrator/Masterproject2/20_ROS/src/Robots/install/mir_actions/lib/python3.12/site-packages:${PYTHONPATH} /usr/bin/cmake --install /home/administrator/Masterproject2/20_ROS/src/Robots/build/mir_navigation
[2.434s] Level 1:colcon.colcon_core.environment:checking '/home/administrator/Masterproject2/20_ROS/src/Robots/install/mir_navigation' for CMake config files
[2.435s] Level 1:colcon.colcon_core.shell:create_environment_hook('mir_navigation', 'cmake_prefix_path')
[2.436s] INFO:colcon.colcon_core.shell:Creating environment hook '/home/administrator/Masterproject2/20_ROS/src/Robots/install/mir_navigation/share/mir_navigation/hook/cmake_prefix_path.ps1'
[2.437s] INFO:colcon.colcon_core.shell:Creating environment descriptor '/home/administrator/Masterproject2/20_ROS/src/Robots/install/mir_navigation/share/mir_navigation/hook/cmake_prefix_path.dsv'
[2.440s] INFO:colcon.colcon_core.shell:Creating environment hook '/home/administrator/Masterproject2/20_ROS/src/Robots/install/mir_navigation/share/mir_navigation/hook/cmake_prefix_path.sh'
[2.442s] Level 1:colcon.colcon_core.environment:checking '/home/administrator/Masterproject2/20_ROS/src/Robots/install/mir_navigation/lib'
[2.443s] Level 1:colcon.colcon_core.environment:checking '/home/administrator/Masterproject2/20_ROS/src/Robots/install/mir_navigation/bin'
[2.443s] Level 1:colcon.colcon_core.environment:checking '/home/administrator/Masterproject2/20_ROS/src/Robots/install/mir_navigation/lib/pkgconfig/mir_navigation.pc'
[2.444s] Level 1:colcon.colcon_core.environment:checking '/home/administrator/Masterproject2/20_ROS/src/Robots/install/mir_navigation/lib/python3.12/site-packages'
[2.445s] Level 1:colcon.colcon_core.environment:checking '/home/administrator/Masterproject2/20_ROS/src/Robots/install/mir_navigation/bin'
[2.445s] INFO:colcon.colcon_core.shell:Creating package script '/home/administrator/Masterproject2/20_ROS/src/Robots/install/mir_navigation/share/mir_navigation/package.ps1'
[2.453s] INFO:colcon.colcon_core.shell:Creating package descriptor '/home/administrator/Masterproject2/20_ROS/src/Robots/install/mir_navigation/share/mir_navigation/package.dsv'
[2.454s] INFO:colcon.colcon_core.shell:Creating package script '/home/administrator/Masterproject2/20_ROS/src/Robots/install/mir_navigation/share/mir_navigation/package.sh'
[2.455s] INFO:colcon.colcon_core.shell:Creating package script '/home/administrator/Masterproject2/20_ROS/src/Robots/install/mir_navigation/share/mir_navigation/package.bash'
[2.460s] INFO:colcon.colcon_core.shell:Creating package script '/home/administrator/Masterproject2/20_ROS/src/Robots/install/mir_navigation/share/mir_navigation/package.zsh'
[2.461s] Level 1:colcon.colcon_core.environment:create_file_with_runtime_dependencies(/home/administrator/Masterproject2/20_ROS/src/Robots/install/mir_navigation/share/colcon-core/packages/mir_navigation)
[2.463s] Level 1:colcon.colcon_core.environment:create_environment_scripts_only(mir_navigation)
[2.464s] Level 1:colcon.colcon_core.environment:checking '/home/administrator/Masterproject2/20_ROS/src/Robots/install/mir_navigation' for CMake module files
[2.465s] Level 1:colcon.colcon_core.environment:checking '/home/administrator/Masterproject2/20_ROS/src/Robots/install/mir_navigation' for CMake config files
[2.465s] Level 1:colcon.colcon_core.shell:create_environment_hook('mir_navigation', 'cmake_prefix_path')
[2.469s] INFO:colcon.colcon_core.shell:Creating environment hook '/home/administrator/Masterproject2/20_ROS/src/Robots/install/mir_navigation/share/mir_navigation/hook/cmake_prefix_path.ps1'
[2.474s] INFO:colcon.colcon_core.shell:Creating environment descriptor '/home/administrator/Masterproject2/20_ROS/src/Robots/install/mir_navigation/share/mir_navigation/hook/cmake_prefix_path.dsv'
[2.475s] INFO:colcon.colcon_core.shell:Creating environment hook '/home/administrator/Masterproject2/20_ROS/src/Robots/install/mir_navigation/share/mir_navigation/hook/cmake_prefix_path.sh'
[2.477s] Level 1:colcon.colcon_core.environment:checking '/home/administrator/Masterproject2/20_ROS/src/Robots/install/mir_navigation/lib'
[2.477s] Level 1:colcon.colcon_core.environment:checking '/home/administrator/Masterproject2/20_ROS/src/Robots/install/mir_navigation/bin'
[2.477s] Level 1:colcon.colcon_core.environment:checking '/home/administrator/Masterproject2/20_ROS/src/Robots/install/mir_navigation/lib/pkgconfig/mir_navigation.pc'
[2.478s] Level 1:colcon.colcon_core.environment:checking '/home/administrator/Masterproject2/20_ROS/src/Robots/install/mir_navigation/lib/python3.12/site-packages'
[2.479s] Level 1:colcon.colcon_core.environment:checking '/home/administrator/Masterproject2/20_ROS/src/Robots/install/mir_navigation/bin'
[2.482s] INFO:colcon.colcon_core.shell:Creating package script '/home/administrator/Masterproject2/20_ROS/src/Robots/install/mir_navigation/share/mir_navigation/package.ps1'
[2.488s] INFO:colcon.colcon_core.shell:Creating package descriptor '/home/administrator/Masterproject2/20_ROS/src/Robots/install/mir_navigation/share/mir_navigation/package.dsv'
[2.489s] INFO:colcon.colcon_core.shell:Creating package script '/home/administrator/Masterproject2/20_ROS/src/Robots/install/mir_navigation/share/mir_navigation/package.sh'
[2.494s] INFO:colcon.colcon_core.shell:Creating package script '/home/administrator/Masterproject2/20_ROS/src/Robots/install/mir_navigation/share/mir_navigation/package.bash'
[2.495s] INFO:colcon.colcon_core.shell:Creating package script '/home/administrator/Masterproject2/20_ROS/src/Robots/install/mir_navigation/share/mir_navigation/package.zsh'
[2.497s] Level 1:colcon.colcon_core.environment:create_file_with_runtime_dependencies(/home/administrator/Masterproject2/20_ROS/src/Robots/install/mir_navigation/share/colcon-core/packages/mir_navigation)
[2.497s] INFO:colcon.colcon_ros.task.ament_cmake.build:Building ROS package in '/home/administrator/Masterproject2/20_ROS/src/Robots/MIR/mir_robot' with build type 'ament_cmake'
[2.498s] INFO:colcon.colcon_cmake.task.cmake.build:Building CMake package in '/home/administrator/Masterproject2/20_ROS/src/Robots/MIR/mir_robot'
[2.501s] INFO:colcon.colcon_core.shell:Skip shell extension 'powershell' for command environment: Not usable outside of PowerShell
[2.501s] DEBUG:colcon.colcon_core.shell:Skip shell extension 'dsv' for command environment
[2.572s] DEBUG:colcon.colcon_core.event_handler.log_command:Invoking command in '/home/administrator/Masterproject2/20_ROS/src/Robots/build/mir_robot': AMENT_PREFIX_PATH=/home/administrator/Masterproject2/20_ROS/src/Robots/install/mir_navigation:/home/administrator/Masterproject2/20_ROS/src/Robots/install/mir_gazebo:/home/administrator/Masterproject2/20_ROS/src/Robots/install/mir_driver:/home/administrator/Masterproject2/20_ROS/src/Robots/install/sdc21x0:/home/administrator/Masterproject2/20_ROS/src/Robots/install/mir_msgs:/home/administrator/Masterproject2/20_ROS/src/Robots/install/mir_dwb_critics:/home/administrator/Masterproject2/20_ROS/src/Robots/install/mir_description:/home/administrator/Masterproject2/20_ROS/src/Robots/install/mir_actions:${AMENT_PREFIX_PATH} CMAKE_PREFIX_PATH=/home/administrator/Masterproject2/20_ROS/src/Robots/install/mir_navigation:/home/administrator/Masterproject2/20_ROS/src/Robots/install/mir_gazebo:/home/administrator/Masterproject2/20_ROS/src/Robots/install/mir_driver:/home/administrator/Masterproject2/20_ROS/src/Robots/install/sdc21x0:/home/administrator/Masterproject2/20_ROS/src/Robots/install/mir_msgs:/home/administrator/Masterproject2/20_ROS/src/Robots/install/mir_dwb_critics:/home/administrator/Masterproject2/20_ROS/src/Robots/install/mir_description:/home/administrator/Masterproject2/20_ROS/src/Robots/install/mir_actions:/opt/ros/kilted/opt/sdformat_vendor:/opt/ros/kilted/opt/gz_math_vendor:/opt/ros/kilted/opt/gz_utils_vendor:/opt/ros/kilted/opt/gz_tools_vendor:/opt/ros/kilted/opt/gz_cmake_vendor:/opt/ros/kilted DEBUGINFOD_URLS=https://debuginfod.ubuntu.com LD_LIBRARY_PATH=/home/administrator/Masterproject2/20_ROS/src/Robots/install/sdc21x0/lib:/home/administrator/Masterproject2/20_ROS/src/Robots/install/mir_msgs/lib:/home/administrator/Masterproject2/20_ROS/src/Robots/install/mir_actions/lib:${LD_LIBRARY_PATH} PYTHONPATH=/home/administrator/Masterproject2/20_ROS/src/Robots/install/mir_driver/lib/python3.12/site-packages:/home/administrator/Masterproject2/20_ROS/src/Robots/install/sdc21x0/lib/python3.12/site-packages:/home/administrator/Masterproject2/20_ROS/src/Robots/install/mir_msgs/lib/python3.12/site-packages:/home/administrator/Masterproject2/20_ROS/src/Robots/install/mir_actions/lib/python3.12/site-packages:${PYTHONPATH} /usr/bin/cmake --build /home/administrator/Masterproject2/20_ROS/src/Robots/build/mir_robot -- -j14 -l14
[2.678s] DEBUG:colcon.colcon_core.event_handler.log_command:Invoked command in '/home/administrator/Masterproject2/20_ROS/src/Robots/build/mir_robot' returned '0': AMENT_PREFIX_PATH=/home/administrator/Masterproject2/20_ROS/src/Robots/install/mir_navigation:/home/administrator/Masterproject2/20_ROS/src/Robots/install/mir_gazebo:/home/administrator/Masterproject2/20_ROS/src/Robots/install/mir_driver:/home/administrator/Masterproject2/20_ROS/src/Robots/install/sdc21x0:/home/administrator/Masterproject2/20_ROS/src/Robots/install/mir_msgs:/home/administrator/Masterproject2/20_ROS/src/Robots/install/mir_dwb_critics:/home/administrator/Masterproject2/20_ROS/src/Robots/install/mir_description:/home/administrator/Masterproject2/20_ROS/src/Robots/install/mir_actions:${AMENT_PREFIX_PATH} CMAKE_PREFIX_PATH=/home/administrator/Masterproject2/20_ROS/src/Robots/install/mir_navigation:/home/administrator/Masterproject2/20_ROS/src/Robots/install/mir_gazebo:/home/administrator/Masterproject2/20_ROS/src/Robots/install/mir_driver:/home/administrator/Masterproject2/20_ROS/src/Robots/install/sdc21x0:/home/administrator/Masterproject2/20_ROS/src/Robots/install/mir_msgs:/home/administrator/Masterproject2/20_ROS/src/Robots/install/mir_dwb_critics:/home/administrator/Masterproject2/20_ROS/src/Robots/install/mir_description:/home/administrator/Masterproject2/20_ROS/src/Robots/install/mir_actions:/opt/ros/kilted/opt/sdformat_vendor:/opt/ros/kilted/opt/gz_math_vendor:/opt/ros/kilted/opt/gz_utils_vendor:/opt/ros/kilted/opt/gz_tools_vendor:/opt/ros/kilted/opt/gz_cmake_vendor:/opt/ros/kilted DEBUGINFOD_URLS=https://debuginfod.ubuntu.com LD_LIBRARY_PATH=/home/administrator/Masterproject2/20_ROS/src/Robots/install/sdc21x0/lib:/home/administrator/Masterproject2/20_ROS/src/Robots/install/mir_msgs/lib:/home/administrator/Masterproject2/20_ROS/src/Robots/install/mir_actions/lib:${LD_LIBRARY_PATH} PYTHONPATH=/home/administrator/Masterproject2/20_ROS/src/Robots/install/mir_driver/lib/python3.12/site-packages:/home/administrator/Masterproject2/20_ROS/src/Robots/install/sdc21x0/lib/python3.12/site-packages:/home/administrator/Masterproject2/20_ROS/src/Robots/install/mir_msgs/lib/python3.12/site-packages:/home/administrator/Masterproject2/20_ROS/src/Robots/install/mir_actions/lib/python3.12/site-packages:${PYTHONPATH} /usr/bin/cmake --build /home/administrator/Masterproject2/20_ROS/src/Robots/build/mir_robot -- -j14 -l14
[2.679s] DEBUG:colcon.colcon_core.event_handler.log_command:Invoking command in '/home/administrator/Masterproject2/20_ROS/src/Robots/build/mir_robot': AMENT_PREFIX_PATH=/home/administrator/Masterproject2/20_ROS/src/Robots/install/mir_navigation:/home/administrator/Masterproject2/20_ROS/src/Robots/install/mir_gazebo:/home/administrator/Masterproject2/20_ROS/src/Robots/install/mir_driver:/home/administrator/Masterproject2/20_ROS/src/Robots/install/sdc21x0:/home/administrator/Masterproject2/20_ROS/src/Robots/install/mir_msgs:/home/administrator/Masterproject2/20_ROS/src/Robots/install/mir_dwb_critics:/home/administrator/Masterproject2/20_ROS/src/Robots/install/mir_description:/home/administrator/Masterproject2/20_ROS/src/Robots/install/mir_actions:${AMENT_PREFIX_PATH} CMAKE_PREFIX_PATH=/home/administrator/Masterproject2/20_ROS/src/Robots/install/mir_navigation:/home/administrator/Masterproject2/20_ROS/src/Robots/install/mir_gazebo:/home/administrator/Masterproject2/20_ROS/src/Robots/install/mir_driver:/home/administrator/Masterproject2/20_ROS/src/Robots/install/sdc21x0:/home/administrator/Masterproject2/20_ROS/src/Robots/install/mir_msgs:/home/administrator/Masterproject2/20_ROS/src/Robots/install/mir_dwb_critics:/home/administrator/Masterproject2/20_ROS/src/Robots/install/mir_description:/home/administrator/Masterproject2/20_ROS/src/Robots/install/mir_actions:/opt/ros/kilted/opt/sdformat_vendor:/opt/ros/kilted/opt/gz_math_vendor:/opt/ros/kilted/opt/gz_utils_vendor:/opt/ros/kilted/opt/gz_tools_vendor:/opt/ros/kilted/opt/gz_cmake_vendor:/opt/ros/kilted DEBUGINFOD_URLS=https://debuginfod.ubuntu.com LD_LIBRARY_PATH=/home/administrator/Masterproject2/20_ROS/src/Robots/install/sdc21x0/lib:/home/administrator/Masterproject2/20_ROS/src/Robots/install/mir_msgs/lib:/home/administrator/Masterproject2/20_ROS/src/Robots/install/mir_actions/lib:${LD_LIBRARY_PATH} PYTHONPATH=/home/administrator/Masterproject2/20_ROS/src/Robots/install/mir_driver/lib/python3.12/site-packages:/home/administrator/Masterproject2/20_ROS/src/Robots/install/sdc21x0/lib/python3.12/site-packages:/home/administrator/Masterproject2/20_ROS/src/Robots/install/mir_msgs/lib/python3.12/site-packages:/home/administrator/Masterproject2/20_ROS/src/Robots/install/mir_actions/lib/python3.12/site-packages:${PYTHONPATH} /usr/bin/cmake --install /home/administrator/Masterproject2/20_ROS/src/Robots/build/mir_robot
[2.685s] Level 1:colcon.colcon_core.environment:create_environment_scripts_only(mir_robot)
[2.686s] Level 1:colcon.colcon_core.environment:checking '/home/administrator/Masterproject2/20_ROS/src/Robots/install/mir_robot' for CMake module files
[2.686s] Level 1:colcon.colcon_core.environment:checking '/home/administrator/Masterproject2/20_ROS/src/Robots/install/mir_robot' for CMake config files
[2.686s] Level 1:colcon.colcon_core.shell:create_environment_hook('mir_robot', 'cmake_prefix_path')
[2.687s] INFO:colcon.colcon_core.shell:Creating environment hook '/home/administrator/Masterproject2/20_ROS/src/Robots/install/mir_robot/share/mir_robot/hook/cmake_prefix_path.ps1'
[2.687s] INFO:colcon.colcon_core.shell:Creating environment descriptor '/home/administrator/Masterproject2/20_ROS/src/Robots/install/mir_robot/share/mir_robot/hook/cmake_prefix_path.dsv'
[2.687s] INFO:colcon.colcon_core.shell:Creating environment hook '/home/administrator/Masterproject2/20_ROS/src/Robots/install/mir_robot/share/mir_robot/hook/cmake_prefix_path.sh'
[2.688s] Level 1:colcon.colcon_core.environment:checking '/home/administrator/Masterproject2/20_ROS/src/Robots/install/mir_robot/bin'
[2.688s] Level 1:colcon.colcon_core.environment:checking '/home/administrator/Masterproject2/20_ROS/src/Robots/install/mir_robot/lib/pkgconfig/mir_robot.pc'
[2.688s] Level 1:colcon.colcon_core.environment:checking '/home/administrator/Masterproject2/20_ROS/src/Robots/install/mir_robot/lib/python3.12/site-packages'
[2.688s] Level 1:colcon.colcon_core.environment:checking '/home/administrator/Masterproject2/20_ROS/src/Robots/install/mir_robot/bin'
[2.689s] INFO:colcon.colcon_core.shell:Creating package script '/home/administrator/Masterproject2/20_ROS/src/Robots/install/mir_robot/share/mir_robot/package.ps1'
[2.692s] DEBUG:colcon.colcon_core.event_handler.log_command:Invoked command in '/home/administrator/Masterproject2/20_ROS/src/Robots/build/mir_robot' returned '0': AMENT_PREFIX_PATH=/home/administrator/Masterproject2/20_ROS/src/Robots/install/mir_navigation:/home/administrator/Masterproject2/20_ROS/src/Robots/install/mir_gazebo:/home/administrator/Masterproject2/20_ROS/src/Robots/install/mir_driver:/home/administrator/Masterproject2/20_ROS/src/Robots/install/sdc21x0:/home/administrator/Masterproject2/20_ROS/src/Robots/install/mir_msgs:/home/administrator/Masterproject2/20_ROS/src/Robots/install/mir_dwb_critics:/home/administrator/Masterproject2/20_ROS/src/Robots/install/mir_description:/home/administrator/Masterproject2/20_ROS/src/Robots/install/mir_actions:${AMENT_PREFIX_PATH} CMAKE_PREFIX_PATH=/home/administrator/Masterproject2/20_ROS/src/Robots/install/mir_navigation:/home/administrator/Masterproject2/20_ROS/src/Robots/install/mir_gazebo:/home/administrator/Masterproject2/20_ROS/src/Robots/install/mir_driver:/home/administrator/Masterproject2/20_ROS/src/Robots/install/sdc21x0:/home/administrator/Masterproject2/20_ROS/src/Robots/install/mir_msgs:/home/administrator/Masterproject2/20_ROS/src/Robots/install/mir_dwb_critics:/home/administrator/Masterproject2/20_ROS/src/Robots/install/mir_description:/home/administrator/Masterproject2/20_ROS/src/Robots/install/mir_actions:/opt/ros/kilted/opt/sdformat_vendor:/opt/ros/kilted/opt/gz_math_vendor:/opt/ros/kilted/opt/gz_utils_vendor:/opt/ros/kilted/opt/gz_tools_vendor:/opt/ros/kilted/opt/gz_cmake_vendor:/opt/ros/kilted DEBUGINFOD_URLS=https://debuginfod.ubuntu.com LD_LIBRARY_PATH=/home/administrator/Masterproject2/20_ROS/src/Robots/install/sdc21x0/lib:/home/administrator/Masterproject2/20_ROS/src/Robots/install/mir_msgs/lib:/home/administrator/Masterproject2/20_ROS/src/Robots/install/mir_actions/lib:${LD_LIBRARY_PATH} PYTHONPATH=/home/administrator/Masterproject2/20_ROS/src/Robots/install/mir_driver/lib/python3.12/site-packages:/home/administrator/Masterproject2/20_ROS/src/Robots/install/sdc21x0/lib/python3.12/site-packages:/home/administrator/Masterproject2/20_ROS/src/Robots/install/mir_msgs/lib/python3.12/site-packages:/home/administrator/Masterproject2/20_ROS/src/Robots/install/mir_actions/lib/python3.12/site-packages:${PYTHONPATH} /usr/bin/cmake --install /home/administrator/Masterproject2/20_ROS/src/Robots/build/mir_robot
[2.693s] INFO:colcon.colcon_core.shell:Creating package descriptor '/home/administrator/Masterproject2/20_ROS/src/Robots/install/mir_robot/share/mir_robot/package.dsv'
[2.693s] INFO:colcon.colcon_core.shell:Creating package script '/home/administrator/Masterproject2/20_ROS/src/Robots/install/mir_robot/share/mir_robot/package.sh'
[2.695s] INFO:colcon.colcon_core.shell:Creating package script '/home/administrator/Masterproject2/20_ROS/src/Robots/install/mir_robot/share/mir_robot/package.bash'
[2.696s] INFO:colcon.colcon_core.shell:Creating package script '/home/administrator/Masterproject2/20_ROS/src/Robots/install/mir_robot/share/mir_robot/package.zsh'
[2.697s] Level 1:colcon.colcon_core.environment:create_file_with_runtime_dependencies(/home/administrator/Masterproject2/20_ROS/src/Robots/install/mir_robot/share/colcon-core/packages/mir_robot)
[2.698s] Level 1:colcon.colcon_core.environment:create_environment_scripts_only(mir_robot)
[2.699s] Level 1:colcon.colcon_core.environment:checking '/home/administrator/Masterproject2/20_ROS/src/Robots/install/mir_robot' for CMake module files
[2.701s] Level 1:colcon.colcon_core.environment:checking '/home/administrator/Masterproject2/20_ROS/src/Robots/install/mir_robot' for CMake config files
[2.701s] Level 1:colcon.colcon_core.shell:create_environment_hook('mir_robot', 'cmake_prefix_path')
[2.702s] INFO:colcon.colcon_core.shell:Creating environment hook '/home/administrator/Masterproject2/20_ROS/src/Robots/install/mir_robot/share/mir_robot/hook/cmake_prefix_path.ps1'
[2.703s] INFO:colcon.colcon_core.shell:Creating environment descriptor '/home/administrator/Masterproject2/20_ROS/src/Robots/install/mir_robot/share/mir_robot/hook/cmake_prefix_path.dsv'
[2.705s] INFO:colcon.colcon_core.shell:Creating environment hook '/home/administrator/Masterproject2/20_ROS/src/Robots/install/mir_robot/share/mir_robot/hook/cmake_prefix_path.sh'
[2.707s] Level 1:colcon.colcon_core.environment:checking '/home/administrator/Masterproject2/20_ROS/src/Robots/install/mir_robot/bin'
[2.708s] Level 1:colcon.colcon_core.environment:checking '/home/administrator/Masterproject2/20_ROS/src/Robots/install/mir_robot/lib/pkgconfig/mir_robot.pc'
[2.708s] Level 1:colcon.colcon_core.environment:checking '/home/administrator/Masterproject2/20_ROS/src/Robots/install/mir_robot/lib/python3.12/site-packages'
[2.709s] Level 1:colcon.colcon_core.environment:checking '/home/administrator/Masterproject2/20_ROS/src/Robots/install/mir_robot/bin'
[2.710s] INFO:colcon.colcon_core.shell:Creating package script '/home/administrator/Masterproject2/20_ROS/src/Robots/install/mir_robot/share/mir_robot/package.ps1'
[2.712s] INFO:colcon.colcon_core.shell:Creating package descriptor '/home/administrator/Masterproject2/20_ROS/src/Robots/install/mir_robot/share/mir_robot/package.dsv'
[2.713s] INFO:colcon.colcon_core.shell:Creating package script '/home/administrator/Masterproject2/20_ROS/src/Robots/install/mir_robot/share/mir_robot/package.sh'
[2.716s] INFO:colcon.colcon_core.shell:Creating package script '/home/administrator/Masterproject2/20_ROS/src/Robots/install/mir_robot/share/mir_robot/package.bash'
[2.716s] INFO:colcon.colcon_core.shell:Creating package script '/home/administrator/Masterproject2/20_ROS/src/Robots/install/mir_robot/share/mir_robot/package.zsh'
[2.717s] Level 1:colcon.colcon_core.environment:create_file_with_runtime_dependencies(/home/administrator/Masterproject2/20_ROS/src/Robots/install/mir_robot/share/colcon-core/packages/mir_robot)
[3.032s] DEBUG:colcon.colcon_core.task.python.build:Available setuptools commands: editable_wheel, sdist, check, build_ext, develop, alias, setopt, install, build_clib, extract_messages, saveopts, upload, build_py, bdist_dumb, register, symlink_data, easy_install, update_catalog, bdist, test, build, egg_info, upload_docs, install_headers, build_scripts, install_lib, rotate, bdist_rpm, install_data, init_catalog, compile_catalog, install_egg_info, install_scripts, dist_info, clean, bdist_egg
[3.036s] DEBUG:colcon.colcon_core.event_handler.log_command:Invoking command in '/home/administrator/Masterproject2/20_ROS/src/Robots/Omron_AMR/src/om_aiv_util': AMENT_PREFIX_PATH=/home/administrator/Masterproject2/20_ROS/src/Robots/install/om_aiv_msg:${AMENT_PREFIX_PATH} CMAKE_PREFIX_PATH=/home/administrator/Masterproject2/20_ROS/src/Robots/install/om_aiv_msg:${CMAKE_PREFIX_PATH} DEBUGINFOD_URLS=https://debuginfod.ubuntu.com LD_LIBRARY_PATH=/home/administrator/Masterproject2/20_ROS/src/Robots/install/om_aiv_msg/lib:${LD_LIBRARY_PATH} PYTHONPATH=/home/administrator/Masterproject2/20_ROS/src/Robots/build/om_aiv_util/prefix_override:/usr/lib/python3/dist-packages/colcon_core/task/python/colcon_distutils_commands:/home/administrator/Masterproject2/20_ROS/src/Robots/install/om_aiv_util/lib/python3.12/site-packages:/home/administrator/Masterproject2/20_ROS/src/Robots/install/om_aiv_msg/lib/python3.12/site-packages:${PYTHONPATH} /usr/bin/python3 -W ignore:setup.py install is deprecated -W ignore:easy_install command is deprecated setup.py egg_info --egg-base ../../../build/om_aiv_util build --build-base /home/administrator/Masterproject2/20_ROS/src/Robots/build/om_aiv_util/build install --record /home/administrator/Masterproject2/20_ROS/src/Robots/build/om_aiv_util/install.log --install-scripts $base/lib/om_aiv_util --single-version-externally-managed install_data
[3.200s] DEBUG:colcon.colcon_core.event_handler.log_command:Invoked command in '/home/administrator/Masterproject2/20_ROS/src/Robots/build/ur_msgs' returned '0': CMAKE_PREFIX_PATH=${CMAKE_PREFIX_PATH}:/opt/ros/kilted DEBUGINFOD_URLS=https://debuginfod.ubuntu.com /usr/bin/cmake --build /home/administrator/Masterproject2/20_ROS/src/Robots/build/ur_msgs -- -j14 -l14
[3.201s] DEBUG:colcon.colcon_core.event_handler.log_command:Invoking command in '/home/administrator/Masterproject2/20_ROS/src/Robots/build/ur_msgs': CMAKE_PREFIX_PATH=${CMAKE_PREFIX_PATH}:/opt/ros/kilted DEBUGINFOD_URLS=https://debuginfod.ubuntu.com /usr/bin/cmake --install /home/administrator/Masterproject2/20_ROS/src/Robots/build/ur_msgs
[3.306s] Level 1:colcon.colcon_core.environment:create_environment_scripts_only(ur_msgs)
[3.306s] Level 1:colcon.colcon_core.environment:checking '/home/administrator/Masterproject2/20_ROS/src/Robots/install/ur_msgs' for CMake module files
[3.307s] Level 1:colcon.colcon_core.environment:checking '/home/administrator/Masterproject2/20_ROS/src/Robots/install/ur_msgs' for CMake config files
[3.307s] Level 1:colcon.colcon_core.shell:create_environment_hook('ur_msgs', 'cmake_prefix_path')
[3.307s] INFO:colcon.colcon_core.shell:Creating environment hook '/home/administrator/Masterproject2/20_ROS/src/Robots/install/ur_msgs/share/ur_msgs/hook/cmake_prefix_path.ps1'
[3.308s] INFO:colcon.colcon_core.shell:Creating environment descriptor '/home/administrator/Masterproject2/20_ROS/src/Robots/install/ur_msgs/share/ur_msgs/hook/cmake_prefix_path.dsv'
[3.308s] INFO:colcon.colcon_core.shell:Creating environment hook '/home/administrator/Masterproject2/20_ROS/src/Robots/install/ur_msgs/share/ur_msgs/hook/cmake_prefix_path.sh'
[3.309s] Level 1:colcon.colcon_core.environment:checking '/home/administrator/Masterproject2/20_ROS/src/Robots/install/ur_msgs/lib'
[3.309s] Level 1:colcon.colcon_core.shell:create_environment_hook('ur_msgs', 'ld_library_path_lib')
[3.309s] INFO:colcon.colcon_core.shell:Creating environment hook '/home/administrator/Masterproject2/20_ROS/src/Robots/install/ur_msgs/share/ur_msgs/hook/ld_library_path_lib.ps1'
[3.309s] INFO:colcon.colcon_core.shell:Creating environment descriptor '/home/administrator/Masterproject2/20_ROS/src/Robots/install/ur_msgs/share/ur_msgs/hook/ld_library_path_lib.dsv'
[3.310s] INFO:colcon.colcon_core.shell:Creating environment hook '/home/administrator/Masterproject2/20_ROS/src/Robots/install/ur_msgs/share/ur_msgs/hook/ld_library_path_lib.sh'
[3.315s] DEBUG:colcon.colcon_core.event_handler.log_command:Invoked command in '/home/administrator/Masterproject2/20_ROS/src/Robots/build/ur_msgs' returned '0': CMAKE_PREFIX_PATH=${CMAKE_PREFIX_PATH}:/opt/ros/kilted DEBUGINFOD_URLS=https://debuginfod.ubuntu.com /usr/bin/cmake --install /home/administrator/Masterproject2/20_ROS/src/Robots/build/ur_msgs
[3.316s] Level 1:colcon.colcon_core.environment:checking '/home/administrator/Masterproject2/20_ROS/src/Robots/install/ur_msgs/bin'
[3.316s] Level 1:colcon.colcon_core.environment:checking '/home/administrator/Masterproject2/20_ROS/src/Robots/install/ur_msgs/lib/pkgconfig/ur_msgs.pc'
[3.316s] Level 1:colcon.colcon_core.environment:checking '/home/administrator/Masterproject2/20_ROS/src/Robots/install/ur_msgs/lib/python3.12/site-packages'
[3.316s] Level 1:colcon.colcon_core.shell:create_environment_hook('ur_msgs', 'pythonpath')
[3.317s] INFO:colcon.colcon_core.shell:Creating environment hook '/home/administrator/Masterproject2/20_ROS/src/Robots/install/ur_msgs/share/ur_msgs/hook/pythonpath.ps1'
[3.317s] INFO:colcon.colcon_core.shell:Creating environment descriptor '/home/administrator/Masterproject2/20_ROS/src/Robots/install/ur_msgs/share/ur_msgs/hook/pythonpath.dsv'
[3.317s] INFO:colcon.colcon_core.shell:Creating environment hook '/home/administrator/Masterproject2/20_ROS/src/Robots/install/ur_msgs/share/ur_msgs/hook/pythonpath.sh'
[3.318s] Level 1:colcon.colcon_core.environment:checking '/home/administrator/Masterproject2/20_ROS/src/Robots/install/ur_msgs/bin'
[3.318s] INFO:colcon.colcon_core.shell:Creating package script '/home/administrator/Masterproject2/20_ROS/src/Robots/install/ur_msgs/share/ur_msgs/package.ps1'
[3.319s] INFO:colcon.colcon_core.shell:Creating package descriptor '/home/administrator/Masterproject2/20_ROS/src/Robots/install/ur_msgs/share/ur_msgs/package.dsv'
[3.322s] INFO:colcon.colcon_core.shell:Creating package script '/home/administrator/Masterproject2/20_ROS/src/Robots/install/ur_msgs/share/ur_msgs/package.sh'
[3.323s] INFO:colcon.colcon_core.shell:Creating package script '/home/administrator/Masterproject2/20_ROS/src/Robots/install/ur_msgs/share/ur_msgs/package.bash'
[3.323s] INFO:colcon.colcon_core.shell:Creating package script '/home/administrator/Masterproject2/20_ROS/src/Robots/install/ur_msgs/share/ur_msgs/package.zsh'
[3.323s] Level 1:colcon.colcon_core.environment:create_file_with_runtime_dependencies(/home/administrator/Masterproject2/20_ROS/src/Robots/install/ur_msgs/share/colcon-core/packages/ur_msgs)
[3.324s] Level 1:colcon.colcon_core.environment:create_environment_scripts_only(ur_msgs)
[3.324s] Level 1:colcon.colcon_core.environment:checking '/home/administrator/Masterproject2/20_ROS/src/Robots/install/ur_msgs' for CMake module files
[3.324s] Level 1:colcon.colcon_core.environment:checking '/home/administrator/Masterproject2/20_ROS/src/Robots/install/ur_msgs' for CMake config files
[3.328s] Level 1:colcon.colcon_core.shell:create_environment_hook('ur_msgs', 'cmake_prefix_path')
[3.328s] INFO:colcon.colcon_core.shell:Creating environment hook '/home/administrator/Masterproject2/20_ROS/src/Robots/install/ur_msgs/share/ur_msgs/hook/cmake_prefix_path.ps1'
[3.329s] INFO:colcon.colcon_core.shell:Creating environment descriptor '/home/administrator/Masterproject2/20_ROS/src/Robots/install/ur_msgs/share/ur_msgs/hook/cmake_prefix_path.dsv'
[3.329s] INFO:colcon.colcon_core.shell:Creating environment hook '/home/administrator/Masterproject2/20_ROS/src/Robots/install/ur_msgs/share/ur_msgs/hook/cmake_prefix_path.sh'
[3.330s] Level 1:colcon.colcon_core.environment:checking '/home/administrator/Masterproject2/20_ROS/src/Robots/install/ur_msgs/lib'
[3.330s] Level 1:colcon.colcon_core.shell:create_environment_hook('ur_msgs', 'ld_library_path_lib')
[3.330s] INFO:colcon.colcon_core.shell:Creating environment hook '/home/administrator/Masterproject2/20_ROS/src/Robots/install/ur_msgs/share/ur_msgs/hook/ld_library_path_lib.ps1'
[3.330s] INFO:colcon.colcon_core.shell:Creating environment descriptor '/home/administrator/Masterproject2/20_ROS/src/Robots/install/ur_msgs/share/ur_msgs/hook/ld_library_path_lib.dsv'
[3.330s] INFO:colcon.colcon_core.shell:Creating environment hook '/home/administrator/Masterproject2/20_ROS/src/Robots/install/ur_msgs/share/ur_msgs/hook/ld_library_path_lib.sh'
[3.331s] Level 1:colcon.colcon_core.environment:checking '/home/administrator/Masterproject2/20_ROS/src/Robots/install/ur_msgs/bin'
[3.331s] Level 1:colcon.colcon_core.environment:checking '/home/administrator/Masterproject2/20_ROS/src/Robots/install/ur_msgs/lib/pkgconfig/ur_msgs.pc'
[3.331s] Level 1:colcon.colcon_core.environment:checking '/home/administrator/Masterproject2/20_ROS/src/Robots/install/ur_msgs/lib/python3.12/site-packages'
[3.331s] Level 1:colcon.colcon_core.shell:create_environment_hook('ur_msgs', 'pythonpath')
[3.331s] INFO:colcon.colcon_core.shell:Creating environment hook '/home/administrator/Masterproject2/20_ROS/src/Robots/install/ur_msgs/share/ur_msgs/hook/pythonpath.ps1'
[3.331s] INFO:colcon.colcon_core.shell:Creating environment descriptor '/home/administrator/Masterproject2/20_ROS/src/Robots/install/ur_msgs/share/ur_msgs/hook/pythonpath.dsv'
[3.332s] INFO:colcon.colcon_core.shell:Creating environment hook '/home/administrator/Masterproject2/20_ROS/src/Robots/install/ur_msgs/share/ur_msgs/hook/pythonpath.sh'
[3.335s] Level 1:colcon.colcon_core.environment:checking '/home/administrator/Masterproject2/20_ROS/src/Robots/install/ur_msgs/bin'
[3.336s] INFO:colcon.colcon_core.shell:Creating package script '/home/administrator/Masterproject2/20_ROS/src/Robots/install/ur_msgs/share/ur_msgs/package.ps1'
[3.336s] INFO:colcon.colcon_core.shell:Creating package descriptor '/home/administrator/Masterproject2/20_ROS/src/Robots/install/ur_msgs/share/ur_msgs/package.dsv'
[3.337s] INFO:colcon.colcon_core.shell:Creating package script '/home/administrator/Masterproject2/20_ROS/src/Robots/install/ur_msgs/share/ur_msgs/package.sh'
[3.337s] INFO:colcon.colcon_core.shell:Creating package script '/home/administrator/Masterproject2/20_ROS/src/Robots/install/ur_msgs/share/ur_msgs/package.bash'
[3.337s] INFO:colcon.colcon_core.shell:Creating package script '/home/administrator/Masterproject2/20_ROS/src/Robots/install/ur_msgs/share/ur_msgs/package.zsh'
[3.338s] Level 1:colcon.colcon_core.environment:create_file_with_runtime_dependencies(/home/administrator/Masterproject2/20_ROS/src/Robots/install/ur_msgs/share/colcon-core/packages/ur_msgs)
[3.341s] INFO:colcon.colcon_ros.task.ament_cmake.build:Building ROS package in '/home/administrator/Masterproject2/20_ROS/src/Robots/UR_Driver/ur_controllers' with build type 'ament_cmake'
[3.342s] INFO:colcon.colcon_cmake.task.cmake.build:Building CMake package in '/home/administrator/Masterproject2/20_ROS/src/Robots/UR_Driver/ur_controllers'
[3.342s] INFO:colcon.colcon_core.shell:Skip shell extension 'powershell' for command environment: Not usable outside of PowerShell
[3.342s] DEBUG:colcon.colcon_core.shell:Skip shell extension 'dsv' for command environment
[3.367s] DEBUG:colcon.colcon_core.event_handler.log_command:Invoking command in '/home/administrator/Masterproject2/20_ROS/src/Robots/build/ur_controllers': AMENT_PREFIX_PATH=/home/administrator/Masterproject2/20_ROS/src/Robots/install/ur_msgs:/home/administrator/Masterproject2/20_ROS/src/Robots/install/ur_dashboard_msgs:/home/administrator/Masterproject2/20_ROS/src/Robots/install/my_ur_msgs:${AMENT_PREFIX_PATH} CMAKE_PREFIX_PATH=/home/administrator/Masterproject2/20_ROS/src/Robots/install/ur_msgs:/home/administrator/Masterproject2/20_ROS/src/Robots/install/ur_dashboard_msgs:/home/administrator/Masterproject2/20_ROS/src/Robots/install/my_ur_msgs:/opt/ros/kilted/opt/sdformat_vendor:/opt/ros/kilted/opt/gz_math_vendor:/opt/ros/kilted/opt/gz_utils_vendor:/opt/ros/kilted/opt/gz_tools_vendor:/opt/ros/kilted/opt/gz_cmake_vendor:/opt/ros/kilted DEBUGINFOD_URLS=https://debuginfod.ubuntu.com LD_LIBRARY_PATH=/home/administrator/Masterproject2/20_ROS/src/Robots/install/ur_msgs/lib:/home/administrator/Masterproject2/20_ROS/src/Robots/install/ur_dashboard_msgs/lib:/home/administrator/Masterproject2/20_ROS/src/Robots/install/my_ur_msgs/lib:${LD_LIBRARY_PATH} PYTHONPATH=/home/administrator/Masterproject2/20_ROS/src/Robots/install/ur_msgs/lib/python3.12/site-packages:/home/administrator/Masterproject2/20_ROS/src/Robots/install/ur_dashboard_msgs/lib/python3.12/site-packages:/home/administrator/Masterproject2/20_ROS/src/Robots/install/my_ur_msgs/lib/python3.12/site-packages:${PYTHONPATH} /usr/bin/cmake --build /home/administrator/Masterproject2/20_ROS/src/Robots/build/ur_controllers -- -j14 -l14
[3.657s] Level 1:colcon.colcon_core.environment:checking '/home/administrator/Masterproject2/20_ROS/src/Robots/install/om_aiv_util' for CMake module files
[3.657s] Level 1:colcon.colcon_core.environment:checking '/home/administrator/Masterproject2/20_ROS/src/Robots/install/om_aiv_util' for CMake config files
[3.658s] Level 1:colcon.colcon_core.environment:checking '/home/administrator/Masterproject2/20_ROS/src/Robots/install/om_aiv_util/lib'
[3.658s] DEBUG:colcon.colcon_core.event_handler.log_command:Invoked command in '/home/administrator/Masterproject2/20_ROS/src/Robots/Omron_AMR/src/om_aiv_util' returned '0': AMENT_PREFIX_PATH=/home/administrator/Masterproject2/20_ROS/src/Robots/install/om_aiv_msg:${AMENT_PREFIX_PATH} CMAKE_PREFIX_PATH=/home/administrator/Masterproject2/20_ROS/src/Robots/install/om_aiv_msg:${CMAKE_PREFIX_PATH} DEBUGINFOD_URLS=https://debuginfod.ubuntu.com LD_LIBRARY_PATH=/home/administrator/Masterproject2/20_ROS/src/Robots/install/om_aiv_msg/lib:${LD_LIBRARY_PATH} PYTHONPATH=/home/administrator/Masterproject2/20_ROS/src/Robots/build/om_aiv_util/prefix_override:/usr/lib/python3/dist-packages/colcon_core/task/python/colcon_distutils_commands:/home/administrator/Masterproject2/20_ROS/src/Robots/install/om_aiv_util/lib/python3.12/site-packages:/home/administrator/Masterproject2/20_ROS/src/Robots/install/om_aiv_msg/lib/python3.12/site-packages:${PYTHONPATH} /usr/bin/python3 -W ignore:setup.py install is deprecated -W ignore:easy_install command is deprecated setup.py egg_info --egg-base ../../../build/om_aiv_util build --build-base /home/administrator/Masterproject2/20_ROS/src/Robots/build/om_aiv_util/build install --record /home/administrator/Masterproject2/20_ROS/src/Robots/build/om_aiv_util/install.log --install-scripts $base/lib/om_aiv_util --single-version-externally-managed install_data
[3.658s] Level 1:colcon.colcon_core.environment:checking '/home/administrator/Masterproject2/20_ROS/src/Robots/install/om_aiv_util/bin'
[3.658s] Level 1:colcon.colcon_core.environment:checking '/home/administrator/Masterproject2/20_ROS/src/Robots/install/om_aiv_util/lib/pkgconfig/om_aiv_util.pc'
[3.658s] Level 1:colcon.colcon_core.environment:checking '/home/administrator/Masterproject2/20_ROS/src/Robots/install/om_aiv_util/lib/python3.12/site-packages'
[3.659s] Level 1:colcon.colcon_core.shell:create_environment_hook('om_aiv_util', 'pythonpath')
[3.659s] INFO:colcon.colcon_core.shell:Creating environment hook '/home/administrator/Masterproject2/20_ROS/src/Robots/install/om_aiv_util/share/om_aiv_util/hook/pythonpath.ps1'
[3.659s] INFO:colcon.colcon_core.shell:Creating environment descriptor '/home/administrator/Masterproject2/20_ROS/src/Robots/install/om_aiv_util/share/om_aiv_util/hook/pythonpath.dsv'
[3.659s] INFO:colcon.colcon_core.shell:Creating environment hook '/home/administrator/Masterproject2/20_ROS/src/Robots/install/om_aiv_util/share/om_aiv_util/hook/pythonpath.sh'
[3.660s] Level 1:colcon.colcon_core.environment:checking '/home/administrator/Masterproject2/20_ROS/src/Robots/install/om_aiv_util/bin'
[3.660s] Level 1:colcon.colcon_core.environment:create_environment_scripts_only(om_aiv_util)
[3.660s] INFO:colcon.colcon_core.shell:Creating package script '/home/administrator/Masterproject2/20_ROS/src/Robots/install/om_aiv_util/share/om_aiv_util/package.ps1'
[3.660s] INFO:colcon.colcon_core.shell:Creating package descriptor '/home/administrator/Masterproject2/20_ROS/src/Robots/install/om_aiv_util/share/om_aiv_util/package.dsv'
[3.660s] INFO:colcon.colcon_core.shell:Creating package script '/home/administrator/Masterproject2/20_ROS/src/Robots/install/om_aiv_util/share/om_aiv_util/package.sh'
[3.661s] INFO:colcon.colcon_core.shell:Creating package script '/home/administrator/Masterproject2/20_ROS/src/Robots/install/om_aiv_util/share/om_aiv_util/package.bash'
[3.661s] INFO:colcon.colcon_core.shell:Creating package script '/home/administrator/Masterproject2/20_ROS/src/Robots/install/om_aiv_util/share/om_aiv_util/package.zsh'
[3.661s] Level 1:colcon.colcon_core.environment:create_file_with_runtime_dependencies(/home/administrator/Masterproject2/20_ROS/src/Robots/install/om_aiv_util/share/colcon-core/packages/om_aiv_util)
[3.694s] DEBUG:colcon.colcon_core.event_handler.log_command:Invoked command in '/home/administrator/Masterproject2/20_ROS/src/Robots/build/ur_controllers' returned '0': AMENT_PREFIX_PATH=/home/administrator/Masterproject2/20_ROS/src/Robots/install/ur_msgs:/home/administrator/Masterproject2/20_ROS/src/Robots/install/ur_dashboard_msgs:/home/administrator/Masterproject2/20_ROS/src/Robots/install/my_ur_msgs:${AMENT_PREFIX_PATH} CMAKE_PREFIX_PATH=/home/administrator/Masterproject2/20_ROS/src/Robots/install/ur_msgs:/home/administrator/Masterproject2/20_ROS/src/Robots/install/ur_dashboard_msgs:/home/administrator/Masterproject2/20_ROS/src/Robots/install/my_ur_msgs:/opt/ros/kilted/opt/sdformat_vendor:/opt/ros/kilted/opt/gz_math_vendor:/opt/ros/kilted/opt/gz_utils_vendor:/opt/ros/kilted/opt/gz_tools_vendor:/opt/ros/kilted/opt/gz_cmake_vendor:/opt/ros/kilted DEBUGINFOD_URLS=https://debuginfod.ubuntu.com LD_LIBRARY_PATH=/home/administrator/Masterproject2/20_ROS/src/Robots/install/ur_msgs/lib:/home/administrator/Masterproject2/20_ROS/src/Robots/install/ur_dashboard_msgs/lib:/home/administrator/Masterproject2/20_ROS/src/Robots/install/my_ur_msgs/lib:${LD_LIBRARY_PATH} PYTHONPATH=/home/administrator/Masterproject2/20_ROS/src/Robots/install/ur_msgs/lib/python3.12/site-packages:/home/administrator/Masterproject2/20_ROS/src/Robots/install/ur_dashboard_msgs/lib/python3.12/site-packages:/home/administrator/Masterproject2/20_ROS/src/Robots/install/my_ur_msgs/lib/python3.12/site-packages:${PYTHONPATH} /usr/bin/cmake --build /home/administrator/Masterproject2/20_ROS/src/Robots/build/ur_controllers -- -j14 -l14
[3.695s] DEBUG:colcon.colcon_core.event_handler.log_command:Invoking command in '/home/administrator/Masterproject2/20_ROS/src/Robots/build/ur_controllers': AMENT_PREFIX_PATH=/home/administrator/Masterproject2/20_ROS/src/Robots/install/ur_msgs:/home/administrator/Masterproject2/20_ROS/src/Robots/install/ur_dashboard_msgs:/home/administrator/Masterproject2/20_ROS/src/Robots/install/my_ur_msgs:${AMENT_PREFIX_PATH} CMAKE_PREFIX_PATH=/home/administrator/Masterproject2/20_ROS/src/Robots/install/ur_msgs:/home/administrator/Masterproject2/20_ROS/src/Robots/install/ur_dashboard_msgs:/home/administrator/Masterproject2/20_ROS/src/Robots/install/my_ur_msgs:/opt/ros/kilted/opt/sdformat_vendor:/opt/ros/kilted/opt/gz_math_vendor:/opt/ros/kilted/opt/gz_utils_vendor:/opt/ros/kilted/opt/gz_tools_vendor:/opt/ros/kilted/opt/gz_cmake_vendor:/opt/ros/kilted DEBUGINFOD_URLS=https://debuginfod.ubuntu.com LD_LIBRARY_PATH=/home/administrator/Masterproject2/20_ROS/src/Robots/install/ur_msgs/lib:/home/administrator/Masterproject2/20_ROS/src/Robots/install/ur_dashboard_msgs/lib:/home/administrator/Masterproject2/20_ROS/src/Robots/install/my_ur_msgs/lib:${LD_LIBRARY_PATH} PYTHONPATH=/home/administrator/Masterproject2/20_ROS/src/Robots/install/ur_msgs/lib/python3.12/site-packages:/home/administrator/Masterproject2/20_ROS/src/Robots/install/ur_dashboard_msgs/lib/python3.12/site-packages:/home/administrator/Masterproject2/20_ROS/src/Robots/install/my_ur_msgs/lib/python3.12/site-packages:${PYTHONPATH} /usr/bin/cmake --install /home/administrator/Masterproject2/20_ROS/src/Robots/build/ur_controllers
[3.707s] Level 1:colcon.colcon_core.environment:create_environment_scripts_only(ur_controllers)
[3.707s] Level 1:colcon.colcon_core.environment:checking '/home/administrator/Masterproject2/20_ROS/src/Robots/install/ur_controllers' for CMake module files
[3.708s] Level 1:colcon.colcon_core.environment:checking '/home/administrator/Masterproject2/20_ROS/src/Robots/install/ur_controllers' for CMake config files
[3.708s] Level 1:colcon.colcon_core.shell:create_environment_hook('ur_controllers', 'cmake_prefix_path')
[3.708s] INFO:colcon.colcon_core.shell:Creating environment hook '/home/administrator/Masterproject2/20_ROS/src/Robots/install/ur_controllers/share/ur_controllers/hook/cmake_prefix_path.ps1'
[3.709s] INFO:colcon.colcon_core.shell:Creating environment descriptor '/home/administrator/Masterproject2/20_ROS/src/Robots/install/ur_controllers/share/ur_controllers/hook/cmake_prefix_path.dsv'
[3.709s] INFO:colcon.colcon_core.shell:Creating environment hook '/home/administrator/Masterproject2/20_ROS/src/Robots/install/ur_controllers/share/ur_controllers/hook/cmake_prefix_path.sh'
[3.710s] Level 1:colcon.colcon_core.environment:checking '/home/administrator/Masterproject2/20_ROS/src/Robots/install/ur_controllers/lib'
[3.711s] Level 1:colcon.colcon_core.shell:create_environment_hook('ur_controllers', 'ld_library_path_lib')
[3.711s] INFO:colcon.colcon_core.shell:Creating environment hook '/home/administrator/Masterproject2/20_ROS/src/Robots/install/ur_controllers/share/ur_controllers/hook/ld_library_path_lib.ps1'
[3.712s] INFO:colcon.colcon_core.shell:Creating environment descriptor '/home/administrator/Masterproject2/20_ROS/src/Robots/install/ur_controllers/share/ur_controllers/hook/ld_library_path_lib.dsv'
[3.715s] INFO:colcon.colcon_core.shell:Creating environment hook '/home/administrator/Masterproject2/20_ROS/src/Robots/install/ur_controllers/share/ur_controllers/hook/ld_library_path_lib.sh'
[3.716s] Level 1:colcon.colcon_core.environment:checking '/home/administrator/Masterproject2/20_ROS/src/Robots/install/ur_controllers/bin'
[3.716s] Level 1:colcon.colcon_core.environment:checking '/home/administrator/Masterproject2/20_ROS/src/Robots/install/ur_controllers/lib/pkgconfig/ur_controllers.pc'
[3.716s] Level 1:colcon.colcon_core.environment:checking '/home/administrator/Masterproject2/20_ROS/src/Robots/install/ur_controllers/lib/python3.12/site-packages'
[3.716s] Level 1:colcon.colcon_core.environment:checking '/home/administrator/Masterproject2/20_ROS/src/Robots/install/ur_controllers/bin'
[3.716s] INFO:colcon.colcon_core.shell:Creating package script '/home/administrator/Masterproject2/20_ROS/src/Robots/install/ur_controllers/share/ur_controllers/package.ps1'
[3.717s] INFO:colcon.colcon_core.shell:Creating package descriptor '/home/administrator/Masterproject2/20_ROS/src/Robots/install/ur_controllers/share/ur_controllers/package.dsv'
[3.715s] DEBUG:colcon.colcon_core.event_handler.log_command:Invoked command in '/home/administrator/Masterproject2/20_ROS/src/Robots/build/ur_controllers' returned '0': AMENT_PREFIX_PATH=/home/administrator/Masterproject2/20_ROS/src/Robots/install/ur_msgs:/home/administrator/Masterproject2/20_ROS/src/Robots/install/ur_dashboard_msgs:/home/administrator/Masterproject2/20_ROS/src/Robots/install/my_ur_msgs:${AMENT_PREFIX_PATH} CMAKE_PREFIX_PATH=/home/administrator/Masterproject2/20_ROS/src/Robots/install/ur_msgs:/home/administrator/Masterproject2/20_ROS/src/Robots/install/ur_dashboard_msgs:/home/administrator/Masterproject2/20_ROS/src/Robots/install/my_ur_msgs:/opt/ros/kilted/opt/sdformat_vendor:/opt/ros/kilted/opt/gz_math_vendor:/opt/ros/kilted/opt/gz_utils_vendor:/opt/ros/kilted/opt/gz_tools_vendor:/opt/ros/kilted/opt/gz_cmake_vendor:/opt/ros/kilted DEBUGINFOD_URLS=https://debuginfod.ubuntu.com LD_LIBRARY_PATH=/home/administrator/Masterproject2/20_ROS/src/Robots/install/ur_msgs/lib:/home/administrator/Masterproject2/20_ROS/src/Robots/install/ur_dashboard_msgs/lib:/home/administrator/Masterproject2/20_ROS/src/Robots/install/my_ur_msgs/lib:${LD_LIBRARY_PATH} PYTHONPATH=/home/administrator/Masterproject2/20_ROS/src/Robots/install/ur_msgs/lib/python3.12/site-packages:/home/administrator/Masterproject2/20_ROS/src/Robots/install/ur_dashboard_msgs/lib/python3.12/site-packages:/home/administrator/Masterproject2/20_ROS/src/Robots/install/my_ur_msgs/lib/python3.12/site-packages:${PYTHONPATH} /usr/bin/cmake --install /home/administrator/Masterproject2/20_ROS/src/Robots/build/ur_controllers
[3.718s] INFO:colcon.colcon_core.shell:Creating package script '/home/administrator/Masterproject2/20_ROS/src/Robots/install/ur_controllers/share/ur_controllers/package.sh'
[3.719s] INFO:colcon.colcon_core.shell:Creating package script '/home/administrator/Masterproject2/20_ROS/src/Robots/install/ur_controllers/share/ur_controllers/package.bash'
[3.719s] INFO:colcon.colcon_core.shell:Creating package script '/home/administrator/Masterproject2/20_ROS/src/Robots/install/ur_controllers/share/ur_controllers/package.zsh'
[3.719s] Level 1:colcon.colcon_core.environment:create_file_with_runtime_dependencies(/home/administrator/Masterproject2/20_ROS/src/Robots/install/ur_controllers/share/colcon-core/packages/ur_controllers)
[3.720s] Level 1:colcon.colcon_core.environment:create_environment_scripts_only(ur_controllers)
[3.720s] Level 1:colcon.colcon_core.environment:checking '/home/administrator/Masterproject2/20_ROS/src/Robots/install/ur_controllers' for CMake module files
[3.720s] Level 1:colcon.colcon_core.environment:checking '/home/administrator/Masterproject2/20_ROS/src/Robots/install/ur_controllers' for CMake config files
[3.720s] Level 1:colcon.colcon_core.shell:create_environment_hook('ur_controllers', 'cmake_prefix_path')
[3.721s] INFO:colcon.colcon_core.shell:Creating environment hook '/home/administrator/Masterproject2/20_ROS/src/Robots/install/ur_controllers/share/ur_controllers/hook/cmake_prefix_path.ps1'
[3.721s] INFO:colcon.colcon_core.shell:Creating environment descriptor '/home/administrator/Masterproject2/20_ROS/src/Robots/install/ur_controllers/share/ur_controllers/hook/cmake_prefix_path.dsv'
[3.721s] INFO:colcon.colcon_core.shell:Creating environment hook '/home/administrator/Masterproject2/20_ROS/src/Robots/install/ur_controllers/share/ur_controllers/hook/cmake_prefix_path.sh'
[3.722s] Level 1:colcon.colcon_core.environment:checking '/home/administrator/Masterproject2/20_ROS/src/Robots/install/ur_controllers/lib'
[3.722s] Level 1:colcon.colcon_core.shell:create_environment_hook('ur_controllers', 'ld_library_path_lib')
[3.722s] INFO:colcon.colcon_core.shell:Creating environment hook '/home/administrator/Masterproject2/20_ROS/src/Robots/install/ur_controllers/share/ur_controllers/hook/ld_library_path_lib.ps1'
[3.722s] INFO:colcon.colcon_core.shell:Creating environment descriptor '/home/administrator/Masterproject2/20_ROS/src/Robots/install/ur_controllers/share/ur_controllers/hook/ld_library_path_lib.dsv'
[3.723s] INFO:colcon.colcon_core.shell:Creating environment hook '/home/administrator/Masterproject2/20_ROS/src/Robots/install/ur_controllers/share/ur_controllers/hook/ld_library_path_lib.sh'
[3.723s] Level 1:colcon.colcon_core.environment:checking '/home/administrator/Masterproject2/20_ROS/src/Robots/install/ur_controllers/bin'
[3.723s] Level 1:colcon.colcon_core.environment:checking '/home/administrator/Masterproject2/20_ROS/src/Robots/install/ur_controllers/lib/pkgconfig/ur_controllers.pc'
[3.723s] Level 1:colcon.colcon_core.environment:checking '/home/administrator/Masterproject2/20_ROS/src/Robots/install/ur_controllers/lib/python3.12/site-packages'
[3.723s] Level 1:colcon.colcon_core.environment:checking '/home/administrator/Masterproject2/20_ROS/src/Robots/install/ur_controllers/bin'
[3.724s] INFO:colcon.colcon_core.shell:Creating package script '/home/administrator/Masterproject2/20_ROS/src/Robots/install/ur_controllers/share/ur_controllers/package.ps1'
[3.724s] INFO:colcon.colcon_core.shell:Creating package descriptor '/home/administrator/Masterproject2/20_ROS/src/Robots/install/ur_controllers/share/ur_controllers/package.dsv'
[3.725s] INFO:colcon.colcon_core.shell:Creating package script '/home/administrator/Masterproject2/20_ROS/src/Robots/install/ur_controllers/share/ur_controllers/package.sh'
[3.725s] INFO:colcon.colcon_core.shell:Creating package script '/home/administrator/Masterproject2/20_ROS/src/Robots/install/ur_controllers/share/ur_controllers/package.bash'
[3.725s] INFO:colcon.colcon_core.shell:Creating package script '/home/administrator/Masterproject2/20_ROS/src/Robots/install/ur_controllers/share/ur_controllers/package.zsh'
[3.726s] Level 1:colcon.colcon_core.environment:create_file_with_runtime_dependencies(/home/administrator/Masterproject2/20_ROS/src/Robots/install/ur_controllers/share/colcon-core/packages/ur_controllers)
[20.339s] DEBUG:colcon.colcon_core.event_handler.log_command:Invoked command in '/home/administrator/Masterproject2/20_ROS/src/Robots/build/ur_client_library' returned '0': CMAKE_PREFIX_PATH=${CMAKE_PREFIX_PATH}:/opt/ros/kilted DEBUGINFOD_URLS=https://debuginfod.ubuntu.com /usr/bin/cmake --build /home/administrator/Masterproject2/20_ROS/src/Robots/build/ur_client_library -- -j14 -l14
[20.339s] DEBUG:colcon.colcon_core.event_handler.log_command:Invoking command in '/home/administrator/Masterproject2/20_ROS/src/Robots/build/ur_client_library': CMAKE_PREFIX_PATH=${CMAKE_PREFIX_PATH}:/opt/ros/kilted DEBUGINFOD_URLS=https://debuginfod.ubuntu.com /usr/bin/cmake --install /home/administrator/Masterproject2/20_ROS/src/Robots/build/ur_client_library
[20.364s] DEBUG:colcon.colcon_core.event_handler.log_command:Invoked command in '/home/administrator/Masterproject2/20_ROS/src/Robots/build/ur_client_library' returned '0': CMAKE_PREFIX_PATH=${CMAKE_PREFIX_PATH}:/opt/ros/kilted DEBUGINFOD_URLS=https://debuginfod.ubuntu.com /usr/bin/cmake --install /home/administrator/Masterproject2/20_ROS/src/Robots/build/ur_client_library
[20.364s] Level 1:colcon.colcon_core.shell:create_environment_hook('ur_client_library', 'pkg_config_path')
[20.364s] INFO:colcon.colcon_core.shell:Creating environment hook '/home/administrator/Masterproject2/20_ROS/src/Robots/install/ur_client_library/share/ur_client_library/hook/pkg_config_path.ps1'
[20.365s] INFO:colcon.colcon_core.shell:Creating environment descriptor '/home/administrator/Masterproject2/20_ROS/src/Robots/install/ur_client_library/share/ur_client_library/hook/pkg_config_path.dsv'
[20.365s] INFO:colcon.colcon_core.shell:Creating environment hook '/home/administrator/Masterproject2/20_ROS/src/Robots/install/ur_client_library/share/ur_client_library/hook/pkg_config_path.sh'
[20.366s] Level 1:colcon.colcon_core.shell:create_environment_hook('ur_client_library', 'pkg_config_path_multiarch')
[20.367s] INFO:colcon.colcon_core.shell:Creating environment hook '/home/administrator/Masterproject2/20_ROS/src/Robots/install/ur_client_library/share/ur_client_library/hook/pkg_config_path_multiarch.ps1'
[20.368s] INFO:colcon.colcon_core.shell:Creating environment descriptor '/home/administrator/Masterproject2/20_ROS/src/Robots/install/ur_client_library/share/ur_client_library/hook/pkg_config_path_multiarch.dsv'
[20.369s] INFO:colcon.colcon_core.shell:Creating environment hook '/home/administrator/Masterproject2/20_ROS/src/Robots/install/ur_client_library/share/ur_client_library/hook/pkg_config_path_multiarch.sh'
[20.371s] Level 1:colcon.colcon_core.environment:create_environment_scripts_only(ur_client_library)
[20.371s] Level 1:colcon.colcon_core.environment:checking '/home/administrator/Masterproject2/20_ROS/src/Robots/install/ur_client_library' for CMake module files
[20.373s] Level 1:colcon.colcon_core.environment:checking '/home/administrator/Masterproject2/20_ROS/src/Robots/install/ur_client_library' for CMake config files
[20.374s] Level 1:colcon.colcon_core.shell:create_environment_hook('ur_client_library', 'cmake_prefix_path')
[20.375s] INFO:colcon.colcon_core.shell:Creating environment hook '/home/administrator/Masterproject2/20_ROS/src/Robots/install/ur_client_library/share/ur_client_library/hook/cmake_prefix_path.ps1'
[20.376s] INFO:colcon.colcon_core.shell:Creating environment descriptor '/home/administrator/Masterproject2/20_ROS/src/Robots/install/ur_client_library/share/ur_client_library/hook/cmake_prefix_path.dsv'
[20.377s] INFO:colcon.colcon_core.shell:Creating environment hook '/home/administrator/Masterproject2/20_ROS/src/Robots/install/ur_client_library/share/ur_client_library/hook/cmake_prefix_path.sh'
[20.379s] Level 1:colcon.colcon_core.environment:checking '/home/administrator/Masterproject2/20_ROS/src/Robots/install/ur_client_library/lib'
[20.379s] Level 1:colcon.colcon_core.shell:create_environment_hook('ur_client_library', 'ld_library_path_lib')
[20.380s] INFO:colcon.colcon_core.shell:Creating environment hook '/home/administrator/Masterproject2/20_ROS/src/Robots/install/ur_client_library/share/ur_client_library/hook/ld_library_path_lib.ps1'
[20.381s] INFO:colcon.colcon_core.shell:Creating environment descriptor '/home/administrator/Masterproject2/20_ROS/src/Robots/install/ur_client_library/share/ur_client_library/hook/ld_library_path_lib.dsv'
[20.382s] INFO:colcon.colcon_core.shell:Creating environment hook '/home/administrator/Masterproject2/20_ROS/src/Robots/install/ur_client_library/share/ur_client_library/hook/ld_library_path_lib.sh'
[20.383s] Level 1:colcon.colcon_core.environment:checking '/home/administrator/Masterproject2/20_ROS/src/Robots/install/ur_client_library/bin'
[20.384s] Level 1:colcon.colcon_core.environment:checking '/home/administrator/Masterproject2/20_ROS/src/Robots/install/ur_client_library/lib/pkgconfig/ur_client_library.pc'
[20.384s] Level 1:colcon.colcon_core.environment:checking '/home/administrator/Masterproject2/20_ROS/src/Robots/install/ur_client_library/lib/python3.12/site-packages'
[20.385s] Level 1:colcon.colcon_core.environment:checking '/home/administrator/Masterproject2/20_ROS/src/Robots/install/ur_client_library/bin'
[20.386s] INFO:colcon.colcon_core.shell:Creating package script '/home/administrator/Masterproject2/20_ROS/src/Robots/install/ur_client_library/share/ur_client_library/package.ps1'
[20.388s] INFO:colcon.colcon_core.shell:Creating package descriptor '/home/administrator/Masterproject2/20_ROS/src/Robots/install/ur_client_library/share/ur_client_library/package.dsv'
[20.390s] INFO:colcon.colcon_core.shell:Creating package script '/home/administrator/Masterproject2/20_ROS/src/Robots/install/ur_client_library/share/ur_client_library/package.sh'
[20.391s] INFO:colcon.colcon_core.shell:Creating package script '/home/administrator/Masterproject2/20_ROS/src/Robots/install/ur_client_library/share/ur_client_library/package.bash'
[20.392s] INFO:colcon.colcon_core.shell:Creating package script '/home/administrator/Masterproject2/20_ROS/src/Robots/install/ur_client_library/share/ur_client_library/package.zsh'
[20.392s] Level 1:colcon.colcon_core.environment:create_file_with_runtime_dependencies(/home/administrator/Masterproject2/20_ROS/src/Robots/install/ur_client_library/share/colcon-core/packages/ur_client_library)
[20.393s] INFO:colcon.colcon_ros.task.ament_cmake.build:Building ROS package in '/home/administrator/Masterproject2/20_ROS/src/Robots/UR_Driver/ur_robot_driver' with build type 'ament_cmake'
[20.393s] INFO:colcon.colcon_cmake.task.cmake.build:Building CMake package in '/home/administrator/Masterproject2/20_ROS/src/Robots/UR_Driver/ur_robot_driver'
[20.394s] INFO:colcon.colcon_core.shell:Skip shell extension 'powershell' for command environment: Not usable outside of PowerShell
[20.394s] DEBUG:colcon.colcon_core.shell:Skip shell extension 'dsv' for command environment
[20.410s] DEBUG:colcon.colcon_core.event_handler.log_command:Invoking command in '/home/administrator/Masterproject2/20_ROS/src/Robots/build/ur_robot_driver': AMENT_PREFIX_PATH=/home/administrator/Masterproject2/20_ROS/src/Robots/install/ur_controllers:/home/administrator/Masterproject2/20_ROS/src/Robots/install/ur_msgs:/home/administrator/Masterproject2/20_ROS/src/Robots/install/ur_description:/home/administrator/Masterproject2/20_ROS/src/Robots/install/ur_dashboard_msgs:/home/administrator/Masterproject2/20_ROS/src/Robots/install/my_ur_msgs:${AMENT_PREFIX_PATH} CMAKE_PREFIX_PATH=/home/administrator/Masterproject2/20_ROS/src/Robots/install/ur_controllers:/home/administrator/Masterproject2/20_ROS/src/Robots/install/ur_msgs:/home/administrator/Masterproject2/20_ROS/src/Robots/install/ur_description:/home/administrator/Masterproject2/20_ROS/src/Robots/install/ur_dashboard_msgs:/home/administrator/Masterproject2/20_ROS/src/Robots/install/ur_client_library:/home/administrator/Masterproject2/20_ROS/src/Robots/install/my_ur_msgs:/opt/ros/kilted/opt/sdformat_vendor:/opt/ros/kilted/opt/gz_math_vendor:/opt/ros/kilted/opt/gz_utils_vendor:/opt/ros/kilted/opt/gz_tools_vendor:/opt/ros/kilted/opt/gz_cmake_vendor:/opt/ros/kilted DEBUGINFOD_URLS=https://debuginfod.ubuntu.com LD_LIBRARY_PATH=/home/administrator/Masterproject2/20_ROS/src/Robots/install/ur_controllers/lib:/home/administrator/Masterproject2/20_ROS/src/Robots/install/ur_msgs/lib:/home/administrator/Masterproject2/20_ROS/src/Robots/install/ur_dashboard_msgs/lib:/home/administrator/Masterproject2/20_ROS/src/Robots/install/ur_client_library/lib:/home/administrator/Masterproject2/20_ROS/src/Robots/install/my_ur_msgs/lib:${LD_LIBRARY_PATH} PKG_CONFIG_PATH=/home/administrator/Masterproject2/20_ROS/src/Robots/install/ur_client_library/lib/x86_64-linux-gnu/pkgconfig:/home/administrator/Masterproject2/20_ROS/src/Robots/install/ur_client_library/lib/pkgconfig PYTHONPATH=/home/administrator/Masterproject2/20_ROS/src/Robots/install/ur_msgs/lib/python3.12/site-packages:/home/administrator/Masterproject2/20_ROS/src/Robots/install/ur_dashboard_msgs/lib/python3.12/site-packages:/home/administrator/Masterproject2/20_ROS/src/Robots/install/my_ur_msgs/lib/python3.12/site-packages:${PYTHONPATH} /usr/bin/cmake --build /home/administrator/Masterproject2/20_ROS/src/Robots/build/ur_robot_driver -- -j14 -l14
[48.320s] DEBUG:colcon.colcon_core.event_handler.log_command:Invoked command in '/home/administrator/Masterproject2/20_ROS/src/Robots/build/ur_robot_driver' returned '0': AMENT_PREFIX_PATH=/home/administrator/Masterproject2/20_ROS/src/Robots/install/ur_controllers:/home/administrator/Masterproject2/20_ROS/src/Robots/install/ur_msgs:/home/administrator/Masterproject2/20_ROS/src/Robots/install/ur_description:/home/administrator/Masterproject2/20_ROS/src/Robots/install/ur_dashboard_msgs:/home/administrator/Masterproject2/20_ROS/src/Robots/install/my_ur_msgs:${AMENT_PREFIX_PATH} CMAKE_PREFIX_PATH=/home/administrator/Masterproject2/20_ROS/src/Robots/install/ur_controllers:/home/administrator/Masterproject2/20_ROS/src/Robots/install/ur_msgs:/home/administrator/Masterproject2/20_ROS/src/Robots/install/ur_description:/home/administrator/Masterproject2/20_ROS/src/Robots/install/ur_dashboard_msgs:/home/administrator/Masterproject2/20_ROS/src/Robots/install/ur_client_library:/home/administrator/Masterproject2/20_ROS/src/Robots/install/my_ur_msgs:/opt/ros/kilted/opt/sdformat_vendor:/opt/ros/kilted/opt/gz_math_vendor:/opt/ros/kilted/opt/gz_utils_vendor:/opt/ros/kilted/opt/gz_tools_vendor:/opt/ros/kilted/opt/gz_cmake_vendor:/opt/ros/kilted DEBUGINFOD_URLS=https://debuginfod.ubuntu.com LD_LIBRARY_PATH=/home/administrator/Masterproject2/20_ROS/src/Robots/install/ur_controllers/lib:/home/administrator/Masterproject2/20_ROS/src/Robots/install/ur_msgs/lib:/home/administrator/Masterproject2/20_ROS/src/Robots/install/ur_dashboard_msgs/lib:/home/administrator/Masterproject2/20_ROS/src/Robots/install/ur_client_library/lib:/home/administrator/Masterproject2/20_ROS/src/Robots/install/my_ur_msgs/lib:${LD_LIBRARY_PATH} PKG_CONFIG_PATH=/home/administrator/Masterproject2/20_ROS/src/Robots/install/ur_client_library/lib/x86_64-linux-gnu/pkgconfig:/home/administrator/Masterproject2/20_ROS/src/Robots/install/ur_client_library/lib/pkgconfig PYTHONPATH=/home/administrator/Masterproject2/20_ROS/src/Robots/install/ur_msgs/lib/python3.12/site-packages:/home/administrator/Masterproject2/20_ROS/src/Robots/install/ur_dashboard_msgs/lib/python3.12/site-packages:/home/administrator/Masterproject2/20_ROS/src/Robots/install/my_ur_msgs/lib/python3.12/site-packages:${PYTHONPATH} /usr/bin/cmake --build /home/administrator/Masterproject2/20_ROS/src/Robots/build/ur_robot_driver -- -j14 -l14
[48.322s] DEBUG:colcon.colcon_core.event_handler.log_command:Invoking command in '/home/administrator/Masterproject2/20_ROS/src/Robots/build/ur_robot_driver': AMENT_PREFIX_PATH=/home/administrator/Masterproject2/20_ROS/src/Robots/install/ur_controllers:/home/administrator/Masterproject2/20_ROS/src/Robots/install/ur_msgs:/home/administrator/Masterproject2/20_ROS/src/Robots/install/ur_description:/home/administrator/Masterproject2/20_ROS/src/Robots/install/ur_dashboard_msgs:/home/administrator/Masterproject2/20_ROS/src/Robots/install/my_ur_msgs:${AMENT_PREFIX_PATH} CMAKE_PREFIX_PATH=/home/administrator/Masterproject2/20_ROS/src/Robots/install/ur_controllers:/home/administrator/Masterproject2/20_ROS/src/Robots/install/ur_msgs:/home/administrator/Masterproject2/20_ROS/src/Robots/install/ur_description:/home/administrator/Masterproject2/20_ROS/src/Robots/install/ur_dashboard_msgs:/home/administrator/Masterproject2/20_ROS/src/Robots/install/ur_client_library:/home/administrator/Masterproject2/20_ROS/src/Robots/install/my_ur_msgs:/opt/ros/kilted/opt/sdformat_vendor:/opt/ros/kilted/opt/gz_math_vendor:/opt/ros/kilted/opt/gz_utils_vendor:/opt/ros/kilted/opt/gz_tools_vendor:/opt/ros/kilted/opt/gz_cmake_vendor:/opt/ros/kilted DEBUGINFOD_URLS=https://debuginfod.ubuntu.com LD_LIBRARY_PATH=/home/administrator/Masterproject2/20_ROS/src/Robots/install/ur_controllers/lib:/home/administrator/Masterproject2/20_ROS/src/Robots/install/ur_msgs/lib:/home/administrator/Masterproject2/20_ROS/src/Robots/install/ur_dashboard_msgs/lib:/home/administrator/Masterproject2/20_ROS/src/Robots/install/ur_client_library/lib:/home/administrator/Masterproject2/20_ROS/src/Robots/install/my_ur_msgs/lib:${LD_LIBRARY_PATH} PKG_CONFIG_PATH=/home/administrator/Masterproject2/20_ROS/src/Robots/install/ur_client_library/lib/x86_64-linux-gnu/pkgconfig:/home/administrator/Masterproject2/20_ROS/src/Robots/install/ur_client_library/lib/pkgconfig PYTHONPATH=/home/administrator/Masterproject2/20_ROS/src/Robots/install/ur_msgs/lib/python3.12/site-packages:/home/administrator/Masterproject2/20_ROS/src/Robots/install/ur_dashboard_msgs/lib/python3.12/site-packages:/home/administrator/Masterproject2/20_ROS/src/Robots/install/my_ur_msgs/lib/python3.12/site-packages:${PYTHONPATH} /usr/bin/cmake --install /home/administrator/Masterproject2/20_ROS/src/Robots/build/ur_robot_driver
[48.424s] Level 1:colcon.colcon_core.environment:create_environment_scripts_only(ur_robot_driver)
[48.424s] Level 1:colcon.colcon_core.environment:checking '/home/administrator/Masterproject2/20_ROS/src/Robots/install/ur_robot_driver' for CMake module files
[48.427s] Level 1:colcon.colcon_core.environment:checking '/home/administrator/Masterproject2/20_ROS/src/Robots/install/ur_robot_driver' for CMake config files
[48.430s] Level 1:colcon.colcon_core.shell:create_environment_hook('ur_robot_driver', 'cmake_prefix_path')
[48.430s] INFO:colcon.colcon_core.shell:Creating environment hook '/home/administrator/Masterproject2/20_ROS/src/Robots/install/ur_robot_driver/share/ur_robot_driver/hook/cmake_prefix_path.ps1'
[48.431s] INFO:colcon.colcon_core.shell:Creating environment descriptor '/home/administrator/Masterproject2/20_ROS/src/Robots/install/ur_robot_driver/share/ur_robot_driver/hook/cmake_prefix_path.dsv'
[48.431s] INFO:colcon.colcon_core.shell:Creating environment hook '/home/administrator/Masterproject2/20_ROS/src/Robots/install/ur_robot_driver/share/ur_robot_driver/hook/cmake_prefix_path.sh'
[48.433s] Level 1:colcon.colcon_core.environment:checking '/home/administrator/Masterproject2/20_ROS/src/Robots/install/ur_robot_driver/lib'
[48.433s] Level 1:colcon.colcon_core.shell:create_environment_hook('ur_robot_driver', 'ld_library_path_lib')
[48.433s] INFO:colcon.colcon_core.shell:Creating environment hook '/home/administrator/Masterproject2/20_ROS/src/Robots/install/ur_robot_driver/share/ur_robot_driver/hook/ld_library_path_lib.ps1'
[48.434s] INFO:colcon.colcon_core.shell:Creating environment descriptor '/home/administrator/Masterproject2/20_ROS/src/Robots/install/ur_robot_driver/share/ur_robot_driver/hook/ld_library_path_lib.dsv'
[48.435s] INFO:colcon.colcon_core.shell:Creating environment hook '/home/administrator/Masterproject2/20_ROS/src/Robots/install/ur_robot_driver/share/ur_robot_driver/hook/ld_library_path_lib.sh'
[48.437s] Level 1:colcon.colcon_core.environment:checking '/home/administrator/Masterproject2/20_ROS/src/Robots/install/ur_robot_driver/bin'
[48.437s] Level 1:colcon.colcon_core.shell:create_environment_hook('ur_robot_driver', 'path')
[48.437s] INFO:colcon.colcon_core.shell:Creating environment hook '/home/administrator/Masterproject2/20_ROS/src/Robots/install/ur_robot_driver/share/ur_robot_driver/hook/path.ps1'
[48.437s] INFO:colcon.colcon_core.shell:Creating environment descriptor '/home/administrator/Masterproject2/20_ROS/src/Robots/install/ur_robot_driver/share/ur_robot_driver/hook/path.dsv'
[48.438s] INFO:colcon.colcon_core.shell:Creating environment hook '/home/administrator/Masterproject2/20_ROS/src/Robots/install/ur_robot_driver/share/ur_robot_driver/hook/path.sh'
[48.439s] Level 1:colcon.colcon_core.environment:checking '/home/administrator/Masterproject2/20_ROS/src/Robots/install/ur_robot_driver/lib/pkgconfig/ur_robot_driver.pc'
[48.439s] Level 1:colcon.colcon_core.environment:checking '/home/administrator/Masterproject2/20_ROS/src/Robots/install/ur_robot_driver/lib/python3.12/site-packages'
[48.440s] Level 1:colcon.colcon_core.shell:create_environment_hook('ur_robot_driver', 'pythonpath')
[48.440s] INFO:colcon.colcon_core.shell:Creating environment hook '/home/administrator/Masterproject2/20_ROS/src/Robots/install/ur_robot_driver/share/ur_robot_driver/hook/pythonpath.ps1'
[48.441s] INFO:colcon.colcon_core.shell:Creating environment descriptor '/home/administrator/Masterproject2/20_ROS/src/Robots/install/ur_robot_driver/share/ur_robot_driver/hook/pythonpath.dsv'
[48.441s] INFO:colcon.colcon_core.shell:Creating environment hook '/home/administrator/Masterproject2/20_ROS/src/Robots/install/ur_robot_driver/share/ur_robot_driver/hook/pythonpath.sh'
[48.442s] Level 1:colcon.colcon_core.environment:checking '/home/administrator/Masterproject2/20_ROS/src/Robots/install/ur_robot_driver/bin'
[48.442s] Level 1:colcon.colcon_core.shell:create_environment_hook('ur_robot_driver', 'pythonscriptspath')
[48.443s] INFO:colcon.colcon_core.shell:Creating environment hook '/home/administrator/Masterproject2/20_ROS/src/Robots/install/ur_robot_driver/share/ur_robot_driver/hook/pythonscriptspath.ps1'
[48.443s] INFO:colcon.colcon_core.shell:Creating environment descriptor '/home/administrator/Masterproject2/20_ROS/src/Robots/install/ur_robot_driver/share/ur_robot_driver/hook/pythonscriptspath.dsv'
[48.444s] INFO:colcon.colcon_core.shell:Creating environment hook '/home/administrator/Masterproject2/20_ROS/src/Robots/install/ur_robot_driver/share/ur_robot_driver/hook/pythonscriptspath.sh'
[48.445s] INFO:colcon.colcon_core.shell:Creating package script '/home/administrator/Masterproject2/20_ROS/src/Robots/install/ur_robot_driver/share/ur_robot_driver/package.ps1'
[48.446s] INFO:colcon.colcon_core.shell:Creating package descriptor '/home/administrator/Masterproject2/20_ROS/src/Robots/install/ur_robot_driver/share/ur_robot_driver/package.dsv'
[48.447s] INFO:colcon.colcon_core.shell:Creating package script '/home/administrator/Masterproject2/20_ROS/src/Robots/install/ur_robot_driver/share/ur_robot_driver/package.sh'
[48.448s] DEBUG:colcon.colcon_core.event_handler.log_command:Invoked command in '/home/administrator/Masterproject2/20_ROS/src/Robots/build/ur_robot_driver' returned '0': AMENT_PREFIX_PATH=/home/administrator/Masterproject2/20_ROS/src/Robots/install/ur_controllers:/home/administrator/Masterproject2/20_ROS/src/Robots/install/ur_msgs:/home/administrator/Masterproject2/20_ROS/src/Robots/install/ur_description:/home/administrator/Masterproject2/20_ROS/src/Robots/install/ur_dashboard_msgs:/home/administrator/Masterproject2/20_ROS/src/Robots/install/my_ur_msgs:${AMENT_PREFIX_PATH} CMAKE_PREFIX_PATH=/home/administrator/Masterproject2/20_ROS/src/Robots/install/ur_controllers:/home/administrator/Masterproject2/20_ROS/src/Robots/install/ur_msgs:/home/administrator/Masterproject2/20_ROS/src/Robots/install/ur_description:/home/administrator/Masterproject2/20_ROS/src/Robots/install/ur_dashboard_msgs:/home/administrator/Masterproject2/20_ROS/src/Robots/install/ur_client_library:/home/administrator/Masterproject2/20_ROS/src/Robots/install/my_ur_msgs:/opt/ros/kilted/opt/sdformat_vendor:/opt/ros/kilted/opt/gz_math_vendor:/opt/ros/kilted/opt/gz_utils_vendor:/opt/ros/kilted/opt/gz_tools_vendor:/opt/ros/kilted/opt/gz_cmake_vendor:/opt/ros/kilted DEBUGINFOD_URLS=https://debuginfod.ubuntu.com LD_LIBRARY_PATH=/home/administrator/Masterproject2/20_ROS/src/Robots/install/ur_controllers/lib:/home/administrator/Masterproject2/20_ROS/src/Robots/install/ur_msgs/lib:/home/administrator/Masterproject2/20_ROS/src/Robots/install/ur_dashboard_msgs/lib:/home/administrator/Masterproject2/20_ROS/src/Robots/install/ur_client_library/lib:/home/administrator/Masterproject2/20_ROS/src/Robots/install/my_ur_msgs/lib:${LD_LIBRARY_PATH} PKG_CONFIG_PATH=/home/administrator/Masterproject2/20_ROS/src/Robots/install/ur_client_library/lib/x86_64-linux-gnu/pkgconfig:/home/administrator/Masterproject2/20_ROS/src/Robots/install/ur_client_library/lib/pkgconfig PYTHONPATH=/home/administrator/Masterproject2/20_ROS/src/Robots/install/ur_msgs/lib/python3.12/site-packages:/home/administrator/Masterproject2/20_ROS/src/Robots/install/ur_dashboard_msgs/lib/python3.12/site-packages:/home/administrator/Masterproject2/20_ROS/src/Robots/install/my_ur_msgs/lib/python3.12/site-packages:${PYTHONPATH} /usr/bin/cmake --install /home/administrator/Masterproject2/20_ROS/src/Robots/build/ur_robot_driver
[48.448s] INFO:colcon.colcon_core.shell:Creating package script '/home/administrator/Masterproject2/20_ROS/src/Robots/install/ur_robot_driver/share/ur_robot_driver/package.bash'
[48.449s] INFO:colcon.colcon_core.shell:Creating package script '/home/administrator/Masterproject2/20_ROS/src/Robots/install/ur_robot_driver/share/ur_robot_driver/package.zsh'
[48.449s] Level 1:colcon.colcon_core.environment:create_file_with_runtime_dependencies(/home/administrator/Masterproject2/20_ROS/src/Robots/install/ur_robot_driver/share/colcon-core/packages/ur_robot_driver)
[48.449s] Level 1:colcon.colcon_core.environment:create_environment_scripts_only(ur_robot_driver)
[48.450s] Level 1:colcon.colcon_core.environment:checking '/home/administrator/Masterproject2/20_ROS/src/Robots/install/ur_robot_driver' for CMake module files
[48.450s] Level 1:colcon.colcon_core.environment:checking '/home/administrator/Masterproject2/20_ROS/src/Robots/install/ur_robot_driver' for CMake config files
[48.450s] Level 1:colcon.colcon_core.shell:create_environment_hook('ur_robot_driver', 'cmake_prefix_path')
[48.450s] INFO:colcon.colcon_core.shell:Creating environment hook '/home/administrator/Masterproject2/20_ROS/src/Robots/install/ur_robot_driver/share/ur_robot_driver/hook/cmake_prefix_path.ps1'
[48.450s] INFO:colcon.colcon_core.shell:Creating environment descriptor '/home/administrator/Masterproject2/20_ROS/src/Robots/install/ur_robot_driver/share/ur_robot_driver/hook/cmake_prefix_path.dsv'
[48.450s] INFO:colcon.colcon_core.shell:Creating environment hook '/home/administrator/Masterproject2/20_ROS/src/Robots/install/ur_robot_driver/share/ur_robot_driver/hook/cmake_prefix_path.sh'
[48.451s] Level 1:colcon.colcon_core.environment:checking '/home/administrator/Masterproject2/20_ROS/src/Robots/install/ur_robot_driver/lib'
[48.451s] Level 1:colcon.colcon_core.shell:create_environment_hook('ur_robot_driver', 'ld_library_path_lib')
[48.451s] INFO:colcon.colcon_core.shell:Creating environment hook '/home/administrator/Masterproject2/20_ROS/src/Robots/install/ur_robot_driver/share/ur_robot_driver/hook/ld_library_path_lib.ps1'
[48.451s] INFO:colcon.colcon_core.shell:Creating environment descriptor '/home/administrator/Masterproject2/20_ROS/src/Robots/install/ur_robot_driver/share/ur_robot_driver/hook/ld_library_path_lib.dsv'
[48.451s] INFO:colcon.colcon_core.shell:Creating environment hook '/home/administrator/Masterproject2/20_ROS/src/Robots/install/ur_robot_driver/share/ur_robot_driver/hook/ld_library_path_lib.sh'
[48.451s] Level 1:colcon.colcon_core.environment:checking '/home/administrator/Masterproject2/20_ROS/src/Robots/install/ur_robot_driver/bin'
[48.451s] Level 1:colcon.colcon_core.shell:create_environment_hook('ur_robot_driver', 'path')
[48.452s] INFO:colcon.colcon_core.shell:Creating environment hook '/home/administrator/Masterproject2/20_ROS/src/Robots/install/ur_robot_driver/share/ur_robot_driver/hook/path.ps1'
[48.452s] INFO:colcon.colcon_core.shell:Creating environment descriptor '/home/administrator/Masterproject2/20_ROS/src/Robots/install/ur_robot_driver/share/ur_robot_driver/hook/path.dsv'
[48.452s] INFO:colcon.colcon_core.shell:Creating environment hook '/home/administrator/Masterproject2/20_ROS/src/Robots/install/ur_robot_driver/share/ur_robot_driver/hook/path.sh'
[48.452s] Level 1:colcon.colcon_core.environment:checking '/home/administrator/Masterproject2/20_ROS/src/Robots/install/ur_robot_driver/lib/pkgconfig/ur_robot_driver.pc'
[48.452s] Level 1:colcon.colcon_core.environment:checking '/home/administrator/Masterproject2/20_ROS/src/Robots/install/ur_robot_driver/lib/python3.12/site-packages'
[48.452s] Level 1:colcon.colcon_core.shell:create_environment_hook('ur_robot_driver', 'pythonpath')
[48.452s] INFO:colcon.colcon_core.shell:Creating environment hook '/home/administrator/Masterproject2/20_ROS/src/Robots/install/ur_robot_driver/share/ur_robot_driver/hook/pythonpath.ps1'
[48.453s] INFO:colcon.colcon_core.shell:Creating environment descriptor '/home/administrator/Masterproject2/20_ROS/src/Robots/install/ur_robot_driver/share/ur_robot_driver/hook/pythonpath.dsv'
[48.453s] INFO:colcon.colcon_core.shell:Creating environment hook '/home/administrator/Masterproject2/20_ROS/src/Robots/install/ur_robot_driver/share/ur_robot_driver/hook/pythonpath.sh'
[48.453s] Level 1:colcon.colcon_core.environment:checking '/home/administrator/Masterproject2/20_ROS/src/Robots/install/ur_robot_driver/bin'
[48.453s] Level 1:colcon.colcon_core.shell:create_environment_hook('ur_robot_driver', 'pythonscriptspath')
[48.453s] INFO:colcon.colcon_core.shell:Creating environment hook '/home/administrator/Masterproject2/20_ROS/src/Robots/install/ur_robot_driver/share/ur_robot_driver/hook/pythonscriptspath.ps1'
[48.454s] INFO:colcon.colcon_core.shell:Creating environment descriptor '/home/administrator/Masterproject2/20_ROS/src/Robots/install/ur_robot_driver/share/ur_robot_driver/hook/pythonscriptspath.dsv'
[48.454s] INFO:colcon.colcon_core.shell:Creating environment hook '/home/administrator/Masterproject2/20_ROS/src/Robots/install/ur_robot_driver/share/ur_robot_driver/hook/pythonscriptspath.sh'
[48.454s] INFO:colcon.colcon_core.shell:Creating package script '/home/administrator/Masterproject2/20_ROS/src/Robots/install/ur_robot_driver/share/ur_robot_driver/package.ps1'
[48.454s] INFO:colcon.colcon_core.shell:Creating package descriptor '/home/administrator/Masterproject2/20_ROS/src/Robots/install/ur_robot_driver/share/ur_robot_driver/package.dsv'
[48.455s] INFO:colcon.colcon_core.shell:Creating package script '/home/administrator/Masterproject2/20_ROS/src/Robots/install/ur_robot_driver/share/ur_robot_driver/package.sh'
[48.455s] INFO:colcon.colcon_core.shell:Creating package script '/home/administrator/Masterproject2/20_ROS/src/Robots/install/ur_robot_driver/share/ur_robot_driver/package.bash'
[48.455s] INFO:colcon.colcon_core.shell:Creating package script '/home/administrator/Masterproject2/20_ROS/src/Robots/install/ur_robot_driver/share/ur_robot_driver/package.zsh'
[48.455s] Level 1:colcon.colcon_core.environment:create_file_with_runtime_dependencies(/home/administrator/Masterproject2/20_ROS/src/Robots/install/ur_robot_driver/share/colcon-core/packages/ur_robot_driver)
[48.456s] INFO:colcon.colcon_ros.task.ament_cmake.build:Building ROS package in '/home/administrator/Masterproject2/20_ROS/src/Robots/UR_Driver/ur_calibration' with build type 'ament_cmake'
[48.456s] INFO:colcon.colcon_cmake.task.cmake.build:Building CMake package in '/home/administrator/Masterproject2/20_ROS/src/Robots/UR_Driver/ur_calibration'
[48.456s] INFO:colcon.colcon_core.shell:Skip shell extension 'powershell' for command environment: Not usable outside of PowerShell
[48.456s] DEBUG:colcon.colcon_core.shell:Skip shell extension 'dsv' for command environment
[48.474s] DEBUG:colcon.colcon_core.event_handler.log_command:Invoking command in '/home/administrator/Masterproject2/20_ROS/src/Robots/build/ur_calibration': AMENT_PREFIX_PATH=/home/administrator/Masterproject2/20_ROS/src/Robots/install/ur_robot_driver:/home/administrator/Masterproject2/20_ROS/src/Robots/install/ur_controllers:/home/administrator/Masterproject2/20_ROS/src/Robots/install/ur_msgs:/home/administrator/Masterproject2/20_ROS/src/Robots/install/ur_description:/home/administrator/Masterproject2/20_ROS/src/Robots/install/ur_dashboard_msgs:/home/administrator/Masterproject2/20_ROS/src/Robots/install/my_ur_msgs:${AMENT_PREFIX_PATH} CMAKE_PREFIX_PATH=/home/administrator/Masterproject2/20_ROS/src/Robots/install/ur_robot_driver:/home/administrator/Masterproject2/20_ROS/src/Robots/install/ur_controllers:/home/administrator/Masterproject2/20_ROS/src/Robots/install/ur_msgs:/home/administrator/Masterproject2/20_ROS/src/Robots/install/ur_description:/home/administrator/Masterproject2/20_ROS/src/Robots/install/ur_dashboard_msgs:/home/administrator/Masterproject2/20_ROS/src/Robots/install/ur_client_library:/home/administrator/Masterproject2/20_ROS/src/Robots/install/my_ur_msgs:/opt/ros/kilted/opt/sdformat_vendor:/opt/ros/kilted/opt/gz_math_vendor:/opt/ros/kilted/opt/gz_utils_vendor:/opt/ros/kilted/opt/gz_tools_vendor:/opt/ros/kilted/opt/gz_cmake_vendor:/opt/ros/kilted DEBUGINFOD_URLS=https://debuginfod.ubuntu.com LD_LIBRARY_PATH=/home/administrator/Masterproject2/20_ROS/src/Robots/install/ur_robot_driver/lib:/home/administrator/Masterproject2/20_ROS/src/Robots/install/ur_controllers/lib:/home/administrator/Masterproject2/20_ROS/src/Robots/install/ur_msgs/lib:/home/administrator/Masterproject2/20_ROS/src/Robots/install/ur_dashboard_msgs/lib:/home/administrator/Masterproject2/20_ROS/src/Robots/install/ur_client_library/lib:/home/administrator/Masterproject2/20_ROS/src/Robots/install/my_ur_msgs/lib:${LD_LIBRARY_PATH} PATH=/home/administrator/Masterproject2/20_ROS/src/Robots/install/ur_robot_driver/bin:${PATH} PKG_CONFIG_PATH=/home/administrator/Masterproject2/20_ROS/src/Robots/install/ur_client_library/lib/x86_64-linux-gnu/pkgconfig:/home/administrator/Masterproject2/20_ROS/src/Robots/install/ur_client_library/lib/pkgconfig PYTHONPATH=/home/administrator/Masterproject2/20_ROS/src/Robots/install/ur_robot_driver/lib/python3.12/site-packages:/home/administrator/Masterproject2/20_ROS/src/Robots/install/ur_msgs/lib/python3.12/site-packages:/home/administrator/Masterproject2/20_ROS/src/Robots/install/ur_dashboard_msgs/lib/python3.12/site-packages:/home/administrator/Masterproject2/20_ROS/src/Robots/install/my_ur_msgs/lib/python3.12/site-packages:${PYTHONPATH} /usr/bin/cmake /home/administrator/Masterproject2/20_ROS/src/Robots/UR_Driver/ur_calibration -DCMAKE_INSTALL_PREFIX=/home/administrator/Masterproject2/20_ROS/src/Robots/install/ur_calibration
[49.609s] DEBUG:colcon.colcon_core.event_handler.log_command:Invoked command in '/home/administrator/Masterproject2/20_ROS/src/Robots/build/ur_calibration' returned '0': AMENT_PREFIX_PATH=/home/administrator/Masterproject2/20_ROS/src/Robots/install/ur_robot_driver:/home/administrator/Masterproject2/20_ROS/src/Robots/install/ur_controllers:/home/administrator/Masterproject2/20_ROS/src/Robots/install/ur_msgs:/home/administrator/Masterproject2/20_ROS/src/Robots/install/ur_description:/home/administrator/Masterproject2/20_ROS/src/Robots/install/ur_dashboard_msgs:/home/administrator/Masterproject2/20_ROS/src/Robots/install/my_ur_msgs:${AMENT_PREFIX_PATH} CMAKE_PREFIX_PATH=/home/administrator/Masterproject2/20_ROS/src/Robots/install/ur_robot_driver:/home/administrator/Masterproject2/20_ROS/src/Robots/install/ur_controllers:/home/administrator/Masterproject2/20_ROS/src/Robots/install/ur_msgs:/home/administrator/Masterproject2/20_ROS/src/Robots/install/ur_description:/home/administrator/Masterproject2/20_ROS/src/Robots/install/ur_dashboard_msgs:/home/administrator/Masterproject2/20_ROS/src/Robots/install/ur_client_library:/home/administrator/Masterproject2/20_ROS/src/Robots/install/my_ur_msgs:/opt/ros/kilted/opt/sdformat_vendor:/opt/ros/kilted/opt/gz_math_vendor:/opt/ros/kilted/opt/gz_utils_vendor:/opt/ros/kilted/opt/gz_tools_vendor:/opt/ros/kilted/opt/gz_cmake_vendor:/opt/ros/kilted DEBUGINFOD_URLS=https://debuginfod.ubuntu.com LD_LIBRARY_PATH=/home/administrator/Masterproject2/20_ROS/src/Robots/install/ur_robot_driver/lib:/home/administrator/Masterproject2/20_ROS/src/Robots/install/ur_controllers/lib:/home/administrator/Masterproject2/20_ROS/src/Robots/install/ur_msgs/lib:/home/administrator/Masterproject2/20_ROS/src/Robots/install/ur_dashboard_msgs/lib:/home/administrator/Masterproject2/20_ROS/src/Robots/install/ur_client_library/lib:/home/administrator/Masterproject2/20_ROS/src/Robots/install/my_ur_msgs/lib:${LD_LIBRARY_PATH} PATH=/home/administrator/Masterproject2/20_ROS/src/Robots/install/ur_robot_driver/bin:${PATH} PKG_CONFIG_PATH=/home/administrator/Masterproject2/20_ROS/src/Robots/install/ur_client_library/lib/x86_64-linux-gnu/pkgconfig:/home/administrator/Masterproject2/20_ROS/src/Robots/install/ur_client_library/lib/pkgconfig PYTHONPATH=/home/administrator/Masterproject2/20_ROS/src/Robots/install/ur_robot_driver/lib/python3.12/site-packages:/home/administrator/Masterproject2/20_ROS/src/Robots/install/ur_msgs/lib/python3.12/site-packages:/home/administrator/Masterproject2/20_ROS/src/Robots/install/ur_dashboard_msgs/lib/python3.12/site-packages:/home/administrator/Masterproject2/20_ROS/src/Robots/install/my_ur_msgs/lib/python3.12/site-packages:${PYTHONPATH} /usr/bin/cmake /home/administrator/Masterproject2/20_ROS/src/Robots/UR_Driver/ur_calibration -DCMAKE_INSTALL_PREFIX=/home/administrator/Masterproject2/20_ROS/src/Robots/install/ur_calibration
[49.610s] DEBUG:colcon.colcon_core.event_handler.log_command:Invoking command in '/home/administrator/Masterproject2/20_ROS/src/Robots/build/ur_calibration': AMENT_PREFIX_PATH=/home/administrator/Masterproject2/20_ROS/src/Robots/install/ur_robot_driver:/home/administrator/Masterproject2/20_ROS/src/Robots/install/ur_controllers:/home/administrator/Masterproject2/20_ROS/src/Robots/install/ur_msgs:/home/administrator/Masterproject2/20_ROS/src/Robots/install/ur_description:/home/administrator/Masterproject2/20_ROS/src/Robots/install/ur_dashboard_msgs:/home/administrator/Masterproject2/20_ROS/src/Robots/install/my_ur_msgs:${AMENT_PREFIX_PATH} CMAKE_PREFIX_PATH=/home/administrator/Masterproject2/20_ROS/src/Robots/install/ur_robot_driver:/home/administrator/Masterproject2/20_ROS/src/Robots/install/ur_controllers:/home/administrator/Masterproject2/20_ROS/src/Robots/install/ur_msgs:/home/administrator/Masterproject2/20_ROS/src/Robots/install/ur_description:/home/administrator/Masterproject2/20_ROS/src/Robots/install/ur_dashboard_msgs:/home/administrator/Masterproject2/20_ROS/src/Robots/install/ur_client_library:/home/administrator/Masterproject2/20_ROS/src/Robots/install/my_ur_msgs:/opt/ros/kilted/opt/sdformat_vendor:/opt/ros/kilted/opt/gz_math_vendor:/opt/ros/kilted/opt/gz_utils_vendor:/opt/ros/kilted/opt/gz_tools_vendor:/opt/ros/kilted/opt/gz_cmake_vendor:/opt/ros/kilted DEBUGINFOD_URLS=https://debuginfod.ubuntu.com LD_LIBRARY_PATH=/home/administrator/Masterproject2/20_ROS/src/Robots/install/ur_robot_driver/lib:/home/administrator/Masterproject2/20_ROS/src/Robots/install/ur_controllers/lib:/home/administrator/Masterproject2/20_ROS/src/Robots/install/ur_msgs/lib:/home/administrator/Masterproject2/20_ROS/src/Robots/install/ur_dashboard_msgs/lib:/home/administrator/Masterproject2/20_ROS/src/Robots/install/ur_client_library/lib:/home/administrator/Masterproject2/20_ROS/src/Robots/install/my_ur_msgs/lib:${LD_LIBRARY_PATH} PATH=/home/administrator/Masterproject2/20_ROS/src/Robots/install/ur_robot_driver/bin:${PATH} PKG_CONFIG_PATH=/home/administrator/Masterproject2/20_ROS/src/Robots/install/ur_client_library/lib/x86_64-linux-gnu/pkgconfig:/home/administrator/Masterproject2/20_ROS/src/Robots/install/ur_client_library/lib/pkgconfig PYTHONPATH=/home/administrator/Masterproject2/20_ROS/src/Robots/install/ur_robot_driver/lib/python3.12/site-packages:/home/administrator/Masterproject2/20_ROS/src/Robots/install/ur_msgs/lib/python3.12/site-packages:/home/administrator/Masterproject2/20_ROS/src/Robots/install/ur_dashboard_msgs/lib/python3.12/site-packages:/home/administrator/Masterproject2/20_ROS/src/Robots/install/my_ur_msgs/lib/python3.12/site-packages:${PYTHONPATH} /usr/bin/cmake --build /home/administrator/Masterproject2/20_ROS/src/Robots/build/ur_calibration -- -j14 -l14
[60.453s] DEBUG:colcon.colcon_core.event_handler.log_command:Invoked command in '/home/administrator/Masterproject2/20_ROS/src/Robots/build/ur_calibration' returned '0': AMENT_PREFIX_PATH=/home/administrator/Masterproject2/20_ROS/src/Robots/install/ur_robot_driver:/home/administrator/Masterproject2/20_ROS/src/Robots/install/ur_controllers:/home/administrator/Masterproject2/20_ROS/src/Robots/install/ur_msgs:/home/administrator/Masterproject2/20_ROS/src/Robots/install/ur_description:/home/administrator/Masterproject2/20_ROS/src/Robots/install/ur_dashboard_msgs:/home/administrator/Masterproject2/20_ROS/src/Robots/install/my_ur_msgs:${AMENT_PREFIX_PATH} CMAKE_PREFIX_PATH=/home/administrator/Masterproject2/20_ROS/src/Robots/install/ur_robot_driver:/home/administrator/Masterproject2/20_ROS/src/Robots/install/ur_controllers:/home/administrator/Masterproject2/20_ROS/src/Robots/install/ur_msgs:/home/administrator/Masterproject2/20_ROS/src/Robots/install/ur_description:/home/administrator/Masterproject2/20_ROS/src/Robots/install/ur_dashboard_msgs:/home/administrator/Masterproject2/20_ROS/src/Robots/install/ur_client_library:/home/administrator/Masterproject2/20_ROS/src/Robots/install/my_ur_msgs:/opt/ros/kilted/opt/sdformat_vendor:/opt/ros/kilted/opt/gz_math_vendor:/opt/ros/kilted/opt/gz_utils_vendor:/opt/ros/kilted/opt/gz_tools_vendor:/opt/ros/kilted/opt/gz_cmake_vendor:/opt/ros/kilted DEBUGINFOD_URLS=https://debuginfod.ubuntu.com LD_LIBRARY_PATH=/home/administrator/Masterproject2/20_ROS/src/Robots/install/ur_robot_driver/lib:/home/administrator/Masterproject2/20_ROS/src/Robots/install/ur_controllers/lib:/home/administrator/Masterproject2/20_ROS/src/Robots/install/ur_msgs/lib:/home/administrator/Masterproject2/20_ROS/src/Robots/install/ur_dashboard_msgs/lib:/home/administrator/Masterproject2/20_ROS/src/Robots/install/ur_client_library/lib:/home/administrator/Masterproject2/20_ROS/src/Robots/install/my_ur_msgs/lib:${LD_LIBRARY_PATH} PATH=/home/administrator/Masterproject2/20_ROS/src/Robots/install/ur_robot_driver/bin:${PATH} PKG_CONFIG_PATH=/home/administrator/Masterproject2/20_ROS/src/Robots/install/ur_client_library/lib/x86_64-linux-gnu/pkgconfig:/home/administrator/Masterproject2/20_ROS/src/Robots/install/ur_client_library/lib/pkgconfig PYTHONPATH=/home/administrator/Masterproject2/20_ROS/src/Robots/install/ur_robot_driver/lib/python3.12/site-packages:/home/administrator/Masterproject2/20_ROS/src/Robots/install/ur_msgs/lib/python3.12/site-packages:/home/administrator/Masterproject2/20_ROS/src/Robots/install/ur_dashboard_msgs/lib/python3.12/site-packages:/home/administrator/Masterproject2/20_ROS/src/Robots/install/my_ur_msgs/lib/python3.12/site-packages:${PYTHONPATH} /usr/bin/cmake --build /home/administrator/Masterproject2/20_ROS/src/Robots/build/ur_calibration -- -j14 -l14
[60.454s] DEBUG:colcon.colcon_core.event_handler.log_command:Invoking command in '/home/administrator/Masterproject2/20_ROS/src/Robots/build/ur_calibration': AMENT_PREFIX_PATH=/home/administrator/Masterproject2/20_ROS/src/Robots/install/ur_robot_driver:/home/administrator/Masterproject2/20_ROS/src/Robots/install/ur_controllers:/home/administrator/Masterproject2/20_ROS/src/Robots/install/ur_msgs:/home/administrator/Masterproject2/20_ROS/src/Robots/install/ur_description:/home/administrator/Masterproject2/20_ROS/src/Robots/install/ur_dashboard_msgs:/home/administrator/Masterproject2/20_ROS/src/Robots/install/my_ur_msgs:${AMENT_PREFIX_PATH} CMAKE_PREFIX_PATH=/home/administrator/Masterproject2/20_ROS/src/Robots/install/ur_robot_driver:/home/administrator/Masterproject2/20_ROS/src/Robots/install/ur_controllers:/home/administrator/Masterproject2/20_ROS/src/Robots/install/ur_msgs:/home/administrator/Masterproject2/20_ROS/src/Robots/install/ur_description:/home/administrator/Masterproject2/20_ROS/src/Robots/install/ur_dashboard_msgs:/home/administrator/Masterproject2/20_ROS/src/Robots/install/ur_client_library:/home/administrator/Masterproject2/20_ROS/src/Robots/install/my_ur_msgs:/opt/ros/kilted/opt/sdformat_vendor:/opt/ros/kilted/opt/gz_math_vendor:/opt/ros/kilted/opt/gz_utils_vendor:/opt/ros/kilted/opt/gz_tools_vendor:/opt/ros/kilted/opt/gz_cmake_vendor:/opt/ros/kilted DEBUGINFOD_URLS=https://debuginfod.ubuntu.com LD_LIBRARY_PATH=/home/administrator/Masterproject2/20_ROS/src/Robots/install/ur_robot_driver/lib:/home/administrator/Masterproject2/20_ROS/src/Robots/install/ur_controllers/lib:/home/administrator/Masterproject2/20_ROS/src/Robots/install/ur_msgs/lib:/home/administrator/Masterproject2/20_ROS/src/Robots/install/ur_dashboard_msgs/lib:/home/administrator/Masterproject2/20_ROS/src/Robots/install/ur_client_library/lib:/home/administrator/Masterproject2/20_ROS/src/Robots/install/my_ur_msgs/lib:${LD_LIBRARY_PATH} PATH=/home/administrator/Masterproject2/20_ROS/src/Robots/install/ur_robot_driver/bin:${PATH} PKG_CONFIG_PATH=/home/administrator/Masterproject2/20_ROS/src/Robots/install/ur_client_library/lib/x86_64-linux-gnu/pkgconfig:/home/administrator/Masterproject2/20_ROS/src/Robots/install/ur_client_library/lib/pkgconfig PYTHONPATH=/home/administrator/Masterproject2/20_ROS/src/Robots/install/ur_robot_driver/lib/python3.12/site-packages:/home/administrator/Masterproject2/20_ROS/src/Robots/install/ur_msgs/lib/python3.12/site-packages:/home/administrator/Masterproject2/20_ROS/src/Robots/install/ur_dashboard_msgs/lib/python3.12/site-packages:/home/administrator/Masterproject2/20_ROS/src/Robots/install/my_ur_msgs/lib/python3.12/site-packages:${PYTHONPATH} /usr/bin/cmake --install /home/administrator/Masterproject2/20_ROS/src/Robots/build/ur_calibration
[60.466s] Level 1:colcon.colcon_core.environment:create_environment_scripts_only(ur_calibration)
[60.467s] Level 1:colcon.colcon_core.environment:checking '/home/administrator/Masterproject2/20_ROS/src/Robots/install/ur_calibration' for CMake module files
[60.469s] Level 1:colcon.colcon_core.environment:checking '/home/administrator/Masterproject2/20_ROS/src/Robots/install/ur_calibration' for CMake config files
[60.470s] Level 1:colcon.colcon_core.shell:create_environment_hook('ur_calibration', 'cmake_prefix_path')
[60.471s] INFO:colcon.colcon_core.shell:Creating environment hook '/home/administrator/Masterproject2/20_ROS/src/Robots/install/ur_calibration/share/ur_calibration/hook/cmake_prefix_path.ps1'
[60.472s] INFO:colcon.colcon_core.shell:Creating environment descriptor '/home/administrator/Masterproject2/20_ROS/src/Robots/install/ur_calibration/share/ur_calibration/hook/cmake_prefix_path.dsv'
[60.472s] INFO:colcon.colcon_core.shell:Creating environment hook '/home/administrator/Masterproject2/20_ROS/src/Robots/install/ur_calibration/share/ur_calibration/hook/cmake_prefix_path.sh'
[60.473s] Level 1:colcon.colcon_core.environment:checking '/home/administrator/Masterproject2/20_ROS/src/Robots/install/ur_calibration/lib'
[60.474s] Level 1:colcon.colcon_core.environment:checking '/home/administrator/Masterproject2/20_ROS/src/Robots/install/ur_calibration/bin'
[60.474s] Level 1:colcon.colcon_core.environment:checking '/home/administrator/Masterproject2/20_ROS/src/Robots/install/ur_calibration/lib/pkgconfig/ur_calibration.pc'
[60.474s] DEBUG:colcon.colcon_core.event_handler.log_command:Invoked command in '/home/administrator/Masterproject2/20_ROS/src/Robots/build/ur_calibration' returned '0': AMENT_PREFIX_PATH=/home/administrator/Masterproject2/20_ROS/src/Robots/install/ur_robot_driver:/home/administrator/Masterproject2/20_ROS/src/Robots/install/ur_controllers:/home/administrator/Masterproject2/20_ROS/src/Robots/install/ur_msgs:/home/administrator/Masterproject2/20_ROS/src/Robots/install/ur_description:/home/administrator/Masterproject2/20_ROS/src/Robots/install/ur_dashboard_msgs:/home/administrator/Masterproject2/20_ROS/src/Robots/install/my_ur_msgs:${AMENT_PREFIX_PATH} CMAKE_PREFIX_PATH=/home/administrator/Masterproject2/20_ROS/src/Robots/install/ur_robot_driver:/home/administrator/Masterproject2/20_ROS/src/Robots/install/ur_controllers:/home/administrator/Masterproject2/20_ROS/src/Robots/install/ur_msgs:/home/administrator/Masterproject2/20_ROS/src/Robots/install/ur_description:/home/administrator/Masterproject2/20_ROS/src/Robots/install/ur_dashboard_msgs:/home/administrator/Masterproject2/20_ROS/src/Robots/install/ur_client_library:/home/administrator/Masterproject2/20_ROS/src/Robots/install/my_ur_msgs:/opt/ros/kilted/opt/sdformat_vendor:/opt/ros/kilted/opt/gz_math_vendor:/opt/ros/kilted/opt/gz_utils_vendor:/opt/ros/kilted/opt/gz_tools_vendor:/opt/ros/kilted/opt/gz_cmake_vendor:/opt/ros/kilted DEBUGINFOD_URLS=https://debuginfod.ubuntu.com LD_LIBRARY_PATH=/home/administrator/Masterproject2/20_ROS/src/Robots/install/ur_robot_driver/lib:/home/administrator/Masterproject2/20_ROS/src/Robots/install/ur_controllers/lib:/home/administrator/Masterproject2/20_ROS/src/Robots/install/ur_msgs/lib:/home/administrator/Masterproject2/20_ROS/src/Robots/install/ur_dashboard_msgs/lib:/home/administrator/Masterproject2/20_ROS/src/Robots/install/ur_client_library/lib:/home/administrator/Masterproject2/20_ROS/src/Robots/install/my_ur_msgs/lib:${LD_LIBRARY_PATH} PATH=/home/administrator/Masterproject2/20_ROS/src/Robots/install/ur_robot_driver/bin:${PATH} PKG_CONFIG_PATH=/home/administrator/Masterproject2/20_ROS/src/Robots/install/ur_client_library/lib/x86_64-linux-gnu/pkgconfig:/home/administrator/Masterproject2/20_ROS/src/Robots/install/ur_client_library/lib/pkgconfig PYTHONPATH=/home/administrator/Masterproject2/20_ROS/src/Robots/install/ur_robot_driver/lib/python3.12/site-packages:/home/administrator/Masterproject2/20_ROS/src/Robots/install/ur_msgs/lib/python3.12/site-packages:/home/administrator/Masterproject2/20_ROS/src/Robots/install/ur_dashboard_msgs/lib/python3.12/site-packages:/home/administrator/Masterproject2/20_ROS/src/Robots/install/my_ur_msgs/lib/python3.12/site-packages:${PYTHONPATH} /usr/bin/cmake --install /home/administrator/Masterproject2/20_ROS/src/Robots/build/ur_calibration
[60.474s] Level 1:colcon.colcon_core.environment:checking '/home/administrator/Masterproject2/20_ROS/src/Robots/install/ur_calibration/lib/python3.12/site-packages'
[60.475s] Level 1:colcon.colcon_core.environment:checking '/home/administrator/Masterproject2/20_ROS/src/Robots/install/ur_calibration/bin'
[60.475s] INFO:colcon.colcon_core.shell:Creating package script '/home/administrator/Masterproject2/20_ROS/src/Robots/install/ur_calibration/share/ur_calibration/package.ps1'
[60.476s] INFO:colcon.colcon_core.shell:Creating package descriptor '/home/administrator/Masterproject2/20_ROS/src/Robots/install/ur_calibration/share/ur_calibration/package.dsv'
[60.476s] INFO:colcon.colcon_core.shell:Creating package script '/home/administrator/Masterproject2/20_ROS/src/Robots/install/ur_calibration/share/ur_calibration/package.sh'
[60.476s] INFO:colcon.colcon_core.shell:Creating package script '/home/administrator/Masterproject2/20_ROS/src/Robots/install/ur_calibration/share/ur_calibration/package.bash'
[60.477s] INFO:colcon.colcon_core.shell:Creating package script '/home/administrator/Masterproject2/20_ROS/src/Robots/install/ur_calibration/share/ur_calibration/package.zsh'
[60.477s] Level 1:colcon.colcon_core.environment:create_file_with_runtime_dependencies(/home/administrator/Masterproject2/20_ROS/src/Robots/install/ur_calibration/share/colcon-core/packages/ur_calibration)
[60.478s] Level 1:colcon.colcon_core.environment:create_environment_scripts_only(ur_calibration)
[60.478s] Level 1:colcon.colcon_core.environment:checking '/home/administrator/Masterproject2/20_ROS/src/Robots/install/ur_calibration' for CMake module files
[60.479s] Level 1:colcon.colcon_core.environment:checking '/home/administrator/Masterproject2/20_ROS/src/Robots/install/ur_calibration' for CMake config files
[60.479s] Level 1:colcon.colcon_core.shell:create_environment_hook('ur_calibration', 'cmake_prefix_path')
[60.479s] INFO:colcon.colcon_core.shell:Creating environment hook '/home/administrator/Masterproject2/20_ROS/src/Robots/install/ur_calibration/share/ur_calibration/hook/cmake_prefix_path.ps1'
[60.480s] INFO:colcon.colcon_core.shell:Creating environment descriptor '/home/administrator/Masterproject2/20_ROS/src/Robots/install/ur_calibration/share/ur_calibration/hook/cmake_prefix_path.dsv'
[60.480s] INFO:colcon.colcon_core.shell:Creating environment hook '/home/administrator/Masterproject2/20_ROS/src/Robots/install/ur_calibration/share/ur_calibration/hook/cmake_prefix_path.sh'
[60.481s] Level 1:colcon.colcon_core.environment:checking '/home/administrator/Masterproject2/20_ROS/src/Robots/install/ur_calibration/lib'
[60.481s] Level 1:colcon.colcon_core.environment:checking '/home/administrator/Masterproject2/20_ROS/src/Robots/install/ur_calibration/bin'
[60.481s] Level 1:colcon.colcon_core.environment:checking '/home/administrator/Masterproject2/20_ROS/src/Robots/install/ur_calibration/lib/pkgconfig/ur_calibration.pc'
[60.481s] Level 1:colcon.colcon_core.environment:checking '/home/administrator/Masterproject2/20_ROS/src/Robots/install/ur_calibration/lib/python3.12/site-packages'
[60.482s] Level 1:colcon.colcon_core.environment:checking '/home/administrator/Masterproject2/20_ROS/src/Robots/install/ur_calibration/bin'
[60.482s] INFO:colcon.colcon_core.shell:Creating package script '/home/administrator/Masterproject2/20_ROS/src/Robots/install/ur_calibration/share/ur_calibration/package.ps1'
[60.482s] INFO:colcon.colcon_core.shell:Creating package descriptor '/home/administrator/Masterproject2/20_ROS/src/Robots/install/ur_calibration/share/ur_calibration/package.dsv'
[60.483s] INFO:colcon.colcon_core.shell:Creating package script '/home/administrator/Masterproject2/20_ROS/src/Robots/install/ur_calibration/share/ur_calibration/package.sh'
[60.483s] INFO:colcon.colcon_core.shell:Creating package script '/home/administrator/Masterproject2/20_ROS/src/Robots/install/ur_calibration/share/ur_calibration/package.bash'
[60.484s] INFO:colcon.colcon_core.shell:Creating package script '/home/administrator/Masterproject2/20_ROS/src/Robots/install/ur_calibration/share/ur_calibration/package.zsh'
[60.484s] Level 1:colcon.colcon_core.environment:create_file_with_runtime_dependencies(/home/administrator/Masterproject2/20_ROS/src/Robots/install/ur_calibration/share/colcon-core/packages/ur_calibration)
[60.485s] INFO:colcon.colcon_ros.task.ament_cmake.build:Building ROS package in '/home/administrator/Masterproject2/20_ROS/src/Robots/UR_Driver/ur' with build type 'ament_cmake'
[60.485s] INFO:colcon.colcon_cmake.task.cmake.build:Building CMake package in '/home/administrator/Masterproject2/20_ROS/src/Robots/UR_Driver/ur'
[60.485s] INFO:colcon.colcon_core.shell:Skip shell extension 'powershell' for command environment: Not usable outside of PowerShell
[60.485s] DEBUG:colcon.colcon_core.shell:Skip shell extension 'dsv' for command environment
[60.504s] DEBUG:colcon.colcon_core.event_handler.log_command:Invoking command in '/home/administrator/Masterproject2/20_ROS/src/Robots/build/ur': AMENT_PREFIX_PATH=/home/administrator/Masterproject2/20_ROS/src/Robots/install/ur_calibration:/home/administrator/Masterproject2/20_ROS/src/Robots/install/ur_robot_driver:/home/administrator/Masterproject2/20_ROS/src/Robots/install/ur_moveit_config:/home/administrator/Masterproject2/20_ROS/src/Robots/install/ur_controllers:/home/administrator/Masterproject2/20_ROS/src/Robots/install/ur_msgs:/home/administrator/Masterproject2/20_ROS/src/Robots/install/ur_description:/home/administrator/Masterproject2/20_ROS/src/Robots/install/ur_dashboard_msgs:/home/administrator/Masterproject2/20_ROS/src/Robots/install/my_ur_msgs:${AMENT_PREFIX_PATH} CMAKE_PREFIX_PATH=/home/administrator/Masterproject2/20_ROS/src/Robots/install/ur_calibration:/home/administrator/Masterproject2/20_ROS/src/Robots/install/ur_robot_driver:/home/administrator/Masterproject2/20_ROS/src/Robots/install/ur_moveit_config:/home/administrator/Masterproject2/20_ROS/src/Robots/install/ur_controllers:/home/administrator/Masterproject2/20_ROS/src/Robots/install/ur_msgs:/home/administrator/Masterproject2/20_ROS/src/Robots/install/ur_description:/home/administrator/Masterproject2/20_ROS/src/Robots/install/ur_dashboard_msgs:/home/administrator/Masterproject2/20_ROS/src/Robots/install/ur_client_library:/home/administrator/Masterproject2/20_ROS/src/Robots/install/my_ur_msgs:/opt/ros/kilted/opt/sdformat_vendor:/opt/ros/kilted/opt/gz_math_vendor:/opt/ros/kilted/opt/gz_utils_vendor:/opt/ros/kilted/opt/gz_tools_vendor:/opt/ros/kilted/opt/gz_cmake_vendor:/opt/ros/kilted DEBUGINFOD_URLS=https://debuginfod.ubuntu.com LD_LIBRARY_PATH=/home/administrator/Masterproject2/20_ROS/src/Robots/install/ur_robot_driver/lib:/home/administrator/Masterproject2/20_ROS/src/Robots/install/ur_controllers/lib:/home/administrator/Masterproject2/20_ROS/src/Robots/install/ur_msgs/lib:/home/administrator/Masterproject2/20_ROS/src/Robots/install/ur_dashboard_msgs/lib:/home/administrator/Masterproject2/20_ROS/src/Robots/install/ur_client_library/lib:/home/administrator/Masterproject2/20_ROS/src/Robots/install/my_ur_msgs/lib:${LD_LIBRARY_PATH} PATH=/home/administrator/Masterproject2/20_ROS/src/Robots/install/ur_robot_driver/bin:${PATH} PKG_CONFIG_PATH=/home/administrator/Masterproject2/20_ROS/src/Robots/install/ur_client_library/lib/x86_64-linux-gnu/pkgconfig:/home/administrator/Masterproject2/20_ROS/src/Robots/install/ur_client_library/lib/pkgconfig PYTHONPATH=/home/administrator/Masterproject2/20_ROS/src/Robots/install/ur_robot_driver/lib/python3.12/site-packages:/home/administrator/Masterproject2/20_ROS/src/Robots/install/ur_msgs/lib/python3.12/site-packages:/home/administrator/Masterproject2/20_ROS/src/Robots/install/ur_dashboard_msgs/lib/python3.12/site-packages:/home/administrator/Masterproject2/20_ROS/src/Robots/install/my_ur_msgs/lib/python3.12/site-packages:${PYTHONPATH} /usr/bin/cmake /home/administrator/Masterproject2/20_ROS/src/Robots/UR_Driver/ur -DCMAKE_INSTALL_PREFIX=/home/administrator/Masterproject2/20_ROS/src/Robots/install/ur
[60.984s] DEBUG:colcon.colcon_core.event_handler.log_command:Invoked command in '/home/administrator/Masterproject2/20_ROS/src/Robots/build/ur' returned '0': AMENT_PREFIX_PATH=/home/administrator/Masterproject2/20_ROS/src/Robots/install/ur_calibration:/home/administrator/Masterproject2/20_ROS/src/Robots/install/ur_robot_driver:/home/administrator/Masterproject2/20_ROS/src/Robots/install/ur_moveit_config:/home/administrator/Masterproject2/20_ROS/src/Robots/install/ur_controllers:/home/administrator/Masterproject2/20_ROS/src/Robots/install/ur_msgs:/home/administrator/Masterproject2/20_ROS/src/Robots/install/ur_description:/home/administrator/Masterproject2/20_ROS/src/Robots/install/ur_dashboard_msgs:/home/administrator/Masterproject2/20_ROS/src/Robots/install/my_ur_msgs:${AMENT_PREFIX_PATH} CMAKE_PREFIX_PATH=/home/administrator/Masterproject2/20_ROS/src/Robots/install/ur_calibration:/home/administrator/Masterproject2/20_ROS/src/Robots/install/ur_robot_driver:/home/administrator/Masterproject2/20_ROS/src/Robots/install/ur_moveit_config:/home/administrator/Masterproject2/20_ROS/src/Robots/install/ur_controllers:/home/administrator/Masterproject2/20_ROS/src/Robots/install/ur_msgs:/home/administrator/Masterproject2/20_ROS/src/Robots/install/ur_description:/home/administrator/Masterproject2/20_ROS/src/Robots/install/ur_dashboard_msgs:/home/administrator/Masterproject2/20_ROS/src/Robots/install/ur_client_library:/home/administrator/Masterproject2/20_ROS/src/Robots/install/my_ur_msgs:/opt/ros/kilted/opt/sdformat_vendor:/opt/ros/kilted/opt/gz_math_vendor:/opt/ros/kilted/opt/gz_utils_vendor:/opt/ros/kilted/opt/gz_tools_vendor:/opt/ros/kilted/opt/gz_cmake_vendor:/opt/ros/kilted DEBUGINFOD_URLS=https://debuginfod.ubuntu.com LD_LIBRARY_PATH=/home/administrator/Masterproject2/20_ROS/src/Robots/install/ur_robot_driver/lib:/home/administrator/Masterproject2/20_ROS/src/Robots/install/ur_controllers/lib:/home/administrator/Masterproject2/20_ROS/src/Robots/install/ur_msgs/lib:/home/administrator/Masterproject2/20_ROS/src/Robots/install/ur_dashboard_msgs/lib:/home/administrator/Masterproject2/20_ROS/src/Robots/install/ur_client_library/lib:/home/administrator/Masterproject2/20_ROS/src/Robots/install/my_ur_msgs/lib:${LD_LIBRARY_PATH} PATH=/home/administrator/Masterproject2/20_ROS/src/Robots/install/ur_robot_driver/bin:${PATH} PKG_CONFIG_PATH=/home/administrator/Masterproject2/20_ROS/src/Robots/install/ur_client_library/lib/x86_64-linux-gnu/pkgconfig:/home/administrator/Masterproject2/20_ROS/src/Robots/install/ur_client_library/lib/pkgconfig PYTHONPATH=/home/administrator/Masterproject2/20_ROS/src/Robots/install/ur_robot_driver/lib/python3.12/site-packages:/home/administrator/Masterproject2/20_ROS/src/Robots/install/ur_msgs/lib/python3.12/site-packages:/home/administrator/Masterproject2/20_ROS/src/Robots/install/ur_dashboard_msgs/lib/python3.12/site-packages:/home/administrator/Masterproject2/20_ROS/src/Robots/install/my_ur_msgs/lib/python3.12/site-packages:${PYTHONPATH} /usr/bin/cmake /home/administrator/Masterproject2/20_ROS/src/Robots/UR_Driver/ur -DCMAKE_INSTALL_PREFIX=/home/administrator/Masterproject2/20_ROS/src/Robots/install/ur
[60.985s] DEBUG:colcon.colcon_core.event_handler.log_command:Invoking command in '/home/administrator/Masterproject2/20_ROS/src/Robots/build/ur': AMENT_PREFIX_PATH=/home/administrator/Masterproject2/20_ROS/src/Robots/install/ur_calibration:/home/administrator/Masterproject2/20_ROS/src/Robots/install/ur_robot_driver:/home/administrator/Masterproject2/20_ROS/src/Robots/install/ur_moveit_config:/home/administrator/Masterproject2/20_ROS/src/Robots/install/ur_controllers:/home/administrator/Masterproject2/20_ROS/src/Robots/install/ur_msgs:/home/administrator/Masterproject2/20_ROS/src/Robots/install/ur_description:/home/administrator/Masterproject2/20_ROS/src/Robots/install/ur_dashboard_msgs:/home/administrator/Masterproject2/20_ROS/src/Robots/install/my_ur_msgs:${AMENT_PREFIX_PATH} CMAKE_PREFIX_PATH=/home/administrator/Masterproject2/20_ROS/src/Robots/install/ur_calibration:/home/administrator/Masterproject2/20_ROS/src/Robots/install/ur_robot_driver:/home/administrator/Masterproject2/20_ROS/src/Robots/install/ur_moveit_config:/home/administrator/Masterproject2/20_ROS/src/Robots/install/ur_controllers:/home/administrator/Masterproject2/20_ROS/src/Robots/install/ur_msgs:/home/administrator/Masterproject2/20_ROS/src/Robots/install/ur_description:/home/administrator/Masterproject2/20_ROS/src/Robots/install/ur_dashboard_msgs:/home/administrator/Masterproject2/20_ROS/src/Robots/install/ur_client_library:/home/administrator/Masterproject2/20_ROS/src/Robots/install/my_ur_msgs:/opt/ros/kilted/opt/sdformat_vendor:/opt/ros/kilted/opt/gz_math_vendor:/opt/ros/kilted/opt/gz_utils_vendor:/opt/ros/kilted/opt/gz_tools_vendor:/opt/ros/kilted/opt/gz_cmake_vendor:/opt/ros/kilted DEBUGINFOD_URLS=https://debuginfod.ubuntu.com LD_LIBRARY_PATH=/home/administrator/Masterproject2/20_ROS/src/Robots/install/ur_robot_driver/lib:/home/administrator/Masterproject2/20_ROS/src/Robots/install/ur_controllers/lib:/home/administrator/Masterproject2/20_ROS/src/Robots/install/ur_msgs/lib:/home/administrator/Masterproject2/20_ROS/src/Robots/install/ur_dashboard_msgs/lib:/home/administrator/Masterproject2/20_ROS/src/Robots/install/ur_client_library/lib:/home/administrator/Masterproject2/20_ROS/src/Robots/install/my_ur_msgs/lib:${LD_LIBRARY_PATH} PATH=/home/administrator/Masterproject2/20_ROS/src/Robots/install/ur_robot_driver/bin:${PATH} PKG_CONFIG_PATH=/home/administrator/Masterproject2/20_ROS/src/Robots/install/ur_client_library/lib/x86_64-linux-gnu/pkgconfig:/home/administrator/Masterproject2/20_ROS/src/Robots/install/ur_client_library/lib/pkgconfig PYTHONPATH=/home/administrator/Masterproject2/20_ROS/src/Robots/install/ur_robot_driver/lib/python3.12/site-packages:/home/administrator/Masterproject2/20_ROS/src/Robots/install/ur_msgs/lib/python3.12/site-packages:/home/administrator/Masterproject2/20_ROS/src/Robots/install/ur_dashboard_msgs/lib/python3.12/site-packages:/home/administrator/Masterproject2/20_ROS/src/Robots/install/my_ur_msgs/lib/python3.12/site-packages:${PYTHONPATH} /usr/bin/cmake --build /home/administrator/Masterproject2/20_ROS/src/Robots/build/ur -- -j14 -l14
[61.009s] DEBUG:colcon.colcon_core.event_handler.log_command:Invoked command in '/home/administrator/Masterproject2/20_ROS/src/Robots/build/ur' returned '0': AMENT_PREFIX_PATH=/home/administrator/Masterproject2/20_ROS/src/Robots/install/ur_calibration:/home/administrator/Masterproject2/20_ROS/src/Robots/install/ur_robot_driver:/home/administrator/Masterproject2/20_ROS/src/Robots/install/ur_moveit_config:/home/administrator/Masterproject2/20_ROS/src/Robots/install/ur_controllers:/home/administrator/Masterproject2/20_ROS/src/Robots/install/ur_msgs:/home/administrator/Masterproject2/20_ROS/src/Robots/install/ur_description:/home/administrator/Masterproject2/20_ROS/src/Robots/install/ur_dashboard_msgs:/home/administrator/Masterproject2/20_ROS/src/Robots/install/my_ur_msgs:${AMENT_PREFIX_PATH} CMAKE_PREFIX_PATH=/home/administrator/Masterproject2/20_ROS/src/Robots/install/ur_calibration:/home/administrator/Masterproject2/20_ROS/src/Robots/install/ur_robot_driver:/home/administrator/Masterproject2/20_ROS/src/Robots/install/ur_moveit_config:/home/administrator/Masterproject2/20_ROS/src/Robots/install/ur_controllers:/home/administrator/Masterproject2/20_ROS/src/Robots/install/ur_msgs:/home/administrator/Masterproject2/20_ROS/src/Robots/install/ur_description:/home/administrator/Masterproject2/20_ROS/src/Robots/install/ur_dashboard_msgs:/home/administrator/Masterproject2/20_ROS/src/Robots/install/ur_client_library:/home/administrator/Masterproject2/20_ROS/src/Robots/install/my_ur_msgs:/opt/ros/kilted/opt/sdformat_vendor:/opt/ros/kilted/opt/gz_math_vendor:/opt/ros/kilted/opt/gz_utils_vendor:/opt/ros/kilted/opt/gz_tools_vendor:/opt/ros/kilted/opt/gz_cmake_vendor:/opt/ros/kilted DEBUGINFOD_URLS=https://debuginfod.ubuntu.com LD_LIBRARY_PATH=/home/administrator/Masterproject2/20_ROS/src/Robots/install/ur_robot_driver/lib:/home/administrator/Masterproject2/20_ROS/src/Robots/install/ur_controllers/lib:/home/administrator/Masterproject2/20_ROS/src/Robots/install/ur_msgs/lib:/home/administrator/Masterproject2/20_ROS/src/Robots/install/ur_dashboard_msgs/lib:/home/administrator/Masterproject2/20_ROS/src/Robots/install/ur_client_library/lib:/home/administrator/Masterproject2/20_ROS/src/Robots/install/my_ur_msgs/lib:${LD_LIBRARY_PATH} PATH=/home/administrator/Masterproject2/20_ROS/src/Robots/install/ur_robot_driver/bin:${PATH} PKG_CONFIG_PATH=/home/administrator/Masterproject2/20_ROS/src/Robots/install/ur_client_library/lib/x86_64-linux-gnu/pkgconfig:/home/administrator/Masterproject2/20_ROS/src/Robots/install/ur_client_library/lib/pkgconfig PYTHONPATH=/home/administrator/Masterproject2/20_ROS/src/Robots/install/ur_robot_driver/lib/python3.12/site-packages:/home/administrator/Masterproject2/20_ROS/src/Robots/install/ur_msgs/lib/python3.12/site-packages:/home/administrator/Masterproject2/20_ROS/src/Robots/install/ur_dashboard_msgs/lib/python3.12/site-packages:/home/administrator/Masterproject2/20_ROS/src/Robots/install/my_ur_msgs/lib/python3.12/site-packages:${PYTHONPATH} /usr/bin/cmake --build /home/administrator/Masterproject2/20_ROS/src/Robots/build/ur -- -j14 -l14
[61.010s] DEBUG:colcon.colcon_core.event_handler.log_command:Invoking command in '/home/administrator/Masterproject2/20_ROS/src/Robots/build/ur': AMENT_PREFIX_PATH=/home/administrator/Masterproject2/20_ROS/src/Robots/install/ur_calibration:/home/administrator/Masterproject2/20_ROS/src/Robots/install/ur_robot_driver:/home/administrator/Masterproject2/20_ROS/src/Robots/install/ur_moveit_config:/home/administrator/Masterproject2/20_ROS/src/Robots/install/ur_controllers:/home/administrator/Masterproject2/20_ROS/src/Robots/install/ur_msgs:/home/administrator/Masterproject2/20_ROS/src/Robots/install/ur_description:/home/administrator/Masterproject2/20_ROS/src/Robots/install/ur_dashboard_msgs:/home/administrator/Masterproject2/20_ROS/src/Robots/install/my_ur_msgs:${AMENT_PREFIX_PATH} CMAKE_PREFIX_PATH=/home/administrator/Masterproject2/20_ROS/src/Robots/install/ur_calibration:/home/administrator/Masterproject2/20_ROS/src/Robots/install/ur_robot_driver:/home/administrator/Masterproject2/20_ROS/src/Robots/install/ur_moveit_config:/home/administrator/Masterproject2/20_ROS/src/Robots/install/ur_controllers:/home/administrator/Masterproject2/20_ROS/src/Robots/install/ur_msgs:/home/administrator/Masterproject2/20_ROS/src/Robots/install/ur_description:/home/administrator/Masterproject2/20_ROS/src/Robots/install/ur_dashboard_msgs:/home/administrator/Masterproject2/20_ROS/src/Robots/install/ur_client_library:/home/administrator/Masterproject2/20_ROS/src/Robots/install/my_ur_msgs:/opt/ros/kilted/opt/sdformat_vendor:/opt/ros/kilted/opt/gz_math_vendor:/opt/ros/kilted/opt/gz_utils_vendor:/opt/ros/kilted/opt/gz_tools_vendor:/opt/ros/kilted/opt/gz_cmake_vendor:/opt/ros/kilted DEBUGINFOD_URLS=https://debuginfod.ubuntu.com LD_LIBRARY_PATH=/home/administrator/Masterproject2/20_ROS/src/Robots/install/ur_robot_driver/lib:/home/administrator/Masterproject2/20_ROS/src/Robots/install/ur_controllers/lib:/home/administrator/Masterproject2/20_ROS/src/Robots/install/ur_msgs/lib:/home/administrator/Masterproject2/20_ROS/src/Robots/install/ur_dashboard_msgs/lib:/home/administrator/Masterproject2/20_ROS/src/Robots/install/ur_client_library/lib:/home/administrator/Masterproject2/20_ROS/src/Robots/install/my_ur_msgs/lib:${LD_LIBRARY_PATH} PATH=/home/administrator/Masterproject2/20_ROS/src/Robots/install/ur_robot_driver/bin:${PATH} PKG_CONFIG_PATH=/home/administrator/Masterproject2/20_ROS/src/Robots/install/ur_client_library/lib/x86_64-linux-gnu/pkgconfig:/home/administrator/Masterproject2/20_ROS/src/Robots/install/ur_client_library/lib/pkgconfig PYTHONPATH=/home/administrator/Masterproject2/20_ROS/src/Robots/install/ur_robot_driver/lib/python3.12/site-packages:/home/administrator/Masterproject2/20_ROS/src/Robots/install/ur_msgs/lib/python3.12/site-packages:/home/administrator/Masterproject2/20_ROS/src/Robots/install/ur_dashboard_msgs/lib/python3.12/site-packages:/home/administrator/Masterproject2/20_ROS/src/Robots/install/my_ur_msgs/lib/python3.12/site-packages:${PYTHONPATH} /usr/bin/cmake --install /home/administrator/Masterproject2/20_ROS/src/Robots/build/ur
[61.016s] Level 1:colcon.colcon_core.environment:create_environment_scripts_only(ur)
[61.017s] Level 1:colcon.colcon_core.environment:checking '/home/administrator/Masterproject2/20_ROS/src/Robots/install/ur' for CMake module files
[61.017s] DEBUG:colcon.colcon_core.event_handler.log_command:Invoked command in '/home/administrator/Masterproject2/20_ROS/src/Robots/build/ur' returned '0': AMENT_PREFIX_PATH=/home/administrator/Masterproject2/20_ROS/src/Robots/install/ur_calibration:/home/administrator/Masterproject2/20_ROS/src/Robots/install/ur_robot_driver:/home/administrator/Masterproject2/20_ROS/src/Robots/install/ur_moveit_config:/home/administrator/Masterproject2/20_ROS/src/Robots/install/ur_controllers:/home/administrator/Masterproject2/20_ROS/src/Robots/install/ur_msgs:/home/administrator/Masterproject2/20_ROS/src/Robots/install/ur_description:/home/administrator/Masterproject2/20_ROS/src/Robots/install/ur_dashboard_msgs:/home/administrator/Masterproject2/20_ROS/src/Robots/install/my_ur_msgs:${AMENT_PREFIX_PATH} CMAKE_PREFIX_PATH=/home/administrator/Masterproject2/20_ROS/src/Robots/install/ur_calibration:/home/administrator/Masterproject2/20_ROS/src/Robots/install/ur_robot_driver:/home/administrator/Masterproject2/20_ROS/src/Robots/install/ur_moveit_config:/home/administrator/Masterproject2/20_ROS/src/Robots/install/ur_controllers:/home/administrator/Masterproject2/20_ROS/src/Robots/install/ur_msgs:/home/administrator/Masterproject2/20_ROS/src/Robots/install/ur_description:/home/administrator/Masterproject2/20_ROS/src/Robots/install/ur_dashboard_msgs:/home/administrator/Masterproject2/20_ROS/src/Robots/install/ur_client_library:/home/administrator/Masterproject2/20_ROS/src/Robots/install/my_ur_msgs:/opt/ros/kilted/opt/sdformat_vendor:/opt/ros/kilted/opt/gz_math_vendor:/opt/ros/kilted/opt/gz_utils_vendor:/opt/ros/kilted/opt/gz_tools_vendor:/opt/ros/kilted/opt/gz_cmake_vendor:/opt/ros/kilted DEBUGINFOD_URLS=https://debuginfod.ubuntu.com LD_LIBRARY_PATH=/home/administrator/Masterproject2/20_ROS/src/Robots/install/ur_robot_driver/lib:/home/administrator/Masterproject2/20_ROS/src/Robots/install/ur_controllers/lib:/home/administrator/Masterproject2/20_ROS/src/Robots/install/ur_msgs/lib:/home/administrator/Masterproject2/20_ROS/src/Robots/install/ur_dashboard_msgs/lib:/home/administrator/Masterproject2/20_ROS/src/Robots/install/ur_client_library/lib:/home/administrator/Masterproject2/20_ROS/src/Robots/install/my_ur_msgs/lib:${LD_LIBRARY_PATH} PATH=/home/administrator/Masterproject2/20_ROS/src/Robots/install/ur_robot_driver/bin:${PATH} PKG_CONFIG_PATH=/home/administrator/Masterproject2/20_ROS/src/Robots/install/ur_client_library/lib/x86_64-linux-gnu/pkgconfig:/home/administrator/Masterproject2/20_ROS/src/Robots/install/ur_client_library/lib/pkgconfig PYTHONPATH=/home/administrator/Masterproject2/20_ROS/src/Robots/install/ur_robot_driver/lib/python3.12/site-packages:/home/administrator/Masterproject2/20_ROS/src/Robots/install/ur_msgs/lib/python3.12/site-packages:/home/administrator/Masterproject2/20_ROS/src/Robots/install/ur_dashboard_msgs/lib/python3.12/site-packages:/home/administrator/Masterproject2/20_ROS/src/Robots/install/my_ur_msgs/lib/python3.12/site-packages:${PYTHONPATH} /usr/bin/cmake --install /home/administrator/Masterproject2/20_ROS/src/Robots/build/ur
[61.017s] Level 1:colcon.colcon_core.environment:checking '/home/administrator/Masterproject2/20_ROS/src/Robots/install/ur' for CMake config files
[61.018s] Level 1:colcon.colcon_core.shell:create_environment_hook('ur', 'cmake_prefix_path')
[61.018s] INFO:colcon.colcon_core.shell:Creating environment hook '/home/administrator/Masterproject2/20_ROS/src/Robots/install/ur/share/ur/hook/cmake_prefix_path.ps1'
[61.018s] INFO:colcon.colcon_core.shell:Creating environment descriptor '/home/administrator/Masterproject2/20_ROS/src/Robots/install/ur/share/ur/hook/cmake_prefix_path.dsv'
[61.019s] INFO:colcon.colcon_core.shell:Creating environment hook '/home/administrator/Masterproject2/20_ROS/src/Robots/install/ur/share/ur/hook/cmake_prefix_path.sh'
[61.019s] Level 1:colcon.colcon_core.environment:checking '/home/administrator/Masterproject2/20_ROS/src/Robots/install/ur/bin'
[61.020s] Level 1:colcon.colcon_core.environment:checking '/home/administrator/Masterproject2/20_ROS/src/Robots/install/ur/lib/pkgconfig/ur.pc'
[61.020s] Level 1:colcon.colcon_core.environment:checking '/home/administrator/Masterproject2/20_ROS/src/Robots/install/ur/lib/python3.12/site-packages'
[61.020s] Level 1:colcon.colcon_core.environment:checking '/home/administrator/Masterproject2/20_ROS/src/Robots/install/ur/bin'
[61.021s] INFO:colcon.colcon_core.shell:Creating package script '/home/administrator/Masterproject2/20_ROS/src/Robots/install/ur/share/ur/package.ps1'
[61.021s] INFO:colcon.colcon_core.shell:Creating package descriptor '/home/administrator/Masterproject2/20_ROS/src/Robots/install/ur/share/ur/package.dsv'
[61.022s] INFO:colcon.colcon_core.shell:Creating package script '/home/administrator/Masterproject2/20_ROS/src/Robots/install/ur/share/ur/package.sh'
[61.022s] INFO:colcon.colcon_core.shell:Creating package script '/home/administrator/Masterproject2/20_ROS/src/Robots/install/ur/share/ur/package.bash'
[61.022s] INFO:colcon.colcon_core.shell:Creating package script '/home/administrator/Masterproject2/20_ROS/src/Robots/install/ur/share/ur/package.zsh'
[61.023s] Level 1:colcon.colcon_core.environment:create_file_with_runtime_dependencies(/home/administrator/Masterproject2/20_ROS/src/Robots/install/ur/share/colcon-core/packages/ur)
[61.023s] Level 1:colcon.colcon_core.environment:create_environment_scripts_only(ur)
[61.023s] Level 1:colcon.colcon_core.environment:checking '/home/administrator/Masterproject2/20_ROS/src/Robots/install/ur' for CMake module files
[61.024s] Level 1:colcon.colcon_core.environment:checking '/home/administrator/Masterproject2/20_ROS/src/Robots/install/ur' for CMake config files
[61.024s] Level 1:colcon.colcon_core.shell:create_environment_hook('ur', 'cmake_prefix_path')
[61.024s] INFO:colcon.colcon_core.shell:Creating environment hook '/home/administrator/Masterproject2/20_ROS/src/Robots/install/ur/share/ur/hook/cmake_prefix_path.ps1'
[61.025s] INFO:colcon.colcon_core.shell:Creating environment descriptor '/home/administrator/Masterproject2/20_ROS/src/Robots/install/ur/share/ur/hook/cmake_prefix_path.dsv'
[61.025s] INFO:colcon.colcon_core.shell:Creating environment hook '/home/administrator/Masterproject2/20_ROS/src/Robots/install/ur/share/ur/hook/cmake_prefix_path.sh'
[61.026s] Level 1:colcon.colcon_core.environment:checking '/home/administrator/Masterproject2/20_ROS/src/Robots/install/ur/bin'
[61.026s] Level 1:colcon.colcon_core.environment:checking '/home/administrator/Masterproject2/20_ROS/src/Robots/install/ur/lib/pkgconfig/ur.pc'
[61.026s] Level 1:colcon.colcon_core.environment:checking '/home/administrator/Masterproject2/20_ROS/src/Robots/install/ur/lib/python3.12/site-packages'
[61.026s] Level 1:colcon.colcon_core.environment:checking '/home/administrator/Masterproject2/20_ROS/src/Robots/install/ur/bin'
[61.027s] INFO:colcon.colcon_core.shell:Creating package script '/home/administrator/Masterproject2/20_ROS/src/Robots/install/ur/share/ur/package.ps1'
[61.027s] INFO:colcon.colcon_core.shell:Creating package descriptor '/home/administrator/Masterproject2/20_ROS/src/Robots/install/ur/share/ur/package.dsv'
[61.028s] INFO:colcon.colcon_core.shell:Creating package script '/home/administrator/Masterproject2/20_ROS/src/Robots/install/ur/share/ur/package.sh'
[61.028s] INFO:colcon.colcon_core.shell:Creating package script '/home/administrator/Masterproject2/20_ROS/src/Robots/install/ur/share/ur/package.bash'
[61.028s] INFO:colcon.colcon_core.shell:Creating package script '/home/administrator/Masterproject2/20_ROS/src/Robots/install/ur/share/ur/package.zsh'
[61.029s] Level 1:colcon.colcon_core.environment:create_file_with_runtime_dependencies(/home/administrator/Masterproject2/20_ROS/src/Robots/install/ur/share/colcon-core/packages/ur)
[61.029s] DEBUG:colcon.colcon_parallel_executor.executor.parallel:closing loop
[61.030s] DEBUG:colcon.colcon_parallel_executor.executor.parallel:loop closed
[61.030s] DEBUG:colcon.colcon_parallel_executor.executor.parallel:run_until_complete finished with '0'
[61.030s] DEBUG:colcon.colcon_core.event_reactor:joining thread
[61.040s] INFO:colcon.colcon_core.plugin_system:Skipping extension 'colcon_notification.desktop_notification.terminal_notifier': Not used on non-Darwin systems
[61.040s] INFO:colcon.colcon_core.plugin_system:Skipping extension 'colcon_notification.desktop_notification.win32': Not used on non-Windows systems
[61.040s] INFO:colcon.colcon_notification.desktop_notification:Sending desktop notification using 'notify2'
[61.050s] DEBUG:colcon.colcon_core.event_reactor:joined thread
[61.050s] INFO:colcon.colcon_core.shell:Creating prefix script '/home/administrator/Masterproject2/20_ROS/src/Robots/install/local_setup.ps1'
[61.051s] INFO:colcon.colcon_core.shell:Creating prefix util module '/home/administrator/Masterproject2/20_ROS/src/Robots/install/_local_setup_util_ps1.py'
[61.052s] INFO:colcon.colcon_core.shell:Creating prefix chain script '/home/administrator/Masterproject2/20_ROS/src/Robots/install/setup.ps1'
[61.053s] INFO:colcon.colcon_core.shell:Creating prefix script '/home/administrator/Masterproject2/20_ROS/src/Robots/install/local_setup.sh'
[61.054s] INFO:colcon.colcon_core.shell:Creating prefix util module '/home/administrator/Masterproject2/20_ROS/src/Robots/install/_local_setup_util_sh.py'
[61.054s] INFO:colcon.colcon_core.shell:Creating prefix chain script '/home/administrator/Masterproject2/20_ROS/src/Robots/install/setup.sh'
[61.055s] INFO:colcon.colcon_core.shell:Creating prefix script '/home/administrator/Masterproject2/20_ROS/src/Robots/install/local_setup.bash'
[61.056s] INFO:colcon.colcon_core.shell:Creating prefix chain script '/home/administrator/Masterproject2/20_ROS/src/Robots/install/setup.bash'
[61.057s] INFO:colcon.colcon_core.shell:Creating prefix script '/home/administrator/Masterproject2/20_ROS/src/Robots/install/local_setup.zsh'
[61.057s] INFO:colcon.colcon_core.shell:Creating prefix chain script '/home/administrator/Masterproject2/20_ROS/src/Robots/install/setup.zsh'
