[0.064s] DEBUG:colcon:Command line arguments: ['/usr/bin/colcon', 'build']
[0.064s] DEBUG:colcon:Parsed command line arguments: Namespace(log_base=None, log_level=None, verb_name='build', build_base='build', install_base='install', merge_install=False, symlink_install=False, test_result_base=None, continue_on_error=False, executor='parallel', parallel_workers=14, event_handlers=None, ignore_user_meta=False, metas=['./colcon.meta'], base_paths=['.'], packages_ignore=None, packages_ignore_regex=None, paths=None, packages_up_to=None, packages_up_to_regex=None, packages_above=None, packages_above_and_dependencies=None, packages_above_depth=None, packages_select_by_dep=None, packages_skip_by_dep=None, packages_skip_up_to=None, packages_select_build_failed=False, packages_skip_build_finished=False, packages_select_test_failures=False, packages_skip_test_passed=False, packages_select=None, packages_skip=None, packages_select_regex=None, packages_skip_regex=None, packages_start=None, packages_end=None, allow_overriding=[], cmake_args=None, cmake_target=None, cmake_target_skip_unavailable=False, cmake_clean_cache=False, cmake_clean_first=False, cmake_force_configure=False, ament_cmake_args=None, catkin_cmake_args=None, catkin_skip_building_tests=False, mixin_files=None, mixin=None, verb_parser=<colcon_mixin.mixin.mixin_argument.MixinArgumentDecorator object at 0x734be4388590>, verb_extension=<colcon_core.verb.build.BuildVerb object at 0x734be4388320>, main=<bound method BuildVerb.main of <colcon_core.verb.build.BuildVerb object at 0x734be4388320>>, mixin_verb=('build',))
[0.083s] Level 1:colcon.colcon_core.package_discovery:discover_packages(colcon_meta) check parameters
[0.083s] Level 1:colcon.colcon_core.package_discovery:discover_packages(recursive) check parameters
[0.083s] Level 1:colcon.colcon_core.package_discovery:discover_packages(ignore) check parameters
[0.083s] Level 1:colcon.colcon_core.package_discovery:discover_packages(path) check parameters
[0.083s] Level 1:colcon.colcon_core.package_discovery:discover_packages(colcon_meta) discover
[0.083s] Level 1:colcon.colcon_core.package_discovery:discover_packages(recursive) discover
[0.083s] INFO:colcon.colcon_core.package_discovery:Crawling recursively for packages in '/home/administrator/Masterproject2/20_ROS/src/Robots'
[0.083s] Level 1:colcon.colcon_core.package_identification:_identify(.) by extensions ['ignore', 'ignore_ament_install']
[0.083s] Level 1:colcon.colcon_core.package_identification:_identify(.) by extension 'ignore'
[0.083s] Level 1:colcon.colcon_core.package_identification:_identify(.) by extension 'ignore_ament_install'
[0.083s] Level 1:colcon.colcon_core.package_identification:_identify(.) by extensions ['colcon_pkg']
[0.084s] Level 1:colcon.colcon_core.package_identification:_identify(.) by extension 'colcon_pkg'
[0.084s] Level 1:colcon.colcon_core.package_identification:_identify(.) by extensions ['colcon_meta']
[0.084s] Level 1:colcon.colcon_core.package_identification:_identify(.) by extension 'colcon_meta'
[0.084s] Level 1:colcon.colcon_core.package_identification:_identify(.) by extensions ['ros']
[0.084s] Level 1:colcon.colcon_core.package_identification:_identify(.) by extension 'ros'
[0.097s] Level 1:colcon.colcon_core.package_identification:_identify(.) by extensions ['cmake', 'python']
[0.097s] Level 1:colcon.colcon_core.package_identification:_identify(.) by extension 'cmake'
[0.097s] Level 1:colcon.colcon_core.package_identification:_identify(.) by extension 'python'
[0.097s] Level 1:colcon.colcon_core.package_identification:_identify(.) by extensions ['python_setup_py']
[0.097s] Level 1:colcon.colcon_core.package_identification:_identify(.) by extension 'python_setup_py'
[0.097s] Level 1:colcon.colcon_core.package_identification:_identify(MIR) by extensions ['ignore', 'ignore_ament_install']
[0.098s] Level 1:colcon.colcon_core.package_identification:_identify(MIR) by extension 'ignore'
[0.098s] Level 1:colcon.colcon_core.package_identification:_identify(MIR) by extension 'ignore_ament_install'
[0.098s] Level 1:colcon.colcon_core.package_identification:_identify(MIR) by extensions ['colcon_pkg']
[0.098s] Level 1:colcon.colcon_core.package_identification:_identify(MIR) by extension 'colcon_pkg'
[0.098s] Level 1:colcon.colcon_core.package_identification:_identify(MIR) by extensions ['colcon_meta']
[0.098s] Level 1:colcon.colcon_core.package_identification:_identify(MIR) by extension 'colcon_meta'
[0.098s] Level 1:colcon.colcon_core.package_identification:_identify(MIR) by extensions ['ros']
[0.098s] Level 1:colcon.colcon_core.package_identification:_identify(MIR) by extension 'ros'
[0.098s] Level 1:colcon.colcon_core.package_identification:_identify(MIR) by extensions ['cmake', 'python']
[0.098s] Level 1:colcon.colcon_core.package_identification:_identify(MIR) by extension 'cmake'
[0.098s] Level 1:colcon.colcon_core.package_identification:_identify(MIR) by extension 'python'
[0.098s] Level 1:colcon.colcon_core.package_identification:_identify(MIR) by extensions ['python_setup_py']
[0.098s] Level 1:colcon.colcon_core.package_identification:_identify(MIR) by extension 'python_setup_py'
[0.098s] Level 1:colcon.colcon_core.package_identification:_identify(MIR/mir_actions) by extensions ['ignore', 'ignore_ament_install']
[0.098s] Level 1:colcon.colcon_core.package_identification:_identify(MIR/mir_actions) by extension 'ignore'
[0.098s] Level 1:colcon.colcon_core.package_identification:_identify(MIR/mir_actions) by extension 'ignore_ament_install'
[0.098s] Level 1:colcon.colcon_core.package_identification:_identify(MIR/mir_actions) by extensions ['colcon_pkg']
[0.098s] Level 1:colcon.colcon_core.package_identification:_identify(MIR/mir_actions) by extension 'colcon_pkg'
[0.098s] Level 1:colcon.colcon_core.package_identification:_identify(MIR/mir_actions) by extensions ['colcon_meta']
[0.098s] Level 1:colcon.colcon_core.package_identification:_identify(MIR/mir_actions) by extension 'colcon_meta'
[0.098s] Level 1:colcon.colcon_core.package_identification:_identify(MIR/mir_actions) by extensions ['ros']
[0.098s] Level 1:colcon.colcon_core.package_identification:_identify(MIR/mir_actions) by extension 'ros'
[0.100s] DEBUG:colcon.colcon_core.package_identification:Package 'MIR/mir_actions' with type 'ros.ament_cmake' and name 'mir_actions'
[0.100s] Level 1:colcon.colcon_core.package_identification:_identify(MIR/mir_description) by extensions ['ignore', 'ignore_ament_install']
[0.100s] Level 1:colcon.colcon_core.package_identification:_identify(MIR/mir_description) by extension 'ignore'
[0.100s] Level 1:colcon.colcon_core.package_identification:_identify(MIR/mir_description) by extension 'ignore_ament_install'
[0.100s] Level 1:colcon.colcon_core.package_identification:_identify(MIR/mir_description) by extensions ['colcon_pkg']
[0.100s] Level 1:colcon.colcon_core.package_identification:_identify(MIR/mir_description) by extension 'colcon_pkg'
[0.100s] Level 1:colcon.colcon_core.package_identification:_identify(MIR/mir_description) by extensions ['colcon_meta']
[0.100s] Level 1:colcon.colcon_core.package_identification:_identify(MIR/mir_description) by extension 'colcon_meta'
[0.100s] Level 1:colcon.colcon_core.package_identification:_identify(MIR/mir_description) by extensions ['ros']
[0.100s] Level 1:colcon.colcon_core.package_identification:_identify(MIR/mir_description) by extension 'ros'
[0.100s] DEBUG:colcon.colcon_core.package_identification:Package 'MIR/mir_description' with type 'ros.ament_cmake' and name 'mir_description'
[0.100s] Level 1:colcon.colcon_core.package_identification:_identify(MIR/mir_driver) by extensions ['ignore', 'ignore_ament_install']
[0.100s] Level 1:colcon.colcon_core.package_identification:_identify(MIR/mir_driver) by extension 'ignore'
[0.100s] Level 1:colcon.colcon_core.package_identification:_identify(MIR/mir_driver) by extension 'ignore_ament_install'
[0.100s] Level 1:colcon.colcon_core.package_identification:_identify(MIR/mir_driver) by extensions ['colcon_pkg']
[0.100s] Level 1:colcon.colcon_core.package_identification:_identify(MIR/mir_driver) by extension 'colcon_pkg'
[0.100s] Level 1:colcon.colcon_core.package_identification:_identify(MIR/mir_driver) by extensions ['colcon_meta']
[0.100s] Level 1:colcon.colcon_core.package_identification:_identify(MIR/mir_driver) by extension 'colcon_meta'
[0.100s] Level 1:colcon.colcon_core.package_identification:_identify(MIR/mir_driver) by extensions ['ros']
[0.100s] Level 1:colcon.colcon_core.package_identification:_identify(MIR/mir_driver) by extension 'ros'
[0.101s] DEBUG:colcon.colcon_core.package_identification:Package 'MIR/mir_driver' with type 'ros.ament_cmake' and name 'mir_driver'
[0.101s] Level 1:colcon.colcon_core.package_identification:_identify(MIR/mir_dwb_critics) by extensions ['ignore', 'ignore_ament_install']
[0.101s] Level 1:colcon.colcon_core.package_identification:_identify(MIR/mir_dwb_critics) by extension 'ignore'
[0.101s] Level 1:colcon.colcon_core.package_identification:_identify(MIR/mir_dwb_critics) by extension 'ignore_ament_install'
[0.101s] Level 1:colcon.colcon_core.package_identification:_identify(MIR/mir_dwb_critics) by extensions ['colcon_pkg']
[0.101s] Level 1:colcon.colcon_core.package_identification:_identify(MIR/mir_dwb_critics) by extension 'colcon_pkg'
[0.101s] Level 1:colcon.colcon_core.package_identification:_identify(MIR/mir_dwb_critics) by extensions ['colcon_meta']
[0.101s] Level 1:colcon.colcon_core.package_identification:_identify(MIR/mir_dwb_critics) by extension 'colcon_meta'
[0.101s] Level 1:colcon.colcon_core.package_identification:_identify(MIR/mir_dwb_critics) by extensions ['ros']
[0.101s] Level 1:colcon.colcon_core.package_identification:_identify(MIR/mir_dwb_critics) by extension 'ros'
[0.102s] DEBUG:colcon.colcon_core.package_identification:Package 'MIR/mir_dwb_critics' with type 'ros.ament_cmake' and name 'mir_dwb_critics'
[0.102s] Level 1:colcon.colcon_core.package_identification:_identify(MIR/mir_gazebo) by extensions ['ignore', 'ignore_ament_install']
[0.102s] Level 1:colcon.colcon_core.package_identification:_identify(MIR/mir_gazebo) by extension 'ignore'
[0.102s] Level 1:colcon.colcon_core.package_identification:_identify(MIR/mir_gazebo) by extension 'ignore_ament_install'
[0.102s] Level 1:colcon.colcon_core.package_identification:_identify(MIR/mir_gazebo) by extensions ['colcon_pkg']
[0.102s] Level 1:colcon.colcon_core.package_identification:_identify(MIR/mir_gazebo) by extension 'colcon_pkg'
[0.102s] Level 1:colcon.colcon_core.package_identification:_identify(MIR/mir_gazebo) by extensions ['colcon_meta']
[0.102s] Level 1:colcon.colcon_core.package_identification:_identify(MIR/mir_gazebo) by extension 'colcon_meta'
[0.102s] Level 1:colcon.colcon_core.package_identification:_identify(MIR/mir_gazebo) by extensions ['ros']
[0.102s] Level 1:colcon.colcon_core.package_identification:_identify(MIR/mir_gazebo) by extension 'ros'
[0.102s] DEBUG:colcon.colcon_core.package_identification:Package 'MIR/mir_gazebo' with type 'ros.ament_cmake' and name 'mir_gazebo'
[0.102s] Level 1:colcon.colcon_core.package_identification:_identify(MIR/mir_msgs) by extensions ['ignore', 'ignore_ament_install']
[0.102s] Level 1:colcon.colcon_core.package_identification:_identify(MIR/mir_msgs) by extension 'ignore'
[0.102s] Level 1:colcon.colcon_core.package_identification:_identify(MIR/mir_msgs) by extension 'ignore_ament_install'
[0.102s] Level 1:colcon.colcon_core.package_identification:_identify(MIR/mir_msgs) by extensions ['colcon_pkg']
[0.102s] Level 1:colcon.colcon_core.package_identification:_identify(MIR/mir_msgs) by extension 'colcon_pkg'
[0.102s] Level 1:colcon.colcon_core.package_identification:_identify(MIR/mir_msgs) by extensions ['colcon_meta']
[0.102s] Level 1:colcon.colcon_core.package_identification:_identify(MIR/mir_msgs) by extension 'colcon_meta'
[0.102s] Level 1:colcon.colcon_core.package_identification:_identify(MIR/mir_msgs) by extensions ['ros']
[0.102s] Level 1:colcon.colcon_core.package_identification:_identify(MIR/mir_msgs) by extension 'ros'
[0.103s] DEBUG:colcon.colcon_core.package_identification:Package 'MIR/mir_msgs' with type 'ros.ament_cmake' and name 'mir_msgs'
[0.103s] Level 1:colcon.colcon_core.package_identification:_identify(MIR/mir_navigation) by extensions ['ignore', 'ignore_ament_install']
[0.103s] Level 1:colcon.colcon_core.package_identification:_identify(MIR/mir_navigation) by extension 'ignore'
[0.103s] Level 1:colcon.colcon_core.package_identification:_identify(MIR/mir_navigation) by extension 'ignore_ament_install'
[0.103s] Level 1:colcon.colcon_core.package_identification:_identify(MIR/mir_navigation) by extensions ['colcon_pkg']
[0.103s] Level 1:colcon.colcon_core.package_identification:_identify(MIR/mir_navigation) by extension 'colcon_pkg'
[0.103s] Level 1:colcon.colcon_core.package_identification:_identify(MIR/mir_navigation) by extensions ['colcon_meta']
[0.103s] Level 1:colcon.colcon_core.package_identification:_identify(MIR/mir_navigation) by extension 'colcon_meta'
[0.103s] Level 1:colcon.colcon_core.package_identification:_identify(MIR/mir_navigation) by extensions ['ros']
[0.103s] Level 1:colcon.colcon_core.package_identification:_identify(MIR/mir_navigation) by extension 'ros'
[0.103s] DEBUG:colcon.colcon_core.package_identification:Package 'MIR/mir_navigation' with type 'ros.ament_cmake' and name 'mir_navigation'
[0.103s] Level 1:colcon.colcon_core.package_identification:_identify(MIR/mir_robot) by extensions ['ignore', 'ignore_ament_install']
[0.103s] Level 1:colcon.colcon_core.package_identification:_identify(MIR/mir_robot) by extension 'ignore'
[0.103s] Level 1:colcon.colcon_core.package_identification:_identify(MIR/mir_robot) by extension 'ignore_ament_install'
[0.103s] Level 1:colcon.colcon_core.package_identification:_identify(MIR/mir_robot) by extensions ['colcon_pkg']
[0.103s] Level 1:colcon.colcon_core.package_identification:_identify(MIR/mir_robot) by extension 'colcon_pkg'
[0.103s] Level 1:colcon.colcon_core.package_identification:_identify(MIR/mir_robot) by extensions ['colcon_meta']
[0.103s] Level 1:colcon.colcon_core.package_identification:_identify(MIR/mir_robot) by extension 'colcon_meta'
[0.103s] Level 1:colcon.colcon_core.package_identification:_identify(MIR/mir_robot) by extensions ['ros']
[0.103s] Level 1:colcon.colcon_core.package_identification:_identify(MIR/mir_robot) by extension 'ros'
[0.104s] DEBUG:colcon.colcon_core.package_identification:Package 'MIR/mir_robot' with type 'ros.ament_cmake' and name 'mir_robot'
[0.104s] Level 1:colcon.colcon_core.package_identification:_identify(MIR/sdc21x0) by extensions ['ignore', 'ignore_ament_install']
[0.104s] Level 1:colcon.colcon_core.package_identification:_identify(MIR/sdc21x0) by extension 'ignore'
[0.104s] Level 1:colcon.colcon_core.package_identification:_identify(MIR/sdc21x0) by extension 'ignore_ament_install'
[0.104s] Level 1:colcon.colcon_core.package_identification:_identify(MIR/sdc21x0) by extensions ['colcon_pkg']
[0.104s] Level 1:colcon.colcon_core.package_identification:_identify(MIR/sdc21x0) by extension 'colcon_pkg'
[0.104s] Level 1:colcon.colcon_core.package_identification:_identify(MIR/sdc21x0) by extensions ['colcon_meta']
[0.104s] Level 1:colcon.colcon_core.package_identification:_identify(MIR/sdc21x0) by extension 'colcon_meta'
[0.104s] Level 1:colcon.colcon_core.package_identification:_identify(MIR/sdc21x0) by extensions ['ros']
[0.104s] Level 1:colcon.colcon_core.package_identification:_identify(MIR/sdc21x0) by extension 'ros'
[0.104s] DEBUG:colcon.colcon_core.package_identification:Package 'MIR/sdc21x0' with type 'ros.ament_cmake' and name 'sdc21x0'
[0.104s] Level 1:colcon.colcon_core.package_identification:_identify(Mecademic) by extensions ['ignore', 'ignore_ament_install']
[0.104s] Level 1:colcon.colcon_core.package_identification:_identify(Mecademic) by extension 'ignore'
[0.104s] Level 1:colcon.colcon_core.package_identification:_identify(Mecademic) by extension 'ignore_ament_install'
[0.104s] Level 1:colcon.colcon_core.package_identification:_identify(Mecademic) by extensions ['colcon_pkg']
[0.104s] Level 1:colcon.colcon_core.package_identification:_identify(Mecademic) by extension 'colcon_pkg'
[0.104s] Level 1:colcon.colcon_core.package_identification:_identify(Mecademic) by extensions ['colcon_meta']
[0.104s] Level 1:colcon.colcon_core.package_identification:_identify(Mecademic) by extension 'colcon_meta'
[0.104s] Level 1:colcon.colcon_core.package_identification:_identify(Mecademic) by extensions ['ros']
[0.104s] Level 1:colcon.colcon_core.package_identification:_identify(Mecademic) by extension 'ros'
[0.104s] Level 1:colcon.colcon_core.package_identification:_identify(Mecademic) by extensions ['cmake', 'python']
[0.104s] Level 1:colcon.colcon_core.package_identification:_identify(Mecademic) by extension 'cmake'
[0.104s] Level 1:colcon.colcon_core.package_identification:_identify(Mecademic) by extension 'python'
[0.104s] Level 1:colcon.colcon_core.package_identification:_identify(Mecademic) by extensions ['python_setup_py']
[0.104s] Level 1:colcon.colcon_core.package_identification:_identify(Mecademic) by extension 'python_setup_py'
[0.104s] Level 1:colcon.colcon_core.package_identification:_identify(Mecademic/meca500_bringup) by extensions ['ignore', 'ignore_ament_install']
[0.104s] Level 1:colcon.colcon_core.package_identification:_identify(Mecademic/meca500_bringup) by extension 'ignore'
[0.105s] Level 1:colcon.colcon_core.package_identification:_identify(Mecademic/meca500_bringup) by extension 'ignore_ament_install'
[0.105s] Level 1:colcon.colcon_core.package_identification:_identify(Mecademic/meca500_bringup) by extensions ['colcon_pkg']
[0.105s] Level 1:colcon.colcon_core.package_identification:_identify(Mecademic/meca500_bringup) by extension 'colcon_pkg'
[0.105s] Level 1:colcon.colcon_core.package_identification:_identify(Mecademic/meca500_bringup) by extensions ['colcon_meta']
[0.105s] Level 1:colcon.colcon_core.package_identification:_identify(Mecademic/meca500_bringup) by extension 'colcon_meta'
[0.105s] Level 1:colcon.colcon_core.package_identification:_identify(Mecademic/meca500_bringup) by extensions ['ros']
[0.105s] Level 1:colcon.colcon_core.package_identification:_identify(Mecademic/meca500_bringup) by extension 'ros'
[0.105s] DEBUG:colcon.colcon_core.package_identification:Package 'Mecademic/meca500_bringup' with type 'ros.ament_cmake' and name 'meca500_bringup'
[0.105s] Level 1:colcon.colcon_core.package_identification:_identify(Mecademic/meca500_description) by extensions ['ignore', 'ignore_ament_install']
[0.105s] Level 1:colcon.colcon_core.package_identification:_identify(Mecademic/meca500_description) by extension 'ignore'
[0.105s] Level 1:colcon.colcon_core.package_identification:_identify(Mecademic/meca500_description) by extension 'ignore_ament_install'
[0.105s] Level 1:colcon.colcon_core.package_identification:_identify(Mecademic/meca500_description) by extensions ['colcon_pkg']
[0.105s] Level 1:colcon.colcon_core.package_identification:_identify(Mecademic/meca500_description) by extension 'colcon_pkg'
[0.105s] Level 1:colcon.colcon_core.package_identification:_identify(Mecademic/meca500_description) by extensions ['colcon_meta']
[0.105s] Level 1:colcon.colcon_core.package_identification:_identify(Mecademic/meca500_description) by extension 'colcon_meta'
[0.105s] Level 1:colcon.colcon_core.package_identification:_identify(Mecademic/meca500_description) by extensions ['ros']
[0.105s] Level 1:colcon.colcon_core.package_identification:_identify(Mecademic/meca500_description) by extension 'ros'
[0.105s] DEBUG:colcon.colcon_core.package_identification:Package 'Mecademic/meca500_description' with type 'ros.ament_cmake' and name 'meca500_description'
[0.105s] Level 1:colcon.colcon_core.package_identification:_identify(Mecademic/meca500_hardware) by extensions ['ignore', 'ignore_ament_install']
[0.105s] Level 1:colcon.colcon_core.package_identification:_identify(Mecademic/meca500_hardware) by extension 'ignore'
[0.106s] Level 1:colcon.colcon_core.package_identification:_identify(Mecademic/meca500_hardware) by extension 'ignore_ament_install'
[0.106s] Level 1:colcon.colcon_core.package_identification:_identify(Mecademic/meca500_hardware) by extensions ['colcon_pkg']
[0.106s] Level 1:colcon.colcon_core.package_identification:_identify(Mecademic/meca500_hardware) by extension 'colcon_pkg'
[0.106s] Level 1:colcon.colcon_core.package_identification:_identify(Mecademic/meca500_hardware) by extensions ['colcon_meta']
[0.106s] Level 1:colcon.colcon_core.package_identification:_identify(Mecademic/meca500_hardware) by extension 'colcon_meta'
[0.106s] Level 1:colcon.colcon_core.package_identification:_identify(Mecademic/meca500_hardware) by extensions ['ros']
[0.106s] Level 1:colcon.colcon_core.package_identification:_identify(Mecademic/meca500_hardware) by extension 'ros'
[0.106s] DEBUG:colcon.colcon_core.package_identification:Package 'Mecademic/meca500_hardware' with type 'ros.ament_cmake' and name 'meca500_hardware'
[0.106s] Level 1:colcon.colcon_core.package_identification:_identify(Mecademic/meca500_moveit_config) by extensions ['ignore', 'ignore_ament_install']
[0.106s] Level 1:colcon.colcon_core.package_identification:_identify(Mecademic/meca500_moveit_config) by extension 'ignore'
[0.106s] Level 1:colcon.colcon_core.package_identification:_identify(Mecademic/meca500_moveit_config) by extension 'ignore_ament_install'
[0.106s] Level 1:colcon.colcon_core.package_identification:_identify(Mecademic/meca500_moveit_config) by extensions ['colcon_pkg']
[0.106s] Level 1:colcon.colcon_core.package_identification:_identify(Mecademic/meca500_moveit_config) by extension 'colcon_pkg'
[0.106s] Level 1:colcon.colcon_core.package_identification:_identify(Mecademic/meca500_moveit_config) by extensions ['colcon_meta']
[0.106s] Level 1:colcon.colcon_core.package_identification:_identify(Mecademic/meca500_moveit_config) by extension 'colcon_meta'
[0.106s] Level 1:colcon.colcon_core.package_identification:_identify(Mecademic/meca500_moveit_config) by extensions ['ros']
[0.106s] Level 1:colcon.colcon_core.package_identification:_identify(Mecademic/meca500_moveit_config) by extension 'ros'
[0.106s] DEBUG:colcon.colcon_core.package_identification:Package 'Mecademic/meca500_moveit_config' with type 'ros.ament_cmake' and name 'meca500_moveit_config'
[0.106s] Level 1:colcon.colcon_core.package_identification:_identify(Omron_AMR) by extensions ['ignore', 'ignore_ament_install']
[0.106s] Level 1:colcon.colcon_core.package_identification:_identify(Omron_AMR) by extension 'ignore'
[0.106s] Level 1:colcon.colcon_core.package_identification:_identify(Omron_AMR) by extension 'ignore_ament_install'
[0.106s] Level 1:colcon.colcon_core.package_identification:_identify(Omron_AMR) by extensions ['colcon_pkg']
[0.106s] Level 1:colcon.colcon_core.package_identification:_identify(Omron_AMR) by extension 'colcon_pkg'
[0.106s] Level 1:colcon.colcon_core.package_identification:_identify(Omron_AMR) by extensions ['colcon_meta']
[0.106s] Level 1:colcon.colcon_core.package_identification:_identify(Omron_AMR) by extension 'colcon_meta'
[0.106s] Level 1:colcon.colcon_core.package_identification:_identify(Omron_AMR) by extensions ['ros']
[0.106s] Level 1:colcon.colcon_core.package_identification:_identify(Omron_AMR) by extension 'ros'
[0.107s] Level 1:colcon.colcon_core.package_identification:_identify(Omron_AMR) by extensions ['cmake', 'python']
[0.107s] Level 1:colcon.colcon_core.package_identification:_identify(Omron_AMR) by extension 'cmake'
[0.107s] Level 1:colcon.colcon_core.package_identification:_identify(Omron_AMR) by extension 'python'
[0.107s] Level 1:colcon.colcon_core.package_identification:_identify(Omron_AMR) by extensions ['python_setup_py']
[0.107s] Level 1:colcon.colcon_core.package_identification:_identify(Omron_AMR) by extension 'python_setup_py'
[0.107s] Level 1:colcon.colcon_core.package_identification:_identify(Omron_AMR/build) by extensions ['ignore', 'ignore_ament_install']
[0.107s] Level 1:colcon.colcon_core.package_identification:_identify(Omron_AMR/build) by extension 'ignore'
[0.107s] Level 1:colcon.colcon_core.package_identification:_identify(Omron_AMR/build) ignored
[0.107s] Level 1:colcon.colcon_core.package_identification:_identify(Omron_AMR/docs) by extensions ['ignore', 'ignore_ament_install']
[0.107s] Level 1:colcon.colcon_core.package_identification:_identify(Omron_AMR/docs) by extension 'ignore'
[0.107s] Level 1:colcon.colcon_core.package_identification:_identify(Omron_AMR/docs) by extension 'ignore_ament_install'
[0.107s] Level 1:colcon.colcon_core.package_identification:_identify(Omron_AMR/docs) by extensions ['colcon_pkg']
[0.107s] Level 1:colcon.colcon_core.package_identification:_identify(Omron_AMR/docs) by extension 'colcon_pkg'
[0.107s] Level 1:colcon.colcon_core.package_identification:_identify(Omron_AMR/docs) by extensions ['colcon_meta']
[0.107s] Level 1:colcon.colcon_core.package_identification:_identify(Omron_AMR/docs) by extension 'colcon_meta'
[0.107s] Level 1:colcon.colcon_core.package_identification:_identify(Omron_AMR/docs) by extensions ['ros']
[0.107s] Level 1:colcon.colcon_core.package_identification:_identify(Omron_AMR/docs) by extension 'ros'
[0.107s] Level 1:colcon.colcon_core.package_identification:_identify(Omron_AMR/docs) by extensions ['cmake', 'python']
[0.107s] Level 1:colcon.colcon_core.package_identification:_identify(Omron_AMR/docs) by extension 'cmake'
[0.107s] Level 1:colcon.colcon_core.package_identification:_identify(Omron_AMR/docs) by extension 'python'
[0.107s] Level 1:colcon.colcon_core.package_identification:_identify(Omron_AMR/docs) by extensions ['python_setup_py']
[0.107s] Level 1:colcon.colcon_core.package_identification:_identify(Omron_AMR/docs) by extension 'python_setup_py'
[0.107s] Level 1:colcon.colcon_core.package_identification:_identify(Omron_AMR/docs/dg-images) by extensions ['ignore', 'ignore_ament_install']
[0.107s] Level 1:colcon.colcon_core.package_identification:_identify(Omron_AMR/docs/dg-images) by extension 'ignore'
[0.107s] Level 1:colcon.colcon_core.package_identification:_identify(Omron_AMR/docs/dg-images) by extension 'ignore_ament_install'
[0.107s] Level 1:colcon.colcon_core.package_identification:_identify(Omron_AMR/docs/dg-images) by extensions ['colcon_pkg']
[0.107s] Level 1:colcon.colcon_core.package_identification:_identify(Omron_AMR/docs/dg-images) by extension 'colcon_pkg'
[0.107s] Level 1:colcon.colcon_core.package_identification:_identify(Omron_AMR/docs/dg-images) by extensions ['colcon_meta']
[0.107s] Level 1:colcon.colcon_core.package_identification:_identify(Omron_AMR/docs/dg-images) by extension 'colcon_meta'
[0.107s] Level 1:colcon.colcon_core.package_identification:_identify(Omron_AMR/docs/dg-images) by extensions ['ros']
[0.107s] Level 1:colcon.colcon_core.package_identification:_identify(Omron_AMR/docs/dg-images) by extension 'ros'
[0.107s] Level 1:colcon.colcon_core.package_identification:_identify(Omron_AMR/docs/dg-images) by extensions ['cmake', 'python']
[0.107s] Level 1:colcon.colcon_core.package_identification:_identify(Omron_AMR/docs/dg-images) by extension 'cmake'
[0.107s] Level 1:colcon.colcon_core.package_identification:_identify(Omron_AMR/docs/dg-images) by extension 'python'
[0.107s] Level 1:colcon.colcon_core.package_identification:_identify(Omron_AMR/docs/dg-images) by extensions ['python_setup_py']
[0.107s] Level 1:colcon.colcon_core.package_identification:_identify(Omron_AMR/docs/dg-images) by extension 'python_setup_py'
[0.107s] Level 1:colcon.colcon_core.package_identification:_identify(Omron_AMR/install) by extensions ['ignore', 'ignore_ament_install']
[0.107s] Level 1:colcon.colcon_core.package_identification:_identify(Omron_AMR/install) by extension 'ignore'
[0.107s] Level 1:colcon.colcon_core.package_identification:_identify(Omron_AMR/install) ignored
[0.107s] Level 1:colcon.colcon_core.package_identification:_identify(Omron_AMR/log) by extensions ['ignore', 'ignore_ament_install']
[0.108s] Level 1:colcon.colcon_core.package_identification:_identify(Omron_AMR/log) by extension 'ignore'
[0.108s] Level 1:colcon.colcon_core.package_identification:_identify(Omron_AMR/log) ignored
[0.108s] Level 1:colcon.colcon_core.package_identification:_identify(Omron_AMR/src) by extensions ['ignore', 'ignore_ament_install']
[0.108s] Level 1:colcon.colcon_core.package_identification:_identify(Omron_AMR/src) by extension 'ignore'
[0.108s] Level 1:colcon.colcon_core.package_identification:_identify(Omron_AMR/src) by extension 'ignore_ament_install'
[0.108s] Level 1:colcon.colcon_core.package_identification:_identify(Omron_AMR/src) by extensions ['colcon_pkg']
[0.108s] Level 1:colcon.colcon_core.package_identification:_identify(Omron_AMR/src) by extension 'colcon_pkg'
[0.108s] Level 1:colcon.colcon_core.package_identification:_identify(Omron_AMR/src) by extensions ['colcon_meta']
[0.108s] Level 1:colcon.colcon_core.package_identification:_identify(Omron_AMR/src) by extension 'colcon_meta'
[0.108s] Level 1:colcon.colcon_core.package_identification:_identify(Omron_AMR/src) by extensions ['ros']
[0.108s] Level 1:colcon.colcon_core.package_identification:_identify(Omron_AMR/src) by extension 'ros'
[0.108s] Level 1:colcon.colcon_core.package_identification:_identify(Omron_AMR/src) by extensions ['cmake', 'python']
[0.108s] Level 1:colcon.colcon_core.package_identification:_identify(Omron_AMR/src) by extension 'cmake'
[0.108s] Level 1:colcon.colcon_core.package_identification:_identify(Omron_AMR/src) by extension 'python'
[0.108s] Level 1:colcon.colcon_core.package_identification:_identify(Omron_AMR/src) by extensions ['python_setup_py']
[0.108s] Level 1:colcon.colcon_core.package_identification:_identify(Omron_AMR/src) by extension 'python_setup_py'
[0.108s] Level 1:colcon.colcon_core.package_identification:_identify(Omron_AMR/src/amr_visualisation) by extensions ['ignore', 'ignore_ament_install']
[0.108s] Level 1:colcon.colcon_core.package_identification:_identify(Omron_AMR/src/amr_visualisation) by extension 'ignore'
[0.108s] Level 1:colcon.colcon_core.package_identification:_identify(Omron_AMR/src/amr_visualisation) by extension 'ignore_ament_install'
[0.108s] Level 1:colcon.colcon_core.package_identification:_identify(Omron_AMR/src/amr_visualisation) by extensions ['colcon_pkg']
[0.108s] Level 1:colcon.colcon_core.package_identification:_identify(Omron_AMR/src/amr_visualisation) by extension 'colcon_pkg'
[0.108s] Level 1:colcon.colcon_core.package_identification:_identify(Omron_AMR/src/amr_visualisation) by extensions ['colcon_meta']
[0.108s] Level 1:colcon.colcon_core.package_identification:_identify(Omron_AMR/src/amr_visualisation) by extension 'colcon_meta'
[0.108s] Level 1:colcon.colcon_core.package_identification:_identify(Omron_AMR/src/amr_visualisation) by extensions ['ros']
[0.108s] Level 1:colcon.colcon_core.package_identification:_identify(Omron_AMR/src/amr_visualisation) by extension 'ros'
[0.108s] DEBUG:colcon.colcon_core.package_identification:Package 'Omron_AMR/src/amr_visualisation' with type 'ros.ament_cmake' and name 'amr_visualisation'
[0.108s] Level 1:colcon.colcon_core.package_identification:_identify(Omron_AMR/src/demo) by extensions ['ignore', 'ignore_ament_install']
[0.108s] Level 1:colcon.colcon_core.package_identification:_identify(Omron_AMR/src/demo) by extension 'ignore'
[0.108s] Level 1:colcon.colcon_core.package_identification:_identify(Omron_AMR/src/demo) by extension 'ignore_ament_install'
[0.108s] Level 1:colcon.colcon_core.package_identification:_identify(Omron_AMR/src/demo) by extensions ['colcon_pkg']
[0.108s] Level 1:colcon.colcon_core.package_identification:_identify(Omron_AMR/src/demo) by extension 'colcon_pkg'
[0.108s] Level 1:colcon.colcon_core.package_identification:_identify(Omron_AMR/src/demo) by extensions ['colcon_meta']
[0.109s] Level 1:colcon.colcon_core.package_identification:_identify(Omron_AMR/src/demo) by extension 'colcon_meta'
[0.109s] Level 1:colcon.colcon_core.package_identification:_identify(Omron_AMR/src/demo) by extensions ['ros']
[0.109s] Level 1:colcon.colcon_core.package_identification:_identify(Omron_AMR/src/demo) by extension 'ros'
[0.109s] DEBUG:colcon.colcon_core.package_identification:Package 'Omron_AMR/src/demo' with type 'ros.ament_cmake' and name 'demo'
[0.109s] Level 1:colcon.colcon_core.package_identification:_identify(Omron_AMR/src/om_aiv_msg) by extensions ['ignore', 'ignore_ament_install']
[0.109s] Level 1:colcon.colcon_core.package_identification:_identify(Omron_AMR/src/om_aiv_msg) by extension 'ignore'
[0.109s] Level 1:colcon.colcon_core.package_identification:_identify(Omron_AMR/src/om_aiv_msg) by extension 'ignore_ament_install'
[0.109s] Level 1:colcon.colcon_core.package_identification:_identify(Omron_AMR/src/om_aiv_msg) by extensions ['colcon_pkg']
[0.109s] Level 1:colcon.colcon_core.package_identification:_identify(Omron_AMR/src/om_aiv_msg) by extension 'colcon_pkg'
[0.109s] Level 1:colcon.colcon_core.package_identification:_identify(Omron_AMR/src/om_aiv_msg) by extensions ['colcon_meta']
[0.109s] Level 1:colcon.colcon_core.package_identification:_identify(Omron_AMR/src/om_aiv_msg) by extension 'colcon_meta'
[0.109s] Level 1:colcon.colcon_core.package_identification:_identify(Omron_AMR/src/om_aiv_msg) by extensions ['ros']
[0.109s] Level 1:colcon.colcon_core.package_identification:_identify(Omron_AMR/src/om_aiv_msg) by extension 'ros'
[0.109s] DEBUG:colcon.colcon_core.package_identification:Package 'Omron_AMR/src/om_aiv_msg' with type 'ros.ament_cmake' and name 'om_aiv_msg'
[0.109s] Level 1:colcon.colcon_core.package_identification:_identify(Omron_AMR/src/om_aiv_navigation) by extensions ['ignore', 'ignore_ament_install']
[0.109s] Level 1:colcon.colcon_core.package_identification:_identify(Omron_AMR/src/om_aiv_navigation) by extension 'ignore'
[0.109s] Level 1:colcon.colcon_core.package_identification:_identify(Omron_AMR/src/om_aiv_navigation) by extension 'ignore_ament_install'
[0.109s] Level 1:colcon.colcon_core.package_identification:_identify(Omron_AMR/src/om_aiv_navigation) by extensions ['colcon_pkg']
[0.109s] Level 1:colcon.colcon_core.package_identification:_identify(Omron_AMR/src/om_aiv_navigation) by extension 'colcon_pkg'
[0.109s] Level 1:colcon.colcon_core.package_identification:_identify(Omron_AMR/src/om_aiv_navigation) by extensions ['colcon_meta']
[0.109s] Level 1:colcon.colcon_core.package_identification:_identify(Omron_AMR/src/om_aiv_navigation) by extension 'colcon_meta'
[0.109s] Level 1:colcon.colcon_core.package_identification:_identify(Omron_AMR/src/om_aiv_navigation) by extensions ['ros']
[0.109s] Level 1:colcon.colcon_core.package_identification:_identify(Omron_AMR/src/om_aiv_navigation) by extension 'ros'
[0.110s] DEBUG:colcon.colcon_core.package_identification:Package 'Omron_AMR/src/om_aiv_navigation' with type 'ros.ament_python' and name 'om_aiv_navigation'
[0.110s] Level 1:colcon.colcon_core.package_identification:_identify(Omron_AMR/src/om_aiv_util) by extensions ['ignore', 'ignore_ament_install']
[0.110s] Level 1:colcon.colcon_core.package_identification:_identify(Omron_AMR/src/om_aiv_util) by extension 'ignore'
[0.110s] Level 1:colcon.colcon_core.package_identification:_identify(Omron_AMR/src/om_aiv_util) by extension 'ignore_ament_install'
[0.110s] Level 1:colcon.colcon_core.package_identification:_identify(Omron_AMR/src/om_aiv_util) by extensions ['colcon_pkg']
[0.110s] Level 1:colcon.colcon_core.package_identification:_identify(Omron_AMR/src/om_aiv_util) by extension 'colcon_pkg'
[0.110s] Level 1:colcon.colcon_core.package_identification:_identify(Omron_AMR/src/om_aiv_util) by extensions ['colcon_meta']
[0.110s] Level 1:colcon.colcon_core.package_identification:_identify(Omron_AMR/src/om_aiv_util) by extension 'colcon_meta'
[0.110s] Level 1:colcon.colcon_core.package_identification:_identify(Omron_AMR/src/om_aiv_util) by extensions ['ros']
[0.110s] Level 1:colcon.colcon_core.package_identification:_identify(Omron_AMR/src/om_aiv_util) by extension 'ros'
[0.110s] DEBUG:colcon.colcon_core.package_identification:Package 'Omron_AMR/src/om_aiv_util' with type 'ros.ament_python' and name 'om_aiv_util'
[0.110s] Level 1:colcon.colcon_core.package_identification:_identify(UR_Description) by extensions ['ignore', 'ignore_ament_install']
[0.110s] Level 1:colcon.colcon_core.package_identification:_identify(UR_Description) by extension 'ignore'
[0.110s] Level 1:colcon.colcon_core.package_identification:_identify(UR_Description) by extension 'ignore_ament_install'
[0.110s] Level 1:colcon.colcon_core.package_identification:_identify(UR_Description) by extensions ['colcon_pkg']
[0.110s] Level 1:colcon.colcon_core.package_identification:_identify(UR_Description) by extension 'colcon_pkg'
[0.110s] Level 1:colcon.colcon_core.package_identification:_identify(UR_Description) by extensions ['colcon_meta']
[0.110s] Level 1:colcon.colcon_core.package_identification:_identify(UR_Description) by extension 'colcon_meta'
[0.110s] Level 1:colcon.colcon_core.package_identification:_identify(UR_Description) by extensions ['ros']
[0.110s] Level 1:colcon.colcon_core.package_identification:_identify(UR_Description) by extension 'ros'
[0.111s] DEBUG:colcon.colcon_core.package_identification:Package 'UR_Description' with type 'ros.ament_cmake' and name 'ur_description'
[0.111s] Level 1:colcon.colcon_core.package_identification:_identify(UR_Driver) by extensions ['ignore', 'ignore_ament_install']
[0.111s] Level 1:colcon.colcon_core.package_identification:_identify(UR_Driver) by extension 'ignore'
[0.111s] Level 1:colcon.colcon_core.package_identification:_identify(UR_Driver) by extension 'ignore_ament_install'
[0.111s] Level 1:colcon.colcon_core.package_identification:_identify(UR_Driver) by extensions ['colcon_pkg']
[0.111s] Level 1:colcon.colcon_core.package_identification:_identify(UR_Driver) by extension 'colcon_pkg'
[0.111s] Level 1:colcon.colcon_core.package_identification:_identify(UR_Driver) by extensions ['colcon_meta']
[0.111s] Level 1:colcon.colcon_core.package_identification:_identify(UR_Driver) by extension 'colcon_meta'
[0.111s] Level 1:colcon.colcon_core.package_identification:_identify(UR_Driver) by extensions ['ros']
[0.111s] Level 1:colcon.colcon_core.package_identification:_identify(UR_Driver) by extension 'ros'
[0.111s] Level 1:colcon.colcon_core.package_identification:_identify(UR_Driver) by extensions ['cmake', 'python']
[0.111s] Level 1:colcon.colcon_core.package_identification:_identify(UR_Driver) by extension 'cmake'
[0.111s] Level 1:colcon.colcon_core.package_identification:_identify(UR_Driver) by extension 'python'
[0.111s] Level 1:colcon.colcon_core.package_identification:_identify(UR_Driver) by extensions ['python_setup_py']
[0.111s] Level 1:colcon.colcon_core.package_identification:_identify(UR_Driver) by extension 'python_setup_py'
[0.111s] Level 1:colcon.colcon_core.package_identification:_identify(UR_Driver/build) by extensions ['ignore', 'ignore_ament_install']
[0.111s] Level 1:colcon.colcon_core.package_identification:_identify(UR_Driver/build) by extension 'ignore'
[0.111s] Level 1:colcon.colcon_core.package_identification:_identify(UR_Driver/build) ignored
[0.111s] Level 1:colcon.colcon_core.package_identification:_identify(UR_Driver/install) by extensions ['ignore', 'ignore_ament_install']
[0.111s] Level 1:colcon.colcon_core.package_identification:_identify(UR_Driver/install) by extension 'ignore'
[0.111s] Level 1:colcon.colcon_core.package_identification:_identify(UR_Driver/install) ignored
[0.111s] Level 1:colcon.colcon_core.package_identification:_identify(UR_Driver/log) by extensions ['ignore', 'ignore_ament_install']
[0.111s] Level 1:colcon.colcon_core.package_identification:_identify(UR_Driver/log) by extension 'ignore'
[0.111s] Level 1:colcon.colcon_core.package_identification:_identify(UR_Driver/log) ignored
[0.111s] Level 1:colcon.colcon_core.package_identification:_identify(UR_Driver/my_ur_msgs) by extensions ['ignore', 'ignore_ament_install']
[0.111s] Level 1:colcon.colcon_core.package_identification:_identify(UR_Driver/my_ur_msgs) by extension 'ignore'
[0.111s] Level 1:colcon.colcon_core.package_identification:_identify(UR_Driver/my_ur_msgs) by extension 'ignore_ament_install'
[0.111s] Level 1:colcon.colcon_core.package_identification:_identify(UR_Driver/my_ur_msgs) by extensions ['colcon_pkg']
[0.111s] Level 1:colcon.colcon_core.package_identification:_identify(UR_Driver/my_ur_msgs) by extension 'colcon_pkg'
[0.112s] Level 1:colcon.colcon_core.package_identification:_identify(UR_Driver/my_ur_msgs) by extensions ['colcon_meta']
[0.112s] Level 1:colcon.colcon_core.package_identification:_identify(UR_Driver/my_ur_msgs) by extension 'colcon_meta'
[0.112s] Level 1:colcon.colcon_core.package_identification:_identify(UR_Driver/my_ur_msgs) by extensions ['ros']
[0.112s] Level 1:colcon.colcon_core.package_identification:_identify(UR_Driver/my_ur_msgs) by extension 'ros'
[0.112s] DEBUG:colcon.colcon_core.package_identification:Package 'UR_Driver/my_ur_msgs' with type 'ros.ament_cmake' and name 'my_ur_msgs'
[0.112s] Level 1:colcon.colcon_core.package_identification:_identify(UR_Driver/ur) by extensions ['ignore', 'ignore_ament_install']
[0.112s] Level 1:colcon.colcon_core.package_identification:_identify(UR_Driver/ur) by extension 'ignore'
[0.112s] Level 1:colcon.colcon_core.package_identification:_identify(UR_Driver/ur) by extension 'ignore_ament_install'
[0.112s] Level 1:colcon.colcon_core.package_identification:_identify(UR_Driver/ur) by extensions ['colcon_pkg']
[0.112s] Level 1:colcon.colcon_core.package_identification:_identify(UR_Driver/ur) by extension 'colcon_pkg'
[0.112s] Level 1:colcon.colcon_core.package_identification:_identify(UR_Driver/ur) by extensions ['colcon_meta']
[0.112s] Level 1:colcon.colcon_core.package_identification:_identify(UR_Driver/ur) by extension 'colcon_meta'
[0.112s] Level 1:colcon.colcon_core.package_identification:_identify(UR_Driver/ur) by extensions ['ros']
[0.112s] Level 1:colcon.colcon_core.package_identification:_identify(UR_Driver/ur) by extension 'ros'
[0.112s] DEBUG:colcon.colcon_core.package_identification:Package 'UR_Driver/ur' with type 'ros.ament_cmake' and name 'ur'
[0.112s] Level 1:colcon.colcon_core.package_identification:_identify(UR_Driver/ur_calibration) by extensions ['ignore', 'ignore_ament_install']
[0.112s] Level 1:colcon.colcon_core.package_identification:_identify(UR_Driver/ur_calibration) by extension 'ignore'
[0.112s] Level 1:colcon.colcon_core.package_identification:_identify(UR_Driver/ur_calibration) by extension 'ignore_ament_install'
[0.112s] Level 1:colcon.colcon_core.package_identification:_identify(UR_Driver/ur_calibration) by extensions ['colcon_pkg']
[0.112s] Level 1:colcon.colcon_core.package_identification:_identify(UR_Driver/ur_calibration) by extension 'colcon_pkg'
[0.112s] Level 1:colcon.colcon_core.package_identification:_identify(UR_Driver/ur_calibration) by extensions ['colcon_meta']
[0.112s] Level 1:colcon.colcon_core.package_identification:_identify(UR_Driver/ur_calibration) by extension 'colcon_meta'
[0.113s] Level 1:colcon.colcon_core.package_identification:_identify(UR_Driver/ur_calibration) by extensions ['ros']
[0.113s] Level 1:colcon.colcon_core.package_identification:_identify(UR_Driver/ur_calibration) by extension 'ros'
[0.113s] DEBUG:colcon.colcon_core.package_identification:Package 'UR_Driver/ur_calibration' with type 'ros.ament_cmake' and name 'ur_calibration'
[0.113s] Level 1:colcon.colcon_core.package_identification:_identify(UR_Driver/ur_controllers) by extensions ['ignore', 'ignore_ament_install']
[0.113s] Level 1:colcon.colcon_core.package_identification:_identify(UR_Driver/ur_controllers) by extension 'ignore'
[0.113s] Level 1:colcon.colcon_core.package_identification:_identify(UR_Driver/ur_controllers) by extension 'ignore_ament_install'
[0.113s] Level 1:colcon.colcon_core.package_identification:_identify(UR_Driver/ur_controllers) by extensions ['colcon_pkg']
[0.113s] Level 1:colcon.colcon_core.package_identification:_identify(UR_Driver/ur_controllers) by extension 'colcon_pkg'
[0.113s] Level 1:colcon.colcon_core.package_identification:_identify(UR_Driver/ur_controllers) by extensions ['colcon_meta']
[0.113s] Level 1:colcon.colcon_core.package_identification:_identify(UR_Driver/ur_controllers) by extension 'colcon_meta'
[0.113s] Level 1:colcon.colcon_core.package_identification:_identify(UR_Driver/ur_controllers) by extensions ['ros']
[0.113s] Level 1:colcon.colcon_core.package_identification:_identify(UR_Driver/ur_controllers) by extension 'ros'
[0.114s] DEBUG:colcon.colcon_core.package_identification:Package 'UR_Driver/ur_controllers' with type 'ros.ament_cmake' and name 'ur_controllers'
[0.114s] Level 1:colcon.colcon_core.package_identification:_identify(UR_Driver/ur_dashboard_msgs) by extensions ['ignore', 'ignore_ament_install']
[0.114s] Level 1:colcon.colcon_core.package_identification:_identify(UR_Driver/ur_dashboard_msgs) by extension 'ignore'
[0.114s] Level 1:colcon.colcon_core.package_identification:_identify(UR_Driver/ur_dashboard_msgs) by extension 'ignore_ament_install'
[0.114s] Level 1:colcon.colcon_core.package_identification:_identify(UR_Driver/ur_dashboard_msgs) by extensions ['colcon_pkg']
[0.114s] Level 1:colcon.colcon_core.package_identification:_identify(UR_Driver/ur_dashboard_msgs) by extension 'colcon_pkg'
[0.114s] Level 1:colcon.colcon_core.package_identification:_identify(UR_Driver/ur_dashboard_msgs) by extensions ['colcon_meta']
[0.114s] Level 1:colcon.colcon_core.package_identification:_identify(UR_Driver/ur_dashboard_msgs) by extension 'colcon_meta'
[0.114s] Level 1:colcon.colcon_core.package_identification:_identify(UR_Driver/ur_dashboard_msgs) by extensions ['ros']
[0.114s] Level 1:colcon.colcon_core.package_identification:_identify(UR_Driver/ur_dashboard_msgs) by extension 'ros'
[0.114s] DEBUG:colcon.colcon_core.package_identification:Package 'UR_Driver/ur_dashboard_msgs' with type 'ros.ament_cmake' and name 'ur_dashboard_msgs'
[0.114s] Level 1:colcon.colcon_core.package_identification:_identify(UR_Driver/ur_moveit_config) by extensions ['ignore', 'ignore_ament_install']
[0.114s] Level 1:colcon.colcon_core.package_identification:_identify(UR_Driver/ur_moveit_config) by extension 'ignore'
[0.114s] Level 1:colcon.colcon_core.package_identification:_identify(UR_Driver/ur_moveit_config) by extension 'ignore_ament_install'
[0.115s] Level 1:colcon.colcon_core.package_identification:_identify(UR_Driver/ur_moveit_config) by extensions ['colcon_pkg']
[0.115s] Level 1:colcon.colcon_core.package_identification:_identify(UR_Driver/ur_moveit_config) by extension 'colcon_pkg'
[0.115s] Level 1:colcon.colcon_core.package_identification:_identify(UR_Driver/ur_moveit_config) by extensions ['colcon_meta']
[0.115s] Level 1:colcon.colcon_core.package_identification:_identify(UR_Driver/ur_moveit_config) by extension 'colcon_meta'
[0.115s] Level 1:colcon.colcon_core.package_identification:_identify(UR_Driver/ur_moveit_config) by extensions ['ros']
[0.115s] Level 1:colcon.colcon_core.package_identification:_identify(UR_Driver/ur_moveit_config) by extension 'ros'
[0.115s] DEBUG:colcon.colcon_core.package_identification:Package 'UR_Driver/ur_moveit_config' with type 'ros.ament_cmake' and name 'ur_moveit_config'
[0.115s] Level 1:colcon.colcon_core.package_identification:_identify(UR_Driver/ur_msgs) by extensions ['ignore', 'ignore_ament_install']
[0.115s] Level 1:colcon.colcon_core.package_identification:_identify(UR_Driver/ur_msgs) by extension 'ignore'
[0.115s] Level 1:colcon.colcon_core.package_identification:_identify(UR_Driver/ur_msgs) by extension 'ignore_ament_install'
[0.115s] Level 1:colcon.colcon_core.package_identification:_identify(UR_Driver/ur_msgs) by extensions ['colcon_pkg']
[0.115s] Level 1:colcon.colcon_core.package_identification:_identify(UR_Driver/ur_msgs) by extension 'colcon_pkg'
[0.115s] Level 1:colcon.colcon_core.package_identification:_identify(UR_Driver/ur_msgs) by extensions ['colcon_meta']
[0.115s] Level 1:colcon.colcon_core.package_identification:_identify(UR_Driver/ur_msgs) by extension 'colcon_meta'
[0.115s] Level 1:colcon.colcon_core.package_identification:_identify(UR_Driver/ur_msgs) by extensions ['ros']
[0.115s] Level 1:colcon.colcon_core.package_identification:_identify(UR_Driver/ur_msgs) by extension 'ros'
[0.115s] DEBUG:colcon.colcon_core.package_identification:Package 'UR_Driver/ur_msgs' with type 'ros.ament_cmake' and name 'ur_msgs'
[0.116s] Level 1:colcon.colcon_core.package_identification:_identify(UR_Driver/ur_robot_driver) by extensions ['ignore', 'ignore_ament_install']
[0.116s] Level 1:colcon.colcon_core.package_identification:_identify(UR_Driver/ur_robot_driver) by extension 'ignore'
[0.116s] Level 1:colcon.colcon_core.package_identification:_identify(UR_Driver/ur_robot_driver) by extension 'ignore_ament_install'
[0.116s] Level 1:colcon.colcon_core.package_identification:_identify(UR_Driver/ur_robot_driver) by extensions ['colcon_pkg']
[0.116s] Level 1:colcon.colcon_core.package_identification:_identify(UR_Driver/ur_robot_driver) by extension 'colcon_pkg'
[0.116s] Level 1:colcon.colcon_core.package_identification:_identify(UR_Driver/ur_robot_driver) by extensions ['colcon_meta']
[0.116s] Level 1:colcon.colcon_core.package_identification:_identify(UR_Driver/ur_robot_driver) by extension 'colcon_meta'
[0.116s] Level 1:colcon.colcon_core.package_identification:_identify(UR_Driver/ur_robot_driver) by extensions ['ros']
[0.116s] Level 1:colcon.colcon_core.package_identification:_identify(UR_Driver/ur_robot_driver) by extension 'ros'
[0.117s] DEBUG:colcon.colcon_core.package_identification:Package 'UR_Driver/ur_robot_driver' with type 'ros.ament_cmake' and name 'ur_robot_driver'
[0.117s] Level 1:colcon.colcon_core.package_identification:_identify(build) by extensions ['ignore', 'ignore_ament_install']
[0.117s] Level 1:colcon.colcon_core.package_identification:_identify(build) by extension 'ignore'
[0.117s] Level 1:colcon.colcon_core.package_identification:_identify(build) ignored
[0.117s] Level 1:colcon.colcon_core.package_identification:_identify(install) by extensions ['ignore', 'ignore_ament_install']
[0.117s] Level 1:colcon.colcon_core.package_identification:_identify(install) by extension 'ignore'
[0.117s] Level 1:colcon.colcon_core.package_identification:_identify(install) ignored
[0.117s] Level 1:colcon.colcon_core.package_identification:_identify(log) by extensions ['ignore', 'ignore_ament_install']
[0.117s] Level 1:colcon.colcon_core.package_identification:_identify(log) by extension 'ignore'
[0.117s] Level 1:colcon.colcon_core.package_identification:_identify(log) ignored
[0.117s] Level 1:colcon.colcon_core.package_discovery:discover_packages(recursive) using defaults
[0.117s] Level 1:colcon.colcon_core.package_discovery:discover_packages(ignore) discover
[0.117s] Level 1:colcon.colcon_core.package_discovery:discover_packages(ignore) using defaults
[0.117s] Level 1:colcon.colcon_core.package_discovery:discover_packages(path) discover
[0.117s] Level 1:colcon.colcon_core.package_discovery:discover_packages(path) using defaults
[0.130s] Level 1:colcon.colcon_core.package_discovery:discover_packages(prefix_path) check parameters
[0.130s] Level 1:colcon.colcon_core.package_discovery:discover_packages(prefix_path) discover
[0.131s] DEBUG:colcon.colcon_installed_package_information.package_discovery:Found 347 installed packages in /opt/ros/kilted
[0.131s] Level 1:colcon.colcon_core.package_discovery:discover_packages(prefix_path) using defaults
[0.151s] Level 5:colcon.colcon_core.verb:set package 'meca500_description' build argument 'cmake_args' from command line to 'None'
[0.151s] Level 5:colcon.colcon_core.verb:set package 'meca500_description' build argument 'cmake_target' from command line to 'None'
[0.151s] Level 5:colcon.colcon_core.verb:set package 'meca500_description' build argument 'cmake_target_skip_unavailable' from command line to 'False'
[0.151s] Level 5:colcon.colcon_core.verb:set package 'meca500_description' build argument 'cmake_clean_cache' from command line to 'False'
[0.151s] Level 5:colcon.colcon_core.verb:set package 'meca500_description' build argument 'cmake_clean_first' from command line to 'False'
[0.151s] Level 5:colcon.colcon_core.verb:set package 'meca500_description' build argument 'cmake_force_configure' from command line to 'False'
[0.151s] Level 5:colcon.colcon_core.verb:set package 'meca500_description' build argument 'ament_cmake_args' from command line to 'None'
[0.151s] Level 5:colcon.colcon_core.verb:set package 'meca500_description' build argument 'catkin_cmake_args' from command line to 'None'
[0.151s] Level 5:colcon.colcon_core.verb:set package 'meca500_description' build argument 'catkin_skip_building_tests' from command line to 'False'
[0.151s] DEBUG:colcon.colcon_core.verb:Building package 'meca500_description' with the following arguments: {'ament_cmake_args': None, 'build_base': '/home/administrator/Masterproject2/20_ROS/src/Robots/build/meca500_description', 'catkin_cmake_args': None, 'catkin_skip_building_tests': False, 'cmake_args': None, 'cmake_clean_cache': False, 'cmake_clean_first': False, 'cmake_force_configure': False, 'cmake_target': None, 'cmake_target_skip_unavailable': False, 'install_base': '/home/administrator/Masterproject2/20_ROS/src/Robots/install/meca500_description', 'merge_install': False, 'path': '/home/administrator/Masterproject2/20_ROS/src/Robots/Mecademic/meca500_description', 'symlink_install': False, 'test_result_base': None}
[0.152s] Level 5:colcon.colcon_core.verb:set package 'meca500_hardware' build argument 'cmake_args' from command line to 'None'
[0.152s] Level 5:colcon.colcon_core.verb:set package 'meca500_hardware' build argument 'cmake_target' from command line to 'None'
[0.152s] Level 5:colcon.colcon_core.verb:set package 'meca500_hardware' build argument 'cmake_target_skip_unavailable' from command line to 'False'
[0.152s] Level 5:colcon.colcon_core.verb:set package 'meca500_hardware' build argument 'cmake_clean_cache' from command line to 'False'
[0.152s] Level 5:colcon.colcon_core.verb:set package 'meca500_hardware' build argument 'cmake_clean_first' from command line to 'False'
[0.152s] Level 5:colcon.colcon_core.verb:set package 'meca500_hardware' build argument 'cmake_force_configure' from command line to 'False'
[0.152s] Level 5:colcon.colcon_core.verb:set package 'meca500_hardware' build argument 'ament_cmake_args' from command line to 'None'
[0.152s] Level 5:colcon.colcon_core.verb:set package 'meca500_hardware' build argument 'catkin_cmake_args' from command line to 'None'
[0.152s] Level 5:colcon.colcon_core.verb:set package 'meca500_hardware' build argument 'catkin_skip_building_tests' from command line to 'False'
[0.152s] DEBUG:colcon.colcon_core.verb:Building package 'meca500_hardware' with the following arguments: {'ament_cmake_args': None, 'build_base': '/home/administrator/Masterproject2/20_ROS/src/Robots/build/meca500_hardware', 'catkin_cmake_args': None, 'catkin_skip_building_tests': False, 'cmake_args': None, 'cmake_clean_cache': False, 'cmake_clean_first': False, 'cmake_force_configure': False, 'cmake_target': None, 'cmake_target_skip_unavailable': False, 'install_base': '/home/administrator/Masterproject2/20_ROS/src/Robots/install/meca500_hardware', 'merge_install': False, 'path': '/home/administrator/Masterproject2/20_ROS/src/Robots/Mecademic/meca500_hardware', 'symlink_install': False, 'test_result_base': None}
[0.152s] Level 5:colcon.colcon_core.verb:set package 'meca500_moveit_config' build argument 'cmake_args' from command line to 'None'
[0.152s] Level 5:colcon.colcon_core.verb:set package 'meca500_moveit_config' build argument 'cmake_target' from command line to 'None'
[0.152s] Level 5:colcon.colcon_core.verb:set package 'meca500_moveit_config' build argument 'cmake_target_skip_unavailable' from command line to 'False'
[0.152s] Level 5:colcon.colcon_core.verb:set package 'meca500_moveit_config' build argument 'cmake_clean_cache' from command line to 'False'
[0.152s] Level 5:colcon.colcon_core.verb:set package 'meca500_moveit_config' build argument 'cmake_clean_first' from command line to 'False'
[0.152s] Level 5:colcon.colcon_core.verb:set package 'meca500_moveit_config' build argument 'cmake_force_configure' from command line to 'False'
[0.152s] Level 5:colcon.colcon_core.verb:set package 'meca500_moveit_config' build argument 'ament_cmake_args' from command line to 'None'
[0.152s] Level 5:colcon.colcon_core.verb:set package 'meca500_moveit_config' build argument 'catkin_cmake_args' from command line to 'None'
[0.152s] Level 5:colcon.colcon_core.verb:set package 'meca500_moveit_config' build argument 'catkin_skip_building_tests' from command line to 'False'
[0.152s] DEBUG:colcon.colcon_core.verb:Building package 'meca500_moveit_config' with the following arguments: {'ament_cmake_args': None, 'build_base': '/home/administrator/Masterproject2/20_ROS/src/Robots/build/meca500_moveit_config', 'catkin_cmake_args': None, 'catkin_skip_building_tests': False, 'cmake_args': None, 'cmake_clean_cache': False, 'cmake_clean_first': False, 'cmake_force_configure': False, 'cmake_target': None, 'cmake_target_skip_unavailable': False, 'install_base': '/home/administrator/Masterproject2/20_ROS/src/Robots/install/meca500_moveit_config', 'merge_install': False, 'path': '/home/administrator/Masterproject2/20_ROS/src/Robots/Mecademic/meca500_moveit_config', 'symlink_install': False, 'test_result_base': None}
[0.152s] Level 5:colcon.colcon_core.verb:set package 'mir_actions' build argument 'cmake_args' from command line to 'None'
[0.152s] Level 5:colcon.colcon_core.verb:set package 'mir_actions' build argument 'cmake_target' from command line to 'None'
[0.152s] Level 5:colcon.colcon_core.verb:set package 'mir_actions' build argument 'cmake_target_skip_unavailable' from command line to 'False'
[0.152s] Level 5:colcon.colcon_core.verb:set package 'mir_actions' build argument 'cmake_clean_cache' from command line to 'False'
[0.152s] Level 5:colcon.colcon_core.verb:set package 'mir_actions' build argument 'cmake_clean_first' from command line to 'False'
[0.152s] Level 5:colcon.colcon_core.verb:set package 'mir_actions' build argument 'cmake_force_configure' from command line to 'False'
[0.152s] Level 5:colcon.colcon_core.verb:set package 'mir_actions' build argument 'ament_cmake_args' from command line to 'None'
[0.152s] Level 5:colcon.colcon_core.verb:set package 'mir_actions' build argument 'catkin_cmake_args' from command line to 'None'
[0.152s] Level 5:colcon.colcon_core.verb:set package 'mir_actions' build argument 'catkin_skip_building_tests' from command line to 'False'
[0.152s] DEBUG:colcon.colcon_core.verb:Building package 'mir_actions' with the following arguments: {'ament_cmake_args': None, 'build_base': '/home/administrator/Masterproject2/20_ROS/src/Robots/build/mir_actions', 'catkin_cmake_args': None, 'catkin_skip_building_tests': False, 'cmake_args': None, 'cmake_clean_cache': False, 'cmake_clean_first': False, 'cmake_force_configure': False, 'cmake_target': None, 'cmake_target_skip_unavailable': False, 'install_base': '/home/administrator/Masterproject2/20_ROS/src/Robots/install/mir_actions', 'merge_install': False, 'path': '/home/administrator/Masterproject2/20_ROS/src/Robots/MIR/mir_actions', 'symlink_install': False, 'test_result_base': None}
[0.152s] Level 5:colcon.colcon_core.verb:set package 'mir_description' build argument 'cmake_args' from command line to 'None'
[0.152s] Level 5:colcon.colcon_core.verb:set package 'mir_description' build argument 'cmake_target' from command line to 'None'
[0.152s] Level 5:colcon.colcon_core.verb:set package 'mir_description' build argument 'cmake_target_skip_unavailable' from command line to 'False'
[0.152s] Level 5:colcon.colcon_core.verb:set package 'mir_description' build argument 'cmake_clean_cache' from command line to 'False'
[0.152s] Level 5:colcon.colcon_core.verb:set package 'mir_description' build argument 'cmake_clean_first' from command line to 'False'
[0.152s] Level 5:colcon.colcon_core.verb:set package 'mir_description' build argument 'cmake_force_configure' from command line to 'False'
[0.152s] Level 5:colcon.colcon_core.verb:set package 'mir_description' build argument 'ament_cmake_args' from command line to 'None'
[0.152s] Level 5:colcon.colcon_core.verb:set package 'mir_description' build argument 'catkin_cmake_args' from command line to 'None'
[0.152s] Level 5:colcon.colcon_core.verb:set package 'mir_description' build argument 'catkin_skip_building_tests' from command line to 'False'
[0.152s] DEBUG:colcon.colcon_core.verb:Building package 'mir_description' with the following arguments: {'ament_cmake_args': None, 'build_base': '/home/administrator/Masterproject2/20_ROS/src/Robots/build/mir_description', 'catkin_cmake_args': None, 'catkin_skip_building_tests': False, 'cmake_args': None, 'cmake_clean_cache': False, 'cmake_clean_first': False, 'cmake_force_configure': False, 'cmake_target': None, 'cmake_target_skip_unavailable': False, 'install_base': '/home/administrator/Masterproject2/20_ROS/src/Robots/install/mir_description', 'merge_install': False, 'path': '/home/administrator/Masterproject2/20_ROS/src/Robots/MIR/mir_description', 'symlink_install': False, 'test_result_base': None}
[0.152s] Level 5:colcon.colcon_core.verb:set package 'mir_dwb_critics' build argument 'cmake_args' from command line to 'None'
[0.152s] Level 5:colcon.colcon_core.verb:set package 'mir_dwb_critics' build argument 'cmake_target' from command line to 'None'
[0.152s] Level 5:colcon.colcon_core.verb:set package 'mir_dwb_critics' build argument 'cmake_target_skip_unavailable' from command line to 'False'
[0.152s] Level 5:colcon.colcon_core.verb:set package 'mir_dwb_critics' build argument 'cmake_clean_cache' from command line to 'False'
[0.152s] Level 5:colcon.colcon_core.verb:set package 'mir_dwb_critics' build argument 'cmake_clean_first' from command line to 'False'
[0.152s] Level 5:colcon.colcon_core.verb:set package 'mir_dwb_critics' build argument 'cmake_force_configure' from command line to 'False'
[0.152s] Level 5:colcon.colcon_core.verb:set package 'mir_dwb_critics' build argument 'ament_cmake_args' from command line to 'None'
[0.152s] Level 5:colcon.colcon_core.verb:set package 'mir_dwb_critics' build argument 'catkin_cmake_args' from command line to 'None'
[0.152s] Level 5:colcon.colcon_core.verb:set package 'mir_dwb_critics' build argument 'catkin_skip_building_tests' from command line to 'False'
[0.152s] DEBUG:colcon.colcon_core.verb:Building package 'mir_dwb_critics' with the following arguments: {'ament_cmake_args': None, 'build_base': '/home/administrator/Masterproject2/20_ROS/src/Robots/build/mir_dwb_critics', 'catkin_cmake_args': None, 'catkin_skip_building_tests': False, 'cmake_args': None, 'cmake_clean_cache': False, 'cmake_clean_first': False, 'cmake_force_configure': False, 'cmake_target': None, 'cmake_target_skip_unavailable': False, 'install_base': '/home/administrator/Masterproject2/20_ROS/src/Robots/install/mir_dwb_critics', 'merge_install': False, 'path': '/home/administrator/Masterproject2/20_ROS/src/Robots/MIR/mir_dwb_critics', 'symlink_install': False, 'test_result_base': None}
[0.152s] Level 5:colcon.colcon_core.verb:set package 'mir_msgs' build argument 'cmake_args' from command line to 'None'
[0.153s] Level 5:colcon.colcon_core.verb:set package 'mir_msgs' build argument 'cmake_target' from command line to 'None'
[0.153s] Level 5:colcon.colcon_core.verb:set package 'mir_msgs' build argument 'cmake_target_skip_unavailable' from command line to 'False'
[0.153s] Level 5:colcon.colcon_core.verb:set package 'mir_msgs' build argument 'cmake_clean_cache' from command line to 'False'
[0.153s] Level 5:colcon.colcon_core.verb:set package 'mir_msgs' build argument 'cmake_clean_first' from command line to 'False'
[0.153s] Level 5:colcon.colcon_core.verb:set package 'mir_msgs' build argument 'cmake_force_configure' from command line to 'False'
[0.153s] Level 5:colcon.colcon_core.verb:set package 'mir_msgs' build argument 'ament_cmake_args' from command line to 'None'
[0.153s] Level 5:colcon.colcon_core.verb:set package 'mir_msgs' build argument 'catkin_cmake_args' from command line to 'None'
[0.153s] Level 5:colcon.colcon_core.verb:set package 'mir_msgs' build argument 'catkin_skip_building_tests' from command line to 'False'
[0.153s] DEBUG:colcon.colcon_core.verb:Building package 'mir_msgs' with the following arguments: {'ament_cmake_args': None, 'build_base': '/home/administrator/Masterproject2/20_ROS/src/Robots/build/mir_msgs', 'catkin_cmake_args': None, 'catkin_skip_building_tests': False, 'cmake_args': None, 'cmake_clean_cache': False, 'cmake_clean_first': False, 'cmake_force_configure': False, 'cmake_target': None, 'cmake_target_skip_unavailable': False, 'install_base': '/home/administrator/Masterproject2/20_ROS/src/Robots/install/mir_msgs', 'merge_install': False, 'path': '/home/administrator/Masterproject2/20_ROS/src/Robots/MIR/mir_msgs', 'symlink_install': False, 'test_result_base': None}
[0.153s] Level 5:colcon.colcon_core.verb:set package 'my_ur_msgs' build argument 'cmake_args' from command line to 'None'
[0.153s] Level 5:colcon.colcon_core.verb:set package 'my_ur_msgs' build argument 'cmake_target' from command line to 'None'
[0.153s] Level 5:colcon.colcon_core.verb:set package 'my_ur_msgs' build argument 'cmake_target_skip_unavailable' from command line to 'False'
[0.153s] Level 5:colcon.colcon_core.verb:set package 'my_ur_msgs' build argument 'cmake_clean_cache' from command line to 'False'
[0.153s] Level 5:colcon.colcon_core.verb:set package 'my_ur_msgs' build argument 'cmake_clean_first' from command line to 'False'
[0.153s] Level 5:colcon.colcon_core.verb:set package 'my_ur_msgs' build argument 'cmake_force_configure' from command line to 'False'
[0.153s] Level 5:colcon.colcon_core.verb:set package 'my_ur_msgs' build argument 'ament_cmake_args' from command line to 'None'
[0.153s] Level 5:colcon.colcon_core.verb:set package 'my_ur_msgs' build argument 'catkin_cmake_args' from command line to 'None'
[0.153s] Level 5:colcon.colcon_core.verb:set package 'my_ur_msgs' build argument 'catkin_skip_building_tests' from command line to 'False'
[0.153s] DEBUG:colcon.colcon_core.verb:Building package 'my_ur_msgs' with the following arguments: {'ament_cmake_args': None, 'build_base': '/home/administrator/Masterproject2/20_ROS/src/Robots/build/my_ur_msgs', 'catkin_cmake_args': None, 'catkin_skip_building_tests': False, 'cmake_args': None, 'cmake_clean_cache': False, 'cmake_clean_first': False, 'cmake_force_configure': False, 'cmake_target': None, 'cmake_target_skip_unavailable': False, 'install_base': '/home/administrator/Masterproject2/20_ROS/src/Robots/install/my_ur_msgs', 'merge_install': False, 'path': '/home/administrator/Masterproject2/20_ROS/src/Robots/UR_Driver/my_ur_msgs', 'symlink_install': False, 'test_result_base': None}
[0.153s] Level 5:colcon.colcon_core.verb:set package 'om_aiv_msg' build argument 'cmake_args' from command line to 'None'
[0.153s] Level 5:colcon.colcon_core.verb:set package 'om_aiv_msg' build argument 'cmake_target' from command line to 'None'
[0.153s] Level 5:colcon.colcon_core.verb:set package 'om_aiv_msg' build argument 'cmake_target_skip_unavailable' from command line to 'False'
[0.153s] Level 5:colcon.colcon_core.verb:set package 'om_aiv_msg' build argument 'cmake_clean_cache' from command line to 'False'
[0.153s] Level 5:colcon.colcon_core.verb:set package 'om_aiv_msg' build argument 'cmake_clean_first' from command line to 'False'
[0.153s] Level 5:colcon.colcon_core.verb:set package 'om_aiv_msg' build argument 'cmake_force_configure' from command line to 'False'
[0.153s] Level 5:colcon.colcon_core.verb:set package 'om_aiv_msg' build argument 'ament_cmake_args' from command line to 'None'
[0.153s] Level 5:colcon.colcon_core.verb:set package 'om_aiv_msg' build argument 'catkin_cmake_args' from command line to 'None'
[0.153s] Level 5:colcon.colcon_core.verb:set package 'om_aiv_msg' build argument 'catkin_skip_building_tests' from command line to 'False'
[0.153s] DEBUG:colcon.colcon_core.verb:Building package 'om_aiv_msg' with the following arguments: {'ament_cmake_args': None, 'build_base': '/home/administrator/Masterproject2/20_ROS/src/Robots/build/om_aiv_msg', 'catkin_cmake_args': None, 'catkin_skip_building_tests': False, 'cmake_args': None, 'cmake_clean_cache': False, 'cmake_clean_first': False, 'cmake_force_configure': False, 'cmake_target': None, 'cmake_target_skip_unavailable': False, 'install_base': '/home/administrator/Masterproject2/20_ROS/src/Robots/install/om_aiv_msg', 'merge_install': False, 'path': '/home/administrator/Masterproject2/20_ROS/src/Robots/Omron_AMR/src/om_aiv_msg', 'symlink_install': False, 'test_result_base': None}
[0.153s] Level 5:colcon.colcon_core.verb:set package 'om_aiv_navigation' build argument 'cmake_args' from command line to 'None'
[0.153s] Level 5:colcon.colcon_core.verb:set package 'om_aiv_navigation' build argument 'cmake_target' from command line to 'None'
[0.153s] Level 5:colcon.colcon_core.verb:set package 'om_aiv_navigation' build argument 'cmake_target_skip_unavailable' from command line to 'False'
[0.153s] Level 5:colcon.colcon_core.verb:set package 'om_aiv_navigation' build argument 'cmake_clean_cache' from command line to 'False'
[0.153s] Level 5:colcon.colcon_core.verb:set package 'om_aiv_navigation' build argument 'cmake_clean_first' from command line to 'False'
[0.153s] Level 5:colcon.colcon_core.verb:set package 'om_aiv_navigation' build argument 'cmake_force_configure' from command line to 'False'
[0.153s] Level 5:colcon.colcon_core.verb:set package 'om_aiv_navigation' build argument 'ament_cmake_args' from command line to 'None'
[0.153s] Level 5:colcon.colcon_core.verb:set package 'om_aiv_navigation' build argument 'catkin_cmake_args' from command line to 'None'
[0.153s] Level 5:colcon.colcon_core.verb:set package 'om_aiv_navigation' build argument 'catkin_skip_building_tests' from command line to 'False'
[0.153s] DEBUG:colcon.colcon_core.verb:Building package 'om_aiv_navigation' with the following arguments: {'ament_cmake_args': None, 'build_base': '/home/administrator/Masterproject2/20_ROS/src/Robots/build/om_aiv_navigation', 'catkin_cmake_args': None, 'catkin_skip_building_tests': False, 'cmake_args': None, 'cmake_clean_cache': False, 'cmake_clean_first': False, 'cmake_force_configure': False, 'cmake_target': None, 'cmake_target_skip_unavailable': False, 'install_base': '/home/administrator/Masterproject2/20_ROS/src/Robots/install/om_aiv_navigation', 'merge_install': False, 'path': '/home/administrator/Masterproject2/20_ROS/src/Robots/Omron_AMR/src/om_aiv_navigation', 'symlink_install': False, 'test_result_base': None}
[0.153s] Level 5:colcon.colcon_core.verb:set package 'sdc21x0' build argument 'cmake_args' from command line to 'None'
[0.153s] Level 5:colcon.colcon_core.verb:set package 'sdc21x0' build argument 'cmake_target' from command line to 'None'
[0.153s] Level 5:colcon.colcon_core.verb:set package 'sdc21x0' build argument 'cmake_target_skip_unavailable' from command line to 'False'
[0.153s] Level 5:colcon.colcon_core.verb:set package 'sdc21x0' build argument 'cmake_clean_cache' from command line to 'False'
[0.153s] Level 5:colcon.colcon_core.verb:set package 'sdc21x0' build argument 'cmake_clean_first' from command line to 'False'
[0.153s] Level 5:colcon.colcon_core.verb:set package 'sdc21x0' build argument 'cmake_force_configure' from command line to 'False'
[0.153s] Level 5:colcon.colcon_core.verb:set package 'sdc21x0' build argument 'ament_cmake_args' from command line to 'None'
[0.153s] Level 5:colcon.colcon_core.verb:set package 'sdc21x0' build argument 'catkin_cmake_args' from command line to 'None'
[0.153s] Level 5:colcon.colcon_core.verb:set package 'sdc21x0' build argument 'catkin_skip_building_tests' from command line to 'False'
[0.153s] DEBUG:colcon.colcon_core.verb:Building package 'sdc21x0' with the following arguments: {'ament_cmake_args': None, 'build_base': '/home/administrator/Masterproject2/20_ROS/src/Robots/build/sdc21x0', 'catkin_cmake_args': None, 'catkin_skip_building_tests': False, 'cmake_args': None, 'cmake_clean_cache': False, 'cmake_clean_first': False, 'cmake_force_configure': False, 'cmake_target': None, 'cmake_target_skip_unavailable': False, 'install_base': '/home/administrator/Masterproject2/20_ROS/src/Robots/install/sdc21x0', 'merge_install': False, 'path': '/home/administrator/Masterproject2/20_ROS/src/Robots/MIR/sdc21x0', 'symlink_install': False, 'test_result_base': None}
[0.153s] Level 5:colcon.colcon_core.verb:set package 'ur_dashboard_msgs' build argument 'cmake_args' from command line to 'None'
[0.153s] Level 5:colcon.colcon_core.verb:set package 'ur_dashboard_msgs' build argument 'cmake_target' from command line to 'None'
[0.153s] Level 5:colcon.colcon_core.verb:set package 'ur_dashboard_msgs' build argument 'cmake_target_skip_unavailable' from command line to 'False'
[0.153s] Level 5:colcon.colcon_core.verb:set package 'ur_dashboard_msgs' build argument 'cmake_clean_cache' from command line to 'False'
[0.153s] Level 5:colcon.colcon_core.verb:set package 'ur_dashboard_msgs' build argument 'cmake_clean_first' from command line to 'False'
[0.153s] Level 5:colcon.colcon_core.verb:set package 'ur_dashboard_msgs' build argument 'cmake_force_configure' from command line to 'False'
[0.153s] Level 5:colcon.colcon_core.verb:set package 'ur_dashboard_msgs' build argument 'ament_cmake_args' from command line to 'None'
[0.153s] Level 5:colcon.colcon_core.verb:set package 'ur_dashboard_msgs' build argument 'catkin_cmake_args' from command line to 'None'
[0.153s] Level 5:colcon.colcon_core.verb:set package 'ur_dashboard_msgs' build argument 'catkin_skip_building_tests' from command line to 'False'
[0.153s] DEBUG:colcon.colcon_core.verb:Building package 'ur_dashboard_msgs' with the following arguments: {'ament_cmake_args': None, 'build_base': '/home/administrator/Masterproject2/20_ROS/src/Robots/build/ur_dashboard_msgs', 'catkin_cmake_args': None, 'catkin_skip_building_tests': False, 'cmake_args': None, 'cmake_clean_cache': False, 'cmake_clean_first': False, 'cmake_force_configure': False, 'cmake_target': None, 'cmake_target_skip_unavailable': False, 'install_base': '/home/administrator/Masterproject2/20_ROS/src/Robots/install/ur_dashboard_msgs', 'merge_install': False, 'path': '/home/administrator/Masterproject2/20_ROS/src/Robots/UR_Driver/ur_dashboard_msgs', 'symlink_install': False, 'test_result_base': None}
[0.154s] Level 5:colcon.colcon_core.verb:set package 'ur_description' build argument 'cmake_args' from command line to 'None'
[0.154s] Level 5:colcon.colcon_core.verb:set package 'ur_description' build argument 'cmake_target' from command line to 'None'
[0.154s] Level 5:colcon.colcon_core.verb:set package 'ur_description' build argument 'cmake_target_skip_unavailable' from command line to 'False'
[0.154s] Level 5:colcon.colcon_core.verb:set package 'ur_description' build argument 'cmake_clean_cache' from command line to 'False'
[0.154s] Level 5:colcon.colcon_core.verb:set package 'ur_description' build argument 'cmake_clean_first' from command line to 'False'
[0.154s] Level 5:colcon.colcon_core.verb:set package 'ur_description' build argument 'cmake_force_configure' from command line to 'False'
[0.154s] Level 5:colcon.colcon_core.verb:set package 'ur_description' build argument 'ament_cmake_args' from command line to 'None'
[0.154s] Level 5:colcon.colcon_core.verb:set package 'ur_description' build argument 'catkin_cmake_args' from command line to 'None'
[0.154s] Level 5:colcon.colcon_core.verb:set package 'ur_description' build argument 'catkin_skip_building_tests' from command line to 'False'
[0.154s] DEBUG:colcon.colcon_core.verb:Building package 'ur_description' with the following arguments: {'ament_cmake_args': None, 'build_base': '/home/administrator/Masterproject2/20_ROS/src/Robots/build/ur_description', 'catkin_cmake_args': None, 'catkin_skip_building_tests': False, 'cmake_args': None, 'cmake_clean_cache': False, 'cmake_clean_first': False, 'cmake_force_configure': False, 'cmake_target': None, 'cmake_target_skip_unavailable': False, 'install_base': '/home/administrator/Masterproject2/20_ROS/src/Robots/install/ur_description', 'merge_install': False, 'path': '/home/administrator/Masterproject2/20_ROS/src/Robots/UR_Description', 'symlink_install': False, 'test_result_base': None}
[0.154s] Level 5:colcon.colcon_core.verb:set package 'ur_msgs' build argument 'cmake_args' from command line to 'None'
[0.154s] Level 5:colcon.colcon_core.verb:set package 'ur_msgs' build argument 'cmake_target' from command line to 'None'
[0.154s] Level 5:colcon.colcon_core.verb:set package 'ur_msgs' build argument 'cmake_target_skip_unavailable' from command line to 'False'
[0.154s] Level 5:colcon.colcon_core.verb:set package 'ur_msgs' build argument 'cmake_clean_cache' from command line to 'False'
[0.154s] Level 5:colcon.colcon_core.verb:set package 'ur_msgs' build argument 'cmake_clean_first' from command line to 'False'
[0.154s] Level 5:colcon.colcon_core.verb:set package 'ur_msgs' build argument 'cmake_force_configure' from command line to 'False'
[0.154s] Level 5:colcon.colcon_core.verb:set package 'ur_msgs' build argument 'ament_cmake_args' from command line to 'None'
[0.154s] Level 5:colcon.colcon_core.verb:set package 'ur_msgs' build argument 'catkin_cmake_args' from command line to 'None'
[0.154s] Level 5:colcon.colcon_core.verb:set package 'ur_msgs' build argument 'catkin_skip_building_tests' from command line to 'False'
[0.154s] DEBUG:colcon.colcon_core.verb:Building package 'ur_msgs' with the following arguments: {'ament_cmake_args': None, 'build_base': '/home/administrator/Masterproject2/20_ROS/src/Robots/build/ur_msgs', 'catkin_cmake_args': None, 'catkin_skip_building_tests': False, 'cmake_args': None, 'cmake_clean_cache': False, 'cmake_clean_first': False, 'cmake_force_configure': False, 'cmake_target': None, 'cmake_target_skip_unavailable': False, 'install_base': '/home/administrator/Masterproject2/20_ROS/src/Robots/install/ur_msgs', 'merge_install': False, 'path': '/home/administrator/Masterproject2/20_ROS/src/Robots/UR_Driver/ur_msgs', 'symlink_install': False, 'test_result_base': None}
[0.154s] Level 5:colcon.colcon_core.verb:set package 'amr_visualisation' build argument 'cmake_args' from command line to 'None'
[0.154s] Level 5:colcon.colcon_core.verb:set package 'amr_visualisation' build argument 'cmake_target' from command line to 'None'
[0.154s] Level 5:colcon.colcon_core.verb:set package 'amr_visualisation' build argument 'cmake_target_skip_unavailable' from command line to 'False'
[0.154s] Level 5:colcon.colcon_core.verb:set package 'amr_visualisation' build argument 'cmake_clean_cache' from command line to 'False'
[0.154s] Level 5:colcon.colcon_core.verb:set package 'amr_visualisation' build argument 'cmake_clean_first' from command line to 'False'
[0.154s] Level 5:colcon.colcon_core.verb:set package 'amr_visualisation' build argument 'cmake_force_configure' from command line to 'False'
[0.154s] Level 5:colcon.colcon_core.verb:set package 'amr_visualisation' build argument 'ament_cmake_args' from command line to 'None'
[0.154s] Level 5:colcon.colcon_core.verb:set package 'amr_visualisation' build argument 'catkin_cmake_args' from command line to 'None'
[0.154s] Level 5:colcon.colcon_core.verb:set package 'amr_visualisation' build argument 'catkin_skip_building_tests' from command line to 'False'
[0.154s] DEBUG:colcon.colcon_core.verb:Building package 'amr_visualisation' with the following arguments: {'ament_cmake_args': None, 'build_base': '/home/administrator/Masterproject2/20_ROS/src/Robots/build/amr_visualisation', 'catkin_cmake_args': None, 'catkin_skip_building_tests': False, 'cmake_args': None, 'cmake_clean_cache': False, 'cmake_clean_first': False, 'cmake_force_configure': False, 'cmake_target': None, 'cmake_target_skip_unavailable': False, 'install_base': '/home/administrator/Masterproject2/20_ROS/src/Robots/install/amr_visualisation', 'merge_install': False, 'path': '/home/administrator/Masterproject2/20_ROS/src/Robots/Omron_AMR/src/amr_visualisation', 'symlink_install': False, 'test_result_base': None}
[0.154s] Level 5:colcon.colcon_core.verb:set package 'demo' build argument 'cmake_args' from command line to 'None'
[0.154s] Level 5:colcon.colcon_core.verb:set package 'demo' build argument 'cmake_target' from command line to 'None'
[0.154s] Level 5:colcon.colcon_core.verb:set package 'demo' build argument 'cmake_target_skip_unavailable' from command line to 'False'
[0.154s] Level 5:colcon.colcon_core.verb:set package 'demo' build argument 'cmake_clean_cache' from command line to 'False'
[0.154s] Level 5:colcon.colcon_core.verb:set package 'demo' build argument 'cmake_clean_first' from command line to 'False'
[0.154s] Level 5:colcon.colcon_core.verb:set package 'demo' build argument 'cmake_force_configure' from command line to 'False'
[0.154s] Level 5:colcon.colcon_core.verb:set package 'demo' build argument 'ament_cmake_args' from command line to 'None'
[0.154s] Level 5:colcon.colcon_core.verb:set package 'demo' build argument 'catkin_cmake_args' from command line to 'None'
[0.154s] Level 5:colcon.colcon_core.verb:set package 'demo' build argument 'catkin_skip_building_tests' from command line to 'False'
[0.154s] DEBUG:colcon.colcon_core.verb:Building package 'demo' with the following arguments: {'ament_cmake_args': None, 'build_base': '/home/administrator/Masterproject2/20_ROS/src/Robots/build/demo', 'catkin_cmake_args': None, 'catkin_skip_building_tests': False, 'cmake_args': None, 'cmake_clean_cache': False, 'cmake_clean_first': False, 'cmake_force_configure': False, 'cmake_target': None, 'cmake_target_skip_unavailable': False, 'install_base': '/home/administrator/Masterproject2/20_ROS/src/Robots/install/demo', 'merge_install': False, 'path': '/home/administrator/Masterproject2/20_ROS/src/Robots/Omron_AMR/src/demo', 'symlink_install': False, 'test_result_base': None}
[0.154s] Level 5:colcon.colcon_core.verb:set package 'meca500_bringup' build argument 'cmake_args' from command line to 'None'
[0.154s] Level 5:colcon.colcon_core.verb:set package 'meca500_bringup' build argument 'cmake_target' from command line to 'None'
[0.154s] Level 5:colcon.colcon_core.verb:set package 'meca500_bringup' build argument 'cmake_target_skip_unavailable' from command line to 'False'
[0.154s] Level 5:colcon.colcon_core.verb:set package 'meca500_bringup' build argument 'cmake_clean_cache' from command line to 'False'
[0.154s] Level 5:colcon.colcon_core.verb:set package 'meca500_bringup' build argument 'cmake_clean_first' from command line to 'False'
[0.154s] Level 5:colcon.colcon_core.verb:set package 'meca500_bringup' build argument 'cmake_force_configure' from command line to 'False'
[0.154s] Level 5:colcon.colcon_core.verb:set package 'meca500_bringup' build argument 'ament_cmake_args' from command line to 'None'
[0.154s] Level 5:colcon.colcon_core.verb:set package 'meca500_bringup' build argument 'catkin_cmake_args' from command line to 'None'
[0.154s] Level 5:colcon.colcon_core.verb:set package 'meca500_bringup' build argument 'catkin_skip_building_tests' from command line to 'False'
[0.154s] DEBUG:colcon.colcon_core.verb:Building package 'meca500_bringup' with the following arguments: {'ament_cmake_args': None, 'build_base': '/home/administrator/Masterproject2/20_ROS/src/Robots/build/meca500_bringup', 'catkin_cmake_args': None, 'catkin_skip_building_tests': False, 'cmake_args': None, 'cmake_clean_cache': False, 'cmake_clean_first': False, 'cmake_force_configure': False, 'cmake_target': None, 'cmake_target_skip_unavailable': False, 'install_base': '/home/administrator/Masterproject2/20_ROS/src/Robots/install/meca500_bringup', 'merge_install': False, 'path': '/home/administrator/Masterproject2/20_ROS/src/Robots/Mecademic/meca500_bringup', 'symlink_install': False, 'test_result_base': None}
[0.154s] Level 5:colcon.colcon_core.verb:set package 'mir_driver' build argument 'cmake_args' from command line to 'None'
[0.154s] Level 5:colcon.colcon_core.verb:set package 'mir_driver' build argument 'cmake_target' from command line to 'None'
[0.154s] Level 5:colcon.colcon_core.verb:set package 'mir_driver' build argument 'cmake_target_skip_unavailable' from command line to 'False'
[0.154s] Level 5:colcon.colcon_core.verb:set package 'mir_driver' build argument 'cmake_clean_cache' from command line to 'False'
[0.154s] Level 5:colcon.colcon_core.verb:set package 'mir_driver' build argument 'cmake_clean_first' from command line to 'False'
[0.154s] Level 5:colcon.colcon_core.verb:set package 'mir_driver' build argument 'cmake_force_configure' from command line to 'False'
[0.154s] Level 5:colcon.colcon_core.verb:set package 'mir_driver' build argument 'ament_cmake_args' from command line to 'None'
[0.154s] Level 5:colcon.colcon_core.verb:set package 'mir_driver' build argument 'catkin_cmake_args' from command line to 'None'
[0.154s] Level 5:colcon.colcon_core.verb:set package 'mir_driver' build argument 'catkin_skip_building_tests' from command line to 'False'
[0.154s] DEBUG:colcon.colcon_core.verb:Building package 'mir_driver' with the following arguments: {'ament_cmake_args': None, 'build_base': '/home/administrator/Masterproject2/20_ROS/src/Robots/build/mir_driver', 'catkin_cmake_args': None, 'catkin_skip_building_tests': False, 'cmake_args': None, 'cmake_clean_cache': False, 'cmake_clean_first': False, 'cmake_force_configure': False, 'cmake_target': None, 'cmake_target_skip_unavailable': False, 'install_base': '/home/administrator/Masterproject2/20_ROS/src/Robots/install/mir_driver', 'merge_install': False, 'path': '/home/administrator/Masterproject2/20_ROS/src/Robots/MIR/mir_driver', 'symlink_install': False, 'test_result_base': None}
[0.155s] Level 5:colcon.colcon_core.verb:set package 'om_aiv_util' build argument 'cmake_args' from command line to 'None'
[0.155s] Level 5:colcon.colcon_core.verb:set package 'om_aiv_util' build argument 'cmake_target' from command line to 'None'
[0.155s] Level 5:colcon.colcon_core.verb:set package 'om_aiv_util' build argument 'cmake_target_skip_unavailable' from command line to 'False'
[0.155s] Level 5:colcon.colcon_core.verb:set package 'om_aiv_util' build argument 'cmake_clean_cache' from command line to 'False'
[0.155s] Level 5:colcon.colcon_core.verb:set package 'om_aiv_util' build argument 'cmake_clean_first' from command line to 'False'
[0.155s] Level 5:colcon.colcon_core.verb:set package 'om_aiv_util' build argument 'cmake_force_configure' from command line to 'False'
[0.155s] Level 5:colcon.colcon_core.verb:set package 'om_aiv_util' build argument 'ament_cmake_args' from command line to 'None'
[0.155s] Level 5:colcon.colcon_core.verb:set package 'om_aiv_util' build argument 'catkin_cmake_args' from command line to 'None'
[0.155s] Level 5:colcon.colcon_core.verb:set package 'om_aiv_util' build argument 'catkin_skip_building_tests' from command line to 'False'
[0.155s] DEBUG:colcon.colcon_core.verb:Building package 'om_aiv_util' with the following arguments: {'ament_cmake_args': None, 'build_base': '/home/administrator/Masterproject2/20_ROS/src/Robots/build/om_aiv_util', 'catkin_cmake_args': None, 'catkin_skip_building_tests': False, 'cmake_args': None, 'cmake_clean_cache': False, 'cmake_clean_first': False, 'cmake_force_configure': False, 'cmake_target': None, 'cmake_target_skip_unavailable': False, 'install_base': '/home/administrator/Masterproject2/20_ROS/src/Robots/install/om_aiv_util', 'merge_install': False, 'path': '/home/administrator/Masterproject2/20_ROS/src/Robots/Omron_AMR/src/om_aiv_util', 'symlink_install': False, 'test_result_base': None}
[0.155s] Level 5:colcon.colcon_core.verb:set package 'ur_controllers' build argument 'cmake_args' from command line to 'None'
[0.155s] Level 5:colcon.colcon_core.verb:set package 'ur_controllers' build argument 'cmake_target' from command line to 'None'
[0.155s] Level 5:colcon.colcon_core.verb:set package 'ur_controllers' build argument 'cmake_target_skip_unavailable' from command line to 'False'
[0.155s] Level 5:colcon.colcon_core.verb:set package 'ur_controllers' build argument 'cmake_clean_cache' from command line to 'False'
[0.155s] Level 5:colcon.colcon_core.verb:set package 'ur_controllers' build argument 'cmake_clean_first' from command line to 'False'
[0.155s] Level 5:colcon.colcon_core.verb:set package 'ur_controllers' build argument 'cmake_force_configure' from command line to 'False'
[0.155s] Level 5:colcon.colcon_core.verb:set package 'ur_controllers' build argument 'ament_cmake_args' from command line to 'None'
[0.155s] Level 5:colcon.colcon_core.verb:set package 'ur_controllers' build argument 'catkin_cmake_args' from command line to 'None'
[0.155s] Level 5:colcon.colcon_core.verb:set package 'ur_controllers' build argument 'catkin_skip_building_tests' from command line to 'False'
[0.155s] DEBUG:colcon.colcon_core.verb:Building package 'ur_controllers' with the following arguments: {'ament_cmake_args': None, 'build_base': '/home/administrator/Masterproject2/20_ROS/src/Robots/build/ur_controllers', 'catkin_cmake_args': None, 'catkin_skip_building_tests': False, 'cmake_args': None, 'cmake_clean_cache': False, 'cmake_clean_first': False, 'cmake_force_configure': False, 'cmake_target': None, 'cmake_target_skip_unavailable': False, 'install_base': '/home/administrator/Masterproject2/20_ROS/src/Robots/install/ur_controllers', 'merge_install': False, 'path': '/home/administrator/Masterproject2/20_ROS/src/Robots/UR_Driver/ur_controllers', 'symlink_install': False, 'test_result_base': None}
[0.155s] Level 5:colcon.colcon_core.verb:set package 'ur_moveit_config' build argument 'cmake_args' from command line to 'None'
[0.155s] Level 5:colcon.colcon_core.verb:set package 'ur_moveit_config' build argument 'cmake_target' from command line to 'None'
[0.155s] Level 5:colcon.colcon_core.verb:set package 'ur_moveit_config' build argument 'cmake_target_skip_unavailable' from command line to 'False'
[0.155s] Level 5:colcon.colcon_core.verb:set package 'ur_moveit_config' build argument 'cmake_clean_cache' from command line to 'False'
[0.155s] Level 5:colcon.colcon_core.verb:set package 'ur_moveit_config' build argument 'cmake_clean_first' from command line to 'False'
[0.155s] Level 5:colcon.colcon_core.verb:set package 'ur_moveit_config' build argument 'cmake_force_configure' from command line to 'False'
[0.155s] Level 5:colcon.colcon_core.verb:set package 'ur_moveit_config' build argument 'ament_cmake_args' from command line to 'None'
[0.155s] Level 5:colcon.colcon_core.verb:set package 'ur_moveit_config' build argument 'catkin_cmake_args' from command line to 'None'
[0.155s] Level 5:colcon.colcon_core.verb:set package 'ur_moveit_config' build argument 'catkin_skip_building_tests' from command line to 'False'
[0.155s] DEBUG:colcon.colcon_core.verb:Building package 'ur_moveit_config' with the following arguments: {'ament_cmake_args': None, 'build_base': '/home/administrator/Masterproject2/20_ROS/src/Robots/build/ur_moveit_config', 'catkin_cmake_args': None, 'catkin_skip_building_tests': False, 'cmake_args': None, 'cmake_clean_cache': False, 'cmake_clean_first': False, 'cmake_force_configure': False, 'cmake_target': None, 'cmake_target_skip_unavailable': False, 'install_base': '/home/administrator/Masterproject2/20_ROS/src/Robots/install/ur_moveit_config', 'merge_install': False, 'path': '/home/administrator/Masterproject2/20_ROS/src/Robots/UR_Driver/ur_moveit_config', 'symlink_install': False, 'test_result_base': None}
[0.155s] Level 5:colcon.colcon_core.verb:set package 'mir_gazebo' build argument 'cmake_args' from command line to 'None'
[0.155s] Level 5:colcon.colcon_core.verb:set package 'mir_gazebo' build argument 'cmake_target' from command line to 'None'
[0.155s] Level 5:colcon.colcon_core.verb:set package 'mir_gazebo' build argument 'cmake_target_skip_unavailable' from command line to 'False'
[0.155s] Level 5:colcon.colcon_core.verb:set package 'mir_gazebo' build argument 'cmake_clean_cache' from command line to 'False'
[0.155s] Level 5:colcon.colcon_core.verb:set package 'mir_gazebo' build argument 'cmake_clean_first' from command line to 'False'
[0.155s] Level 5:colcon.colcon_core.verb:set package 'mir_gazebo' build argument 'cmake_force_configure' from command line to 'False'
[0.155s] Level 5:colcon.colcon_core.verb:set package 'mir_gazebo' build argument 'ament_cmake_args' from command line to 'None'
[0.155s] Level 5:colcon.colcon_core.verb:set package 'mir_gazebo' build argument 'catkin_cmake_args' from command line to 'None'
[0.155s] Level 5:colcon.colcon_core.verb:set package 'mir_gazebo' build argument 'catkin_skip_building_tests' from command line to 'False'
[0.155s] DEBUG:colcon.colcon_core.verb:Building package 'mir_gazebo' with the following arguments: {'ament_cmake_args': None, 'build_base': '/home/administrator/Masterproject2/20_ROS/src/Robots/build/mir_gazebo', 'catkin_cmake_args': None, 'catkin_skip_building_tests': False, 'cmake_args': None, 'cmake_clean_cache': False, 'cmake_clean_first': False, 'cmake_force_configure': False, 'cmake_target': None, 'cmake_target_skip_unavailable': False, 'install_base': '/home/administrator/Masterproject2/20_ROS/src/Robots/install/mir_gazebo', 'merge_install': False, 'path': '/home/administrator/Masterproject2/20_ROS/src/Robots/MIR/mir_gazebo', 'symlink_install': False, 'test_result_base': None}
[0.155s] Level 5:colcon.colcon_core.verb:set package 'ur_robot_driver' build argument 'cmake_args' from command line to 'None'
[0.155s] Level 5:colcon.colcon_core.verb:set package 'ur_robot_driver' build argument 'cmake_target' from command line to 'None'
[0.155s] Level 5:colcon.colcon_core.verb:set package 'ur_robot_driver' build argument 'cmake_target_skip_unavailable' from command line to 'False'
[0.155s] Level 5:colcon.colcon_core.verb:set package 'ur_robot_driver' build argument 'cmake_clean_cache' from command line to 'False'
[0.155s] Level 5:colcon.colcon_core.verb:set package 'ur_robot_driver' build argument 'cmake_clean_first' from command line to 'False'
[0.155s] Level 5:colcon.colcon_core.verb:set package 'ur_robot_driver' build argument 'cmake_force_configure' from command line to 'False'
[0.155s] Level 5:colcon.colcon_core.verb:set package 'ur_robot_driver' build argument 'ament_cmake_args' from command line to 'None'
[0.155s] Level 5:colcon.colcon_core.verb:set package 'ur_robot_driver' build argument 'catkin_cmake_args' from command line to 'None'
[0.155s] Level 5:colcon.colcon_core.verb:set package 'ur_robot_driver' build argument 'catkin_skip_building_tests' from command line to 'False'
[0.155s] DEBUG:colcon.colcon_core.verb:Building package 'ur_robot_driver' with the following arguments: {'ament_cmake_args': None, 'build_base': '/home/administrator/Masterproject2/20_ROS/src/Robots/build/ur_robot_driver', 'catkin_cmake_args': None, 'catkin_skip_building_tests': False, 'cmake_args': None, 'cmake_clean_cache': False, 'cmake_clean_first': False, 'cmake_force_configure': False, 'cmake_target': None, 'cmake_target_skip_unavailable': False, 'install_base': '/home/administrator/Masterproject2/20_ROS/src/Robots/install/ur_robot_driver', 'merge_install': False, 'path': '/home/administrator/Masterproject2/20_ROS/src/Robots/UR_Driver/ur_robot_driver', 'symlink_install': False, 'test_result_base': None}
[0.155s] Level 5:colcon.colcon_core.verb:set package 'mir_navigation' build argument 'cmake_args' from command line to 'None'
[0.155s] Level 5:colcon.colcon_core.verb:set package 'mir_navigation' build argument 'cmake_target' from command line to 'None'
[0.155s] Level 5:colcon.colcon_core.verb:set package 'mir_navigation' build argument 'cmake_target_skip_unavailable' from command line to 'False'
[0.156s] Level 5:colcon.colcon_core.verb:set package 'mir_navigation' build argument 'cmake_clean_cache' from command line to 'False'
[0.156s] Level 5:colcon.colcon_core.verb:set package 'mir_navigation' build argument 'cmake_clean_first' from command line to 'False'
[0.156s] Level 5:colcon.colcon_core.verb:set package 'mir_navigation' build argument 'cmake_force_configure' from command line to 'False'
[0.156s] Level 5:colcon.colcon_core.verb:set package 'mir_navigation' build argument 'ament_cmake_args' from command line to 'None'
[0.156s] Level 5:colcon.colcon_core.verb:set package 'mir_navigation' build argument 'catkin_cmake_args' from command line to 'None'
[0.156s] Level 5:colcon.colcon_core.verb:set package 'mir_navigation' build argument 'catkin_skip_building_tests' from command line to 'False'
[0.156s] DEBUG:colcon.colcon_core.verb:Building package 'mir_navigation' with the following arguments: {'ament_cmake_args': None, 'build_base': '/home/administrator/Masterproject2/20_ROS/src/Robots/build/mir_navigation', 'catkin_cmake_args': None, 'catkin_skip_building_tests': False, 'cmake_args': None, 'cmake_clean_cache': False, 'cmake_clean_first': False, 'cmake_force_configure': False, 'cmake_target': None, 'cmake_target_skip_unavailable': False, 'install_base': '/home/administrator/Masterproject2/20_ROS/src/Robots/install/mir_navigation', 'merge_install': False, 'path': '/home/administrator/Masterproject2/20_ROS/src/Robots/MIR/mir_navigation', 'symlink_install': False, 'test_result_base': None}
[0.156s] Level 5:colcon.colcon_core.verb:set package 'ur_calibration' build argument 'cmake_args' from command line to 'None'
[0.156s] Level 5:colcon.colcon_core.verb:set package 'ur_calibration' build argument 'cmake_target' from command line to 'None'
[0.156s] Level 5:colcon.colcon_core.verb:set package 'ur_calibration' build argument 'cmake_target_skip_unavailable' from command line to 'False'
[0.156s] Level 5:colcon.colcon_core.verb:set package 'ur_calibration' build argument 'cmake_clean_cache' from command line to 'False'
[0.156s] Level 5:colcon.colcon_core.verb:set package 'ur_calibration' build argument 'cmake_clean_first' from command line to 'False'
[0.156s] Level 5:colcon.colcon_core.verb:set package 'ur_calibration' build argument 'cmake_force_configure' from command line to 'False'
[0.156s] Level 5:colcon.colcon_core.verb:set package 'ur_calibration' build argument 'ament_cmake_args' from command line to 'None'
[0.156s] Level 5:colcon.colcon_core.verb:set package 'ur_calibration' build argument 'catkin_cmake_args' from command line to 'None'
[0.156s] Level 5:colcon.colcon_core.verb:set package 'ur_calibration' build argument 'catkin_skip_building_tests' from command line to 'False'
[0.156s] DEBUG:colcon.colcon_core.verb:Building package 'ur_calibration' with the following arguments: {'ament_cmake_args': None, 'build_base': '/home/administrator/Masterproject2/20_ROS/src/Robots/build/ur_calibration', 'catkin_cmake_args': None, 'catkin_skip_building_tests': False, 'cmake_args': None, 'cmake_clean_cache': False, 'cmake_clean_first': False, 'cmake_force_configure': False, 'cmake_target': None, 'cmake_target_skip_unavailable': False, 'install_base': '/home/administrator/Masterproject2/20_ROS/src/Robots/install/ur_calibration', 'merge_install': False, 'path': '/home/administrator/Masterproject2/20_ROS/src/Robots/UR_Driver/ur_calibration', 'symlink_install': False, 'test_result_base': None}
[0.156s] Level 5:colcon.colcon_core.verb:set package 'mir_robot' build argument 'cmake_args' from command line to 'None'
[0.156s] Level 5:colcon.colcon_core.verb:set package 'mir_robot' build argument 'cmake_target' from command line to 'None'
[0.156s] Level 5:colcon.colcon_core.verb:set package 'mir_robot' build argument 'cmake_target_skip_unavailable' from command line to 'False'
[0.156s] Level 5:colcon.colcon_core.verb:set package 'mir_robot' build argument 'cmake_clean_cache' from command line to 'False'
[0.156s] Level 5:colcon.colcon_core.verb:set package 'mir_robot' build argument 'cmake_clean_first' from command line to 'False'
[0.156s] Level 5:colcon.colcon_core.verb:set package 'mir_robot' build argument 'cmake_force_configure' from command line to 'False'
[0.156s] Level 5:colcon.colcon_core.verb:set package 'mir_robot' build argument 'ament_cmake_args' from command line to 'None'
[0.156s] Level 5:colcon.colcon_core.verb:set package 'mir_robot' build argument 'catkin_cmake_args' from command line to 'None'
[0.156s] Level 5:colcon.colcon_core.verb:set package 'mir_robot' build argument 'catkin_skip_building_tests' from command line to 'False'
[0.156s] DEBUG:colcon.colcon_core.verb:Building package 'mir_robot' with the following arguments: {'ament_cmake_args': None, 'build_base': '/home/administrator/Masterproject2/20_ROS/src/Robots/build/mir_robot', 'catkin_cmake_args': None, 'catkin_skip_building_tests': False, 'cmake_args': None, 'cmake_clean_cache': False, 'cmake_clean_first': False, 'cmake_force_configure': False, 'cmake_target': None, 'cmake_target_skip_unavailable': False, 'install_base': '/home/administrator/Masterproject2/20_ROS/src/Robots/install/mir_robot', 'merge_install': False, 'path': '/home/administrator/Masterproject2/20_ROS/src/Robots/MIR/mir_robot', 'symlink_install': False, 'test_result_base': None}
[0.156s] Level 5:colcon.colcon_core.verb:set package 'ur' build argument 'cmake_args' from command line to 'None'
[0.156s] Level 5:colcon.colcon_core.verb:set package 'ur' build argument 'cmake_target' from command line to 'None'
[0.156s] Level 5:colcon.colcon_core.verb:set package 'ur' build argument 'cmake_target_skip_unavailable' from command line to 'False'
[0.156s] Level 5:colcon.colcon_core.verb:set package 'ur' build argument 'cmake_clean_cache' from command line to 'False'
[0.156s] Level 5:colcon.colcon_core.verb:set package 'ur' build argument 'cmake_clean_first' from command line to 'False'
[0.156s] Level 5:colcon.colcon_core.verb:set package 'ur' build argument 'cmake_force_configure' from command line to 'False'
[0.156s] Level 5:colcon.colcon_core.verb:set package 'ur' build argument 'ament_cmake_args' from command line to 'None'
[0.156s] Level 5:colcon.colcon_core.verb:set package 'ur' build argument 'catkin_cmake_args' from command line to 'None'
[0.156s] Level 5:colcon.colcon_core.verb:set package 'ur' build argument 'catkin_skip_building_tests' from command line to 'False'
[0.156s] DEBUG:colcon.colcon_core.verb:Building package 'ur' with the following arguments: {'ament_cmake_args': None, 'build_base': '/home/administrator/Masterproject2/20_ROS/src/Robots/build/ur', 'catkin_cmake_args': None, 'catkin_skip_building_tests': False, 'cmake_args': None, 'cmake_clean_cache': False, 'cmake_clean_first': False, 'cmake_force_configure': False, 'cmake_target': None, 'cmake_target_skip_unavailable': False, 'install_base': '/home/administrator/Masterproject2/20_ROS/src/Robots/install/ur', 'merge_install': False, 'path': '/home/administrator/Masterproject2/20_ROS/src/Robots/UR_Driver/ur', 'symlink_install': False, 'test_result_base': None}
[0.156s] INFO:colcon.colcon_core.executor:Executing jobs using 'parallel' executor
[0.157s] DEBUG:colcon.colcon_parallel_executor.executor.parallel:run_until_complete
[0.158s] INFO:colcon.colcon_ros.task.ament_cmake.build:Building ROS package in '/home/administrator/Masterproject2/20_ROS/src/Robots/MIR/mir_actions' with build type 'ament_cmake'
[0.158s] INFO:colcon.colcon_cmake.task.cmake.build:Building CMake package in '/home/administrator/Masterproject2/20_ROS/src/Robots/MIR/mir_actions'
[0.160s] INFO:colcon.colcon_core.plugin_system:Skipping extension 'colcon_core.shell.bat': Not used on non-Windows systems
[0.161s] INFO:colcon.colcon_core.shell:Skip shell extension 'powershell' for command environment: Not usable outside of PowerShell
[0.161s] DEBUG:colcon.colcon_core.shell:Skip shell extension 'dsv' for command environment
[0.164s] INFO:colcon.colcon_ros.task.ament_cmake.build:Building ROS package in '/home/administrator/Masterproject2/20_ROS/src/Robots/MIR/mir_description' with build type 'ament_cmake'
[0.165s] INFO:colcon.colcon_cmake.task.cmake.build:Building CMake package in '/home/administrator/Masterproject2/20_ROS/src/Robots/MIR/mir_description'
[0.165s] INFO:colcon.colcon_core.shell:Skip shell extension 'powershell' for command environment: Not usable outside of PowerShell
[0.165s] DEBUG:colcon.colcon_core.shell:Skip shell extension 'dsv' for command environment
[0.168s] INFO:colcon.colcon_ros.task.ament_cmake.build:Building ROS package in '/home/administrator/Masterproject2/20_ROS/src/Robots/MIR/mir_msgs' with build type 'ament_cmake'
[0.168s] INFO:colcon.colcon_cmake.task.cmake.build:Building CMake package in '/home/administrator/Masterproject2/20_ROS/src/Robots/MIR/mir_msgs'
[0.169s] INFO:colcon.colcon_core.shell:Skip shell extension 'powershell' for command environment: Not usable outside of PowerShell
[0.169s] DEBUG:colcon.colcon_core.shell:Skip shell extension 'dsv' for command environment
[0.171s] INFO:colcon.colcon_ros.task.ament_cmake.build:Building ROS package in '/home/administrator/Masterproject2/20_ROS/src/Robots/UR_Driver/my_ur_msgs' with build type 'ament_cmake'
[0.172s] INFO:colcon.colcon_cmake.task.cmake.build:Building CMake package in '/home/administrator/Masterproject2/20_ROS/src/Robots/UR_Driver/my_ur_msgs'
[0.172s] INFO:colcon.colcon_core.shell:Skip shell extension 'powershell' for command environment: Not usable outside of PowerShell
[0.172s] DEBUG:colcon.colcon_core.shell:Skip shell extension 'dsv' for command environment
[0.175s] INFO:colcon.colcon_ros.task.ament_cmake.build:Building ROS package in '/home/administrator/Masterproject2/20_ROS/src/Robots/UR_Driver/ur_dashboard_msgs' with build type 'ament_cmake'
[0.175s] INFO:colcon.colcon_cmake.task.cmake.build:Building CMake package in '/home/administrator/Masterproject2/20_ROS/src/Robots/UR_Driver/ur_dashboard_msgs'
[0.175s] INFO:colcon.colcon_core.shell:Skip shell extension 'powershell' for command environment: Not usable outside of PowerShell
[0.175s] DEBUG:colcon.colcon_core.shell:Skip shell extension 'dsv' for command environment
[0.178s] INFO:colcon.colcon_ros.task.ament_cmake.build:Building ROS package in '/home/administrator/Masterproject2/20_ROS/src/Robots/UR_Description' with build type 'ament_cmake'
[0.178s] INFO:colcon.colcon_cmake.task.cmake.build:Building CMake package in '/home/administrator/Masterproject2/20_ROS/src/Robots/UR_Description'
[0.178s] INFO:colcon.colcon_core.shell:Skip shell extension 'powershell' for command environment: Not usable outside of PowerShell
[0.178s] DEBUG:colcon.colcon_core.shell:Skip shell extension 'dsv' for command environment
[0.180s] INFO:colcon.colcon_ros.task.ament_cmake.build:Building ROS package in '/home/administrator/Masterproject2/20_ROS/src/Robots/UR_Driver/ur_msgs' with build type 'ament_cmake'
[0.180s] INFO:colcon.colcon_cmake.task.cmake.build:Building CMake package in '/home/administrator/Masterproject2/20_ROS/src/Robots/UR_Driver/ur_msgs'
[0.180s] INFO:colcon.colcon_core.shell:Skip shell extension 'powershell' for command environment: Not usable outside of PowerShell
[0.180s] DEBUG:colcon.colcon_core.shell:Skip shell extension 'dsv' for command environment
[0.182s] INFO:colcon.colcon_ros.task.ament_cmake.build:Building ROS package in '/home/administrator/Masterproject2/20_ROS/src/Robots/Omron_AMR/src/om_aiv_msg' with build type 'ament_cmake'
[0.182s] INFO:colcon.colcon_cmake.task.cmake.build:Building CMake package in '/home/administrator/Masterproject2/20_ROS/src/Robots/Omron_AMR/src/om_aiv_msg'
[0.182s] INFO:colcon.colcon_core.shell:Skip shell extension 'powershell' for command environment: Not usable outside of PowerShell
[0.182s] DEBUG:colcon.colcon_core.shell:Skip shell extension 'dsv' for command environment
[0.184s] INFO:colcon.colcon_ros.task.ament_cmake.build:Building ROS package in '/home/administrator/Masterproject2/20_ROS/src/Robots/MIR/mir_dwb_critics' with build type 'ament_cmake'
[0.184s] INFO:colcon.colcon_cmake.task.cmake.build:Building CMake package in '/home/administrator/Masterproject2/20_ROS/src/Robots/MIR/mir_dwb_critics'
[0.184s] INFO:colcon.colcon_core.shell:Skip shell extension 'powershell' for command environment: Not usable outside of PowerShell
[0.184s] DEBUG:colcon.colcon_core.shell:Skip shell extension 'dsv' for command environment
[0.186s] INFO:colcon.colcon_ros.task.ament_cmake.build:Building ROS package in '/home/administrator/Masterproject2/20_ROS/src/Robots/Mecademic/meca500_description' with build type 'ament_cmake'
[0.186s] INFO:colcon.colcon_cmake.task.cmake.build:Building CMake package in '/home/administrator/Masterproject2/20_ROS/src/Robots/Mecademic/meca500_description'
[0.186s] INFO:colcon.colcon_core.shell:Skip shell extension 'powershell' for command environment: Not usable outside of PowerShell
[0.186s] DEBUG:colcon.colcon_core.shell:Skip shell extension 'dsv' for command environment
[0.187s] INFO:colcon.colcon_ros.task.ament_cmake.build:Building ROS package in '/home/administrator/Masterproject2/20_ROS/src/Robots/Mecademic/meca500_hardware' with build type 'ament_cmake'
[0.187s] INFO:colcon.colcon_cmake.task.cmake.build:Building CMake package in '/home/administrator/Masterproject2/20_ROS/src/Robots/Mecademic/meca500_hardware'
[0.187s] INFO:colcon.colcon_core.shell:Skip shell extension 'powershell' for command environment: Not usable outside of PowerShell
[0.187s] DEBUG:colcon.colcon_core.shell:Skip shell extension 'dsv' for command environment
[0.189s] INFO:colcon.colcon_ros.task.ament_cmake.build:Building ROS package in '/home/administrator/Masterproject2/20_ROS/src/Robots/MIR/sdc21x0' with build type 'ament_cmake'
[0.189s] INFO:colcon.colcon_cmake.task.cmake.build:Building CMake package in '/home/administrator/Masterproject2/20_ROS/src/Robots/MIR/sdc21x0'
[0.189s] INFO:colcon.colcon_core.shell:Skip shell extension 'powershell' for command environment: Not usable outside of PowerShell
[0.189s] DEBUG:colcon.colcon_core.shell:Skip shell extension 'dsv' for command environment
[0.190s] INFO:colcon.colcon_ros.task.ament_cmake.build:Building ROS package in '/home/administrator/Masterproject2/20_ROS/src/Robots/Mecademic/meca500_moveit_config' with build type 'ament_cmake'
[0.190s] INFO:colcon.colcon_cmake.task.cmake.build:Building CMake package in '/home/administrator/Masterproject2/20_ROS/src/Robots/Mecademic/meca500_moveit_config'
[0.190s] INFO:colcon.colcon_core.shell:Skip shell extension 'powershell' for command environment: Not usable outside of PowerShell
[0.190s] DEBUG:colcon.colcon_core.shell:Skip shell extension 'dsv' for command environment
[0.191s] INFO:colcon.colcon_ros.task.ament_python.build:Building ROS package in '/home/administrator/Masterproject2/20_ROS/src/Robots/Omron_AMR/src/om_aiv_navigation' with build type 'ament_python'
[0.191s] Level 1:colcon.colcon_core.shell:create_environment_hook('om_aiv_navigation', 'ament_prefix_path')
[0.191s] INFO:colcon.colcon_core.shell:Creating environment hook '/home/administrator/Masterproject2/20_ROS/src/Robots/install/om_aiv_navigation/share/om_aiv_navigation/hook/ament_prefix_path.ps1'
[0.201s] INFO:colcon.colcon_core.shell:Creating environment descriptor '/home/administrator/Masterproject2/20_ROS/src/Robots/install/om_aiv_navigation/share/om_aiv_navigation/hook/ament_prefix_path.dsv'
[0.201s] INFO:colcon.colcon_core.shell:Creating environment hook '/home/administrator/Masterproject2/20_ROS/src/Robots/install/om_aiv_navigation/share/om_aiv_navigation/hook/ament_prefix_path.sh'
[0.201s] INFO:colcon.colcon_core.shell:Skip shell extension 'powershell' for command environment: Not usable outside of PowerShell
[0.201s] DEBUG:colcon.colcon_core.shell:Skip shell extension 'dsv' for command environment
[0.206s] DEBUG:colcon.colcon_core.event_handler.log_command:Invoking command in '/home/administrator/Masterproject2/20_ROS/src/Robots/build/mir_actions': CMAKE_PREFIX_PATH=${CMAKE_PREFIX_PATH}:/opt/ros/kilted DEBUGINFOD_URLS=https://debuginfod.ubuntu.com /usr/bin/cmake --build /home/administrator/Masterproject2/20_ROS/src/Robots/build/mir_actions -- -j14 -l14
[0.207s] DEBUG:colcon.colcon_core.event_handler.log_command:Invoking command in '/home/administrator/Masterproject2/20_ROS/src/Robots/build/mir_description': CMAKE_PREFIX_PATH=${CMAKE_PREFIX_PATH}:/opt/ros/kilted DEBUGINFOD_URLS=https://debuginfod.ubuntu.com /usr/bin/cmake --build /home/administrator/Masterproject2/20_ROS/src/Robots/build/mir_description -- -j14 -l14
[0.208s] DEBUG:colcon.colcon_core.event_handler.log_command:Invoking command in '/home/administrator/Masterproject2/20_ROS/src/Robots/build/mir_msgs': CMAKE_PREFIX_PATH=${CMAKE_PREFIX_PATH}:/opt/ros/kilted DEBUGINFOD_URLS=https://debuginfod.ubuntu.com /usr/bin/cmake --build /home/administrator/Masterproject2/20_ROS/src/Robots/build/mir_msgs -- -j14 -l14
[0.208s] DEBUG:colcon.colcon_core.event_handler.log_command:Invoking command in '/home/administrator/Masterproject2/20_ROS/src/Robots/build/my_ur_msgs': CMAKE_PREFIX_PATH=${CMAKE_PREFIX_PATH}:/opt/ros/kilted DEBUGINFOD_URLS=https://debuginfod.ubuntu.com /usr/bin/cmake /home/administrator/Masterproject2/20_ROS/src/Robots/UR_Driver/my_ur_msgs -DCMAKE_INSTALL_PREFIX=/home/administrator/Masterproject2/20_ROS/src/Robots/install/my_ur_msgs
[0.209s] DEBUG:colcon.colcon_core.event_handler.log_command:Invoking command in '/home/administrator/Masterproject2/20_ROS/src/Robots/build/ur_dashboard_msgs': CMAKE_PREFIX_PATH=${CMAKE_PREFIX_PATH}:/opt/ros/kilted DEBUGINFOD_URLS=https://debuginfod.ubuntu.com /usr/bin/cmake --build /home/administrator/Masterproject2/20_ROS/src/Robots/build/ur_dashboard_msgs -- -j14 -l14
[0.210s] DEBUG:colcon.colcon_core.event_handler.log_command:Invoking command in '/home/administrator/Masterproject2/20_ROS/src/Robots/build/ur_description': CMAKE_PREFIX_PATH=${CMAKE_PREFIX_PATH}:/opt/ros/kilted DEBUGINFOD_URLS=https://debuginfod.ubuntu.com /usr/bin/cmake /home/administrator/Masterproject2/20_ROS/src/Robots/UR_Description -DCMAKE_INSTALL_PREFIX=/home/administrator/Masterproject2/20_ROS/src/Robots/install/ur_description
[0.210s] DEBUG:colcon.colcon_core.event_handler.log_command:Invoking command in '/home/administrator/Masterproject2/20_ROS/src/Robots/build/ur_msgs': CMAKE_PREFIX_PATH=${CMAKE_PREFIX_PATH}:/opt/ros/kilted DEBUGINFOD_URLS=https://debuginfod.ubuntu.com /usr/bin/cmake /home/administrator/Masterproject2/20_ROS/src/Robots/UR_Driver/ur_msgs -DCMAKE_INSTALL_PREFIX=/home/administrator/Masterproject2/20_ROS/src/Robots/install/ur_msgs
[0.214s] DEBUG:colcon.colcon_core.event_handler.log_command:Invoking command in '/home/administrator/Masterproject2/20_ROS/src/Robots/build/om_aiv_msg': CMAKE_PREFIX_PATH=${CMAKE_PREFIX_PATH}:/opt/ros/kilted DEBUGINFOD_URLS=https://debuginfod.ubuntu.com /usr/bin/cmake --build /home/administrator/Masterproject2/20_ROS/src/Robots/build/om_aiv_msg -- -j14 -l14
[0.215s] DEBUG:colcon.colcon_core.event_handler.log_command:Invoking command in '/home/administrator/Masterproject2/20_ROS/src/Robots/build/mir_dwb_critics': CMAKE_PREFIX_PATH=${CMAKE_PREFIX_PATH}:/opt/ros/kilted DEBUGINFOD_URLS=https://debuginfod.ubuntu.com /usr/bin/cmake --build /home/administrator/Masterproject2/20_ROS/src/Robots/build/mir_dwb_critics -- -j14 -l14
[0.216s] DEBUG:colcon.colcon_core.event_handler.log_command:Invoking command in '/home/administrator/Masterproject2/20_ROS/src/Robots/build/meca500_description': CMAKE_PREFIX_PATH=${CMAKE_PREFIX_PATH}:/opt/ros/kilted DEBUGINFOD_URLS=https://debuginfod.ubuntu.com /usr/bin/cmake --build /home/administrator/Masterproject2/20_ROS/src/Robots/build/meca500_description -- -j14 -l14
[0.218s] DEBUG:colcon.colcon_core.event_handler.log_command:Invoking command in '/home/administrator/Masterproject2/20_ROS/src/Robots/build/meca500_hardware': CMAKE_PREFIX_PATH=${CMAKE_PREFIX_PATH}:/opt/ros/kilted DEBUGINFOD_URLS=https://debuginfod.ubuntu.com /usr/bin/cmake --build /home/administrator/Masterproject2/20_ROS/src/Robots/build/meca500_hardware -- -j14 -l14
[0.220s] DEBUG:colcon.colcon_core.event_handler.log_command:Invoking command in '/home/administrator/Masterproject2/20_ROS/src/Robots/build/sdc21x0': CMAKE_PREFIX_PATH=${CMAKE_PREFIX_PATH}:/opt/ros/kilted DEBUGINFOD_URLS=https://debuginfod.ubuntu.com /usr/bin/cmake --build /home/administrator/Masterproject2/20_ROS/src/Robots/build/sdc21x0 -- -j14 -l14
[0.226s] DEBUG:colcon.colcon_core.event_handler.log_command:Invoking command in '/home/administrator/Masterproject2/20_ROS/src/Robots/build/meca500_moveit_config': CMAKE_PREFIX_PATH=${CMAKE_PREFIX_PATH}:/opt/ros/kilted DEBUGINFOD_URLS=https://debuginfod.ubuntu.com /usr/bin/cmake --build /home/administrator/Masterproject2/20_ROS/src/Robots/build/meca500_moveit_config -- -j14 -l14
[0.421s] INFO:colcon.colcon_core.task.python.build:Building Python package in '/home/administrator/Masterproject2/20_ROS/src/Robots/Omron_AMR/src/om_aiv_navigation'
[0.422s] INFO:colcon.colcon_core.shell:Skip shell extension 'powershell' for command environment: Not usable outside of PowerShell
[0.422s] DEBUG:colcon.colcon_core.shell:Skip shell extension 'dsv' for command environment
[0.432s] DEBUG:colcon.colcon_core.event_handler.log_command:Invoked command in '/home/administrator/Masterproject2/20_ROS/src/Robots/build/mir_description' returned '0': CMAKE_PREFIX_PATH=${CMAKE_PREFIX_PATH}:/opt/ros/kilted DEBUGINFOD_URLS=https://debuginfod.ubuntu.com /usr/bin/cmake --build /home/administrator/Masterproject2/20_ROS/src/Robots/build/mir_description -- -j14 -l14
[0.443s] DEBUG:colcon.colcon_core.event_handler.log_command:Invoking command in '/home/administrator/Masterproject2/20_ROS/src/Robots/build/mir_description': CMAKE_PREFIX_PATH=${CMAKE_PREFIX_PATH}:/opt/ros/kilted DEBUGINFOD_URLS=https://debuginfod.ubuntu.com /usr/bin/cmake --install /home/administrator/Masterproject2/20_ROS/src/Robots/build/mir_description
[0.446s] DEBUG:colcon.colcon_core.event_handler.log_command:Invoked command in '/home/administrator/Masterproject2/20_ROS/src/Robots/build/mir_dwb_critics' returned '0': CMAKE_PREFIX_PATH=${CMAKE_PREFIX_PATH}:/opt/ros/kilted DEBUGINFOD_URLS=https://debuginfod.ubuntu.com /usr/bin/cmake --build /home/administrator/Masterproject2/20_ROS/src/Robots/build/mir_dwb_critics -- -j14 -l14
[0.447s] DEBUG:colcon.colcon_core.event_handler.log_command:Invoking command in '/home/administrator/Masterproject2/20_ROS/src/Robots/build/mir_dwb_critics': CMAKE_PREFIX_PATH=${CMAKE_PREFIX_PATH}:/opt/ros/kilted DEBUGINFOD_URLS=https://debuginfod.ubuntu.com /usr/bin/cmake --install /home/administrator/Masterproject2/20_ROS/src/Robots/build/mir_dwb_critics
[0.447s] DEBUG:colcon.colcon_core.event_handler.log_command:Invoked command in '/home/administrator/Masterproject2/20_ROS/src/Robots/build/meca500_description' returned '0': CMAKE_PREFIX_PATH=${CMAKE_PREFIX_PATH}:/opt/ros/kilted DEBUGINFOD_URLS=https://debuginfod.ubuntu.com /usr/bin/cmake --build /home/administrator/Masterproject2/20_ROS/src/Robots/build/meca500_description -- -j14 -l14
[0.447s] DEBUG:colcon.colcon_core.event_handler.log_command:Invoking command in '/home/administrator/Masterproject2/20_ROS/src/Robots/build/meca500_description': CMAKE_PREFIX_PATH=${CMAKE_PREFIX_PATH}:/opt/ros/kilted DEBUGINFOD_URLS=https://debuginfod.ubuntu.com /usr/bin/cmake --install /home/administrator/Masterproject2/20_ROS/src/Robots/build/meca500_description
[0.447s] DEBUG:colcon.colcon_core.event_handler.log_command:Invoked command in '/home/administrator/Masterproject2/20_ROS/src/Robots/build/meca500_hardware' returned '0': CMAKE_PREFIX_PATH=${CMAKE_PREFIX_PATH}:/opt/ros/kilted DEBUGINFOD_URLS=https://debuginfod.ubuntu.com /usr/bin/cmake --build /home/administrator/Masterproject2/20_ROS/src/Robots/build/meca500_hardware -- -j14 -l14
[0.448s] DEBUG:colcon.colcon_core.event_handler.log_command:Invoking command in '/home/administrator/Masterproject2/20_ROS/src/Robots/build/meca500_hardware': CMAKE_PREFIX_PATH=${CMAKE_PREFIX_PATH}:/opt/ros/kilted DEBUGINFOD_URLS=https://debuginfod.ubuntu.com /usr/bin/cmake --install /home/administrator/Masterproject2/20_ROS/src/Robots/build/meca500_hardware
[0.451s] DEBUG:colcon.colcon_core.event_handler.log_command:Invoked command in '/home/administrator/Masterproject2/20_ROS/src/Robots/build/meca500_moveit_config' returned '0': CMAKE_PREFIX_PATH=${CMAKE_PREFIX_PATH}:/opt/ros/kilted DEBUGINFOD_URLS=https://debuginfod.ubuntu.com /usr/bin/cmake --build /home/administrator/Masterproject2/20_ROS/src/Robots/build/meca500_moveit_config -- -j14 -l14
[0.455s] DEBUG:colcon.colcon_core.event_handler.log_command:Invoking command in '/home/administrator/Masterproject2/20_ROS/src/Robots/build/meca500_moveit_config': CMAKE_PREFIX_PATH=${CMAKE_PREFIX_PATH}:/opt/ros/kilted DEBUGINFOD_URLS=https://debuginfod.ubuntu.com /usr/bin/cmake --install /home/administrator/Masterproject2/20_ROS/src/Robots/build/meca500_moveit_config
[0.463s] Level 1:colcon.colcon_core.environment:create_environment_scripts_only(mir_dwb_critics)
[0.466s] Level 1:colcon.colcon_core.environment:checking '/home/administrator/Masterproject2/20_ROS/src/Robots/install/mir_dwb_critics' for CMake module files
[0.469s] DEBUG:colcon.colcon_core.event_handler.log_command:Invoked command in '/home/administrator/Masterproject2/20_ROS/src/Robots/build/mir_dwb_critics' returned '0': CMAKE_PREFIX_PATH=${CMAKE_PREFIX_PATH}:/opt/ros/kilted DEBUGINFOD_URLS=https://debuginfod.ubuntu.com /usr/bin/cmake --install /home/administrator/Masterproject2/20_ROS/src/Robots/build/mir_dwb_critics
[0.469s] Level 1:colcon.colcon_core.environment:checking '/home/administrator/Masterproject2/20_ROS/src/Robots/install/mir_dwb_critics' for CMake config files
[0.471s] Level 1:colcon.colcon_core.shell:create_environment_hook('mir_dwb_critics', 'cmake_prefix_path')
[0.471s] INFO:colcon.colcon_core.shell:Creating environment hook '/home/administrator/Masterproject2/20_ROS/src/Robots/install/mir_dwb_critics/share/mir_dwb_critics/hook/cmake_prefix_path.ps1'
[0.471s] INFO:colcon.colcon_core.shell:Creating environment descriptor '/home/administrator/Masterproject2/20_ROS/src/Robots/install/mir_dwb_critics/share/mir_dwb_critics/hook/cmake_prefix_path.dsv'
[0.472s] INFO:colcon.colcon_core.shell:Creating environment hook '/home/administrator/Masterproject2/20_ROS/src/Robots/install/mir_dwb_critics/share/mir_dwb_critics/hook/cmake_prefix_path.sh'
[0.472s] Level 1:colcon.colcon_core.environment:checking '/home/administrator/Masterproject2/20_ROS/src/Robots/install/mir_dwb_critics/lib'
[0.472s] Level 1:colcon.colcon_core.environment:checking '/home/administrator/Masterproject2/20_ROS/src/Robots/install/mir_dwb_critics/bin'
[0.473s] Level 1:colcon.colcon_core.environment:checking '/home/administrator/Masterproject2/20_ROS/src/Robots/install/mir_dwb_critics/lib/pkgconfig/mir_dwb_critics.pc'
[0.473s] Level 1:colcon.colcon_core.environment:checking '/home/administrator/Masterproject2/20_ROS/src/Robots/install/mir_dwb_critics/lib/python3.12/site-packages'
[0.473s] Level 1:colcon.colcon_core.environment:checking '/home/administrator/Masterproject2/20_ROS/src/Robots/install/mir_dwb_critics/bin'
[0.473s] INFO:colcon.colcon_core.shell:Creating package script '/home/administrator/Masterproject2/20_ROS/src/Robots/install/mir_dwb_critics/share/mir_dwb_critics/package.ps1'
[0.474s] INFO:colcon.colcon_core.shell:Creating package descriptor '/home/administrator/Masterproject2/20_ROS/src/Robots/install/mir_dwb_critics/share/mir_dwb_critics/package.dsv'
[0.475s] INFO:colcon.colcon_core.shell:Creating package script '/home/administrator/Masterproject2/20_ROS/src/Robots/install/mir_dwb_critics/share/mir_dwb_critics/package.sh'
[0.475s] INFO:colcon.colcon_core.shell:Creating package script '/home/administrator/Masterproject2/20_ROS/src/Robots/install/mir_dwb_critics/share/mir_dwb_critics/package.bash'
[0.476s] INFO:colcon.colcon_core.shell:Creating package script '/home/administrator/Masterproject2/20_ROS/src/Robots/install/mir_dwb_critics/share/mir_dwb_critics/package.zsh'
[0.476s] Level 1:colcon.colcon_core.environment:create_file_with_runtime_dependencies(/home/administrator/Masterproject2/20_ROS/src/Robots/install/mir_dwb_critics/share/colcon-core/packages/mir_dwb_critics)
[0.477s] Level 1:colcon.colcon_core.environment:create_environment_scripts_only(mir_dwb_critics)
[0.478s] Level 1:colcon.colcon_core.environment:checking '/home/administrator/Masterproject2/20_ROS/src/Robots/install/mir_dwb_critics' for CMake module files
[0.482s] Level 1:colcon.colcon_core.environment:checking '/home/administrator/Masterproject2/20_ROS/src/Robots/install/mir_dwb_critics' for CMake config files
[0.482s] Level 1:colcon.colcon_core.shell:create_environment_hook('mir_dwb_critics', 'cmake_prefix_path')
[0.483s] INFO:colcon.colcon_core.shell:Creating environment hook '/home/administrator/Masterproject2/20_ROS/src/Robots/install/mir_dwb_critics/share/mir_dwb_critics/hook/cmake_prefix_path.ps1'
[0.484s] INFO:colcon.colcon_core.shell:Creating environment descriptor '/home/administrator/Masterproject2/20_ROS/src/Robots/install/mir_dwb_critics/share/mir_dwb_critics/hook/cmake_prefix_path.dsv'
[0.485s] INFO:colcon.colcon_core.shell:Creating environment hook '/home/administrator/Masterproject2/20_ROS/src/Robots/install/mir_dwb_critics/share/mir_dwb_critics/hook/cmake_prefix_path.sh'
[0.487s] Level 1:colcon.colcon_core.environment:checking '/home/administrator/Masterproject2/20_ROS/src/Robots/install/mir_dwb_critics/lib'
[0.487s] Level 1:colcon.colcon_core.environment:checking '/home/administrator/Masterproject2/20_ROS/src/Robots/install/mir_dwb_critics/bin'
[0.487s] Level 1:colcon.colcon_core.environment:checking '/home/administrator/Masterproject2/20_ROS/src/Robots/install/mir_dwb_critics/lib/pkgconfig/mir_dwb_critics.pc'
[0.488s] Level 1:colcon.colcon_core.environment:checking '/home/administrator/Masterproject2/20_ROS/src/Robots/install/mir_dwb_critics/lib/python3.12/site-packages'
[0.488s] Level 1:colcon.colcon_core.environment:checking '/home/administrator/Masterproject2/20_ROS/src/Robots/install/mir_dwb_critics/bin'
[0.488s] INFO:colcon.colcon_core.shell:Creating package script '/home/administrator/Masterproject2/20_ROS/src/Robots/install/mir_dwb_critics/share/mir_dwb_critics/package.ps1'
[0.489s] INFO:colcon.colcon_core.shell:Creating package descriptor '/home/administrator/Masterproject2/20_ROS/src/Robots/install/mir_dwb_critics/share/mir_dwb_critics/package.dsv'
[0.489s] INFO:colcon.colcon_core.shell:Creating package script '/home/administrator/Masterproject2/20_ROS/src/Robots/install/mir_dwb_critics/share/mir_dwb_critics/package.sh'
[0.489s] INFO:colcon.colcon_core.shell:Creating package script '/home/administrator/Masterproject2/20_ROS/src/Robots/install/mir_dwb_critics/share/mir_dwb_critics/package.bash'
[0.493s] INFO:colcon.colcon_core.shell:Creating package script '/home/administrator/Masterproject2/20_ROS/src/Robots/install/mir_dwb_critics/share/mir_dwb_critics/package.zsh'
[0.493s] Level 1:colcon.colcon_core.environment:create_file_with_runtime_dependencies(/home/administrator/Masterproject2/20_ROS/src/Robots/install/mir_dwb_critics/share/colcon-core/packages/mir_dwb_critics)
[0.494s] Level 1:colcon.colcon_core.environment:create_environment_scripts_only(mir_description)
[0.495s] Level 1:colcon.colcon_core.environment:checking '/home/administrator/Masterproject2/20_ROS/src/Robots/install/mir_description' for CMake module files
[0.495s] Level 1:colcon.colcon_core.environment:checking '/home/administrator/Masterproject2/20_ROS/src/Robots/install/mir_description' for CMake config files
[0.495s] Level 1:colcon.colcon_core.shell:create_environment_hook('mir_description', 'cmake_prefix_path')
[0.495s] INFO:colcon.colcon_core.shell:Creating environment hook '/home/administrator/Masterproject2/20_ROS/src/Robots/install/mir_description/share/mir_description/hook/cmake_prefix_path.ps1'
[0.496s] INFO:colcon.colcon_core.shell:Creating environment descriptor '/home/administrator/Masterproject2/20_ROS/src/Robots/install/mir_description/share/mir_description/hook/cmake_prefix_path.dsv'
[0.496s] DEBUG:colcon.colcon_core.event_handler.log_command:Invoked command in '/home/administrator/Masterproject2/20_ROS/src/Robots/build/mir_description' returned '0': CMAKE_PREFIX_PATH=${CMAKE_PREFIX_PATH}:/opt/ros/kilted DEBUGINFOD_URLS=https://debuginfod.ubuntu.com /usr/bin/cmake --install /home/administrator/Masterproject2/20_ROS/src/Robots/build/mir_description
[0.496s] INFO:colcon.colcon_core.shell:Creating environment hook '/home/administrator/Masterproject2/20_ROS/src/Robots/install/mir_description/share/mir_description/hook/cmake_prefix_path.sh'
[0.497s] Level 1:colcon.colcon_core.environment:checking '/home/administrator/Masterproject2/20_ROS/src/Robots/install/mir_description/bin'
[0.497s] Level 1:colcon.colcon_core.environment:checking '/home/administrator/Masterproject2/20_ROS/src/Robots/install/mir_description/lib/pkgconfig/mir_description.pc'
[0.497s] Level 1:colcon.colcon_core.environment:checking '/home/administrator/Masterproject2/20_ROS/src/Robots/install/mir_description/lib/python3.12/site-packages'
[0.497s] Level 1:colcon.colcon_core.environment:checking '/home/administrator/Masterproject2/20_ROS/src/Robots/install/mir_description/bin'
[0.498s] INFO:colcon.colcon_core.shell:Creating package script '/home/administrator/Masterproject2/20_ROS/src/Robots/install/mir_description/share/mir_description/package.ps1'
[0.498s] INFO:colcon.colcon_core.shell:Creating package descriptor '/home/administrator/Masterproject2/20_ROS/src/Robots/install/mir_description/share/mir_description/package.dsv'
[0.498s] INFO:colcon.colcon_core.shell:Creating package script '/home/administrator/Masterproject2/20_ROS/src/Robots/install/mir_description/share/mir_description/package.sh'
[0.498s] INFO:colcon.colcon_core.shell:Creating package script '/home/administrator/Masterproject2/20_ROS/src/Robots/install/mir_description/share/mir_description/package.bash'
[0.499s] INFO:colcon.colcon_core.shell:Creating package script '/home/administrator/Masterproject2/20_ROS/src/Robots/install/mir_description/share/mir_description/package.zsh'
[0.499s] Level 1:colcon.colcon_core.environment:create_file_with_runtime_dependencies(/home/administrator/Masterproject2/20_ROS/src/Robots/install/mir_description/share/colcon-core/packages/mir_description)
[0.500s] Level 1:colcon.colcon_core.environment:create_environment_scripts_only(mir_description)
[0.500s] Level 1:colcon.colcon_core.environment:checking '/home/administrator/Masterproject2/20_ROS/src/Robots/install/mir_description' for CMake module files
[0.500s] Level 1:colcon.colcon_core.environment:checking '/home/administrator/Masterproject2/20_ROS/src/Robots/install/mir_description' for CMake config files
[0.500s] Level 1:colcon.colcon_core.shell:create_environment_hook('mir_description', 'cmake_prefix_path')
[0.500s] INFO:colcon.colcon_core.shell:Creating environment hook '/home/administrator/Masterproject2/20_ROS/src/Robots/install/mir_description/share/mir_description/hook/cmake_prefix_path.ps1'
[0.501s] INFO:colcon.colcon_core.shell:Creating environment descriptor '/home/administrator/Masterproject2/20_ROS/src/Robots/install/mir_description/share/mir_description/hook/cmake_prefix_path.dsv'
[0.501s] INFO:colcon.colcon_core.shell:Creating environment hook '/home/administrator/Masterproject2/20_ROS/src/Robots/install/mir_description/share/mir_description/hook/cmake_prefix_path.sh'
[0.501s] Level 1:colcon.colcon_core.environment:checking '/home/administrator/Masterproject2/20_ROS/src/Robots/install/mir_description/bin'
[0.501s] Level 1:colcon.colcon_core.environment:checking '/home/administrator/Masterproject2/20_ROS/src/Robots/install/mir_description/lib/pkgconfig/mir_description.pc'
[0.501s] Level 1:colcon.colcon_core.environment:checking '/home/administrator/Masterproject2/20_ROS/src/Robots/install/mir_description/lib/python3.12/site-packages'
[0.502s] Level 1:colcon.colcon_core.environment:checking '/home/administrator/Masterproject2/20_ROS/src/Robots/install/mir_description/bin'
[0.502s] INFO:colcon.colcon_core.shell:Creating package script '/home/administrator/Masterproject2/20_ROS/src/Robots/install/mir_description/share/mir_description/package.ps1'
[0.502s] INFO:colcon.colcon_core.shell:Creating package descriptor '/home/administrator/Masterproject2/20_ROS/src/Robots/install/mir_description/share/mir_description/package.dsv'
[0.505s] INFO:colcon.colcon_core.shell:Creating package script '/home/administrator/Masterproject2/20_ROS/src/Robots/install/mir_description/share/mir_description/package.sh'
[0.505s] INFO:colcon.colcon_core.shell:Creating package script '/home/administrator/Masterproject2/20_ROS/src/Robots/install/mir_description/share/mir_description/package.bash'
[0.505s] INFO:colcon.colcon_core.shell:Creating package script '/home/administrator/Masterproject2/20_ROS/src/Robots/install/mir_description/share/mir_description/package.zsh'
[0.506s] Level 1:colcon.colcon_core.environment:create_file_with_runtime_dependencies(/home/administrator/Masterproject2/20_ROS/src/Robots/install/mir_description/share/colcon-core/packages/mir_description)
[0.510s] Level 1:colcon.colcon_core.environment:create_environment_scripts_only(meca500_description)
[0.510s] Level 1:colcon.colcon_core.environment:checking '/home/administrator/Masterproject2/20_ROS/src/Robots/install/meca500_description' for CMake module files
[0.515s] Level 1:colcon.colcon_core.environment:checking '/home/administrator/Masterproject2/20_ROS/src/Robots/install/meca500_description' for CMake config files
[0.515s] Level 1:colcon.colcon_core.shell:create_environment_hook('meca500_description', 'cmake_prefix_path')
[0.515s] INFO:colcon.colcon_core.shell:Creating environment hook '/home/administrator/Masterproject2/20_ROS/src/Robots/install/meca500_description/share/meca500_description/hook/cmake_prefix_path.ps1'
[0.516s] INFO:colcon.colcon_core.shell:Creating environment descriptor '/home/administrator/Masterproject2/20_ROS/src/Robots/install/meca500_description/share/meca500_description/hook/cmake_prefix_path.dsv'
[0.517s] INFO:colcon.colcon_core.shell:Creating environment hook '/home/administrator/Masterproject2/20_ROS/src/Robots/install/meca500_description/share/meca500_description/hook/cmake_prefix_path.sh'
[0.520s] Level 1:colcon.colcon_core.environment:checking '/home/administrator/Masterproject2/20_ROS/src/Robots/install/meca500_description/bin'
[0.520s] Level 1:colcon.colcon_core.environment:checking '/home/administrator/Masterproject2/20_ROS/src/Robots/install/meca500_description/lib/pkgconfig/meca500_description.pc'
[0.520s] Level 1:colcon.colcon_core.environment:checking '/home/administrator/Masterproject2/20_ROS/src/Robots/install/meca500_description/lib/python3.12/site-packages'
[0.521s] Level 1:colcon.colcon_core.environment:checking '/home/administrator/Masterproject2/20_ROS/src/Robots/install/meca500_description/bin'
[0.521s] INFO:colcon.colcon_core.shell:Creating package script '/home/administrator/Masterproject2/20_ROS/src/Robots/install/meca500_description/share/meca500_description/package.ps1'
[0.520s] DEBUG:colcon.colcon_core.event_handler.log_command:Invoked command in '/home/administrator/Masterproject2/20_ROS/src/Robots/build/meca500_description' returned '0': CMAKE_PREFIX_PATH=${CMAKE_PREFIX_PATH}:/opt/ros/kilted DEBUGINFOD_URLS=https://debuginfod.ubuntu.com /usr/bin/cmake --install /home/administrator/Masterproject2/20_ROS/src/Robots/build/meca500_description
[0.523s] INFO:colcon.colcon_core.shell:Creating package descriptor '/home/administrator/Masterproject2/20_ROS/src/Robots/install/meca500_description/share/meca500_description/package.dsv'
[0.523s] INFO:colcon.colcon_core.shell:Creating package script '/home/administrator/Masterproject2/20_ROS/src/Robots/install/meca500_description/share/meca500_description/package.sh'
[0.523s] INFO:colcon.colcon_core.shell:Creating package script '/home/administrator/Masterproject2/20_ROS/src/Robots/install/meca500_description/share/meca500_description/package.bash'
[0.523s] INFO:colcon.colcon_core.shell:Creating package script '/home/administrator/Masterproject2/20_ROS/src/Robots/install/meca500_description/share/meca500_description/package.zsh'
[0.524s] Level 1:colcon.colcon_core.environment:create_file_with_runtime_dependencies(/home/administrator/Masterproject2/20_ROS/src/Robots/install/meca500_description/share/colcon-core/packages/meca500_description)
[0.524s] Level 1:colcon.colcon_core.environment:create_environment_scripts_only(meca500_description)
[0.524s] Level 1:colcon.colcon_core.environment:checking '/home/administrator/Masterproject2/20_ROS/src/Robots/install/meca500_description' for CMake module files
[0.525s] Level 1:colcon.colcon_core.environment:checking '/home/administrator/Masterproject2/20_ROS/src/Robots/install/meca500_description' for CMake config files
[0.525s] Level 1:colcon.colcon_core.shell:create_environment_hook('meca500_description', 'cmake_prefix_path')
[0.525s] INFO:colcon.colcon_core.shell:Creating environment hook '/home/administrator/Masterproject2/20_ROS/src/Robots/install/meca500_description/share/meca500_description/hook/cmake_prefix_path.ps1'
[0.526s] INFO:colcon.colcon_core.shell:Creating environment descriptor '/home/administrator/Masterproject2/20_ROS/src/Robots/install/meca500_description/share/meca500_description/hook/cmake_prefix_path.dsv'
[0.526s] INFO:colcon.colcon_core.shell:Creating environment hook '/home/administrator/Masterproject2/20_ROS/src/Robots/install/meca500_description/share/meca500_description/hook/cmake_prefix_path.sh'
[0.527s] Level 1:colcon.colcon_core.environment:checking '/home/administrator/Masterproject2/20_ROS/src/Robots/install/meca500_description/bin'
[0.527s] Level 1:colcon.colcon_core.environment:checking '/home/administrator/Masterproject2/20_ROS/src/Robots/install/meca500_description/lib/pkgconfig/meca500_description.pc'
[0.527s] Level 1:colcon.colcon_core.environment:checking '/home/administrator/Masterproject2/20_ROS/src/Robots/install/meca500_description/lib/python3.12/site-packages'
[0.527s] Level 1:colcon.colcon_core.environment:checking '/home/administrator/Masterproject2/20_ROS/src/Robots/install/meca500_description/bin'
[0.527s] INFO:colcon.colcon_core.shell:Creating package script '/home/administrator/Masterproject2/20_ROS/src/Robots/install/meca500_description/share/meca500_description/package.ps1'
[0.528s] INFO:colcon.colcon_core.shell:Creating package descriptor '/home/administrator/Masterproject2/20_ROS/src/Robots/install/meca500_description/share/meca500_description/package.dsv'
[0.528s] INFO:colcon.colcon_core.shell:Creating package script '/home/administrator/Masterproject2/20_ROS/src/Robots/install/meca500_description/share/meca500_description/package.sh'
[0.529s] INFO:colcon.colcon_core.shell:Creating package script '/home/administrator/Masterproject2/20_ROS/src/Robots/install/meca500_description/share/meca500_description/package.bash'
[0.529s] INFO:colcon.colcon_core.shell:Creating package script '/home/administrator/Masterproject2/20_ROS/src/Robots/install/meca500_description/share/meca500_description/package.zsh'
[0.530s] Level 1:colcon.colcon_core.environment:create_file_with_runtime_dependencies(/home/administrator/Masterproject2/20_ROS/src/Robots/install/meca500_description/share/colcon-core/packages/meca500_description)
[0.530s] Level 1:colcon.colcon_core.environment:create_environment_scripts_only(meca500_hardware)
[0.531s] Level 1:colcon.colcon_core.environment:checking '/home/administrator/Masterproject2/20_ROS/src/Robots/install/meca500_hardware' for CMake module files
[0.531s] Level 1:colcon.colcon_core.environment:checking '/home/administrator/Masterproject2/20_ROS/src/Robots/install/meca500_hardware' for CMake config files
[0.531s] Level 1:colcon.colcon_core.shell:create_environment_hook('meca500_hardware', 'cmake_prefix_path')
[0.531s] INFO:colcon.colcon_core.shell:Creating environment hook '/home/administrator/Masterproject2/20_ROS/src/Robots/install/meca500_hardware/share/meca500_hardware/hook/cmake_prefix_path.ps1'
[0.532s] INFO:colcon.colcon_core.shell:Creating environment descriptor '/home/administrator/Masterproject2/20_ROS/src/Robots/install/meca500_hardware/share/meca500_hardware/hook/cmake_prefix_path.dsv'
[0.532s] INFO:colcon.colcon_core.shell:Creating environment hook '/home/administrator/Masterproject2/20_ROS/src/Robots/install/meca500_hardware/share/meca500_hardware/hook/cmake_prefix_path.sh'
[0.533s] Level 1:colcon.colcon_core.environment:checking '/home/administrator/Masterproject2/20_ROS/src/Robots/install/meca500_hardware/lib'
[0.533s] Level 1:colcon.colcon_core.shell:create_environment_hook('meca500_hardware', 'ld_library_path_lib')
[0.533s] INFO:colcon.colcon_core.shell:Creating environment hook '/home/administrator/Masterproject2/20_ROS/src/Robots/install/meca500_hardware/share/meca500_hardware/hook/ld_library_path_lib.ps1'
[0.533s] INFO:colcon.colcon_core.shell:Creating environment descriptor '/home/administrator/Masterproject2/20_ROS/src/Robots/install/meca500_hardware/share/meca500_hardware/hook/ld_library_path_lib.dsv'
[0.534s] INFO:colcon.colcon_core.shell:Creating environment hook '/home/administrator/Masterproject2/20_ROS/src/Robots/install/meca500_hardware/share/meca500_hardware/hook/ld_library_path_lib.sh'
[0.534s] Level 1:colcon.colcon_core.environment:checking '/home/administrator/Masterproject2/20_ROS/src/Robots/install/meca500_hardware/bin'
[0.534s] Level 1:colcon.colcon_core.environment:checking '/home/administrator/Masterproject2/20_ROS/src/Robots/install/meca500_hardware/lib/pkgconfig/meca500_hardware.pc'
[0.534s] Level 1:colcon.colcon_core.environment:checking '/home/administrator/Masterproject2/20_ROS/src/Robots/install/meca500_hardware/lib/python3.12/site-packages'
[0.534s] Level 1:colcon.colcon_core.environment:checking '/home/administrator/Masterproject2/20_ROS/src/Robots/install/meca500_hardware/bin'
[0.534s] INFO:colcon.colcon_core.shell:Creating package script '/home/administrator/Masterproject2/20_ROS/src/Robots/install/meca500_hardware/share/meca500_hardware/package.ps1'
[0.535s] DEBUG:colcon.colcon_core.event_handler.log_command:Invoked command in '/home/administrator/Masterproject2/20_ROS/src/Robots/build/meca500_hardware' returned '0': CMAKE_PREFIX_PATH=${CMAKE_PREFIX_PATH}:/opt/ros/kilted DEBUGINFOD_URLS=https://debuginfod.ubuntu.com /usr/bin/cmake --install /home/administrator/Masterproject2/20_ROS/src/Robots/build/meca500_hardware
[0.536s] INFO:colcon.colcon_core.shell:Creating package descriptor '/home/administrator/Masterproject2/20_ROS/src/Robots/install/meca500_hardware/share/meca500_hardware/package.dsv'
[0.537s] INFO:colcon.colcon_core.shell:Creating package script '/home/administrator/Masterproject2/20_ROS/src/Robots/install/meca500_hardware/share/meca500_hardware/package.sh'
[0.537s] INFO:colcon.colcon_core.shell:Creating package script '/home/administrator/Masterproject2/20_ROS/src/Robots/install/meca500_hardware/share/meca500_hardware/package.bash'
[0.538s] INFO:colcon.colcon_core.shell:Creating package script '/home/administrator/Masterproject2/20_ROS/src/Robots/install/meca500_hardware/share/meca500_hardware/package.zsh'
[0.538s] Level 1:colcon.colcon_core.environment:create_file_with_runtime_dependencies(/home/administrator/Masterproject2/20_ROS/src/Robots/install/meca500_hardware/share/colcon-core/packages/meca500_hardware)
[0.538s] Level 1:colcon.colcon_core.environment:create_environment_scripts_only(meca500_hardware)
[0.538s] Level 1:colcon.colcon_core.environment:checking '/home/administrator/Masterproject2/20_ROS/src/Robots/install/meca500_hardware' for CMake module files
[0.539s] Level 1:colcon.colcon_core.environment:checking '/home/administrator/Masterproject2/20_ROS/src/Robots/install/meca500_hardware' for CMake config files
[0.539s] Level 1:colcon.colcon_core.shell:create_environment_hook('meca500_hardware', 'cmake_prefix_path')
[0.539s] INFO:colcon.colcon_core.shell:Creating environment hook '/home/administrator/Masterproject2/20_ROS/src/Robots/install/meca500_hardware/share/meca500_hardware/hook/cmake_prefix_path.ps1'
[0.540s] INFO:colcon.colcon_core.shell:Creating environment descriptor '/home/administrator/Masterproject2/20_ROS/src/Robots/install/meca500_hardware/share/meca500_hardware/hook/cmake_prefix_path.dsv'
[0.541s] INFO:colcon.colcon_core.shell:Creating environment hook '/home/administrator/Masterproject2/20_ROS/src/Robots/install/meca500_hardware/share/meca500_hardware/hook/cmake_prefix_path.sh'
[0.541s] Level 1:colcon.colcon_core.environment:checking '/home/administrator/Masterproject2/20_ROS/src/Robots/install/meca500_hardware/lib'
[0.541s] Level 1:colcon.colcon_core.shell:create_environment_hook('meca500_hardware', 'ld_library_path_lib')
[0.541s] INFO:colcon.colcon_core.shell:Creating environment hook '/home/administrator/Masterproject2/20_ROS/src/Robots/install/meca500_hardware/share/meca500_hardware/hook/ld_library_path_lib.ps1'
[0.542s] INFO:colcon.colcon_core.shell:Creating environment descriptor '/home/administrator/Masterproject2/20_ROS/src/Robots/install/meca500_hardware/share/meca500_hardware/hook/ld_library_path_lib.dsv'
[0.542s] INFO:colcon.colcon_core.shell:Creating environment hook '/home/administrator/Masterproject2/20_ROS/src/Robots/install/meca500_hardware/share/meca500_hardware/hook/ld_library_path_lib.sh'
[0.542s] Level 1:colcon.colcon_core.environment:checking '/home/administrator/Masterproject2/20_ROS/src/Robots/install/meca500_hardware/bin'
[0.542s] Level 1:colcon.colcon_core.environment:checking '/home/administrator/Masterproject2/20_ROS/src/Robots/install/meca500_hardware/lib/pkgconfig/meca500_hardware.pc'
[0.542s] Level 1:colcon.colcon_core.environment:checking '/home/administrator/Masterproject2/20_ROS/src/Robots/install/meca500_hardware/lib/python3.12/site-packages'
[0.544s] Level 1:colcon.colcon_core.environment:checking '/home/administrator/Masterproject2/20_ROS/src/Robots/install/meca500_hardware/bin'
[0.544s] INFO:colcon.colcon_core.shell:Creating package script '/home/administrator/Masterproject2/20_ROS/src/Robots/install/meca500_hardware/share/meca500_hardware/package.ps1'
[0.545s] INFO:colcon.colcon_core.shell:Creating package descriptor '/home/administrator/Masterproject2/20_ROS/src/Robots/install/meca500_hardware/share/meca500_hardware/package.dsv'
[0.545s] INFO:colcon.colcon_core.shell:Creating package script '/home/administrator/Masterproject2/20_ROS/src/Robots/install/meca500_hardware/share/meca500_hardware/package.sh'
[0.545s] INFO:colcon.colcon_core.shell:Creating package script '/home/administrator/Masterproject2/20_ROS/src/Robots/install/meca500_hardware/share/meca500_hardware/package.bash'
[0.546s] INFO:colcon.colcon_core.shell:Creating package script '/home/administrator/Masterproject2/20_ROS/src/Robots/install/meca500_hardware/share/meca500_hardware/package.zsh'
[0.546s] Level 1:colcon.colcon_core.environment:create_file_with_runtime_dependencies(/home/administrator/Masterproject2/20_ROS/src/Robots/install/meca500_hardware/share/colcon-core/packages/meca500_hardware)
[0.546s] Level 1:colcon.colcon_core.environment:create_environment_scripts_only(meca500_moveit_config)
[0.547s] Level 1:colcon.colcon_core.environment:checking '/home/administrator/Masterproject2/20_ROS/src/Robots/install/meca500_moveit_config' for CMake module files
[0.547s] Level 1:colcon.colcon_core.environment:checking '/home/administrator/Masterproject2/20_ROS/src/Robots/install/meca500_moveit_config' for CMake config files
[0.547s] Level 1:colcon.colcon_core.shell:create_environment_hook('meca500_moveit_config', 'cmake_prefix_path')
[0.548s] INFO:colcon.colcon_core.shell:Creating environment hook '/home/administrator/Masterproject2/20_ROS/src/Robots/install/meca500_moveit_config/share/meca500_moveit_config/hook/cmake_prefix_path.ps1'
[0.548s] INFO:colcon.colcon_core.shell:Creating environment descriptor '/home/administrator/Masterproject2/20_ROS/src/Robots/install/meca500_moveit_config/share/meca500_moveit_config/hook/cmake_prefix_path.dsv'
[0.549s] DEBUG:colcon.colcon_core.event_handler.log_command:Invoked command in '/home/administrator/Masterproject2/20_ROS/src/Robots/build/meca500_moveit_config' returned '0': CMAKE_PREFIX_PATH=${CMAKE_PREFIX_PATH}:/opt/ros/kilted DEBUGINFOD_URLS=https://debuginfod.ubuntu.com /usr/bin/cmake --install /home/administrator/Masterproject2/20_ROS/src/Robots/build/meca500_moveit_config
[0.550s] INFO:colcon.colcon_core.shell:Creating environment hook '/home/administrator/Masterproject2/20_ROS/src/Robots/install/meca500_moveit_config/share/meca500_moveit_config/hook/cmake_prefix_path.sh'
[0.550s] Level 1:colcon.colcon_core.environment:checking '/home/administrator/Masterproject2/20_ROS/src/Robots/install/meca500_moveit_config/bin'
[0.550s] Level 1:colcon.colcon_core.environment:checking '/home/administrator/Masterproject2/20_ROS/src/Robots/install/meca500_moveit_config/lib/pkgconfig/meca500_moveit_config.pc'
[0.551s] Level 1:colcon.colcon_core.environment:checking '/home/administrator/Masterproject2/20_ROS/src/Robots/install/meca500_moveit_config/lib/python3.12/site-packages'
[0.551s] Level 1:colcon.colcon_core.environment:checking '/home/administrator/Masterproject2/20_ROS/src/Robots/install/meca500_moveit_config/bin'
[0.551s] INFO:colcon.colcon_core.shell:Creating package script '/home/administrator/Masterproject2/20_ROS/src/Robots/install/meca500_moveit_config/share/meca500_moveit_config/package.ps1'
[0.552s] INFO:colcon.colcon_core.shell:Creating package descriptor '/home/administrator/Masterproject2/20_ROS/src/Robots/install/meca500_moveit_config/share/meca500_moveit_config/package.dsv'
[0.552s] INFO:colcon.colcon_core.shell:Creating package script '/home/administrator/Masterproject2/20_ROS/src/Robots/install/meca500_moveit_config/share/meca500_moveit_config/package.sh'
[0.552s] INFO:colcon.colcon_core.shell:Creating package script '/home/administrator/Masterproject2/20_ROS/src/Robots/install/meca500_moveit_config/share/meca500_moveit_config/package.bash'
[0.553s] INFO:colcon.colcon_core.shell:Creating package script '/home/administrator/Masterproject2/20_ROS/src/Robots/install/meca500_moveit_config/share/meca500_moveit_config/package.zsh'
[0.553s] Level 1:colcon.colcon_core.environment:create_file_with_runtime_dependencies(/home/administrator/Masterproject2/20_ROS/src/Robots/install/meca500_moveit_config/share/colcon-core/packages/meca500_moveit_config)
[0.554s] Level 1:colcon.colcon_core.environment:create_environment_scripts_only(meca500_moveit_config)
[0.554s] Level 1:colcon.colcon_core.environment:checking '/home/administrator/Masterproject2/20_ROS/src/Robots/install/meca500_moveit_config' for CMake module files
[0.554s] Level 1:colcon.colcon_core.environment:checking '/home/administrator/Masterproject2/20_ROS/src/Robots/install/meca500_moveit_config' for CMake config files
[0.555s] Level 1:colcon.colcon_core.shell:create_environment_hook('meca500_moveit_config', 'cmake_prefix_path')
[0.555s] INFO:colcon.colcon_core.shell:Creating environment hook '/home/administrator/Masterproject2/20_ROS/src/Robots/install/meca500_moveit_config/share/meca500_moveit_config/hook/cmake_prefix_path.ps1'
[0.555s] INFO:colcon.colcon_core.shell:Creating environment descriptor '/home/administrator/Masterproject2/20_ROS/src/Robots/install/meca500_moveit_config/share/meca500_moveit_config/hook/cmake_prefix_path.dsv'
[0.556s] INFO:colcon.colcon_core.shell:Creating environment hook '/home/administrator/Masterproject2/20_ROS/src/Robots/install/meca500_moveit_config/share/meca500_moveit_config/hook/cmake_prefix_path.sh'
[0.556s] Level 1:colcon.colcon_core.environment:checking '/home/administrator/Masterproject2/20_ROS/src/Robots/install/meca500_moveit_config/bin'
[0.556s] Level 1:colcon.colcon_core.environment:checking '/home/administrator/Masterproject2/20_ROS/src/Robots/install/meca500_moveit_config/lib/pkgconfig/meca500_moveit_config.pc'
[0.556s] Level 1:colcon.colcon_core.environment:checking '/home/administrator/Masterproject2/20_ROS/src/Robots/install/meca500_moveit_config/lib/python3.12/site-packages'
[0.557s] Level 1:colcon.colcon_core.environment:checking '/home/administrator/Masterproject2/20_ROS/src/Robots/install/meca500_moveit_config/bin'
[0.557s] INFO:colcon.colcon_core.shell:Creating package script '/home/administrator/Masterproject2/20_ROS/src/Robots/install/meca500_moveit_config/share/meca500_moveit_config/package.ps1'
[0.557s] INFO:colcon.colcon_core.shell:Creating package descriptor '/home/administrator/Masterproject2/20_ROS/src/Robots/install/meca500_moveit_config/share/meca500_moveit_config/package.dsv'
[0.558s] INFO:colcon.colcon_core.shell:Creating package script '/home/administrator/Masterproject2/20_ROS/src/Robots/install/meca500_moveit_config/share/meca500_moveit_config/package.sh'
[0.558s] INFO:colcon.colcon_core.shell:Creating package script '/home/administrator/Masterproject2/20_ROS/src/Robots/install/meca500_moveit_config/share/meca500_moveit_config/package.bash'
[0.558s] INFO:colcon.colcon_core.shell:Creating package script '/home/administrator/Masterproject2/20_ROS/src/Robots/install/meca500_moveit_config/share/meca500_moveit_config/package.zsh'
[0.559s] Level 1:colcon.colcon_core.environment:create_file_with_runtime_dependencies(/home/administrator/Masterproject2/20_ROS/src/Robots/install/meca500_moveit_config/share/colcon-core/packages/meca500_moveit_config)
[0.560s] INFO:colcon.colcon_ros.task.ament_cmake.build:Building ROS package in '/home/administrator/Masterproject2/20_ROS/src/Robots/Mecademic/meca500_bringup' with build type 'ament_cmake'
[0.560s] INFO:colcon.colcon_cmake.task.cmake.build:Building CMake package in '/home/administrator/Masterproject2/20_ROS/src/Robots/Mecademic/meca500_bringup'
[0.560s] INFO:colcon.colcon_core.shell:Skip shell extension 'powershell' for command environment: Not usable outside of PowerShell
[0.560s] DEBUG:colcon.colcon_core.shell:Skip shell extension 'dsv' for command environment
[0.567s] DEBUG:colcon.colcon_core.event_handler.log_command:Invoked command in '/home/administrator/Masterproject2/20_ROS/src/Robots/build/mir_actions' returned '0': CMAKE_PREFIX_PATH=${CMAKE_PREFIX_PATH}:/opt/ros/kilted DEBUGINFOD_URLS=https://debuginfod.ubuntu.com /usr/bin/cmake --build /home/administrator/Masterproject2/20_ROS/src/Robots/build/mir_actions -- -j14 -l14
[0.567s] DEBUG:colcon.colcon_core.event_handler.log_command:Invoking command in '/home/administrator/Masterproject2/20_ROS/src/Robots/build/mir_actions': CMAKE_PREFIX_PATH=${CMAKE_PREFIX_PATH}:/opt/ros/kilted DEBUGINFOD_URLS=https://debuginfod.ubuntu.com /usr/bin/cmake --install /home/administrator/Masterproject2/20_ROS/src/Robots/build/mir_actions
[0.570s] DEBUG:colcon.colcon_core.event_handler.log_command:Invoked command in '/home/administrator/Masterproject2/20_ROS/src/Robots/build/sdc21x0' returned '0': CMAKE_PREFIX_PATH=${CMAKE_PREFIX_PATH}:/opt/ros/kilted DEBUGINFOD_URLS=https://debuginfod.ubuntu.com /usr/bin/cmake --build /home/administrator/Masterproject2/20_ROS/src/Robots/build/sdc21x0 -- -j14 -l14
[0.571s] DEBUG:colcon.colcon_core.event_handler.log_command:Invoking command in '/home/administrator/Masterproject2/20_ROS/src/Robots/build/sdc21x0': CMAKE_PREFIX_PATH=${CMAKE_PREFIX_PATH}:/opt/ros/kilted DEBUGINFOD_URLS=https://debuginfod.ubuntu.com /usr/bin/cmake --install /home/administrator/Masterproject2/20_ROS/src/Robots/build/sdc21x0
[0.577s] DEBUG:colcon.colcon_core.event_handler.log_command:Invoking command in '/home/administrator/Masterproject2/20_ROS/src/Robots/build/meca500_bringup': AMENT_PREFIX_PATH=/home/administrator/Masterproject2/20_ROS/src/Robots/install/meca500_hardware:/home/administrator/Masterproject2/20_ROS/src/Robots/install/meca500_description:${AMENT_PREFIX_PATH} CMAKE_PREFIX_PATH=/home/administrator/Masterproject2/20_ROS/src/Robots/install/meca500_hardware:/home/administrator/Masterproject2/20_ROS/src/Robots/install/meca500_description:/opt/ros/kilted/opt/sdformat_vendor:/opt/ros/kilted/opt/gz_math_vendor:/opt/ros/kilted/opt/gz_utils_vendor:/opt/ros/kilted/opt/gz_tools_vendor:/opt/ros/kilted/opt/gz_cmake_vendor:/opt/ros/kilted DEBUGINFOD_URLS=https://debuginfod.ubuntu.com LD_LIBRARY_PATH=/home/administrator/Masterproject2/20_ROS/src/Robots/install/meca500_hardware/lib:${LD_LIBRARY_PATH} /usr/bin/cmake --build /home/administrator/Masterproject2/20_ROS/src/Robots/build/meca500_bringup -- -j14 -l14
[0.586s] DEBUG:colcon.colcon_core.event_handler.log_command:Invoked command in '/home/administrator/Masterproject2/20_ROS/src/Robots/build/om_aiv_msg' returned '0': CMAKE_PREFIX_PATH=${CMAKE_PREFIX_PATH}:/opt/ros/kilted DEBUGINFOD_URLS=https://debuginfod.ubuntu.com /usr/bin/cmake --build /home/administrator/Masterproject2/20_ROS/src/Robots/build/om_aiv_msg -- -j14 -l14
[0.589s] DEBUG:colcon.colcon_core.event_handler.log_command:Invoking command in '/home/administrator/Masterproject2/20_ROS/src/Robots/build/om_aiv_msg': CMAKE_PREFIX_PATH=${CMAKE_PREFIX_PATH}:/opt/ros/kilted DEBUGINFOD_URLS=https://debuginfod.ubuntu.com /usr/bin/cmake --install /home/administrator/Masterproject2/20_ROS/src/Robots/build/om_aiv_msg
[0.602s] DEBUG:colcon.colcon_core.event_handler.log_command:Invoked command in '/home/administrator/Masterproject2/20_ROS/src/Robots/build/ur_dashboard_msgs' returned '0': CMAKE_PREFIX_PATH=${CMAKE_PREFIX_PATH}:/opt/ros/kilted DEBUGINFOD_URLS=https://debuginfod.ubuntu.com /usr/bin/cmake --build /home/administrator/Masterproject2/20_ROS/src/Robots/build/ur_dashboard_msgs -- -j14 -l14
[0.604s] DEBUG:colcon.colcon_core.event_handler.log_command:Invoking command in '/home/administrator/Masterproject2/20_ROS/src/Robots/build/ur_dashboard_msgs': CMAKE_PREFIX_PATH=${CMAKE_PREFIX_PATH}:/opt/ros/kilted DEBUGINFOD_URLS=https://debuginfod.ubuntu.com /usr/bin/cmake --install /home/administrator/Masterproject2/20_ROS/src/Robots/build/ur_dashboard_msgs
[0.606s] DEBUG:colcon.colcon_core.event_handler.log_command:Invoked command in '/home/administrator/Masterproject2/20_ROS/src/Robots/build/meca500_bringup' returned '0': AMENT_PREFIX_PATH=/home/administrator/Masterproject2/20_ROS/src/Robots/install/meca500_hardware:/home/administrator/Masterproject2/20_ROS/src/Robots/install/meca500_description:${AMENT_PREFIX_PATH} CMAKE_PREFIX_PATH=/home/administrator/Masterproject2/20_ROS/src/Robots/install/meca500_hardware:/home/administrator/Masterproject2/20_ROS/src/Robots/install/meca500_description:/opt/ros/kilted/opt/sdformat_vendor:/opt/ros/kilted/opt/gz_math_vendor:/opt/ros/kilted/opt/gz_utils_vendor:/opt/ros/kilted/opt/gz_tools_vendor:/opt/ros/kilted/opt/gz_cmake_vendor:/opt/ros/kilted DEBUGINFOD_URLS=https://debuginfod.ubuntu.com LD_LIBRARY_PATH=/home/administrator/Masterproject2/20_ROS/src/Robots/install/meca500_hardware/lib:${LD_LIBRARY_PATH} /usr/bin/cmake --build /home/administrator/Masterproject2/20_ROS/src/Robots/build/meca500_bringup -- -j14 -l14
[0.606s] DEBUG:colcon.colcon_core.event_handler.log_command:Invoking command in '/home/administrator/Masterproject2/20_ROS/src/Robots/build/meca500_bringup': AMENT_PREFIX_PATH=/home/administrator/Masterproject2/20_ROS/src/Robots/install/meca500_hardware:/home/administrator/Masterproject2/20_ROS/src/Robots/install/meca500_description:${AMENT_PREFIX_PATH} CMAKE_PREFIX_PATH=/home/administrator/Masterproject2/20_ROS/src/Robots/install/meca500_hardware:/home/administrator/Masterproject2/20_ROS/src/Robots/install/meca500_description:/opt/ros/kilted/opt/sdformat_vendor:/opt/ros/kilted/opt/gz_math_vendor:/opt/ros/kilted/opt/gz_utils_vendor:/opt/ros/kilted/opt/gz_tools_vendor:/opt/ros/kilted/opt/gz_cmake_vendor:/opt/ros/kilted DEBUGINFOD_URLS=https://debuginfod.ubuntu.com LD_LIBRARY_PATH=/home/administrator/Masterproject2/20_ROS/src/Robots/install/meca500_hardware/lib:${LD_LIBRARY_PATH} /usr/bin/cmake --install /home/administrator/Masterproject2/20_ROS/src/Robots/build/meca500_bringup
[0.614s] Level 1:colcon.colcon_core.environment:create_environment_scripts_only(meca500_bringup)
[0.615s] Level 1:colcon.colcon_core.environment:checking '/home/administrator/Masterproject2/20_ROS/src/Robots/install/meca500_bringup' for CMake module files
[0.615s] Level 1:colcon.colcon_core.environment:checking '/home/administrator/Masterproject2/20_ROS/src/Robots/install/meca500_bringup' for CMake config files
[0.615s] Level 1:colcon.colcon_core.shell:create_environment_hook('meca500_bringup', 'cmake_prefix_path')
[0.615s] INFO:colcon.colcon_core.shell:Creating environment hook '/home/administrator/Masterproject2/20_ROS/src/Robots/install/meca500_bringup/share/meca500_bringup/hook/cmake_prefix_path.ps1'
[0.615s] INFO:colcon.colcon_core.shell:Creating environment descriptor '/home/administrator/Masterproject2/20_ROS/src/Robots/install/meca500_bringup/share/meca500_bringup/hook/cmake_prefix_path.dsv'
[0.617s] INFO:colcon.colcon_core.shell:Creating environment hook '/home/administrator/Masterproject2/20_ROS/src/Robots/install/meca500_bringup/share/meca500_bringup/hook/cmake_prefix_path.sh'
[0.618s] DEBUG:colcon.colcon_core.event_handler.log_command:Invoked command in '/home/administrator/Masterproject2/20_ROS/src/Robots/build/meca500_bringup' returned '0': AMENT_PREFIX_PATH=/home/administrator/Masterproject2/20_ROS/src/Robots/install/meca500_hardware:/home/administrator/Masterproject2/20_ROS/src/Robots/install/meca500_description:${AMENT_PREFIX_PATH} CMAKE_PREFIX_PATH=/home/administrator/Masterproject2/20_ROS/src/Robots/install/meca500_hardware:/home/administrator/Masterproject2/20_ROS/src/Robots/install/meca500_description:/opt/ros/kilted/opt/sdformat_vendor:/opt/ros/kilted/opt/gz_math_vendor:/opt/ros/kilted/opt/gz_utils_vendor:/opt/ros/kilted/opt/gz_tools_vendor:/opt/ros/kilted/opt/gz_cmake_vendor:/opt/ros/kilted DEBUGINFOD_URLS=https://debuginfod.ubuntu.com LD_LIBRARY_PATH=/home/administrator/Masterproject2/20_ROS/src/Robots/install/meca500_hardware/lib:${LD_LIBRARY_PATH} /usr/bin/cmake --install /home/administrator/Masterproject2/20_ROS/src/Robots/build/meca500_bringup
[0.618s] Level 1:colcon.colcon_core.environment:checking '/home/administrator/Masterproject2/20_ROS/src/Robots/install/meca500_bringup/bin'
[0.618s] Level 1:colcon.colcon_core.environment:checking '/home/administrator/Masterproject2/20_ROS/src/Robots/install/meca500_bringup/lib/pkgconfig/meca500_bringup.pc'
[0.618s] Level 1:colcon.colcon_core.environment:checking '/home/administrator/Masterproject2/20_ROS/src/Robots/install/meca500_bringup/lib/python3.12/site-packages'
[0.619s] Level 1:colcon.colcon_core.environment:checking '/home/administrator/Masterproject2/20_ROS/src/Robots/install/meca500_bringup/bin'
[0.619s] INFO:colcon.colcon_core.shell:Creating package script '/home/administrator/Masterproject2/20_ROS/src/Robots/install/meca500_bringup/share/meca500_bringup/package.ps1'
[0.619s] INFO:colcon.colcon_core.shell:Creating package descriptor '/home/administrator/Masterproject2/20_ROS/src/Robots/install/meca500_bringup/share/meca500_bringup/package.dsv'
[0.620s] INFO:colcon.colcon_core.shell:Creating package script '/home/administrator/Masterproject2/20_ROS/src/Robots/install/meca500_bringup/share/meca500_bringup/package.sh'
[0.621s] INFO:colcon.colcon_core.shell:Creating package script '/home/administrator/Masterproject2/20_ROS/src/Robots/install/meca500_bringup/share/meca500_bringup/package.bash'
[0.622s] INFO:colcon.colcon_core.shell:Creating package script '/home/administrator/Masterproject2/20_ROS/src/Robots/install/meca500_bringup/share/meca500_bringup/package.zsh'
[0.622s] Level 1:colcon.colcon_core.environment:create_file_with_runtime_dependencies(/home/administrator/Masterproject2/20_ROS/src/Robots/install/meca500_bringup/share/colcon-core/packages/meca500_bringup)
[0.622s] Level 1:colcon.colcon_core.environment:create_environment_scripts_only(meca500_bringup)
[0.622s] Level 1:colcon.colcon_core.environment:checking '/home/administrator/Masterproject2/20_ROS/src/Robots/install/meca500_bringup' for CMake module files
[0.622s] Level 1:colcon.colcon_core.environment:checking '/home/administrator/Masterproject2/20_ROS/src/Robots/install/meca500_bringup' for CMake config files
[0.622s] Level 1:colcon.colcon_core.shell:create_environment_hook('meca500_bringup', 'cmake_prefix_path')
[0.623s] INFO:colcon.colcon_core.shell:Creating environment hook '/home/administrator/Masterproject2/20_ROS/src/Robots/install/meca500_bringup/share/meca500_bringup/hook/cmake_prefix_path.ps1'
[0.623s] INFO:colcon.colcon_core.shell:Creating environment descriptor '/home/administrator/Masterproject2/20_ROS/src/Robots/install/meca500_bringup/share/meca500_bringup/hook/cmake_prefix_path.dsv'
[0.623s] INFO:colcon.colcon_core.shell:Creating environment hook '/home/administrator/Masterproject2/20_ROS/src/Robots/install/meca500_bringup/share/meca500_bringup/hook/cmake_prefix_path.sh'
[0.623s] Level 1:colcon.colcon_core.environment:checking '/home/administrator/Masterproject2/20_ROS/src/Robots/install/meca500_bringup/bin'
[0.623s] Level 1:colcon.colcon_core.environment:checking '/home/administrator/Masterproject2/20_ROS/src/Robots/install/meca500_bringup/lib/pkgconfig/meca500_bringup.pc'
[0.623s] Level 1:colcon.colcon_core.environment:checking '/home/administrator/Masterproject2/20_ROS/src/Robots/install/meca500_bringup/lib/python3.12/site-packages'
[0.624s] Level 1:colcon.colcon_core.environment:checking '/home/administrator/Masterproject2/20_ROS/src/Robots/install/meca500_bringup/bin'
[0.624s] INFO:colcon.colcon_core.shell:Creating package script '/home/administrator/Masterproject2/20_ROS/src/Robots/install/meca500_bringup/share/meca500_bringup/package.ps1'
[0.625s] INFO:colcon.colcon_core.shell:Creating package descriptor '/home/administrator/Masterproject2/20_ROS/src/Robots/install/meca500_bringup/share/meca500_bringup/package.dsv'
[0.626s] INFO:colcon.colcon_core.shell:Creating package script '/home/administrator/Masterproject2/20_ROS/src/Robots/install/meca500_bringup/share/meca500_bringup/package.sh'
[0.627s] INFO:colcon.colcon_core.shell:Creating package script '/home/administrator/Masterproject2/20_ROS/src/Robots/install/meca500_bringup/share/meca500_bringup/package.bash'
[0.629s] INFO:colcon.colcon_core.shell:Creating package script '/home/administrator/Masterproject2/20_ROS/src/Robots/install/meca500_bringup/share/meca500_bringup/package.zsh'
[0.629s] Level 1:colcon.colcon_core.environment:create_file_with_runtime_dependencies(/home/administrator/Masterproject2/20_ROS/src/Robots/install/meca500_bringup/share/colcon-core/packages/meca500_bringup)
[0.631s] Level 1:colcon.colcon_core.environment:create_environment_scripts_only(mir_actions)
[0.631s] Level 1:colcon.colcon_core.environment:checking '/home/administrator/Masterproject2/20_ROS/src/Robots/install/mir_actions' for CMake module files
[0.632s] Level 1:colcon.colcon_core.environment:checking '/home/administrator/Masterproject2/20_ROS/src/Robots/install/mir_actions' for CMake config files
[0.635s] Level 1:colcon.colcon_core.shell:create_environment_hook('mir_actions', 'cmake_prefix_path')
[0.635s] INFO:colcon.colcon_core.shell:Creating environment hook '/home/administrator/Masterproject2/20_ROS/src/Robots/install/mir_actions/share/mir_actions/hook/cmake_prefix_path.ps1'
[0.637s] INFO:colcon.colcon_core.shell:Creating environment descriptor '/home/administrator/Masterproject2/20_ROS/src/Robots/install/mir_actions/share/mir_actions/hook/cmake_prefix_path.dsv'
[0.637s] INFO:colcon.colcon_core.shell:Creating environment hook '/home/administrator/Masterproject2/20_ROS/src/Robots/install/mir_actions/share/mir_actions/hook/cmake_prefix_path.sh'
[0.638s] Level 1:colcon.colcon_core.environment:checking '/home/administrator/Masterproject2/20_ROS/src/Robots/install/mir_actions/lib'
[0.638s] Level 1:colcon.colcon_core.shell:create_environment_hook('mir_actions', 'ld_library_path_lib')
[0.639s] INFO:colcon.colcon_core.shell:Creating environment hook '/home/administrator/Masterproject2/20_ROS/src/Robots/install/mir_actions/share/mir_actions/hook/ld_library_path_lib.ps1'
[0.639s] INFO:colcon.colcon_core.shell:Creating environment descriptor '/home/administrator/Masterproject2/20_ROS/src/Robots/install/mir_actions/share/mir_actions/hook/ld_library_path_lib.dsv'
[0.640s] INFO:colcon.colcon_core.shell:Creating environment hook '/home/administrator/Masterproject2/20_ROS/src/Robots/install/mir_actions/share/mir_actions/hook/ld_library_path_lib.sh'
[0.641s] Level 1:colcon.colcon_core.environment:checking '/home/administrator/Masterproject2/20_ROS/src/Robots/install/mir_actions/bin'
[0.641s] Level 1:colcon.colcon_core.environment:checking '/home/administrator/Masterproject2/20_ROS/src/Robots/install/mir_actions/lib/pkgconfig/mir_actions.pc'
[0.641s] Level 1:colcon.colcon_core.environment:checking '/home/administrator/Masterproject2/20_ROS/src/Robots/install/mir_actions/lib/python3.12/site-packages'
[0.642s] Level 1:colcon.colcon_core.shell:create_environment_hook('mir_actions', 'pythonpath')
[0.642s] INFO:colcon.colcon_core.shell:Creating environment hook '/home/administrator/Masterproject2/20_ROS/src/Robots/install/mir_actions/share/mir_actions/hook/pythonpath.ps1'
[0.643s] INFO:colcon.colcon_core.shell:Creating environment descriptor '/home/administrator/Masterproject2/20_ROS/src/Robots/install/mir_actions/share/mir_actions/hook/pythonpath.dsv'
[0.644s] INFO:colcon.colcon_core.shell:Creating environment hook '/home/administrator/Masterproject2/20_ROS/src/Robots/install/mir_actions/share/mir_actions/hook/pythonpath.sh'
[0.644s] Level 1:colcon.colcon_core.environment:checking '/home/administrator/Masterproject2/20_ROS/src/Robots/install/mir_actions/bin'
[0.645s] INFO:colcon.colcon_core.shell:Creating package script '/home/administrator/Masterproject2/20_ROS/src/Robots/install/mir_actions/share/mir_actions/package.ps1'
[0.646s] INFO:colcon.colcon_core.shell:Creating package descriptor '/home/administrator/Masterproject2/20_ROS/src/Robots/install/mir_actions/share/mir_actions/package.dsv'
[0.646s] INFO:colcon.colcon_core.shell:Creating package script '/home/administrator/Masterproject2/20_ROS/src/Robots/install/mir_actions/share/mir_actions/package.sh'
[0.647s] INFO:colcon.colcon_core.shell:Creating package script '/home/administrator/Masterproject2/20_ROS/src/Robots/install/mir_actions/share/mir_actions/package.bash'
[0.648s] INFO:colcon.colcon_core.shell:Creating package script '/home/administrator/Masterproject2/20_ROS/src/Robots/install/mir_actions/share/mir_actions/package.zsh'
[0.648s] Level 1:colcon.colcon_core.environment:create_file_with_runtime_dependencies(/home/administrator/Masterproject2/20_ROS/src/Robots/install/mir_actions/share/colcon-core/packages/mir_actions)
[0.649s] Level 1:colcon.colcon_core.environment:create_environment_scripts_only(mir_actions)
[0.649s] Level 1:colcon.colcon_core.environment:checking '/home/administrator/Masterproject2/20_ROS/src/Robots/install/mir_actions' for CMake module files
[0.651s] Level 1:colcon.colcon_core.environment:checking '/home/administrator/Masterproject2/20_ROS/src/Robots/install/mir_actions' for CMake config files
[0.652s] Level 1:colcon.colcon_core.shell:create_environment_hook('mir_actions', 'cmake_prefix_path')
[0.652s] INFO:colcon.colcon_core.shell:Creating environment hook '/home/administrator/Masterproject2/20_ROS/src/Robots/install/mir_actions/share/mir_actions/hook/cmake_prefix_path.ps1'
[0.653s] INFO:colcon.colcon_core.shell:Creating environment descriptor '/home/administrator/Masterproject2/20_ROS/src/Robots/install/mir_actions/share/mir_actions/hook/cmake_prefix_path.dsv'
[0.653s] INFO:colcon.colcon_core.shell:Creating environment hook '/home/administrator/Masterproject2/20_ROS/src/Robots/install/mir_actions/share/mir_actions/hook/cmake_prefix_path.sh'
[0.654s] Level 1:colcon.colcon_core.environment:checking '/home/administrator/Masterproject2/20_ROS/src/Robots/install/mir_actions/lib'
[0.655s] Level 1:colcon.colcon_core.shell:create_environment_hook('mir_actions', 'ld_library_path_lib')
[0.655s] INFO:colcon.colcon_core.shell:Creating environment hook '/home/administrator/Masterproject2/20_ROS/src/Robots/install/mir_actions/share/mir_actions/hook/ld_library_path_lib.ps1'
[0.655s] INFO:colcon.colcon_core.shell:Creating environment descriptor '/home/administrator/Masterproject2/20_ROS/src/Robots/install/mir_actions/share/mir_actions/hook/ld_library_path_lib.dsv'
[0.656s] INFO:colcon.colcon_core.shell:Creating environment hook '/home/administrator/Masterproject2/20_ROS/src/Robots/install/mir_actions/share/mir_actions/hook/ld_library_path_lib.sh'
[0.656s] Level 1:colcon.colcon_core.environment:checking '/home/administrator/Masterproject2/20_ROS/src/Robots/install/mir_actions/bin'
[0.656s] Level 1:colcon.colcon_core.environment:checking '/home/administrator/Masterproject2/20_ROS/src/Robots/install/mir_actions/lib/pkgconfig/mir_actions.pc'
[0.656s] Level 1:colcon.colcon_core.environment:checking '/home/administrator/Masterproject2/20_ROS/src/Robots/install/mir_actions/lib/python3.12/site-packages'
[0.657s] Level 1:colcon.colcon_core.shell:create_environment_hook('mir_actions', 'pythonpath')
[0.657s] INFO:colcon.colcon_core.shell:Creating environment hook '/home/administrator/Masterproject2/20_ROS/src/Robots/install/mir_actions/share/mir_actions/hook/pythonpath.ps1'
[0.658s] INFO:colcon.colcon_core.shell:Creating environment descriptor '/home/administrator/Masterproject2/20_ROS/src/Robots/install/mir_actions/share/mir_actions/hook/pythonpath.dsv'
[0.659s] DEBUG:colcon.colcon_core.event_handler.log_command:Invoked command in '/home/administrator/Masterproject2/20_ROS/src/Robots/build/mir_actions' returned '0': CMAKE_PREFIX_PATH=${CMAKE_PREFIX_PATH}:/opt/ros/kilted DEBUGINFOD_URLS=https://debuginfod.ubuntu.com /usr/bin/cmake --install /home/administrator/Masterproject2/20_ROS/src/Robots/build/mir_actions
[0.659s] INFO:colcon.colcon_core.shell:Creating environment hook '/home/administrator/Masterproject2/20_ROS/src/Robots/install/mir_actions/share/mir_actions/hook/pythonpath.sh'
[0.660s] Level 1:colcon.colcon_core.environment:checking '/home/administrator/Masterproject2/20_ROS/src/Robots/install/mir_actions/bin'
[0.660s] INFO:colcon.colcon_core.shell:Creating package script '/home/administrator/Masterproject2/20_ROS/src/Robots/install/mir_actions/share/mir_actions/package.ps1'
[0.661s] INFO:colcon.colcon_core.shell:Creating package descriptor '/home/administrator/Masterproject2/20_ROS/src/Robots/install/mir_actions/share/mir_actions/package.dsv'
[0.663s] INFO:colcon.colcon_core.shell:Creating package script '/home/administrator/Masterproject2/20_ROS/src/Robots/install/mir_actions/share/mir_actions/package.sh'
[0.664s] INFO:colcon.colcon_core.shell:Creating package script '/home/administrator/Masterproject2/20_ROS/src/Robots/install/mir_actions/share/mir_actions/package.bash'
[0.665s] INFO:colcon.colcon_core.shell:Creating package script '/home/administrator/Masterproject2/20_ROS/src/Robots/install/mir_actions/share/mir_actions/package.zsh'
[0.667s] Level 1:colcon.colcon_core.environment:create_file_with_runtime_dependencies(/home/administrator/Masterproject2/20_ROS/src/Robots/install/mir_actions/share/colcon-core/packages/mir_actions)
[0.667s] Level 1:colcon.colcon_core.environment:create_environment_scripts_only(sdc21x0)
[0.667s] Level 1:colcon.colcon_core.environment:checking '/home/administrator/Masterproject2/20_ROS/src/Robots/install/sdc21x0' for CMake module files
[0.668s] Level 1:colcon.colcon_core.environment:checking '/home/administrator/Masterproject2/20_ROS/src/Robots/install/sdc21x0' for CMake config files
[0.668s] Level 1:colcon.colcon_core.shell:create_environment_hook('sdc21x0', 'cmake_prefix_path')
[0.669s] INFO:colcon.colcon_core.shell:Creating environment hook '/home/administrator/Masterproject2/20_ROS/src/Robots/install/sdc21x0/share/sdc21x0/hook/cmake_prefix_path.ps1'
[0.669s] INFO:colcon.colcon_core.shell:Creating environment descriptor '/home/administrator/Masterproject2/20_ROS/src/Robots/install/sdc21x0/share/sdc21x0/hook/cmake_prefix_path.dsv'
[0.669s] INFO:colcon.colcon_core.shell:Creating environment hook '/home/administrator/Masterproject2/20_ROS/src/Robots/install/sdc21x0/share/sdc21x0/hook/cmake_prefix_path.sh'
[0.671s] Level 1:colcon.colcon_core.environment:checking '/home/administrator/Masterproject2/20_ROS/src/Robots/install/sdc21x0/lib'
[0.671s] Level 1:colcon.colcon_core.shell:create_environment_hook('sdc21x0', 'ld_library_path_lib')
[0.671s] INFO:colcon.colcon_core.shell:Creating environment hook '/home/administrator/Masterproject2/20_ROS/src/Robots/install/sdc21x0/share/sdc21x0/hook/ld_library_path_lib.ps1'
[0.672s] INFO:colcon.colcon_core.shell:Creating environment descriptor '/home/administrator/Masterproject2/20_ROS/src/Robots/install/sdc21x0/share/sdc21x0/hook/ld_library_path_lib.dsv'
[0.672s] INFO:colcon.colcon_core.shell:Creating environment hook '/home/administrator/Masterproject2/20_ROS/src/Robots/install/sdc21x0/share/sdc21x0/hook/ld_library_path_lib.sh'
[0.673s] Level 1:colcon.colcon_core.environment:checking '/home/administrator/Masterproject2/20_ROS/src/Robots/install/sdc21x0/bin'
[0.673s] Level 1:colcon.colcon_core.environment:checking '/home/administrator/Masterproject2/20_ROS/src/Robots/install/sdc21x0/lib/pkgconfig/sdc21x0.pc'
[0.673s] Level 1:colcon.colcon_core.environment:checking '/home/administrator/Masterproject2/20_ROS/src/Robots/install/sdc21x0/lib/python3.12/site-packages'
[0.673s] Level 1:colcon.colcon_core.shell:create_environment_hook('sdc21x0', 'pythonpath')
[0.673s] INFO:colcon.colcon_core.shell:Creating environment hook '/home/administrator/Masterproject2/20_ROS/src/Robots/install/sdc21x0/share/sdc21x0/hook/pythonpath.ps1'
[0.674s] INFO:colcon.colcon_core.shell:Creating environment descriptor '/home/administrator/Masterproject2/20_ROS/src/Robots/install/sdc21x0/share/sdc21x0/hook/pythonpath.dsv'
[0.674s] INFO:colcon.colcon_core.shell:Creating environment hook '/home/administrator/Masterproject2/20_ROS/src/Robots/install/sdc21x0/share/sdc21x0/hook/pythonpath.sh'
[0.674s] Level 1:colcon.colcon_core.environment:checking '/home/administrator/Masterproject2/20_ROS/src/Robots/install/sdc21x0/bin'
[0.674s] INFO:colcon.colcon_core.shell:Creating package script '/home/administrator/Masterproject2/20_ROS/src/Robots/install/sdc21x0/share/sdc21x0/package.ps1'
[0.675s] INFO:colcon.colcon_core.shell:Creating package descriptor '/home/administrator/Masterproject2/20_ROS/src/Robots/install/sdc21x0/share/sdc21x0/package.dsv'
[0.675s] INFO:colcon.colcon_core.shell:Creating package script '/home/administrator/Masterproject2/20_ROS/src/Robots/install/sdc21x0/share/sdc21x0/package.sh'
[0.676s] INFO:colcon.colcon_core.shell:Creating package script '/home/administrator/Masterproject2/20_ROS/src/Robots/install/sdc21x0/share/sdc21x0/package.bash'
[0.676s] INFO:colcon.colcon_core.shell:Creating package script '/home/administrator/Masterproject2/20_ROS/src/Robots/install/sdc21x0/share/sdc21x0/package.zsh'
[0.676s] Level 1:colcon.colcon_core.environment:create_file_with_runtime_dependencies(/home/administrator/Masterproject2/20_ROS/src/Robots/install/sdc21x0/share/colcon-core/packages/sdc21x0)
[0.676s] Level 1:colcon.colcon_core.environment:create_environment_scripts_only(sdc21x0)
[0.681s] Level 1:colcon.colcon_core.environment:checking '/home/administrator/Masterproject2/20_ROS/src/Robots/install/sdc21x0' for CMake module files
[0.682s] Level 1:colcon.colcon_core.environment:checking '/home/administrator/Masterproject2/20_ROS/src/Robots/install/sdc21x0' for CMake config files
[0.683s] Level 1:colcon.colcon_core.shell:create_environment_hook('sdc21x0', 'cmake_prefix_path')
[0.684s] INFO:colcon.colcon_core.shell:Creating environment hook '/home/administrator/Masterproject2/20_ROS/src/Robots/install/sdc21x0/share/sdc21x0/hook/cmake_prefix_path.ps1'
[0.684s] INFO:colcon.colcon_core.shell:Creating environment descriptor '/home/administrator/Masterproject2/20_ROS/src/Robots/install/sdc21x0/share/sdc21x0/hook/cmake_prefix_path.dsv'
[0.687s] INFO:colcon.colcon_core.shell:Creating environment hook '/home/administrator/Masterproject2/20_ROS/src/Robots/install/sdc21x0/share/sdc21x0/hook/cmake_prefix_path.sh'
[0.687s] Level 1:colcon.colcon_core.environment:checking '/home/administrator/Masterproject2/20_ROS/src/Robots/install/sdc21x0/lib'
[0.687s] Level 1:colcon.colcon_core.shell:create_environment_hook('sdc21x0', 'ld_library_path_lib')
[0.687s] INFO:colcon.colcon_core.shell:Creating environment hook '/home/administrator/Masterproject2/20_ROS/src/Robots/install/sdc21x0/share/sdc21x0/hook/ld_library_path_lib.ps1'
[0.688s] INFO:colcon.colcon_core.shell:Creating environment descriptor '/home/administrator/Masterproject2/20_ROS/src/Robots/install/sdc21x0/share/sdc21x0/hook/ld_library_path_lib.dsv'
[0.688s] INFO:colcon.colcon_core.shell:Creating environment hook '/home/administrator/Masterproject2/20_ROS/src/Robots/install/sdc21x0/share/sdc21x0/hook/ld_library_path_lib.sh'
[0.688s] Level 1:colcon.colcon_core.environment:checking '/home/administrator/Masterproject2/20_ROS/src/Robots/install/sdc21x0/bin'
[0.688s] Level 1:colcon.colcon_core.environment:checking '/home/administrator/Masterproject2/20_ROS/src/Robots/install/sdc21x0/lib/pkgconfig/sdc21x0.pc'
[0.688s] Level 1:colcon.colcon_core.environment:checking '/home/administrator/Masterproject2/20_ROS/src/Robots/install/sdc21x0/lib/python3.12/site-packages'
[0.688s] Level 1:colcon.colcon_core.shell:create_environment_hook('sdc21x0', 'pythonpath')
[0.689s] INFO:colcon.colcon_core.shell:Creating environment hook '/home/administrator/Masterproject2/20_ROS/src/Robots/install/sdc21x0/share/sdc21x0/hook/pythonpath.ps1'
[0.689s] INFO:colcon.colcon_core.shell:Creating environment descriptor '/home/administrator/Masterproject2/20_ROS/src/Robots/install/sdc21x0/share/sdc21x0/hook/pythonpath.dsv'
[0.689s] INFO:colcon.colcon_core.shell:Creating environment hook '/home/administrator/Masterproject2/20_ROS/src/Robots/install/sdc21x0/share/sdc21x0/hook/pythonpath.sh'
[0.690s] Level 1:colcon.colcon_core.environment:checking '/home/administrator/Masterproject2/20_ROS/src/Robots/install/sdc21x0/bin'
[0.690s] INFO:colcon.colcon_core.shell:Creating package script '/home/administrator/Masterproject2/20_ROS/src/Robots/install/sdc21x0/share/sdc21x0/package.ps1'
[0.696s] INFO:colcon.colcon_core.shell:Creating package descriptor '/home/administrator/Masterproject2/20_ROS/src/Robots/install/sdc21x0/share/sdc21x0/package.dsv'
[0.697s] INFO:colcon.colcon_core.shell:Creating package script '/home/administrator/Masterproject2/20_ROS/src/Robots/install/sdc21x0/share/sdc21x0/package.sh'
[0.697s] INFO:colcon.colcon_core.shell:Creating package script '/home/administrator/Masterproject2/20_ROS/src/Robots/install/sdc21x0/share/sdc21x0/package.bash'
[0.697s] INFO:colcon.colcon_core.shell:Creating package script '/home/administrator/Masterproject2/20_ROS/src/Robots/install/sdc21x0/share/sdc21x0/package.zsh'
[0.697s] Level 1:colcon.colcon_core.environment:create_file_with_runtime_dependencies(/home/administrator/Masterproject2/20_ROS/src/Robots/install/sdc21x0/share/colcon-core/packages/sdc21x0)
[0.698s] Level 1:colcon.colcon_core.environment:create_environment_scripts_only(om_aiv_msg)
[0.699s] Level 1:colcon.colcon_core.environment:checking '/home/administrator/Masterproject2/20_ROS/src/Robots/install/om_aiv_msg' for CMake module files
[0.699s] Level 1:colcon.colcon_core.environment:checking '/home/administrator/Masterproject2/20_ROS/src/Robots/install/om_aiv_msg' for CMake config files
[0.702s] DEBUG:colcon.colcon_core.event_handler.log_command:Invoked command in '/home/administrator/Masterproject2/20_ROS/src/Robots/build/sdc21x0' returned '0': CMAKE_PREFIX_PATH=${CMAKE_PREFIX_PATH}:/opt/ros/kilted DEBUGINFOD_URLS=https://debuginfod.ubuntu.com /usr/bin/cmake --install /home/administrator/Masterproject2/20_ROS/src/Robots/build/sdc21x0
[0.703s] Level 1:colcon.colcon_core.shell:create_environment_hook('om_aiv_msg', 'cmake_prefix_path')
[0.704s] INFO:colcon.colcon_core.shell:Creating environment hook '/home/administrator/Masterproject2/20_ROS/src/Robots/install/om_aiv_msg/share/om_aiv_msg/hook/cmake_prefix_path.ps1'
[0.705s] INFO:colcon.colcon_core.shell:Creating environment descriptor '/home/administrator/Masterproject2/20_ROS/src/Robots/install/om_aiv_msg/share/om_aiv_msg/hook/cmake_prefix_path.dsv'
[0.705s] INFO:colcon.colcon_core.shell:Creating environment hook '/home/administrator/Masterproject2/20_ROS/src/Robots/install/om_aiv_msg/share/om_aiv_msg/hook/cmake_prefix_path.sh'
[0.705s] Level 1:colcon.colcon_core.environment:checking '/home/administrator/Masterproject2/20_ROS/src/Robots/install/om_aiv_msg/lib'
[0.705s] Level 1:colcon.colcon_core.shell:create_environment_hook('om_aiv_msg', 'ld_library_path_lib')
[0.706s] INFO:colcon.colcon_core.shell:Creating environment hook '/home/administrator/Masterproject2/20_ROS/src/Robots/install/om_aiv_msg/share/om_aiv_msg/hook/ld_library_path_lib.ps1'
[0.706s] INFO:colcon.colcon_core.shell:Creating environment descriptor '/home/administrator/Masterproject2/20_ROS/src/Robots/install/om_aiv_msg/share/om_aiv_msg/hook/ld_library_path_lib.dsv'
[0.706s] INFO:colcon.colcon_core.shell:Creating environment hook '/home/administrator/Masterproject2/20_ROS/src/Robots/install/om_aiv_msg/share/om_aiv_msg/hook/ld_library_path_lib.sh'
[0.706s] Level 1:colcon.colcon_core.environment:checking '/home/administrator/Masterproject2/20_ROS/src/Robots/install/om_aiv_msg/bin'
[0.706s] Level 1:colcon.colcon_core.environment:checking '/home/administrator/Masterproject2/20_ROS/src/Robots/install/om_aiv_msg/lib/pkgconfig/om_aiv_msg.pc'
[0.706s] Level 1:colcon.colcon_core.environment:checking '/home/administrator/Masterproject2/20_ROS/src/Robots/install/om_aiv_msg/lib/python3.12/site-packages'
[0.706s] Level 1:colcon.colcon_core.shell:create_environment_hook('om_aiv_msg', 'pythonpath')
[0.706s] INFO:colcon.colcon_core.shell:Creating environment hook '/home/administrator/Masterproject2/20_ROS/src/Robots/install/om_aiv_msg/share/om_aiv_msg/hook/pythonpath.ps1'
[0.707s] INFO:colcon.colcon_core.shell:Creating environment descriptor '/home/administrator/Masterproject2/20_ROS/src/Robots/install/om_aiv_msg/share/om_aiv_msg/hook/pythonpath.dsv'
[0.707s] INFO:colcon.colcon_core.shell:Creating environment hook '/home/administrator/Masterproject2/20_ROS/src/Robots/install/om_aiv_msg/share/om_aiv_msg/hook/pythonpath.sh'
[0.707s] Level 1:colcon.colcon_core.environment:checking '/home/administrator/Masterproject2/20_ROS/src/Robots/install/om_aiv_msg/bin'
[0.708s] INFO:colcon.colcon_core.shell:Creating package script '/home/administrator/Masterproject2/20_ROS/src/Robots/install/om_aiv_msg/share/om_aiv_msg/package.ps1'
[0.709s] INFO:colcon.colcon_core.shell:Creating package descriptor '/home/administrator/Masterproject2/20_ROS/src/Robots/install/om_aiv_msg/share/om_aiv_msg/package.dsv'
[0.710s] INFO:colcon.colcon_core.shell:Creating package script '/home/administrator/Masterproject2/20_ROS/src/Robots/install/om_aiv_msg/share/om_aiv_msg/package.sh'
[0.710s] INFO:colcon.colcon_core.shell:Creating package script '/home/administrator/Masterproject2/20_ROS/src/Robots/install/om_aiv_msg/share/om_aiv_msg/package.bash'
[0.710s] INFO:colcon.colcon_core.shell:Creating package script '/home/administrator/Masterproject2/20_ROS/src/Robots/install/om_aiv_msg/share/om_aiv_msg/package.zsh'
[0.710s] Level 1:colcon.colcon_core.environment:create_file_with_runtime_dependencies(/home/administrator/Masterproject2/20_ROS/src/Robots/install/om_aiv_msg/share/colcon-core/packages/om_aiv_msg)
[0.711s] Level 1:colcon.colcon_core.environment:create_environment_scripts_only(om_aiv_msg)
[0.711s] Level 1:colcon.colcon_core.environment:checking '/home/administrator/Masterproject2/20_ROS/src/Robots/install/om_aiv_msg' for CMake module files
[0.712s] Level 1:colcon.colcon_core.environment:checking '/home/administrator/Masterproject2/20_ROS/src/Robots/install/om_aiv_msg' for CMake config files
[0.713s] Level 1:colcon.colcon_core.shell:create_environment_hook('om_aiv_msg', 'cmake_prefix_path')
[0.713s] INFO:colcon.colcon_core.shell:Creating environment hook '/home/administrator/Masterproject2/20_ROS/src/Robots/install/om_aiv_msg/share/om_aiv_msg/hook/cmake_prefix_path.ps1'
[0.713s] INFO:colcon.colcon_core.shell:Creating environment descriptor '/home/administrator/Masterproject2/20_ROS/src/Robots/install/om_aiv_msg/share/om_aiv_msg/hook/cmake_prefix_path.dsv'
[0.713s] INFO:colcon.colcon_core.shell:Creating environment hook '/home/administrator/Masterproject2/20_ROS/src/Robots/install/om_aiv_msg/share/om_aiv_msg/hook/cmake_prefix_path.sh'
[0.714s] Level 1:colcon.colcon_core.environment:checking '/home/administrator/Masterproject2/20_ROS/src/Robots/install/om_aiv_msg/lib'
[0.714s] Level 1:colcon.colcon_core.shell:create_environment_hook('om_aiv_msg', 'ld_library_path_lib')
[0.714s] INFO:colcon.colcon_core.shell:Creating environment hook '/home/administrator/Masterproject2/20_ROS/src/Robots/install/om_aiv_msg/share/om_aiv_msg/hook/ld_library_path_lib.ps1'
[0.714s] INFO:colcon.colcon_core.shell:Creating environment descriptor '/home/administrator/Masterproject2/20_ROS/src/Robots/install/om_aiv_msg/share/om_aiv_msg/hook/ld_library_path_lib.dsv'
[0.714s] INFO:colcon.colcon_core.shell:Creating environment hook '/home/administrator/Masterproject2/20_ROS/src/Robots/install/om_aiv_msg/share/om_aiv_msg/hook/ld_library_path_lib.sh'
[0.714s] Level 1:colcon.colcon_core.environment:checking '/home/administrator/Masterproject2/20_ROS/src/Robots/install/om_aiv_msg/bin'
[0.715s] Level 1:colcon.colcon_core.environment:checking '/home/administrator/Masterproject2/20_ROS/src/Robots/install/om_aiv_msg/lib/pkgconfig/om_aiv_msg.pc'
[0.715s] Level 1:colcon.colcon_core.environment:checking '/home/administrator/Masterproject2/20_ROS/src/Robots/install/om_aiv_msg/lib/python3.12/site-packages'
[0.715s] Level 1:colcon.colcon_core.shell:create_environment_hook('om_aiv_msg', 'pythonpath')
[0.715s] INFO:colcon.colcon_core.shell:Creating environment hook '/home/administrator/Masterproject2/20_ROS/src/Robots/install/om_aiv_msg/share/om_aiv_msg/hook/pythonpath.ps1'
[0.715s] INFO:colcon.colcon_core.shell:Creating environment descriptor '/home/administrator/Masterproject2/20_ROS/src/Robots/install/om_aiv_msg/share/om_aiv_msg/hook/pythonpath.dsv'
[0.715s] INFO:colcon.colcon_core.shell:Creating environment hook '/home/administrator/Masterproject2/20_ROS/src/Robots/install/om_aiv_msg/share/om_aiv_msg/hook/pythonpath.sh'
[0.716s] DEBUG:colcon.colcon_core.event_handler.log_command:Invoked command in '/home/administrator/Masterproject2/20_ROS/src/Robots/build/om_aiv_msg' returned '0': CMAKE_PREFIX_PATH=${CMAKE_PREFIX_PATH}:/opt/ros/kilted DEBUGINFOD_URLS=https://debuginfod.ubuntu.com /usr/bin/cmake --install /home/administrator/Masterproject2/20_ROS/src/Robots/build/om_aiv_msg
[0.719s] Level 1:colcon.colcon_core.environment:checking '/home/administrator/Masterproject2/20_ROS/src/Robots/install/om_aiv_msg/bin'
[0.719s] INFO:colcon.colcon_core.shell:Creating package script '/home/administrator/Masterproject2/20_ROS/src/Robots/install/om_aiv_msg/share/om_aiv_msg/package.ps1'
[0.720s] INFO:colcon.colcon_core.shell:Creating package descriptor '/home/administrator/Masterproject2/20_ROS/src/Robots/install/om_aiv_msg/share/om_aiv_msg/package.dsv'
[0.721s] INFO:colcon.colcon_core.shell:Creating package script '/home/administrator/Masterproject2/20_ROS/src/Robots/install/om_aiv_msg/share/om_aiv_msg/package.sh'
[0.721s] INFO:colcon.colcon_core.shell:Creating package script '/home/administrator/Masterproject2/20_ROS/src/Robots/install/om_aiv_msg/share/om_aiv_msg/package.bash'
[0.721s] INFO:colcon.colcon_core.shell:Creating package script '/home/administrator/Masterproject2/20_ROS/src/Robots/install/om_aiv_msg/share/om_aiv_msg/package.zsh'
[0.721s] Level 1:colcon.colcon_core.environment:create_file_with_runtime_dependencies(/home/administrator/Masterproject2/20_ROS/src/Robots/install/om_aiv_msg/share/colcon-core/packages/om_aiv_msg)
[0.722s] INFO:colcon.colcon_ros.task.ament_cmake.build:Building ROS package in '/home/administrator/Masterproject2/20_ROS/src/Robots/Omron_AMR/src/amr_visualisation' with build type 'ament_cmake'
[0.722s] INFO:colcon.colcon_cmake.task.cmake.build:Building CMake package in '/home/administrator/Masterproject2/20_ROS/src/Robots/Omron_AMR/src/amr_visualisation'
[0.722s] INFO:colcon.colcon_core.shell:Skip shell extension 'powershell' for command environment: Not usable outside of PowerShell
[0.722s] DEBUG:colcon.colcon_core.shell:Skip shell extension 'dsv' for command environment
[0.724s] INFO:colcon.colcon_ros.task.ament_cmake.build:Building ROS package in '/home/administrator/Masterproject2/20_ROS/src/Robots/Omron_AMR/src/demo' with build type 'ament_cmake'
[0.724s] INFO:colcon.colcon_cmake.task.cmake.build:Building CMake package in '/home/administrator/Masterproject2/20_ROS/src/Robots/Omron_AMR/src/demo'
[0.724s] INFO:colcon.colcon_core.shell:Skip shell extension 'powershell' for command environment: Not usable outside of PowerShell
[0.724s] DEBUG:colcon.colcon_core.shell:Skip shell extension 'dsv' for command environment
[0.726s] INFO:colcon.colcon_ros.task.ament_python.build:Building ROS package in '/home/administrator/Masterproject2/20_ROS/src/Robots/Omron_AMR/src/om_aiv_util' with build type 'ament_python'
[0.727s] Level 1:colcon.colcon_core.shell:create_environment_hook('om_aiv_util', 'ament_prefix_path')
[0.727s] INFO:colcon.colcon_core.shell:Creating environment hook '/home/administrator/Masterproject2/20_ROS/src/Robots/install/om_aiv_util/share/om_aiv_util/hook/ament_prefix_path.ps1'
[0.727s] INFO:colcon.colcon_core.shell:Creating environment descriptor '/home/administrator/Masterproject2/20_ROS/src/Robots/install/om_aiv_util/share/om_aiv_util/hook/ament_prefix_path.dsv'
[0.727s] INFO:colcon.colcon_core.shell:Creating environment hook '/home/administrator/Masterproject2/20_ROS/src/Robots/install/om_aiv_util/share/om_aiv_util/hook/ament_prefix_path.sh'
[0.728s] INFO:colcon.colcon_core.shell:Skip shell extension 'powershell' for command environment: Not usable outside of PowerShell
[0.728s] DEBUG:colcon.colcon_core.shell:Skip shell extension 'dsv' for command environment
[0.730s] DEBUG:colcon.colcon_core.event_handler.log_command:Invoked command in '/home/administrator/Masterproject2/20_ROS/src/Robots/build/mir_msgs' returned '0': CMAKE_PREFIX_PATH=${CMAKE_PREFIX_PATH}:/opt/ros/kilted DEBUGINFOD_URLS=https://debuginfod.ubuntu.com /usr/bin/cmake --build /home/administrator/Masterproject2/20_ROS/src/Robots/build/mir_msgs -- -j14 -l14
[0.731s] DEBUG:colcon.colcon_core.event_handler.log_command:Invoking command in '/home/administrator/Masterproject2/20_ROS/src/Robots/build/mir_msgs': CMAKE_PREFIX_PATH=${CMAKE_PREFIX_PATH}:/opt/ros/kilted DEBUGINFOD_URLS=https://debuginfod.ubuntu.com /usr/bin/cmake --install /home/administrator/Masterproject2/20_ROS/src/Robots/build/mir_msgs
[0.732s] Level 1:colcon.colcon_core.environment:create_environment_scripts_only(ur_dashboard_msgs)
[0.732s] Level 1:colcon.colcon_core.environment:checking '/home/administrator/Masterproject2/20_ROS/src/Robots/install/ur_dashboard_msgs' for CMake module files
[0.733s] Level 1:colcon.colcon_core.environment:checking '/home/administrator/Masterproject2/20_ROS/src/Robots/install/ur_dashboard_msgs' for CMake config files
[0.733s] DEBUG:colcon.colcon_core.event_handler.log_command:Invoked command in '/home/administrator/Masterproject2/20_ROS/src/Robots/build/ur_dashboard_msgs' returned '0': CMAKE_PREFIX_PATH=${CMAKE_PREFIX_PATH}:/opt/ros/kilted DEBUGINFOD_URLS=https://debuginfod.ubuntu.com /usr/bin/cmake --install /home/administrator/Masterproject2/20_ROS/src/Robots/build/ur_dashboard_msgs
[0.735s] Level 1:colcon.colcon_core.shell:create_environment_hook('ur_dashboard_msgs', 'cmake_prefix_path')
[0.735s] INFO:colcon.colcon_core.shell:Creating environment hook '/home/administrator/Masterproject2/20_ROS/src/Robots/install/ur_dashboard_msgs/share/ur_dashboard_msgs/hook/cmake_prefix_path.ps1'
[0.736s] INFO:colcon.colcon_core.shell:Creating environment descriptor '/home/administrator/Masterproject2/20_ROS/src/Robots/install/ur_dashboard_msgs/share/ur_dashboard_msgs/hook/cmake_prefix_path.dsv'
[0.736s] INFO:colcon.colcon_core.shell:Creating environment hook '/home/administrator/Masterproject2/20_ROS/src/Robots/install/ur_dashboard_msgs/share/ur_dashboard_msgs/hook/cmake_prefix_path.sh'
[0.736s] Level 1:colcon.colcon_core.environment:checking '/home/administrator/Masterproject2/20_ROS/src/Robots/install/ur_dashboard_msgs/lib'
[0.736s] Level 1:colcon.colcon_core.shell:create_environment_hook('ur_dashboard_msgs', 'ld_library_path_lib')
[0.736s] INFO:colcon.colcon_core.shell:Creating environment hook '/home/administrator/Masterproject2/20_ROS/src/Robots/install/ur_dashboard_msgs/share/ur_dashboard_msgs/hook/ld_library_path_lib.ps1'
[0.737s] INFO:colcon.colcon_core.shell:Creating environment descriptor '/home/administrator/Masterproject2/20_ROS/src/Robots/install/ur_dashboard_msgs/share/ur_dashboard_msgs/hook/ld_library_path_lib.dsv'
[0.737s] INFO:colcon.colcon_core.shell:Creating environment hook '/home/administrator/Masterproject2/20_ROS/src/Robots/install/ur_dashboard_msgs/share/ur_dashboard_msgs/hook/ld_library_path_lib.sh'
[0.737s] Level 1:colcon.colcon_core.environment:checking '/home/administrator/Masterproject2/20_ROS/src/Robots/install/ur_dashboard_msgs/bin'
[0.737s] Level 1:colcon.colcon_core.environment:checking '/home/administrator/Masterproject2/20_ROS/src/Robots/install/ur_dashboard_msgs/lib/pkgconfig/ur_dashboard_msgs.pc'
[0.737s] Level 1:colcon.colcon_core.environment:checking '/home/administrator/Masterproject2/20_ROS/src/Robots/install/ur_dashboard_msgs/lib/python3.12/site-packages'
[0.737s] Level 1:colcon.colcon_core.shell:create_environment_hook('ur_dashboard_msgs', 'pythonpath')
[0.737s] INFO:colcon.colcon_core.shell:Creating environment hook '/home/administrator/Masterproject2/20_ROS/src/Robots/install/ur_dashboard_msgs/share/ur_dashboard_msgs/hook/pythonpath.ps1'
[0.738s] INFO:colcon.colcon_core.shell:Creating environment descriptor '/home/administrator/Masterproject2/20_ROS/src/Robots/install/ur_dashboard_msgs/share/ur_dashboard_msgs/hook/pythonpath.dsv'
[0.738s] INFO:colcon.colcon_core.shell:Creating environment hook '/home/administrator/Masterproject2/20_ROS/src/Robots/install/ur_dashboard_msgs/share/ur_dashboard_msgs/hook/pythonpath.sh'
[0.738s] Level 1:colcon.colcon_core.environment:checking '/home/administrator/Masterproject2/20_ROS/src/Robots/install/ur_dashboard_msgs/bin'
[0.738s] INFO:colcon.colcon_core.shell:Creating package script '/home/administrator/Masterproject2/20_ROS/src/Robots/install/ur_dashboard_msgs/share/ur_dashboard_msgs/package.ps1'
[0.739s] INFO:colcon.colcon_core.shell:Creating package descriptor '/home/administrator/Masterproject2/20_ROS/src/Robots/install/ur_dashboard_msgs/share/ur_dashboard_msgs/package.dsv'
[0.739s] INFO:colcon.colcon_core.shell:Creating package script '/home/administrator/Masterproject2/20_ROS/src/Robots/install/ur_dashboard_msgs/share/ur_dashboard_msgs/package.sh'
[0.740s] INFO:colcon.colcon_core.shell:Creating package script '/home/administrator/Masterproject2/20_ROS/src/Robots/install/ur_dashboard_msgs/share/ur_dashboard_msgs/package.bash'
[0.740s] INFO:colcon.colcon_core.shell:Creating package script '/home/administrator/Masterproject2/20_ROS/src/Robots/install/ur_dashboard_msgs/share/ur_dashboard_msgs/package.zsh'
[0.740s] Level 1:colcon.colcon_core.environment:create_file_with_runtime_dependencies(/home/administrator/Masterproject2/20_ROS/src/Robots/install/ur_dashboard_msgs/share/colcon-core/packages/ur_dashboard_msgs)
[0.743s] Level 1:colcon.colcon_core.environment:create_environment_scripts_only(ur_dashboard_msgs)
[0.744s] Level 1:colcon.colcon_core.environment:checking '/home/administrator/Masterproject2/20_ROS/src/Robots/install/ur_dashboard_msgs' for CMake module files
[0.747s] Level 1:colcon.colcon_core.environment:checking '/home/administrator/Masterproject2/20_ROS/src/Robots/install/ur_dashboard_msgs' for CMake config files
[0.766s] Level 1:colcon.colcon_core.shell:create_environment_hook('ur_dashboard_msgs', 'cmake_prefix_path')
[0.767s] INFO:colcon.colcon_core.shell:Creating environment hook '/home/administrator/Masterproject2/20_ROS/src/Robots/install/ur_dashboard_msgs/share/ur_dashboard_msgs/hook/cmake_prefix_path.ps1'
[0.767s] INFO:colcon.colcon_core.shell:Creating environment descriptor '/home/administrator/Masterproject2/20_ROS/src/Robots/install/ur_dashboard_msgs/share/ur_dashboard_msgs/hook/cmake_prefix_path.dsv'
[0.768s] INFO:colcon.colcon_core.shell:Creating environment hook '/home/administrator/Masterproject2/20_ROS/src/Robots/install/ur_dashboard_msgs/share/ur_dashboard_msgs/hook/cmake_prefix_path.sh'
[0.769s] Level 1:colcon.colcon_core.environment:checking '/home/administrator/Masterproject2/20_ROS/src/Robots/install/ur_dashboard_msgs/lib'
[0.769s] Level 1:colcon.colcon_core.shell:create_environment_hook('ur_dashboard_msgs', 'ld_library_path_lib')
[0.769s] INFO:colcon.colcon_core.shell:Creating environment hook '/home/administrator/Masterproject2/20_ROS/src/Robots/install/ur_dashboard_msgs/share/ur_dashboard_msgs/hook/ld_library_path_lib.ps1'
[0.770s] INFO:colcon.colcon_core.shell:Creating environment descriptor '/home/administrator/Masterproject2/20_ROS/src/Robots/install/ur_dashboard_msgs/share/ur_dashboard_msgs/hook/ld_library_path_lib.dsv'
[0.770s] INFO:colcon.colcon_core.shell:Creating environment hook '/home/administrator/Masterproject2/20_ROS/src/Robots/install/ur_dashboard_msgs/share/ur_dashboard_msgs/hook/ld_library_path_lib.sh'
[0.770s] Level 1:colcon.colcon_core.environment:checking '/home/administrator/Masterproject2/20_ROS/src/Robots/install/ur_dashboard_msgs/bin'
[0.770s] Level 1:colcon.colcon_core.environment:checking '/home/administrator/Masterproject2/20_ROS/src/Robots/install/ur_dashboard_msgs/lib/pkgconfig/ur_dashboard_msgs.pc'
[0.771s] Level 1:colcon.colcon_core.environment:checking '/home/administrator/Masterproject2/20_ROS/src/Robots/install/ur_dashboard_msgs/lib/python3.12/site-packages'
[0.771s] Level 1:colcon.colcon_core.shell:create_environment_hook('ur_dashboard_msgs', 'pythonpath')
[0.771s] INFO:colcon.colcon_core.shell:Creating environment hook '/home/administrator/Masterproject2/20_ROS/src/Robots/install/ur_dashboard_msgs/share/ur_dashboard_msgs/hook/pythonpath.ps1'
[0.772s] INFO:colcon.colcon_core.shell:Creating environment descriptor '/home/administrator/Masterproject2/20_ROS/src/Robots/install/ur_dashboard_msgs/share/ur_dashboard_msgs/hook/pythonpath.dsv'
[0.772s] INFO:colcon.colcon_core.shell:Creating environment hook '/home/administrator/Masterproject2/20_ROS/src/Robots/install/ur_dashboard_msgs/share/ur_dashboard_msgs/hook/pythonpath.sh'
[0.772s] Level 1:colcon.colcon_core.environment:checking '/home/administrator/Masterproject2/20_ROS/src/Robots/install/ur_dashboard_msgs/bin'
[0.773s] INFO:colcon.colcon_core.shell:Creating package script '/home/administrator/Masterproject2/20_ROS/src/Robots/install/ur_dashboard_msgs/share/ur_dashboard_msgs/package.ps1'
[0.773s] INFO:colcon.colcon_core.shell:Creating package descriptor '/home/administrator/Masterproject2/20_ROS/src/Robots/install/ur_dashboard_msgs/share/ur_dashboard_msgs/package.dsv'
[0.774s] INFO:colcon.colcon_core.shell:Creating package script '/home/administrator/Masterproject2/20_ROS/src/Robots/install/ur_dashboard_msgs/share/ur_dashboard_msgs/package.sh'
[0.774s] INFO:colcon.colcon_core.shell:Creating package script '/home/administrator/Masterproject2/20_ROS/src/Robots/install/ur_dashboard_msgs/share/ur_dashboard_msgs/package.bash'
[0.774s] INFO:colcon.colcon_core.shell:Creating package script '/home/administrator/Masterproject2/20_ROS/src/Robots/install/ur_dashboard_msgs/share/ur_dashboard_msgs/package.zsh'
[0.775s] Level 1:colcon.colcon_core.environment:create_file_with_runtime_dependencies(/home/administrator/Masterproject2/20_ROS/src/Robots/install/ur_dashboard_msgs/share/colcon-core/packages/ur_dashboard_msgs)
[0.826s] DEBUG:colcon.colcon_core.event_handler.log_command:Invoking command in '/home/administrator/Masterproject2/20_ROS/src/Robots/build/amr_visualisation': AMENT_PREFIX_PATH=/home/administrator/Masterproject2/20_ROS/src/Robots/install/om_aiv_msg:${AMENT_PREFIX_PATH} CMAKE_PREFIX_PATH=/home/administrator/Masterproject2/20_ROS/src/Robots/install/om_aiv_msg:/opt/ros/kilted/opt/sdformat_vendor:/opt/ros/kilted/opt/gz_math_vendor:/opt/ros/kilted/opt/gz_utils_vendor:/opt/ros/kilted/opt/gz_tools_vendor:/opt/ros/kilted/opt/gz_cmake_vendor:/opt/ros/kilted DEBUGINFOD_URLS=https://debuginfod.ubuntu.com LD_LIBRARY_PATH=/home/administrator/Masterproject2/20_ROS/src/Robots/install/om_aiv_msg/lib:${LD_LIBRARY_PATH} PYTHONPATH=/home/administrator/Masterproject2/20_ROS/src/Robots/install/om_aiv_msg/lib/python3.12/site-packages:${PYTHONPATH} /usr/bin/cmake --build /home/administrator/Masterproject2/20_ROS/src/Robots/build/amr_visualisation -- -j14 -l14
[0.827s] DEBUG:colcon.colcon_core.event_handler.log_command:Invoking command in '/home/administrator/Masterproject2/20_ROS/src/Robots/build/demo': AMENT_PREFIX_PATH=/home/administrator/Masterproject2/20_ROS/src/Robots/install/om_aiv_msg:${AMENT_PREFIX_PATH} CMAKE_PREFIX_PATH=/home/administrator/Masterproject2/20_ROS/src/Robots/install/om_aiv_msg:/opt/ros/kilted/opt/sdformat_vendor:/opt/ros/kilted/opt/gz_math_vendor:/opt/ros/kilted/opt/gz_utils_vendor:/opt/ros/kilted/opt/gz_tools_vendor:/opt/ros/kilted/opt/gz_cmake_vendor:/opt/ros/kilted DEBUGINFOD_URLS=https://debuginfod.ubuntu.com LD_LIBRARY_PATH=/home/administrator/Masterproject2/20_ROS/src/Robots/install/om_aiv_msg/lib:${LD_LIBRARY_PATH} PYTHONPATH=/home/administrator/Masterproject2/20_ROS/src/Robots/install/om_aiv_msg/lib/python3.12/site-packages:${PYTHONPATH} /usr/bin/cmake --build /home/administrator/Masterproject2/20_ROS/src/Robots/build/demo -- -j14 -l14
[0.927s] INFO:colcon.colcon_core.task.python.build:Building Python package in '/home/administrator/Masterproject2/20_ROS/src/Robots/Omron_AMR/src/om_aiv_util'
[0.928s] INFO:colcon.colcon_core.shell:Skip shell extension 'powershell' for command environment: Not usable outside of PowerShell
[0.928s] DEBUG:colcon.colcon_core.shell:Skip shell extension 'dsv' for command environment
[0.931s] DEBUG:colcon.colcon_core.task.python.build:Available setuptools commands: install, compile_catalog, install_lib, easy_install, editable_wheel, upload_docs, alias, bdist, install_scripts, test, update_catalog, build_clib, register, develop, build_ext, clean, bdist_dumb, setopt, install_data, egg_info, rotate, init_catalog, bdist_egg, build, install_headers, saveopts, check, sdist, build_py, dist_info, symlink_data, build_scripts, upload, install_egg_info, extract_messages, bdist_rpm
[0.937s] DEBUG:colcon.colcon_core.event_handler.log_command:Invoking command in '/home/administrator/Masterproject2/20_ROS/src/Robots/Omron_AMR/src/om_aiv_navigation': DEBUGINFOD_URLS=https://debuginfod.ubuntu.com PYTHONPATH=/home/administrator/Masterproject2/20_ROS/src/Robots/build/om_aiv_navigation/prefix_override:/usr/lib/python3/dist-packages/colcon_core/task/python/colcon_distutils_commands:/home/administrator/Masterproject2/20_ROS/src/Robots/install/om_aiv_navigation/lib/python3.12/site-packages:${PYTHONPATH} /usr/bin/python3 -W ignore:setup.py install is deprecated -W ignore:easy_install command is deprecated setup.py egg_info --egg-base ../../../build/om_aiv_navigation build --build-base /home/administrator/Masterproject2/20_ROS/src/Robots/build/om_aiv_navigation/build install --record /home/administrator/Masterproject2/20_ROS/src/Robots/build/om_aiv_navigation/install.log --install-scripts $base/lib/om_aiv_navigation --single-version-externally-managed install_data
[0.939s] Level 1:colcon.colcon_core.environment:create_environment_scripts_only(mir_msgs)
[0.940s] Level 1:colcon.colcon_core.environment:checking '/home/administrator/Masterproject2/20_ROS/src/Robots/install/mir_msgs' for CMake module files
[0.940s] DEBUG:colcon.colcon_core.event_handler.log_command:Invoked command in '/home/administrator/Masterproject2/20_ROS/src/Robots/build/mir_msgs' returned '0': CMAKE_PREFIX_PATH=${CMAKE_PREFIX_PATH}:/opt/ros/kilted DEBUGINFOD_URLS=https://debuginfod.ubuntu.com /usr/bin/cmake --install /home/administrator/Masterproject2/20_ROS/src/Robots/build/mir_msgs
[0.941s] Level 1:colcon.colcon_core.environment:checking '/home/administrator/Masterproject2/20_ROS/src/Robots/install/mir_msgs' for CMake config files
[0.943s] Level 1:colcon.colcon_core.shell:create_environment_hook('mir_msgs', 'cmake_prefix_path')
[0.944s] INFO:colcon.colcon_core.shell:Creating environment hook '/home/administrator/Masterproject2/20_ROS/src/Robots/install/mir_msgs/share/mir_msgs/hook/cmake_prefix_path.ps1'
[0.944s] INFO:colcon.colcon_core.shell:Creating environment descriptor '/home/administrator/Masterproject2/20_ROS/src/Robots/install/mir_msgs/share/mir_msgs/hook/cmake_prefix_path.dsv'
[0.945s] INFO:colcon.colcon_core.shell:Creating environment hook '/home/administrator/Masterproject2/20_ROS/src/Robots/install/mir_msgs/share/mir_msgs/hook/cmake_prefix_path.sh'
[0.946s] Level 1:colcon.colcon_core.environment:checking '/home/administrator/Masterproject2/20_ROS/src/Robots/install/mir_msgs/lib'
[0.946s] Level 1:colcon.colcon_core.shell:create_environment_hook('mir_msgs', 'ld_library_path_lib')
[0.947s] INFO:colcon.colcon_core.shell:Creating environment hook '/home/administrator/Masterproject2/20_ROS/src/Robots/install/mir_msgs/share/mir_msgs/hook/ld_library_path_lib.ps1'
[0.948s] INFO:colcon.colcon_core.shell:Creating environment descriptor '/home/administrator/Masterproject2/20_ROS/src/Robots/install/mir_msgs/share/mir_msgs/hook/ld_library_path_lib.dsv'
[0.948s] INFO:colcon.colcon_core.shell:Creating environment hook '/home/administrator/Masterproject2/20_ROS/src/Robots/install/mir_msgs/share/mir_msgs/hook/ld_library_path_lib.sh'
[0.949s] Level 1:colcon.colcon_core.environment:checking '/home/administrator/Masterproject2/20_ROS/src/Robots/install/mir_msgs/bin'
[0.950s] Level 1:colcon.colcon_core.environment:checking '/home/administrator/Masterproject2/20_ROS/src/Robots/install/mir_msgs/lib/pkgconfig/mir_msgs.pc'
[0.950s] Level 1:colcon.colcon_core.environment:checking '/home/administrator/Masterproject2/20_ROS/src/Robots/install/mir_msgs/lib/python3.12/site-packages'
[0.950s] Level 1:colcon.colcon_core.shell:create_environment_hook('mir_msgs', 'pythonpath')
[0.951s] INFO:colcon.colcon_core.shell:Creating environment hook '/home/administrator/Masterproject2/20_ROS/src/Robots/install/mir_msgs/share/mir_msgs/hook/pythonpath.ps1'
[0.951s] INFO:colcon.colcon_core.shell:Creating environment descriptor '/home/administrator/Masterproject2/20_ROS/src/Robots/install/mir_msgs/share/mir_msgs/hook/pythonpath.dsv'
[0.952s] INFO:colcon.colcon_core.shell:Creating environment hook '/home/administrator/Masterproject2/20_ROS/src/Robots/install/mir_msgs/share/mir_msgs/hook/pythonpath.sh'
[0.953s] Level 1:colcon.colcon_core.environment:checking '/home/administrator/Masterproject2/20_ROS/src/Robots/install/mir_msgs/bin'
[0.954s] INFO:colcon.colcon_core.shell:Creating package script '/home/administrator/Masterproject2/20_ROS/src/Robots/install/mir_msgs/share/mir_msgs/package.ps1'
[0.955s] INFO:colcon.colcon_core.shell:Creating package descriptor '/home/administrator/Masterproject2/20_ROS/src/Robots/install/mir_msgs/share/mir_msgs/package.dsv'
[0.956s] INFO:colcon.colcon_core.shell:Creating package script '/home/administrator/Masterproject2/20_ROS/src/Robots/install/mir_msgs/share/mir_msgs/package.sh'
[0.957s] INFO:colcon.colcon_core.shell:Creating package script '/home/administrator/Masterproject2/20_ROS/src/Robots/install/mir_msgs/share/mir_msgs/package.bash'
[0.958s] INFO:colcon.colcon_core.shell:Creating package script '/home/administrator/Masterproject2/20_ROS/src/Robots/install/mir_msgs/share/mir_msgs/package.zsh'
[0.958s] Level 1:colcon.colcon_core.environment:create_file_with_runtime_dependencies(/home/administrator/Masterproject2/20_ROS/src/Robots/install/mir_msgs/share/colcon-core/packages/mir_msgs)
[0.960s] Level 1:colcon.colcon_core.environment:create_environment_scripts_only(mir_msgs)
[0.960s] Level 1:colcon.colcon_core.environment:checking '/home/administrator/Masterproject2/20_ROS/src/Robots/install/mir_msgs' for CMake module files
[0.961s] Level 1:colcon.colcon_core.environment:checking '/home/administrator/Masterproject2/20_ROS/src/Robots/install/mir_msgs' for CMake config files
[0.963s] Level 1:colcon.colcon_core.shell:create_environment_hook('mir_msgs', 'cmake_prefix_path')
[0.963s] INFO:colcon.colcon_core.shell:Creating environment hook '/home/administrator/Masterproject2/20_ROS/src/Robots/install/mir_msgs/share/mir_msgs/hook/cmake_prefix_path.ps1'
[0.965s] INFO:colcon.colcon_core.shell:Creating environment descriptor '/home/administrator/Masterproject2/20_ROS/src/Robots/install/mir_msgs/share/mir_msgs/hook/cmake_prefix_path.dsv'
[0.965s] INFO:colcon.colcon_core.shell:Creating environment hook '/home/administrator/Masterproject2/20_ROS/src/Robots/install/mir_msgs/share/mir_msgs/hook/cmake_prefix_path.sh'
[0.967s] Level 1:colcon.colcon_core.environment:checking '/home/administrator/Masterproject2/20_ROS/src/Robots/install/mir_msgs/lib'
[0.967s] Level 1:colcon.colcon_core.shell:create_environment_hook('mir_msgs', 'ld_library_path_lib')
[0.967s] INFO:colcon.colcon_core.shell:Creating environment hook '/home/administrator/Masterproject2/20_ROS/src/Robots/install/mir_msgs/share/mir_msgs/hook/ld_library_path_lib.ps1'
[0.968s] INFO:colcon.colcon_core.shell:Creating environment descriptor '/home/administrator/Masterproject2/20_ROS/src/Robots/install/mir_msgs/share/mir_msgs/hook/ld_library_path_lib.dsv'
[0.969s] INFO:colcon.colcon_core.shell:Creating environment hook '/home/administrator/Masterproject2/20_ROS/src/Robots/install/mir_msgs/share/mir_msgs/hook/ld_library_path_lib.sh'
[0.970s] Level 1:colcon.colcon_core.environment:checking '/home/administrator/Masterproject2/20_ROS/src/Robots/install/mir_msgs/bin'
[0.970s] Level 1:colcon.colcon_core.environment:checking '/home/administrator/Masterproject2/20_ROS/src/Robots/install/mir_msgs/lib/pkgconfig/mir_msgs.pc'
[0.971s] Level 1:colcon.colcon_core.environment:checking '/home/administrator/Masterproject2/20_ROS/src/Robots/install/mir_msgs/lib/python3.12/site-packages'
[0.971s] Level 1:colcon.colcon_core.shell:create_environment_hook('mir_msgs', 'pythonpath')
[0.971s] INFO:colcon.colcon_core.shell:Creating environment hook '/home/administrator/Masterproject2/20_ROS/src/Robots/install/mir_msgs/share/mir_msgs/hook/pythonpath.ps1'
[0.972s] INFO:colcon.colcon_core.shell:Creating environment descriptor '/home/administrator/Masterproject2/20_ROS/src/Robots/install/mir_msgs/share/mir_msgs/hook/pythonpath.dsv'
[0.973s] INFO:colcon.colcon_core.shell:Creating environment hook '/home/administrator/Masterproject2/20_ROS/src/Robots/install/mir_msgs/share/mir_msgs/hook/pythonpath.sh'
[0.975s] Level 1:colcon.colcon_core.environment:checking '/home/administrator/Masterproject2/20_ROS/src/Robots/install/mir_msgs/bin'
[0.975s] INFO:colcon.colcon_core.shell:Creating package script '/home/administrator/Masterproject2/20_ROS/src/Robots/install/mir_msgs/share/mir_msgs/package.ps1'
[0.977s] INFO:colcon.colcon_core.shell:Creating package descriptor '/home/administrator/Masterproject2/20_ROS/src/Robots/install/mir_msgs/share/mir_msgs/package.dsv'
[0.978s] INFO:colcon.colcon_core.shell:Creating package script '/home/administrator/Masterproject2/20_ROS/src/Robots/install/mir_msgs/share/mir_msgs/package.sh'
[0.979s] INFO:colcon.colcon_core.shell:Creating package script '/home/administrator/Masterproject2/20_ROS/src/Robots/install/mir_msgs/share/mir_msgs/package.bash'
[0.980s] INFO:colcon.colcon_core.shell:Creating package script '/home/administrator/Masterproject2/20_ROS/src/Robots/install/mir_msgs/share/mir_msgs/package.zsh'
[0.981s] Level 1:colcon.colcon_core.environment:create_file_with_runtime_dependencies(/home/administrator/Masterproject2/20_ROS/src/Robots/install/mir_msgs/share/colcon-core/packages/mir_msgs)
[0.983s] DEBUG:colcon.colcon_core.event_handler.log_command:Invoked command in '/home/administrator/Masterproject2/20_ROS/src/Robots/build/amr_visualisation' returned '0': AMENT_PREFIX_PATH=/home/administrator/Masterproject2/20_ROS/src/Robots/install/om_aiv_msg:${AMENT_PREFIX_PATH} CMAKE_PREFIX_PATH=/home/administrator/Masterproject2/20_ROS/src/Robots/install/om_aiv_msg:/opt/ros/kilted/opt/sdformat_vendor:/opt/ros/kilted/opt/gz_math_vendor:/opt/ros/kilted/opt/gz_utils_vendor:/opt/ros/kilted/opt/gz_tools_vendor:/opt/ros/kilted/opt/gz_cmake_vendor:/opt/ros/kilted DEBUGINFOD_URLS=https://debuginfod.ubuntu.com LD_LIBRARY_PATH=/home/administrator/Masterproject2/20_ROS/src/Robots/install/om_aiv_msg/lib:${LD_LIBRARY_PATH} PYTHONPATH=/home/administrator/Masterproject2/20_ROS/src/Robots/install/om_aiv_msg/lib/python3.12/site-packages:${PYTHONPATH} /usr/bin/cmake --build /home/administrator/Masterproject2/20_ROS/src/Robots/build/amr_visualisation -- -j14 -l14
[0.985s] DEBUG:colcon.colcon_core.event_handler.log_command:Invoking command in '/home/administrator/Masterproject2/20_ROS/src/Robots/build/amr_visualisation': AMENT_PREFIX_PATH=/home/administrator/Masterproject2/20_ROS/src/Robots/install/om_aiv_msg:${AMENT_PREFIX_PATH} CMAKE_PREFIX_PATH=/home/administrator/Masterproject2/20_ROS/src/Robots/install/om_aiv_msg:/opt/ros/kilted/opt/sdformat_vendor:/opt/ros/kilted/opt/gz_math_vendor:/opt/ros/kilted/opt/gz_utils_vendor:/opt/ros/kilted/opt/gz_tools_vendor:/opt/ros/kilted/opt/gz_cmake_vendor:/opt/ros/kilted DEBUGINFOD_URLS=https://debuginfod.ubuntu.com LD_LIBRARY_PATH=/home/administrator/Masterproject2/20_ROS/src/Robots/install/om_aiv_msg/lib:${LD_LIBRARY_PATH} PYTHONPATH=/home/administrator/Masterproject2/20_ROS/src/Robots/install/om_aiv_msg/lib/python3.12/site-packages:${PYTHONPATH} /usr/bin/cmake --install /home/administrator/Masterproject2/20_ROS/src/Robots/build/amr_visualisation
[0.986s] DEBUG:colcon.colcon_core.event_handler.log_command:Invoked command in '/home/administrator/Masterproject2/20_ROS/src/Robots/build/demo' returned '0': AMENT_PREFIX_PATH=/home/administrator/Masterproject2/20_ROS/src/Robots/install/om_aiv_msg:${AMENT_PREFIX_PATH} CMAKE_PREFIX_PATH=/home/administrator/Masterproject2/20_ROS/src/Robots/install/om_aiv_msg:/opt/ros/kilted/opt/sdformat_vendor:/opt/ros/kilted/opt/gz_math_vendor:/opt/ros/kilted/opt/gz_utils_vendor:/opt/ros/kilted/opt/gz_tools_vendor:/opt/ros/kilted/opt/gz_cmake_vendor:/opt/ros/kilted DEBUGINFOD_URLS=https://debuginfod.ubuntu.com LD_LIBRARY_PATH=/home/administrator/Masterproject2/20_ROS/src/Robots/install/om_aiv_msg/lib:${LD_LIBRARY_PATH} PYTHONPATH=/home/administrator/Masterproject2/20_ROS/src/Robots/install/om_aiv_msg/lib/python3.12/site-packages:${PYTHONPATH} /usr/bin/cmake --build /home/administrator/Masterproject2/20_ROS/src/Robots/build/demo -- -j14 -l14
[0.988s] DEBUG:colcon.colcon_core.event_handler.log_command:Invoking command in '/home/administrator/Masterproject2/20_ROS/src/Robots/build/demo': AMENT_PREFIX_PATH=/home/administrator/Masterproject2/20_ROS/src/Robots/install/om_aiv_msg:${AMENT_PREFIX_PATH} CMAKE_PREFIX_PATH=/home/administrator/Masterproject2/20_ROS/src/Robots/install/om_aiv_msg:/opt/ros/kilted/opt/sdformat_vendor:/opt/ros/kilted/opt/gz_math_vendor:/opt/ros/kilted/opt/gz_utils_vendor:/opt/ros/kilted/opt/gz_tools_vendor:/opt/ros/kilted/opt/gz_cmake_vendor:/opt/ros/kilted DEBUGINFOD_URLS=https://debuginfod.ubuntu.com LD_LIBRARY_PATH=/home/administrator/Masterproject2/20_ROS/src/Robots/install/om_aiv_msg/lib:${LD_LIBRARY_PATH} PYTHONPATH=/home/administrator/Masterproject2/20_ROS/src/Robots/install/om_aiv_msg/lib/python3.12/site-packages:${PYTHONPATH} /usr/bin/cmake --install /home/administrator/Masterproject2/20_ROS/src/Robots/build/demo
[0.989s] INFO:colcon.colcon_ros.task.ament_cmake.build:Building ROS package in '/home/administrator/Masterproject2/20_ROS/src/Robots/MIR/mir_driver' with build type 'ament_cmake'
[0.989s] INFO:colcon.colcon_cmake.task.cmake.build:Building CMake package in '/home/administrator/Masterproject2/20_ROS/src/Robots/MIR/mir_driver'
[0.990s] INFO:colcon.colcon_core.shell:Skip shell extension 'powershell' for command environment: Not usable outside of PowerShell
[0.990s] DEBUG:colcon.colcon_core.shell:Skip shell extension 'dsv' for command environment
[1.003s] DEBUG:colcon.colcon_core.event_handler.log_command:Invoking command in '/home/administrator/Masterproject2/20_ROS/src/Robots/build/mir_driver': AMENT_PREFIX_PATH=/home/administrator/Masterproject2/20_ROS/src/Robots/install/mir_msgs:/home/administrator/Masterproject2/20_ROS/src/Robots/install/mir_description:/home/administrator/Masterproject2/20_ROS/src/Robots/install/mir_actions:${AMENT_PREFIX_PATH} CMAKE_PREFIX_PATH=/home/administrator/Masterproject2/20_ROS/src/Robots/install/mir_msgs:/home/administrator/Masterproject2/20_ROS/src/Robots/install/mir_description:/home/administrator/Masterproject2/20_ROS/src/Robots/install/mir_actions:/opt/ros/kilted/opt/sdformat_vendor:/opt/ros/kilted/opt/gz_math_vendor:/opt/ros/kilted/opt/gz_utils_vendor:/opt/ros/kilted/opt/gz_tools_vendor:/opt/ros/kilted/opt/gz_cmake_vendor:/opt/ros/kilted DEBUGINFOD_URLS=https://debuginfod.ubuntu.com LD_LIBRARY_PATH=/home/administrator/Masterproject2/20_ROS/src/Robots/install/mir_msgs/lib:/home/administrator/Masterproject2/20_ROS/src/Robots/install/mir_actions/lib:${LD_LIBRARY_PATH} PYTHONPATH=/home/administrator/Masterproject2/20_ROS/src/Robots/install/mir_msgs/lib/python3.12/site-packages:/home/administrator/Masterproject2/20_ROS/src/Robots/install/mir_actions/lib/python3.12/site-packages:${PYTHONPATH} /usr/bin/cmake --build /home/administrator/Masterproject2/20_ROS/src/Robots/build/mir_driver -- -j14 -l14
[1.004s] Level 1:colcon.colcon_core.environment:create_environment_scripts_only(demo)
[1.004s] Level 1:colcon.colcon_core.environment:checking '/home/administrator/Masterproject2/20_ROS/src/Robots/install/demo' for CMake module files
[1.004s] DEBUG:colcon.colcon_core.event_handler.log_command:Invoked command in '/home/administrator/Masterproject2/20_ROS/src/Robots/build/demo' returned '0': AMENT_PREFIX_PATH=/home/administrator/Masterproject2/20_ROS/src/Robots/install/om_aiv_msg:${AMENT_PREFIX_PATH} CMAKE_PREFIX_PATH=/home/administrator/Masterproject2/20_ROS/src/Robots/install/om_aiv_msg:/opt/ros/kilted/opt/sdformat_vendor:/opt/ros/kilted/opt/gz_math_vendor:/opt/ros/kilted/opt/gz_utils_vendor:/opt/ros/kilted/opt/gz_tools_vendor:/opt/ros/kilted/opt/gz_cmake_vendor:/opt/ros/kilted DEBUGINFOD_URLS=https://debuginfod.ubuntu.com LD_LIBRARY_PATH=/home/administrator/Masterproject2/20_ROS/src/Robots/install/om_aiv_msg/lib:${LD_LIBRARY_PATH} PYTHONPATH=/home/administrator/Masterproject2/20_ROS/src/Robots/install/om_aiv_msg/lib/python3.12/site-packages:${PYTHONPATH} /usr/bin/cmake --install /home/administrator/Masterproject2/20_ROS/src/Robots/build/demo
[1.006s] Level 1:colcon.colcon_core.environment:checking '/home/administrator/Masterproject2/20_ROS/src/Robots/install/demo' for CMake config files
[1.007s] Level 1:colcon.colcon_core.shell:create_environment_hook('demo', 'cmake_prefix_path')
[1.007s] INFO:colcon.colcon_core.shell:Creating environment hook '/home/administrator/Masterproject2/20_ROS/src/Robots/install/demo/share/demo/hook/cmake_prefix_path.ps1'
[1.008s] INFO:colcon.colcon_core.shell:Creating environment descriptor '/home/administrator/Masterproject2/20_ROS/src/Robots/install/demo/share/demo/hook/cmake_prefix_path.dsv'
[1.009s] INFO:colcon.colcon_core.shell:Creating environment hook '/home/administrator/Masterproject2/20_ROS/src/Robots/install/demo/share/demo/hook/cmake_prefix_path.sh'
[1.010s] Level 1:colcon.colcon_core.environment:checking '/home/administrator/Masterproject2/20_ROS/src/Robots/install/demo/lib'
[1.010s] Level 1:colcon.colcon_core.shell:create_environment_hook('demo', 'ld_library_path_lib')
[1.011s] INFO:colcon.colcon_core.shell:Creating environment hook '/home/administrator/Masterproject2/20_ROS/src/Robots/install/demo/share/demo/hook/ld_library_path_lib.ps1'
[1.011s] INFO:colcon.colcon_core.shell:Creating environment descriptor '/home/administrator/Masterproject2/20_ROS/src/Robots/install/demo/share/demo/hook/ld_library_path_lib.dsv'
[1.012s] INFO:colcon.colcon_core.shell:Creating environment hook '/home/administrator/Masterproject2/20_ROS/src/Robots/install/demo/share/demo/hook/ld_library_path_lib.sh'
[1.012s] Level 1:colcon.colcon_core.environment:checking '/home/administrator/Masterproject2/20_ROS/src/Robots/install/demo/bin'
[1.012s] Level 1:colcon.colcon_core.environment:checking '/home/administrator/Masterproject2/20_ROS/src/Robots/install/demo/lib/pkgconfig/demo.pc'
[1.012s] Level 1:colcon.colcon_core.environment:checking '/home/administrator/Masterproject2/20_ROS/src/Robots/install/demo/lib/python3.12/site-packages'
[1.012s] Level 1:colcon.colcon_core.environment:checking '/home/administrator/Masterproject2/20_ROS/src/Robots/install/demo/bin'
[1.012s] INFO:colcon.colcon_core.shell:Creating package script '/home/administrator/Masterproject2/20_ROS/src/Robots/install/demo/share/demo/package.ps1'
[1.013s] INFO:colcon.colcon_core.shell:Creating package descriptor '/home/administrator/Masterproject2/20_ROS/src/Robots/install/demo/share/demo/package.dsv'
[1.013s] INFO:colcon.colcon_core.shell:Creating package script '/home/administrator/Masterproject2/20_ROS/src/Robots/install/demo/share/demo/package.sh'
[1.014s] INFO:colcon.colcon_core.shell:Creating package script '/home/administrator/Masterproject2/20_ROS/src/Robots/install/demo/share/demo/package.bash'
[1.014s] INFO:colcon.colcon_core.shell:Creating package script '/home/administrator/Masterproject2/20_ROS/src/Robots/install/demo/share/demo/package.zsh'
[1.014s] Level 1:colcon.colcon_core.environment:create_file_with_runtime_dependencies(/home/administrator/Masterproject2/20_ROS/src/Robots/install/demo/share/colcon-core/packages/demo)
[1.014s] Level 1:colcon.colcon_core.environment:create_environment_scripts_only(demo)
[1.014s] Level 1:colcon.colcon_core.environment:checking '/home/administrator/Masterproject2/20_ROS/src/Robots/install/demo' for CMake module files
[1.015s] Level 1:colcon.colcon_core.environment:checking '/home/administrator/Masterproject2/20_ROS/src/Robots/install/demo' for CMake config files
[1.015s] Level 1:colcon.colcon_core.shell:create_environment_hook('demo', 'cmake_prefix_path')
[1.015s] INFO:colcon.colcon_core.shell:Creating environment hook '/home/administrator/Masterproject2/20_ROS/src/Robots/install/demo/share/demo/hook/cmake_prefix_path.ps1'
[1.015s] INFO:colcon.colcon_core.shell:Creating environment descriptor '/home/administrator/Masterproject2/20_ROS/src/Robots/install/demo/share/demo/hook/cmake_prefix_path.dsv'
[1.015s] INFO:colcon.colcon_core.shell:Creating environment hook '/home/administrator/Masterproject2/20_ROS/src/Robots/install/demo/share/demo/hook/cmake_prefix_path.sh'
[1.016s] Level 1:colcon.colcon_core.environment:checking '/home/administrator/Masterproject2/20_ROS/src/Robots/install/demo/lib'
[1.016s] Level 1:colcon.colcon_core.shell:create_environment_hook('demo', 'ld_library_path_lib')
[1.016s] INFO:colcon.colcon_core.shell:Creating environment hook '/home/administrator/Masterproject2/20_ROS/src/Robots/install/demo/share/demo/hook/ld_library_path_lib.ps1'
[1.016s] INFO:colcon.colcon_core.shell:Creating environment descriptor '/home/administrator/Masterproject2/20_ROS/src/Robots/install/demo/share/demo/hook/ld_library_path_lib.dsv'
[1.016s] INFO:colcon.colcon_core.shell:Creating environment hook '/home/administrator/Masterproject2/20_ROS/src/Robots/install/demo/share/demo/hook/ld_library_path_lib.sh'
[1.016s] Level 1:colcon.colcon_core.environment:checking '/home/administrator/Masterproject2/20_ROS/src/Robots/install/demo/bin'
[1.016s] Level 1:colcon.colcon_core.environment:checking '/home/administrator/Masterproject2/20_ROS/src/Robots/install/demo/lib/pkgconfig/demo.pc'
[1.017s] Level 1:colcon.colcon_core.environment:checking '/home/administrator/Masterproject2/20_ROS/src/Robots/install/demo/lib/python3.12/site-packages'
[1.017s] Level 1:colcon.colcon_core.environment:checking '/home/administrator/Masterproject2/20_ROS/src/Robots/install/demo/bin'
[1.017s] INFO:colcon.colcon_core.shell:Creating package script '/home/administrator/Masterproject2/20_ROS/src/Robots/install/demo/share/demo/package.ps1'
[1.017s] INFO:colcon.colcon_core.shell:Creating package descriptor '/home/administrator/Masterproject2/20_ROS/src/Robots/install/demo/share/demo/package.dsv'
[1.018s] INFO:colcon.colcon_core.shell:Creating package script '/home/administrator/Masterproject2/20_ROS/src/Robots/install/demo/share/demo/package.sh'
[1.018s] INFO:colcon.colcon_core.shell:Creating package script '/home/administrator/Masterproject2/20_ROS/src/Robots/install/demo/share/demo/package.bash'
[1.018s] INFO:colcon.colcon_core.shell:Creating package script '/home/administrator/Masterproject2/20_ROS/src/Robots/install/demo/share/demo/package.zsh'
[1.018s] Level 1:colcon.colcon_core.environment:create_file_with_runtime_dependencies(/home/administrator/Masterproject2/20_ROS/src/Robots/install/demo/share/colcon-core/packages/demo)
[1.038s] Level 1:colcon.colcon_core.environment:create_environment_scripts_only(amr_visualisation)
[1.039s] Level 1:colcon.colcon_core.environment:checking '/home/administrator/Masterproject2/20_ROS/src/Robots/install/amr_visualisation' for CMake module files
[1.040s] Level 1:colcon.colcon_core.environment:checking '/home/administrator/Masterproject2/20_ROS/src/Robots/install/amr_visualisation' for CMake config files
[1.041s] Level 1:colcon.colcon_core.shell:create_environment_hook('amr_visualisation', 'cmake_prefix_path')
[1.041s] INFO:colcon.colcon_core.shell:Creating environment hook '/home/administrator/Masterproject2/20_ROS/src/Robots/install/amr_visualisation/share/amr_visualisation/hook/cmake_prefix_path.ps1'
[1.042s] INFO:colcon.colcon_core.shell:Creating environment descriptor '/home/administrator/Masterproject2/20_ROS/src/Robots/install/amr_visualisation/share/amr_visualisation/hook/cmake_prefix_path.dsv'
[1.042s] INFO:colcon.colcon_core.shell:Creating environment hook '/home/administrator/Masterproject2/20_ROS/src/Robots/install/amr_visualisation/share/amr_visualisation/hook/cmake_prefix_path.sh'
[1.043s] Level 1:colcon.colcon_core.environment:checking '/home/administrator/Masterproject2/20_ROS/src/Robots/install/amr_visualisation/lib'
[1.044s] Level 1:colcon.colcon_core.environment:checking '/home/administrator/Masterproject2/20_ROS/src/Robots/install/amr_visualisation/bin'
[1.044s] Level 1:colcon.colcon_core.environment:checking '/home/administrator/Masterproject2/20_ROS/src/Robots/install/amr_visualisation/lib/pkgconfig/amr_visualisation.pc'
[1.044s] Level 1:colcon.colcon_core.environment:checking '/home/administrator/Masterproject2/20_ROS/src/Robots/install/amr_visualisation/lib/python3.12/site-packages'
[1.044s] Level 1:colcon.colcon_core.environment:checking '/home/administrator/Masterproject2/20_ROS/src/Robots/install/amr_visualisation/bin'
[1.045s] INFO:colcon.colcon_core.shell:Creating package script '/home/administrator/Masterproject2/20_ROS/src/Robots/install/amr_visualisation/share/amr_visualisation/package.ps1'
[1.045s] INFO:colcon.colcon_core.shell:Creating package descriptor '/home/administrator/Masterproject2/20_ROS/src/Robots/install/amr_visualisation/share/amr_visualisation/package.dsv'
[1.046s] INFO:colcon.colcon_core.shell:Creating package script '/home/administrator/Masterproject2/20_ROS/src/Robots/install/amr_visualisation/share/amr_visualisation/package.sh'
[1.047s] INFO:colcon.colcon_core.shell:Creating package script '/home/administrator/Masterproject2/20_ROS/src/Robots/install/amr_visualisation/share/amr_visualisation/package.bash'
[1.048s] INFO:colcon.colcon_core.shell:Creating package script '/home/administrator/Masterproject2/20_ROS/src/Robots/install/amr_visualisation/share/amr_visualisation/package.zsh'
[1.049s] Level 1:colcon.colcon_core.environment:create_file_with_runtime_dependencies(/home/administrator/Masterproject2/20_ROS/src/Robots/install/amr_visualisation/share/colcon-core/packages/amr_visualisation)
[1.050s] Level 1:colcon.colcon_core.environment:create_environment_scripts_only(amr_visualisation)
[1.050s] Level 1:colcon.colcon_core.environment:checking '/home/administrator/Masterproject2/20_ROS/src/Robots/install/amr_visualisation' for CMake module files
[1.051s] Level 1:colcon.colcon_core.environment:checking '/home/administrator/Masterproject2/20_ROS/src/Robots/install/amr_visualisation' for CMake config files
[1.051s] DEBUG:colcon.colcon_core.event_handler.log_command:Invoked command in '/home/administrator/Masterproject2/20_ROS/src/Robots/build/amr_visualisation' returned '0': AMENT_PREFIX_PATH=/home/administrator/Masterproject2/20_ROS/src/Robots/install/om_aiv_msg:${AMENT_PREFIX_PATH} CMAKE_PREFIX_PATH=/home/administrator/Masterproject2/20_ROS/src/Robots/install/om_aiv_msg:/opt/ros/kilted/opt/sdformat_vendor:/opt/ros/kilted/opt/gz_math_vendor:/opt/ros/kilted/opt/gz_utils_vendor:/opt/ros/kilted/opt/gz_tools_vendor:/opt/ros/kilted/opt/gz_cmake_vendor:/opt/ros/kilted DEBUGINFOD_URLS=https://debuginfod.ubuntu.com LD_LIBRARY_PATH=/home/administrator/Masterproject2/20_ROS/src/Robots/install/om_aiv_msg/lib:${LD_LIBRARY_PATH} PYTHONPATH=/home/administrator/Masterproject2/20_ROS/src/Robots/install/om_aiv_msg/lib/python3.12/site-packages:${PYTHONPATH} /usr/bin/cmake --install /home/administrator/Masterproject2/20_ROS/src/Robots/build/amr_visualisation
[1.052s] Level 1:colcon.colcon_core.shell:create_environment_hook('amr_visualisation', 'cmake_prefix_path')
[1.052s] INFO:colcon.colcon_core.shell:Creating environment hook '/home/administrator/Masterproject2/20_ROS/src/Robots/install/amr_visualisation/share/amr_visualisation/hook/cmake_prefix_path.ps1'
[1.052s] INFO:colcon.colcon_core.shell:Creating environment descriptor '/home/administrator/Masterproject2/20_ROS/src/Robots/install/amr_visualisation/share/amr_visualisation/hook/cmake_prefix_path.dsv'
[1.052s] INFO:colcon.colcon_core.shell:Creating environment hook '/home/administrator/Masterproject2/20_ROS/src/Robots/install/amr_visualisation/share/amr_visualisation/hook/cmake_prefix_path.sh'
[1.053s] Level 1:colcon.colcon_core.environment:checking '/home/administrator/Masterproject2/20_ROS/src/Robots/install/amr_visualisation/lib'
[1.053s] Level 1:colcon.colcon_core.environment:checking '/home/administrator/Masterproject2/20_ROS/src/Robots/install/amr_visualisation/bin'
[1.053s] Level 1:colcon.colcon_core.environment:checking '/home/administrator/Masterproject2/20_ROS/src/Robots/install/amr_visualisation/lib/pkgconfig/amr_visualisation.pc'
[1.053s] Level 1:colcon.colcon_core.environment:checking '/home/administrator/Masterproject2/20_ROS/src/Robots/install/amr_visualisation/lib/python3.12/site-packages'
[1.054s] Level 1:colcon.colcon_core.environment:checking '/home/administrator/Masterproject2/20_ROS/src/Robots/install/amr_visualisation/bin'
[1.054s] INFO:colcon.colcon_core.shell:Creating package script '/home/administrator/Masterproject2/20_ROS/src/Robots/install/amr_visualisation/share/amr_visualisation/package.ps1'
[1.054s] INFO:colcon.colcon_core.shell:Creating package descriptor '/home/administrator/Masterproject2/20_ROS/src/Robots/install/amr_visualisation/share/amr_visualisation/package.dsv'
[1.055s] INFO:colcon.colcon_core.shell:Creating package script '/home/administrator/Masterproject2/20_ROS/src/Robots/install/amr_visualisation/share/amr_visualisation/package.sh'
[1.055s] INFO:colcon.colcon_core.shell:Creating package script '/home/administrator/Masterproject2/20_ROS/src/Robots/install/amr_visualisation/share/amr_visualisation/package.bash'
[1.055s] INFO:colcon.colcon_core.shell:Creating package script '/home/administrator/Masterproject2/20_ROS/src/Robots/install/amr_visualisation/share/amr_visualisation/package.zsh'
[1.056s] Level 1:colcon.colcon_core.environment:create_file_with_runtime_dependencies(/home/administrator/Masterproject2/20_ROS/src/Robots/install/amr_visualisation/share/colcon-core/packages/amr_visualisation)
[1.251s] Level 1:colcon.colcon_core.environment:checking '/home/administrator/Masterproject2/20_ROS/src/Robots/install/om_aiv_navigation' for CMake module files
[1.251s] DEBUG:colcon.colcon_core.event_handler.log_command:Invoked command in '/home/administrator/Masterproject2/20_ROS/src/Robots/Omron_AMR/src/om_aiv_navigation' returned '0': DEBUGINFOD_URLS=https://debuginfod.ubuntu.com PYTHONPATH=/home/administrator/Masterproject2/20_ROS/src/Robots/build/om_aiv_navigation/prefix_override:/usr/lib/python3/dist-packages/colcon_core/task/python/colcon_distutils_commands:/home/administrator/Masterproject2/20_ROS/src/Robots/install/om_aiv_navigation/lib/python3.12/site-packages:${PYTHONPATH} /usr/bin/python3 -W ignore:setup.py install is deprecated -W ignore:easy_install command is deprecated setup.py egg_info --egg-base ../../../build/om_aiv_navigation build --build-base /home/administrator/Masterproject2/20_ROS/src/Robots/build/om_aiv_navigation/build install --record /home/administrator/Masterproject2/20_ROS/src/Robots/build/om_aiv_navigation/install.log --install-scripts $base/lib/om_aiv_navigation --single-version-externally-managed install_data
[1.252s] Level 1:colcon.colcon_core.environment:checking '/home/administrator/Masterproject2/20_ROS/src/Robots/install/om_aiv_navigation' for CMake config files
[1.252s] Level 1:colcon.colcon_core.environment:checking '/home/administrator/Masterproject2/20_ROS/src/Robots/install/om_aiv_navigation/lib'
[1.252s] Level 1:colcon.colcon_core.environment:checking '/home/administrator/Masterproject2/20_ROS/src/Robots/install/om_aiv_navigation/bin'
[1.252s] Level 1:colcon.colcon_core.environment:checking '/home/administrator/Masterproject2/20_ROS/src/Robots/install/om_aiv_navigation/lib/pkgconfig/om_aiv_navigation.pc'
[1.252s] Level 1:colcon.colcon_core.environment:checking '/home/administrator/Masterproject2/20_ROS/src/Robots/install/om_aiv_navigation/lib/python3.12/site-packages'
[1.252s] Level 1:colcon.colcon_core.shell:create_environment_hook('om_aiv_navigation', 'pythonpath')
[1.253s] INFO:colcon.colcon_core.shell:Creating environment hook '/home/administrator/Masterproject2/20_ROS/src/Robots/install/om_aiv_navigation/share/om_aiv_navigation/hook/pythonpath.ps1'
[1.253s] INFO:colcon.colcon_core.shell:Creating environment descriptor '/home/administrator/Masterproject2/20_ROS/src/Robots/install/om_aiv_navigation/share/om_aiv_navigation/hook/pythonpath.dsv'
[1.253s] INFO:colcon.colcon_core.shell:Creating environment hook '/home/administrator/Masterproject2/20_ROS/src/Robots/install/om_aiv_navigation/share/om_aiv_navigation/hook/pythonpath.sh'
[1.254s] Level 1:colcon.colcon_core.environment:checking '/home/administrator/Masterproject2/20_ROS/src/Robots/install/om_aiv_navigation/bin'
[1.254s] Level 1:colcon.colcon_core.environment:create_environment_scripts_only(om_aiv_navigation)
[1.254s] INFO:colcon.colcon_core.shell:Creating package script '/home/administrator/Masterproject2/20_ROS/src/Robots/install/om_aiv_navigation/share/om_aiv_navigation/package.ps1'
[1.254s] INFO:colcon.colcon_core.shell:Creating package descriptor '/home/administrator/Masterproject2/20_ROS/src/Robots/install/om_aiv_navigation/share/om_aiv_navigation/package.dsv'
[1.255s] INFO:colcon.colcon_core.shell:Creating package script '/home/administrator/Masterproject2/20_ROS/src/Robots/install/om_aiv_navigation/share/om_aiv_navigation/package.sh'
[1.255s] INFO:colcon.colcon_core.shell:Creating package script '/home/administrator/Masterproject2/20_ROS/src/Robots/install/om_aiv_navigation/share/om_aiv_navigation/package.bash'
[1.255s] INFO:colcon.colcon_core.shell:Creating package script '/home/administrator/Masterproject2/20_ROS/src/Robots/install/om_aiv_navigation/share/om_aiv_navigation/package.zsh'
[1.255s] Level 1:colcon.colcon_core.environment:create_file_with_runtime_dependencies(/home/administrator/Masterproject2/20_ROS/src/Robots/install/om_aiv_navigation/share/colcon-core/packages/om_aiv_navigation)
[1.259s] DEBUG:colcon.colcon_core.event_handler.log_command:Invoked command in '/home/administrator/Masterproject2/20_ROS/src/Robots/build/mir_driver' returned '0': AMENT_PREFIX_PATH=/home/administrator/Masterproject2/20_ROS/src/Robots/install/mir_msgs:/home/administrator/Masterproject2/20_ROS/src/Robots/install/mir_description:/home/administrator/Masterproject2/20_ROS/src/Robots/install/mir_actions:${AMENT_PREFIX_PATH} CMAKE_PREFIX_PATH=/home/administrator/Masterproject2/20_ROS/src/Robots/install/mir_msgs:/home/administrator/Masterproject2/20_ROS/src/Robots/install/mir_description:/home/administrator/Masterproject2/20_ROS/src/Robots/install/mir_actions:/opt/ros/kilted/opt/sdformat_vendor:/opt/ros/kilted/opt/gz_math_vendor:/opt/ros/kilted/opt/gz_utils_vendor:/opt/ros/kilted/opt/gz_tools_vendor:/opt/ros/kilted/opt/gz_cmake_vendor:/opt/ros/kilted DEBUGINFOD_URLS=https://debuginfod.ubuntu.com LD_LIBRARY_PATH=/home/administrator/Masterproject2/20_ROS/src/Robots/install/mir_msgs/lib:/home/administrator/Masterproject2/20_ROS/src/Robots/install/mir_actions/lib:${LD_LIBRARY_PATH} PYTHONPATH=/home/administrator/Masterproject2/20_ROS/src/Robots/install/mir_msgs/lib/python3.12/site-packages:/home/administrator/Masterproject2/20_ROS/src/Robots/install/mir_actions/lib/python3.12/site-packages:${PYTHONPATH} /usr/bin/cmake --build /home/administrator/Masterproject2/20_ROS/src/Robots/build/mir_driver -- -j14 -l14
[1.260s] DEBUG:colcon.colcon_core.event_handler.log_command:Invoking command in '/home/administrator/Masterproject2/20_ROS/src/Robots/build/mir_driver': AMENT_PREFIX_PATH=/home/administrator/Masterproject2/20_ROS/src/Robots/install/mir_msgs:/home/administrator/Masterproject2/20_ROS/src/Robots/install/mir_description:/home/administrator/Masterproject2/20_ROS/src/Robots/install/mir_actions:${AMENT_PREFIX_PATH} CMAKE_PREFIX_PATH=/home/administrator/Masterproject2/20_ROS/src/Robots/install/mir_msgs:/home/administrator/Masterproject2/20_ROS/src/Robots/install/mir_description:/home/administrator/Masterproject2/20_ROS/src/Robots/install/mir_actions:/opt/ros/kilted/opt/sdformat_vendor:/opt/ros/kilted/opt/gz_math_vendor:/opt/ros/kilted/opt/gz_utils_vendor:/opt/ros/kilted/opt/gz_tools_vendor:/opt/ros/kilted/opt/gz_cmake_vendor:/opt/ros/kilted DEBUGINFOD_URLS=https://debuginfod.ubuntu.com LD_LIBRARY_PATH=/home/administrator/Masterproject2/20_ROS/src/Robots/install/mir_msgs/lib:/home/administrator/Masterproject2/20_ROS/src/Robots/install/mir_actions/lib:${LD_LIBRARY_PATH} PYTHONPATH=/home/administrator/Masterproject2/20_ROS/src/Robots/install/mir_msgs/lib/python3.12/site-packages:/home/administrator/Masterproject2/20_ROS/src/Robots/install/mir_actions/lib/python3.12/site-packages:${PYTHONPATH} /usr/bin/cmake --install /home/administrator/Masterproject2/20_ROS/src/Robots/build/mir_driver
[1.305s] Level 1:colcon.colcon_core.environment:create_environment_scripts_only(mir_driver)
[1.305s] Level 1:colcon.colcon_core.environment:checking '/home/administrator/Masterproject2/20_ROS/src/Robots/install/mir_driver' for CMake module files
[1.305s] DEBUG:colcon.colcon_core.event_handler.log_command:Invoked command in '/home/administrator/Masterproject2/20_ROS/src/Robots/build/mir_driver' returned '0': AMENT_PREFIX_PATH=/home/administrator/Masterproject2/20_ROS/src/Robots/install/mir_msgs:/home/administrator/Masterproject2/20_ROS/src/Robots/install/mir_description:/home/administrator/Masterproject2/20_ROS/src/Robots/install/mir_actions:${AMENT_PREFIX_PATH} CMAKE_PREFIX_PATH=/home/administrator/Masterproject2/20_ROS/src/Robots/install/mir_msgs:/home/administrator/Masterproject2/20_ROS/src/Robots/install/mir_description:/home/administrator/Masterproject2/20_ROS/src/Robots/install/mir_actions:/opt/ros/kilted/opt/sdformat_vendor:/opt/ros/kilted/opt/gz_math_vendor:/opt/ros/kilted/opt/gz_utils_vendor:/opt/ros/kilted/opt/gz_tools_vendor:/opt/ros/kilted/opt/gz_cmake_vendor:/opt/ros/kilted DEBUGINFOD_URLS=https://debuginfod.ubuntu.com LD_LIBRARY_PATH=/home/administrator/Masterproject2/20_ROS/src/Robots/install/mir_msgs/lib:/home/administrator/Masterproject2/20_ROS/src/Robots/install/mir_actions/lib:${LD_LIBRARY_PATH} PYTHONPATH=/home/administrator/Masterproject2/20_ROS/src/Robots/install/mir_msgs/lib/python3.12/site-packages:/home/administrator/Masterproject2/20_ROS/src/Robots/install/mir_actions/lib/python3.12/site-packages:${PYTHONPATH} /usr/bin/cmake --install /home/administrator/Masterproject2/20_ROS/src/Robots/build/mir_driver
[1.305s] Level 1:colcon.colcon_core.environment:checking '/home/administrator/Masterproject2/20_ROS/src/Robots/install/mir_driver' for CMake config files
[1.305s] Level 1:colcon.colcon_core.shell:create_environment_hook('mir_driver', 'cmake_prefix_path')
[1.305s] INFO:colcon.colcon_core.shell:Creating environment hook '/home/administrator/Masterproject2/20_ROS/src/Robots/install/mir_driver/share/mir_driver/hook/cmake_prefix_path.ps1'
[1.306s] INFO:colcon.colcon_core.shell:Creating environment descriptor '/home/administrator/Masterproject2/20_ROS/src/Robots/install/mir_driver/share/mir_driver/hook/cmake_prefix_path.dsv'
[1.306s] INFO:colcon.colcon_core.shell:Creating environment hook '/home/administrator/Masterproject2/20_ROS/src/Robots/install/mir_driver/share/mir_driver/hook/cmake_prefix_path.sh'
[1.306s] Level 1:colcon.colcon_core.environment:checking '/home/administrator/Masterproject2/20_ROS/src/Robots/install/mir_driver/lib'
[1.306s] Level 1:colcon.colcon_core.environment:checking '/home/administrator/Masterproject2/20_ROS/src/Robots/install/mir_driver/bin'
[1.307s] Level 1:colcon.colcon_core.environment:checking '/home/administrator/Masterproject2/20_ROS/src/Robots/install/mir_driver/lib/pkgconfig/mir_driver.pc'
[1.307s] Level 1:colcon.colcon_core.environment:checking '/home/administrator/Masterproject2/20_ROS/src/Robots/install/mir_driver/lib/python3.12/site-packages'
[1.307s] Level 1:colcon.colcon_core.shell:create_environment_hook('mir_driver', 'pythonpath')
[1.307s] INFO:colcon.colcon_core.shell:Creating environment hook '/home/administrator/Masterproject2/20_ROS/src/Robots/install/mir_driver/share/mir_driver/hook/pythonpath.ps1'
[1.307s] INFO:colcon.colcon_core.shell:Creating environment descriptor '/home/administrator/Masterproject2/20_ROS/src/Robots/install/mir_driver/share/mir_driver/hook/pythonpath.dsv'
[1.307s] INFO:colcon.colcon_core.shell:Creating environment hook '/home/administrator/Masterproject2/20_ROS/src/Robots/install/mir_driver/share/mir_driver/hook/pythonpath.sh'
[1.308s] Level 1:colcon.colcon_core.environment:checking '/home/administrator/Masterproject2/20_ROS/src/Robots/install/mir_driver/bin'
[1.308s] INFO:colcon.colcon_core.shell:Creating package script '/home/administrator/Masterproject2/20_ROS/src/Robots/install/mir_driver/share/mir_driver/package.ps1'
[1.308s] INFO:colcon.colcon_core.shell:Creating package descriptor '/home/administrator/Masterproject2/20_ROS/src/Robots/install/mir_driver/share/mir_driver/package.dsv'
[1.309s] INFO:colcon.colcon_core.shell:Creating package script '/home/administrator/Masterproject2/20_ROS/src/Robots/install/mir_driver/share/mir_driver/package.sh'
[1.309s] INFO:colcon.colcon_core.shell:Creating package script '/home/administrator/Masterproject2/20_ROS/src/Robots/install/mir_driver/share/mir_driver/package.bash'
[1.309s] INFO:colcon.colcon_core.shell:Creating package script '/home/administrator/Masterproject2/20_ROS/src/Robots/install/mir_driver/share/mir_driver/package.zsh'
[1.309s] Level 1:colcon.colcon_core.environment:create_file_with_runtime_dependencies(/home/administrator/Masterproject2/20_ROS/src/Robots/install/mir_driver/share/colcon-core/packages/mir_driver)
[1.310s] Level 1:colcon.colcon_core.environment:create_environment_scripts_only(mir_driver)
[1.310s] Level 1:colcon.colcon_core.environment:checking '/home/administrator/Masterproject2/20_ROS/src/Robots/install/mir_driver' for CMake module files
[1.310s] Level 1:colcon.colcon_core.environment:checking '/home/administrator/Masterproject2/20_ROS/src/Robots/install/mir_driver' for CMake config files
[1.310s] Level 1:colcon.colcon_core.shell:create_environment_hook('mir_driver', 'cmake_prefix_path')
[1.311s] INFO:colcon.colcon_core.shell:Creating environment hook '/home/administrator/Masterproject2/20_ROS/src/Robots/install/mir_driver/share/mir_driver/hook/cmake_prefix_path.ps1'
[1.311s] INFO:colcon.colcon_core.shell:Creating environment descriptor '/home/administrator/Masterproject2/20_ROS/src/Robots/install/mir_driver/share/mir_driver/hook/cmake_prefix_path.dsv'
[1.311s] INFO:colcon.colcon_core.shell:Creating environment hook '/home/administrator/Masterproject2/20_ROS/src/Robots/install/mir_driver/share/mir_driver/hook/cmake_prefix_path.sh'
[1.311s] Level 1:colcon.colcon_core.environment:checking '/home/administrator/Masterproject2/20_ROS/src/Robots/install/mir_driver/lib'
[1.312s] Level 1:colcon.colcon_core.environment:checking '/home/administrator/Masterproject2/20_ROS/src/Robots/install/mir_driver/bin'
[1.312s] Level 1:colcon.colcon_core.environment:checking '/home/administrator/Masterproject2/20_ROS/src/Robots/install/mir_driver/lib/pkgconfig/mir_driver.pc'
[1.312s] Level 1:colcon.colcon_core.environment:checking '/home/administrator/Masterproject2/20_ROS/src/Robots/install/mir_driver/lib/python3.12/site-packages'
[1.312s] Level 1:colcon.colcon_core.shell:create_environment_hook('mir_driver', 'pythonpath')
[1.312s] INFO:colcon.colcon_core.shell:Creating environment hook '/home/administrator/Masterproject2/20_ROS/src/Robots/install/mir_driver/share/mir_driver/hook/pythonpath.ps1'
[1.312s] INFO:colcon.colcon_core.shell:Creating environment descriptor '/home/administrator/Masterproject2/20_ROS/src/Robots/install/mir_driver/share/mir_driver/hook/pythonpath.dsv'
[1.312s] INFO:colcon.colcon_core.shell:Creating environment hook '/home/administrator/Masterproject2/20_ROS/src/Robots/install/mir_driver/share/mir_driver/hook/pythonpath.sh'
[1.313s] Level 1:colcon.colcon_core.environment:checking '/home/administrator/Masterproject2/20_ROS/src/Robots/install/mir_driver/bin'
[1.313s] INFO:colcon.colcon_core.shell:Creating package script '/home/administrator/Masterproject2/20_ROS/src/Robots/install/mir_driver/share/mir_driver/package.ps1'
[1.313s] INFO:colcon.colcon_core.shell:Creating package descriptor '/home/administrator/Masterproject2/20_ROS/src/Robots/install/mir_driver/share/mir_driver/package.dsv'
[1.314s] INFO:colcon.colcon_core.shell:Creating package script '/home/administrator/Masterproject2/20_ROS/src/Robots/install/mir_driver/share/mir_driver/package.sh'
[1.314s] INFO:colcon.colcon_core.shell:Creating package script '/home/administrator/Masterproject2/20_ROS/src/Robots/install/mir_driver/share/mir_driver/package.bash'
[1.314s] INFO:colcon.colcon_core.shell:Creating package script '/home/administrator/Masterproject2/20_ROS/src/Robots/install/mir_driver/share/mir_driver/package.zsh'
[1.314s] Level 1:colcon.colcon_core.environment:create_file_with_runtime_dependencies(/home/administrator/Masterproject2/20_ROS/src/Robots/install/mir_driver/share/colcon-core/packages/mir_driver)
[1.315s] INFO:colcon.colcon_ros.task.ament_cmake.build:Building ROS package in '/home/administrator/Masterproject2/20_ROS/src/Robots/MIR/mir_gazebo' with build type 'ament_cmake'
[1.315s] INFO:colcon.colcon_cmake.task.cmake.build:Building CMake package in '/home/administrator/Masterproject2/20_ROS/src/Robots/MIR/mir_gazebo'
[1.315s] INFO:colcon.colcon_core.shell:Skip shell extension 'powershell' for command environment: Not usable outside of PowerShell
[1.315s] DEBUG:colcon.colcon_core.shell:Skip shell extension 'dsv' for command environment
[1.319s] DEBUG:colcon.colcon_core.task.python.build:Available setuptools commands: install, compile_catalog, install_lib, easy_install, editable_wheel, upload_docs, alias, bdist, install_scripts, test, update_catalog, build_clib, register, develop, build_ext, clean, bdist_dumb, setopt, install_data, egg_info, rotate, init_catalog, bdist_egg, build, install_headers, saveopts, check, sdist, build_py, dist_info, symlink_data, build_scripts, upload, install_egg_info, extract_messages, bdist_rpm
[1.321s] DEBUG:colcon.colcon_core.event_handler.log_command:Invoking command in '/home/administrator/Masterproject2/20_ROS/src/Robots/Omron_AMR/src/om_aiv_util': AMENT_PREFIX_PATH=/home/administrator/Masterproject2/20_ROS/src/Robots/install/om_aiv_msg:${AMENT_PREFIX_PATH} CMAKE_PREFIX_PATH=/home/administrator/Masterproject2/20_ROS/src/Robots/install/om_aiv_msg:${CMAKE_PREFIX_PATH} DEBUGINFOD_URLS=https://debuginfod.ubuntu.com LD_LIBRARY_PATH=/home/administrator/Masterproject2/20_ROS/src/Robots/install/om_aiv_msg/lib:${LD_LIBRARY_PATH} PYTHONPATH=/home/administrator/Masterproject2/20_ROS/src/Robots/build/om_aiv_util/prefix_override:/usr/lib/python3/dist-packages/colcon_core/task/python/colcon_distutils_commands:/home/administrator/Masterproject2/20_ROS/src/Robots/install/om_aiv_util/lib/python3.12/site-packages:/home/administrator/Masterproject2/20_ROS/src/Robots/install/om_aiv_msg/lib/python3.12/site-packages:${PYTHONPATH} /usr/bin/python3 -W ignore:setup.py install is deprecated -W ignore:easy_install command is deprecated setup.py egg_info --egg-base ../../../build/om_aiv_util build --build-base /home/administrator/Masterproject2/20_ROS/src/Robots/build/om_aiv_util/build install --record /home/administrator/Masterproject2/20_ROS/src/Robots/build/om_aiv_util/install.log --install-scripts $base/lib/om_aiv_util --single-version-externally-managed install_data
[1.324s] DEBUG:colcon.colcon_core.event_handler.log_command:Invoking command in '/home/administrator/Masterproject2/20_ROS/src/Robots/build/mir_gazebo': AMENT_PREFIX_PATH=/home/administrator/Masterproject2/20_ROS/src/Robots/install/mir_driver:/home/administrator/Masterproject2/20_ROS/src/Robots/install/mir_msgs:/home/administrator/Masterproject2/20_ROS/src/Robots/install/mir_description:/home/administrator/Masterproject2/20_ROS/src/Robots/install/mir_actions:${AMENT_PREFIX_PATH} CMAKE_PREFIX_PATH=/home/administrator/Masterproject2/20_ROS/src/Robots/install/mir_driver:/home/administrator/Masterproject2/20_ROS/src/Robots/install/mir_msgs:/home/administrator/Masterproject2/20_ROS/src/Robots/install/mir_description:/home/administrator/Masterproject2/20_ROS/src/Robots/install/mir_actions:/opt/ros/kilted/opt/sdformat_vendor:/opt/ros/kilted/opt/gz_math_vendor:/opt/ros/kilted/opt/gz_utils_vendor:/opt/ros/kilted/opt/gz_tools_vendor:/opt/ros/kilted/opt/gz_cmake_vendor:/opt/ros/kilted DEBUGINFOD_URLS=https://debuginfod.ubuntu.com LD_LIBRARY_PATH=/home/administrator/Masterproject2/20_ROS/src/Robots/install/mir_msgs/lib:/home/administrator/Masterproject2/20_ROS/src/Robots/install/mir_actions/lib:${LD_LIBRARY_PATH} PYTHONPATH=/home/administrator/Masterproject2/20_ROS/src/Robots/install/mir_driver/lib/python3.12/site-packages:/home/administrator/Masterproject2/20_ROS/src/Robots/install/mir_msgs/lib/python3.12/site-packages:/home/administrator/Masterproject2/20_ROS/src/Robots/install/mir_actions/lib/python3.12/site-packages:${PYTHONPATH} /usr/bin/cmake /home/administrator/Masterproject2/20_ROS/src/Robots/MIR/mir_gazebo -DCMAKE_INSTALL_PREFIX=/home/administrator/Masterproject2/20_ROS/src/Robots/install/mir_gazebo
[1.374s] DEBUG:colcon.colcon_core.event_handler.log_command:Invoked command in '/home/administrator/Masterproject2/20_ROS/src/Robots/build/ur_description' returned '0': CMAKE_PREFIX_PATH=${CMAKE_PREFIX_PATH}:/opt/ros/kilted DEBUGINFOD_URLS=https://debuginfod.ubuntu.com /usr/bin/cmake /home/administrator/Masterproject2/20_ROS/src/Robots/UR_Description -DCMAKE_INSTALL_PREFIX=/home/administrator/Masterproject2/20_ROS/src/Robots/install/ur_description
[1.375s] DEBUG:colcon.colcon_core.event_handler.log_command:Invoking command in '/home/administrator/Masterproject2/20_ROS/src/Robots/build/ur_description': CMAKE_PREFIX_PATH=${CMAKE_PREFIX_PATH}:/opt/ros/kilted DEBUGINFOD_URLS=https://debuginfod.ubuntu.com /usr/bin/cmake --build /home/administrator/Masterproject2/20_ROS/src/Robots/build/ur_description -- -j14 -l14
[1.401s] DEBUG:colcon.colcon_core.event_handler.log_command:Invoked command in '/home/administrator/Masterproject2/20_ROS/src/Robots/build/ur_description' returned '0': CMAKE_PREFIX_PATH=${CMAKE_PREFIX_PATH}:/opt/ros/kilted DEBUGINFOD_URLS=https://debuginfod.ubuntu.com /usr/bin/cmake --build /home/administrator/Masterproject2/20_ROS/src/Robots/build/ur_description -- -j14 -l14
[1.402s] DEBUG:colcon.colcon_core.event_handler.log_command:Invoking command in '/home/administrator/Masterproject2/20_ROS/src/Robots/build/ur_description': CMAKE_PREFIX_PATH=${CMAKE_PREFIX_PATH}:/opt/ros/kilted DEBUGINFOD_URLS=https://debuginfod.ubuntu.com /usr/bin/cmake --install /home/administrator/Masterproject2/20_ROS/src/Robots/build/ur_description
[1.457s] Level 1:colcon.colcon_core.environment:create_environment_scripts_only(ur_description)
[1.458s] Level 1:colcon.colcon_core.environment:checking '/home/administrator/Masterproject2/20_ROS/src/Robots/install/ur_description' for CMake module files
[1.459s] Level 1:colcon.colcon_core.environment:checking '/home/administrator/Masterproject2/20_ROS/src/Robots/install/ur_description' for CMake config files
[1.460s] Level 1:colcon.colcon_core.shell:create_environment_hook('ur_description', 'cmake_prefix_path')
[1.460s] INFO:colcon.colcon_core.shell:Creating environment hook '/home/administrator/Masterproject2/20_ROS/src/Robots/install/ur_description/share/ur_description/hook/cmake_prefix_path.ps1'
[1.461s] INFO:colcon.colcon_core.shell:Creating environment descriptor '/home/administrator/Masterproject2/20_ROS/src/Robots/install/ur_description/share/ur_description/hook/cmake_prefix_path.dsv'
[1.461s] INFO:colcon.colcon_core.shell:Creating environment hook '/home/administrator/Masterproject2/20_ROS/src/Robots/install/ur_description/share/ur_description/hook/cmake_prefix_path.sh'
[1.462s] DEBUG:colcon.colcon_core.event_handler.log_command:Invoked command in '/home/administrator/Masterproject2/20_ROS/src/Robots/build/ur_description' returned '0': CMAKE_PREFIX_PATH=${CMAKE_PREFIX_PATH}:/opt/ros/kilted DEBUGINFOD_URLS=https://debuginfod.ubuntu.com /usr/bin/cmake --install /home/administrator/Masterproject2/20_ROS/src/Robots/build/ur_description
[1.462s] Level 1:colcon.colcon_core.environment:checking '/home/administrator/Masterproject2/20_ROS/src/Robots/install/ur_description/bin'
[1.462s] Level 1:colcon.colcon_core.environment:checking '/home/administrator/Masterproject2/20_ROS/src/Robots/install/ur_description/lib/pkgconfig/ur_description.pc'
[1.463s] Level 1:colcon.colcon_core.environment:checking '/home/administrator/Masterproject2/20_ROS/src/Robots/install/ur_description/lib/python3.12/site-packages'
[1.463s] Level 1:colcon.colcon_core.environment:checking '/home/administrator/Masterproject2/20_ROS/src/Robots/install/ur_description/bin'
[1.463s] INFO:colcon.colcon_core.shell:Creating package script '/home/administrator/Masterproject2/20_ROS/src/Robots/install/ur_description/share/ur_description/package.ps1'
[1.463s] INFO:colcon.colcon_core.shell:Creating package descriptor '/home/administrator/Masterproject2/20_ROS/src/Robots/install/ur_description/share/ur_description/package.dsv'
[1.464s] INFO:colcon.colcon_core.shell:Creating package script '/home/administrator/Masterproject2/20_ROS/src/Robots/install/ur_description/share/ur_description/package.sh'
[1.464s] INFO:colcon.colcon_core.shell:Creating package script '/home/administrator/Masterproject2/20_ROS/src/Robots/install/ur_description/share/ur_description/package.bash'
[1.464s] INFO:colcon.colcon_core.shell:Creating package script '/home/administrator/Masterproject2/20_ROS/src/Robots/install/ur_description/share/ur_description/package.zsh'
[1.464s] Level 1:colcon.colcon_core.environment:create_file_with_runtime_dependencies(/home/administrator/Masterproject2/20_ROS/src/Robots/install/ur_description/share/colcon-core/packages/ur_description)
[1.465s] Level 1:colcon.colcon_core.environment:create_environment_scripts_only(ur_description)
[1.465s] Level 1:colcon.colcon_core.environment:checking '/home/administrator/Masterproject2/20_ROS/src/Robots/install/ur_description' for CMake module files
[1.465s] Level 1:colcon.colcon_core.environment:checking '/home/administrator/Masterproject2/20_ROS/src/Robots/install/ur_description' for CMake config files
[1.465s] Level 1:colcon.colcon_core.shell:create_environment_hook('ur_description', 'cmake_prefix_path')
[1.465s] INFO:colcon.colcon_core.shell:Creating environment hook '/home/administrator/Masterproject2/20_ROS/src/Robots/install/ur_description/share/ur_description/hook/cmake_prefix_path.ps1'
[1.466s] INFO:colcon.colcon_core.shell:Creating environment descriptor '/home/administrator/Masterproject2/20_ROS/src/Robots/install/ur_description/share/ur_description/hook/cmake_prefix_path.dsv'
[1.466s] INFO:colcon.colcon_core.shell:Creating environment hook '/home/administrator/Masterproject2/20_ROS/src/Robots/install/ur_description/share/ur_description/hook/cmake_prefix_path.sh'
[1.466s] Level 1:colcon.colcon_core.environment:checking '/home/administrator/Masterproject2/20_ROS/src/Robots/install/ur_description/bin'
[1.466s] Level 1:colcon.colcon_core.environment:checking '/home/administrator/Masterproject2/20_ROS/src/Robots/install/ur_description/lib/pkgconfig/ur_description.pc'
[1.466s] Level 1:colcon.colcon_core.environment:checking '/home/administrator/Masterproject2/20_ROS/src/Robots/install/ur_description/lib/python3.12/site-packages'
[1.467s] Level 1:colcon.colcon_core.environment:checking '/home/administrator/Masterproject2/20_ROS/src/Robots/install/ur_description/bin'
[1.467s] INFO:colcon.colcon_core.shell:Creating package script '/home/administrator/Masterproject2/20_ROS/src/Robots/install/ur_description/share/ur_description/package.ps1'
[1.467s] INFO:colcon.colcon_core.shell:Creating package descriptor '/home/administrator/Masterproject2/20_ROS/src/Robots/install/ur_description/share/ur_description/package.dsv'
[1.467s] INFO:colcon.colcon_core.shell:Creating package script '/home/administrator/Masterproject2/20_ROS/src/Robots/install/ur_description/share/ur_description/package.sh'
[1.468s] INFO:colcon.colcon_core.shell:Creating package script '/home/administrator/Masterproject2/20_ROS/src/Robots/install/ur_description/share/ur_description/package.bash'
[1.468s] INFO:colcon.colcon_core.shell:Creating package script '/home/administrator/Masterproject2/20_ROS/src/Robots/install/ur_description/share/ur_description/package.zsh'
[1.468s] Level 1:colcon.colcon_core.environment:create_file_with_runtime_dependencies(/home/administrator/Masterproject2/20_ROS/src/Robots/install/ur_description/share/colcon-core/packages/ur_description)
[1.468s] INFO:colcon.colcon_ros.task.ament_cmake.build:Building ROS package in '/home/administrator/Masterproject2/20_ROS/src/Robots/UR_Driver/ur_moveit_config' with build type 'ament_cmake'
[1.468s] INFO:colcon.colcon_cmake.task.cmake.build:Building CMake package in '/home/administrator/Masterproject2/20_ROS/src/Robots/UR_Driver/ur_moveit_config'
[1.469s] INFO:colcon.colcon_core.shell:Skip shell extension 'powershell' for command environment: Not usable outside of PowerShell
[1.469s] DEBUG:colcon.colcon_core.shell:Skip shell extension 'dsv' for command environment
[1.476s] DEBUG:colcon.colcon_core.event_handler.log_command:Invoking command in '/home/administrator/Masterproject2/20_ROS/src/Robots/build/ur_moveit_config': AMENT_PREFIX_PATH=/home/administrator/Masterproject2/20_ROS/src/Robots/install/ur_description:${AMENT_PREFIX_PATH} CMAKE_PREFIX_PATH=/home/administrator/Masterproject2/20_ROS/src/Robots/install/ur_description:/opt/ros/kilted/opt/sdformat_vendor:/opt/ros/kilted/opt/gz_math_vendor:/opt/ros/kilted/opt/gz_utils_vendor:/opt/ros/kilted/opt/gz_tools_vendor:/opt/ros/kilted/opt/gz_cmake_vendor:/opt/ros/kilted DEBUGINFOD_URLS=https://debuginfod.ubuntu.com /usr/bin/cmake --build /home/administrator/Masterproject2/20_ROS/src/Robots/build/ur_moveit_config -- -j14 -l14
[1.503s] DEBUG:colcon.colcon_core.event_handler.log_command:Invoked command in '/home/administrator/Masterproject2/20_ROS/src/Robots/build/ur_moveit_config' returned '0': AMENT_PREFIX_PATH=/home/administrator/Masterproject2/20_ROS/src/Robots/install/ur_description:${AMENT_PREFIX_PATH} CMAKE_PREFIX_PATH=/home/administrator/Masterproject2/20_ROS/src/Robots/install/ur_description:/opt/ros/kilted/opt/sdformat_vendor:/opt/ros/kilted/opt/gz_math_vendor:/opt/ros/kilted/opt/gz_utils_vendor:/opt/ros/kilted/opt/gz_tools_vendor:/opt/ros/kilted/opt/gz_cmake_vendor:/opt/ros/kilted DEBUGINFOD_URLS=https://debuginfod.ubuntu.com /usr/bin/cmake --build /home/administrator/Masterproject2/20_ROS/src/Robots/build/ur_moveit_config -- -j14 -l14
[1.505s] DEBUG:colcon.colcon_core.event_handler.log_command:Invoking command in '/home/administrator/Masterproject2/20_ROS/src/Robots/build/ur_moveit_config': AMENT_PREFIX_PATH=/home/administrator/Masterproject2/20_ROS/src/Robots/install/ur_description:${AMENT_PREFIX_PATH} CMAKE_PREFIX_PATH=/home/administrator/Masterproject2/20_ROS/src/Robots/install/ur_description:/opt/ros/kilted/opt/sdformat_vendor:/opt/ros/kilted/opt/gz_math_vendor:/opt/ros/kilted/opt/gz_utils_vendor:/opt/ros/kilted/opt/gz_tools_vendor:/opt/ros/kilted/opt/gz_cmake_vendor:/opt/ros/kilted DEBUGINFOD_URLS=https://debuginfod.ubuntu.com /usr/bin/cmake --install /home/administrator/Masterproject2/20_ROS/src/Robots/build/ur_moveit_config
[1.528s] Level 1:colcon.colcon_core.environment:create_environment_scripts_only(ur_moveit_config)
[1.528s] Level 1:colcon.colcon_core.environment:checking '/home/administrator/Masterproject2/20_ROS/src/Robots/install/ur_moveit_config' for CMake module files
[1.529s] DEBUG:colcon.colcon_core.event_handler.log_command:Invoked command in '/home/administrator/Masterproject2/20_ROS/src/Robots/build/ur_moveit_config' returned '0': AMENT_PREFIX_PATH=/home/administrator/Masterproject2/20_ROS/src/Robots/install/ur_description:${AMENT_PREFIX_PATH} CMAKE_PREFIX_PATH=/home/administrator/Masterproject2/20_ROS/src/Robots/install/ur_description:/opt/ros/kilted/opt/sdformat_vendor:/opt/ros/kilted/opt/gz_math_vendor:/opt/ros/kilted/opt/gz_utils_vendor:/opt/ros/kilted/opt/gz_tools_vendor:/opt/ros/kilted/opt/gz_cmake_vendor:/opt/ros/kilted DEBUGINFOD_URLS=https://debuginfod.ubuntu.com /usr/bin/cmake --install /home/administrator/Masterproject2/20_ROS/src/Robots/build/ur_moveit_config
[1.529s] Level 1:colcon.colcon_core.environment:checking '/home/administrator/Masterproject2/20_ROS/src/Robots/install/ur_moveit_config' for CMake config files
[1.529s] Level 1:colcon.colcon_core.shell:create_environment_hook('ur_moveit_config', 'cmake_prefix_path')
[1.529s] INFO:colcon.colcon_core.shell:Creating environment hook '/home/administrator/Masterproject2/20_ROS/src/Robots/install/ur_moveit_config/share/ur_moveit_config/hook/cmake_prefix_path.ps1'
[1.530s] INFO:colcon.colcon_core.shell:Creating environment descriptor '/home/administrator/Masterproject2/20_ROS/src/Robots/install/ur_moveit_config/share/ur_moveit_config/hook/cmake_prefix_path.dsv'
[1.530s] INFO:colcon.colcon_core.shell:Creating environment hook '/home/administrator/Masterproject2/20_ROS/src/Robots/install/ur_moveit_config/share/ur_moveit_config/hook/cmake_prefix_path.sh'
[1.531s] Level 1:colcon.colcon_core.environment:checking '/home/administrator/Masterproject2/20_ROS/src/Robots/install/ur_moveit_config/bin'
[1.531s] Level 1:colcon.colcon_core.environment:checking '/home/administrator/Masterproject2/20_ROS/src/Robots/install/ur_moveit_config/lib/pkgconfig/ur_moveit_config.pc'
[1.531s] Level 1:colcon.colcon_core.environment:checking '/home/administrator/Masterproject2/20_ROS/src/Robots/install/ur_moveit_config/lib/python3.12/site-packages'
[1.531s] Level 1:colcon.colcon_core.environment:checking '/home/administrator/Masterproject2/20_ROS/src/Robots/install/ur_moveit_config/bin'
[1.531s] INFO:colcon.colcon_core.shell:Creating package script '/home/administrator/Masterproject2/20_ROS/src/Robots/install/ur_moveit_config/share/ur_moveit_config/package.ps1'
[1.532s] INFO:colcon.colcon_core.shell:Creating package descriptor '/home/administrator/Masterproject2/20_ROS/src/Robots/install/ur_moveit_config/share/ur_moveit_config/package.dsv'
[1.532s] INFO:colcon.colcon_core.shell:Creating package script '/home/administrator/Masterproject2/20_ROS/src/Robots/install/ur_moveit_config/share/ur_moveit_config/package.sh'
[1.532s] INFO:colcon.colcon_core.shell:Creating package script '/home/administrator/Masterproject2/20_ROS/src/Robots/install/ur_moveit_config/share/ur_moveit_config/package.bash'
[1.532s] INFO:colcon.colcon_core.shell:Creating package script '/home/administrator/Masterproject2/20_ROS/src/Robots/install/ur_moveit_config/share/ur_moveit_config/package.zsh'
[1.532s] Level 1:colcon.colcon_core.environment:create_file_with_runtime_dependencies(/home/administrator/Masterproject2/20_ROS/src/Robots/install/ur_moveit_config/share/colcon-core/packages/ur_moveit_config)
[1.533s] Level 1:colcon.colcon_core.environment:create_environment_scripts_only(ur_moveit_config)
[1.533s] Level 1:colcon.colcon_core.environment:checking '/home/administrator/Masterproject2/20_ROS/src/Robots/install/ur_moveit_config' for CMake module files
[1.533s] Level 1:colcon.colcon_core.environment:checking '/home/administrator/Masterproject2/20_ROS/src/Robots/install/ur_moveit_config' for CMake config files
[1.533s] Level 1:colcon.colcon_core.shell:create_environment_hook('ur_moveit_config', 'cmake_prefix_path')
[1.533s] INFO:colcon.colcon_core.shell:Creating environment hook '/home/administrator/Masterproject2/20_ROS/src/Robots/install/ur_moveit_config/share/ur_moveit_config/hook/cmake_prefix_path.ps1'
[1.533s] INFO:colcon.colcon_core.shell:Creating environment descriptor '/home/administrator/Masterproject2/20_ROS/src/Robots/install/ur_moveit_config/share/ur_moveit_config/hook/cmake_prefix_path.dsv'
[1.534s] INFO:colcon.colcon_core.shell:Creating environment hook '/home/administrator/Masterproject2/20_ROS/src/Robots/install/ur_moveit_config/share/ur_moveit_config/hook/cmake_prefix_path.sh'
[1.534s] Level 1:colcon.colcon_core.environment:checking '/home/administrator/Masterproject2/20_ROS/src/Robots/install/ur_moveit_config/bin'
[1.534s] Level 1:colcon.colcon_core.environment:checking '/home/administrator/Masterproject2/20_ROS/src/Robots/install/ur_moveit_config/lib/pkgconfig/ur_moveit_config.pc'
[1.534s] Level 1:colcon.colcon_core.environment:checking '/home/administrator/Masterproject2/20_ROS/src/Robots/install/ur_moveit_config/lib/python3.12/site-packages'
[1.534s] Level 1:colcon.colcon_core.environment:checking '/home/administrator/Masterproject2/20_ROS/src/Robots/install/ur_moveit_config/bin'
[1.534s] INFO:colcon.colcon_core.shell:Creating package script '/home/administrator/Masterproject2/20_ROS/src/Robots/install/ur_moveit_config/share/ur_moveit_config/package.ps1'
[1.535s] INFO:colcon.colcon_core.shell:Creating package descriptor '/home/administrator/Masterproject2/20_ROS/src/Robots/install/ur_moveit_config/share/ur_moveit_config/package.dsv'
[1.535s] INFO:colcon.colcon_core.shell:Creating package script '/home/administrator/Masterproject2/20_ROS/src/Robots/install/ur_moveit_config/share/ur_moveit_config/package.sh'
[1.535s] INFO:colcon.colcon_core.shell:Creating package script '/home/administrator/Masterproject2/20_ROS/src/Robots/install/ur_moveit_config/share/ur_moveit_config/package.bash'
[1.536s] INFO:colcon.colcon_core.shell:Creating package script '/home/administrator/Masterproject2/20_ROS/src/Robots/install/ur_moveit_config/share/ur_moveit_config/package.zsh'
[1.536s] Level 1:colcon.colcon_core.environment:create_file_with_runtime_dependencies(/home/administrator/Masterproject2/20_ROS/src/Robots/install/ur_moveit_config/share/colcon-core/packages/ur_moveit_config)
[1.623s] Level 1:colcon.colcon_core.environment:checking '/home/administrator/Masterproject2/20_ROS/src/Robots/install/om_aiv_util' for CMake module files
[1.624s] DEBUG:colcon.colcon_core.event_handler.log_command:Invoked command in '/home/administrator/Masterproject2/20_ROS/src/Robots/Omron_AMR/src/om_aiv_util' returned '0': AMENT_PREFIX_PATH=/home/administrator/Masterproject2/20_ROS/src/Robots/install/om_aiv_msg:${AMENT_PREFIX_PATH} CMAKE_PREFIX_PATH=/home/administrator/Masterproject2/20_ROS/src/Robots/install/om_aiv_msg:${CMAKE_PREFIX_PATH} DEBUGINFOD_URLS=https://debuginfod.ubuntu.com LD_LIBRARY_PATH=/home/administrator/Masterproject2/20_ROS/src/Robots/install/om_aiv_msg/lib:${LD_LIBRARY_PATH} PYTHONPATH=/home/administrator/Masterproject2/20_ROS/src/Robots/build/om_aiv_util/prefix_override:/usr/lib/python3/dist-packages/colcon_core/task/python/colcon_distutils_commands:/home/administrator/Masterproject2/20_ROS/src/Robots/install/om_aiv_util/lib/python3.12/site-packages:/home/administrator/Masterproject2/20_ROS/src/Robots/install/om_aiv_msg/lib/python3.12/site-packages:${PYTHONPATH} /usr/bin/python3 -W ignore:setup.py install is deprecated -W ignore:easy_install command is deprecated setup.py egg_info --egg-base ../../../build/om_aiv_util build --build-base /home/administrator/Masterproject2/20_ROS/src/Robots/build/om_aiv_util/build install --record /home/administrator/Masterproject2/20_ROS/src/Robots/build/om_aiv_util/install.log --install-scripts $base/lib/om_aiv_util --single-version-externally-managed install_data
[1.625s] Level 1:colcon.colcon_core.environment:checking '/home/administrator/Masterproject2/20_ROS/src/Robots/install/om_aiv_util' for CMake config files
[1.625s] Level 1:colcon.colcon_core.environment:checking '/home/administrator/Masterproject2/20_ROS/src/Robots/install/om_aiv_util/lib'
[1.625s] Level 1:colcon.colcon_core.environment:checking '/home/administrator/Masterproject2/20_ROS/src/Robots/install/om_aiv_util/bin'
[1.625s] Level 1:colcon.colcon_core.environment:checking '/home/administrator/Masterproject2/20_ROS/src/Robots/install/om_aiv_util/lib/pkgconfig/om_aiv_util.pc'
[1.625s] Level 1:colcon.colcon_core.environment:checking '/home/administrator/Masterproject2/20_ROS/src/Robots/install/om_aiv_util/lib/python3.12/site-packages'
[1.625s] Level 1:colcon.colcon_core.shell:create_environment_hook('om_aiv_util', 'pythonpath')
[1.625s] INFO:colcon.colcon_core.shell:Creating environment hook '/home/administrator/Masterproject2/20_ROS/src/Robots/install/om_aiv_util/share/om_aiv_util/hook/pythonpath.ps1'
[1.626s] INFO:colcon.colcon_core.shell:Creating environment descriptor '/home/administrator/Masterproject2/20_ROS/src/Robots/install/om_aiv_util/share/om_aiv_util/hook/pythonpath.dsv'
[1.626s] INFO:colcon.colcon_core.shell:Creating environment hook '/home/administrator/Masterproject2/20_ROS/src/Robots/install/om_aiv_util/share/om_aiv_util/hook/pythonpath.sh'
[1.627s] Level 1:colcon.colcon_core.environment:checking '/home/administrator/Masterproject2/20_ROS/src/Robots/install/om_aiv_util/bin'
[1.627s] Level 1:colcon.colcon_core.environment:create_environment_scripts_only(om_aiv_util)
[1.627s] INFO:colcon.colcon_core.shell:Creating package script '/home/administrator/Masterproject2/20_ROS/src/Robots/install/om_aiv_util/share/om_aiv_util/package.ps1'
[1.627s] INFO:colcon.colcon_core.shell:Creating package descriptor '/home/administrator/Masterproject2/20_ROS/src/Robots/install/om_aiv_util/share/om_aiv_util/package.dsv'
[1.628s] INFO:colcon.colcon_core.shell:Creating package script '/home/administrator/Masterproject2/20_ROS/src/Robots/install/om_aiv_util/share/om_aiv_util/package.sh'
[1.628s] INFO:colcon.colcon_core.shell:Creating package script '/home/administrator/Masterproject2/20_ROS/src/Robots/install/om_aiv_util/share/om_aiv_util/package.bash'
[1.628s] INFO:colcon.colcon_core.shell:Creating package script '/home/administrator/Masterproject2/20_ROS/src/Robots/install/om_aiv_util/share/om_aiv_util/package.zsh'
[1.628s] Level 1:colcon.colcon_core.environment:create_file_with_runtime_dependencies(/home/administrator/Masterproject2/20_ROS/src/Robots/install/om_aiv_util/share/colcon-core/packages/om_aiv_util)
[1.876s] DEBUG:colcon.colcon_core.event_handler.log_command:Invoked command in '/home/administrator/Masterproject2/20_ROS/src/Robots/build/mir_gazebo' returned '0': AMENT_PREFIX_PATH=/home/administrator/Masterproject2/20_ROS/src/Robots/install/mir_driver:/home/administrator/Masterproject2/20_ROS/src/Robots/install/mir_msgs:/home/administrator/Masterproject2/20_ROS/src/Robots/install/mir_description:/home/administrator/Masterproject2/20_ROS/src/Robots/install/mir_actions:${AMENT_PREFIX_PATH} CMAKE_PREFIX_PATH=/home/administrator/Masterproject2/20_ROS/src/Robots/install/mir_driver:/home/administrator/Masterproject2/20_ROS/src/Robots/install/mir_msgs:/home/administrator/Masterproject2/20_ROS/src/Robots/install/mir_description:/home/administrator/Masterproject2/20_ROS/src/Robots/install/mir_actions:/opt/ros/kilted/opt/sdformat_vendor:/opt/ros/kilted/opt/gz_math_vendor:/opt/ros/kilted/opt/gz_utils_vendor:/opt/ros/kilted/opt/gz_tools_vendor:/opt/ros/kilted/opt/gz_cmake_vendor:/opt/ros/kilted DEBUGINFOD_URLS=https://debuginfod.ubuntu.com LD_LIBRARY_PATH=/home/administrator/Masterproject2/20_ROS/src/Robots/install/mir_msgs/lib:/home/administrator/Masterproject2/20_ROS/src/Robots/install/mir_actions/lib:${LD_LIBRARY_PATH} PYTHONPATH=/home/administrator/Masterproject2/20_ROS/src/Robots/install/mir_driver/lib/python3.12/site-packages:/home/administrator/Masterproject2/20_ROS/src/Robots/install/mir_msgs/lib/python3.12/site-packages:/home/administrator/Masterproject2/20_ROS/src/Robots/install/mir_actions/lib/python3.12/site-packages:${PYTHONPATH} /usr/bin/cmake /home/administrator/Masterproject2/20_ROS/src/Robots/MIR/mir_gazebo -DCMAKE_INSTALL_PREFIX=/home/administrator/Masterproject2/20_ROS/src/Robots/install/mir_gazebo
[1.876s] DEBUG:colcon.colcon_core.event_handler.log_command:Invoking command in '/home/administrator/Masterproject2/20_ROS/src/Robots/build/mir_gazebo': AMENT_PREFIX_PATH=/home/administrator/Masterproject2/20_ROS/src/Robots/install/mir_driver:/home/administrator/Masterproject2/20_ROS/src/Robots/install/mir_msgs:/home/administrator/Masterproject2/20_ROS/src/Robots/install/mir_description:/home/administrator/Masterproject2/20_ROS/src/Robots/install/mir_actions:${AMENT_PREFIX_PATH} CMAKE_PREFIX_PATH=/home/administrator/Masterproject2/20_ROS/src/Robots/install/mir_driver:/home/administrator/Masterproject2/20_ROS/src/Robots/install/mir_msgs:/home/administrator/Masterproject2/20_ROS/src/Robots/install/mir_description:/home/administrator/Masterproject2/20_ROS/src/Robots/install/mir_actions:/opt/ros/kilted/opt/sdformat_vendor:/opt/ros/kilted/opt/gz_math_vendor:/opt/ros/kilted/opt/gz_utils_vendor:/opt/ros/kilted/opt/gz_tools_vendor:/opt/ros/kilted/opt/gz_cmake_vendor:/opt/ros/kilted DEBUGINFOD_URLS=https://debuginfod.ubuntu.com LD_LIBRARY_PATH=/home/administrator/Masterproject2/20_ROS/src/Robots/install/mir_msgs/lib:/home/administrator/Masterproject2/20_ROS/src/Robots/install/mir_actions/lib:${LD_LIBRARY_PATH} PYTHONPATH=/home/administrator/Masterproject2/20_ROS/src/Robots/install/mir_driver/lib/python3.12/site-packages:/home/administrator/Masterproject2/20_ROS/src/Robots/install/mir_msgs/lib/python3.12/site-packages:/home/administrator/Masterproject2/20_ROS/src/Robots/install/mir_actions/lib/python3.12/site-packages:${PYTHONPATH} /usr/bin/cmake --build /home/administrator/Masterproject2/20_ROS/src/Robots/build/mir_gazebo -- -j14 -l14
[1.903s] DEBUG:colcon.colcon_core.event_handler.log_command:Invoked command in '/home/administrator/Masterproject2/20_ROS/src/Robots/build/mir_gazebo' returned '0': AMENT_PREFIX_PATH=/home/administrator/Masterproject2/20_ROS/src/Robots/install/mir_driver:/home/administrator/Masterproject2/20_ROS/src/Robots/install/mir_msgs:/home/administrator/Masterproject2/20_ROS/src/Robots/install/mir_description:/home/administrator/Masterproject2/20_ROS/src/Robots/install/mir_actions:${AMENT_PREFIX_PATH} CMAKE_PREFIX_PATH=/home/administrator/Masterproject2/20_ROS/src/Robots/install/mir_driver:/home/administrator/Masterproject2/20_ROS/src/Robots/install/mir_msgs:/home/administrator/Masterproject2/20_ROS/src/Robots/install/mir_description:/home/administrator/Masterproject2/20_ROS/src/Robots/install/mir_actions:/opt/ros/kilted/opt/sdformat_vendor:/opt/ros/kilted/opt/gz_math_vendor:/opt/ros/kilted/opt/gz_utils_vendor:/opt/ros/kilted/opt/gz_tools_vendor:/opt/ros/kilted/opt/gz_cmake_vendor:/opt/ros/kilted DEBUGINFOD_URLS=https://debuginfod.ubuntu.com LD_LIBRARY_PATH=/home/administrator/Masterproject2/20_ROS/src/Robots/install/mir_msgs/lib:/home/administrator/Masterproject2/20_ROS/src/Robots/install/mir_actions/lib:${LD_LIBRARY_PATH} PYTHONPATH=/home/administrator/Masterproject2/20_ROS/src/Robots/install/mir_driver/lib/python3.12/site-packages:/home/administrator/Masterproject2/20_ROS/src/Robots/install/mir_msgs/lib/python3.12/site-packages:/home/administrator/Masterproject2/20_ROS/src/Robots/install/mir_actions/lib/python3.12/site-packages:${PYTHONPATH} /usr/bin/cmake --build /home/administrator/Masterproject2/20_ROS/src/Robots/build/mir_gazebo -- -j14 -l14
[1.904s] DEBUG:colcon.colcon_core.event_handler.log_command:Invoking command in '/home/administrator/Masterproject2/20_ROS/src/Robots/build/mir_gazebo': AMENT_PREFIX_PATH=/home/administrator/Masterproject2/20_ROS/src/Robots/install/mir_driver:/home/administrator/Masterproject2/20_ROS/src/Robots/install/mir_msgs:/home/administrator/Masterproject2/20_ROS/src/Robots/install/mir_description:/home/administrator/Masterproject2/20_ROS/src/Robots/install/mir_actions:${AMENT_PREFIX_PATH} CMAKE_PREFIX_PATH=/home/administrator/Masterproject2/20_ROS/src/Robots/install/mir_driver:/home/administrator/Masterproject2/20_ROS/src/Robots/install/mir_msgs:/home/administrator/Masterproject2/20_ROS/src/Robots/install/mir_description:/home/administrator/Masterproject2/20_ROS/src/Robots/install/mir_actions:/opt/ros/kilted/opt/sdformat_vendor:/opt/ros/kilted/opt/gz_math_vendor:/opt/ros/kilted/opt/gz_utils_vendor:/opt/ros/kilted/opt/gz_tools_vendor:/opt/ros/kilted/opt/gz_cmake_vendor:/opt/ros/kilted DEBUGINFOD_URLS=https://debuginfod.ubuntu.com LD_LIBRARY_PATH=/home/administrator/Masterproject2/20_ROS/src/Robots/install/mir_msgs/lib:/home/administrator/Masterproject2/20_ROS/src/Robots/install/mir_actions/lib:${LD_LIBRARY_PATH} PYTHONPATH=/home/administrator/Masterproject2/20_ROS/src/Robots/install/mir_driver/lib/python3.12/site-packages:/home/administrator/Masterproject2/20_ROS/src/Robots/install/mir_msgs/lib/python3.12/site-packages:/home/administrator/Masterproject2/20_ROS/src/Robots/install/mir_actions/lib/python3.12/site-packages:${PYTHONPATH} /usr/bin/cmake --install /home/administrator/Masterproject2/20_ROS/src/Robots/build/mir_gazebo
[1.911s] Level 1:colcon.colcon_core.environment:create_environment_scripts_only(mir_gazebo)
[1.912s] Level 1:colcon.colcon_core.environment:checking '/home/administrator/Masterproject2/20_ROS/src/Robots/install/mir_gazebo' for CMake module files
[1.912s] DEBUG:colcon.colcon_core.event_handler.log_command:Invoked command in '/home/administrator/Masterproject2/20_ROS/src/Robots/build/mir_gazebo' returned '0': AMENT_PREFIX_PATH=/home/administrator/Masterproject2/20_ROS/src/Robots/install/mir_driver:/home/administrator/Masterproject2/20_ROS/src/Robots/install/mir_msgs:/home/administrator/Masterproject2/20_ROS/src/Robots/install/mir_description:/home/administrator/Masterproject2/20_ROS/src/Robots/install/mir_actions:${AMENT_PREFIX_PATH} CMAKE_PREFIX_PATH=/home/administrator/Masterproject2/20_ROS/src/Robots/install/mir_driver:/home/administrator/Masterproject2/20_ROS/src/Robots/install/mir_msgs:/home/administrator/Masterproject2/20_ROS/src/Robots/install/mir_description:/home/administrator/Masterproject2/20_ROS/src/Robots/install/mir_actions:/opt/ros/kilted/opt/sdformat_vendor:/opt/ros/kilted/opt/gz_math_vendor:/opt/ros/kilted/opt/gz_utils_vendor:/opt/ros/kilted/opt/gz_tools_vendor:/opt/ros/kilted/opt/gz_cmake_vendor:/opt/ros/kilted DEBUGINFOD_URLS=https://debuginfod.ubuntu.com LD_LIBRARY_PATH=/home/administrator/Masterproject2/20_ROS/src/Robots/install/mir_msgs/lib:/home/administrator/Masterproject2/20_ROS/src/Robots/install/mir_actions/lib:${LD_LIBRARY_PATH} PYTHONPATH=/home/administrator/Masterproject2/20_ROS/src/Robots/install/mir_driver/lib/python3.12/site-packages:/home/administrator/Masterproject2/20_ROS/src/Robots/install/mir_msgs/lib/python3.12/site-packages:/home/administrator/Masterproject2/20_ROS/src/Robots/install/mir_actions/lib/python3.12/site-packages:${PYTHONPATH} /usr/bin/cmake --install /home/administrator/Masterproject2/20_ROS/src/Robots/build/mir_gazebo
[1.912s] Level 1:colcon.colcon_core.environment:checking '/home/administrator/Masterproject2/20_ROS/src/Robots/install/mir_gazebo' for CMake config files
[1.912s] Level 1:colcon.colcon_core.shell:create_environment_hook('mir_gazebo', 'cmake_prefix_path')
[1.912s] INFO:colcon.colcon_core.shell:Creating environment hook '/home/administrator/Masterproject2/20_ROS/src/Robots/install/mir_gazebo/share/mir_gazebo/hook/cmake_prefix_path.ps1'
[1.913s] INFO:colcon.colcon_core.shell:Creating environment descriptor '/home/administrator/Masterproject2/20_ROS/src/Robots/install/mir_gazebo/share/mir_gazebo/hook/cmake_prefix_path.dsv'
[1.913s] INFO:colcon.colcon_core.shell:Creating environment hook '/home/administrator/Masterproject2/20_ROS/src/Robots/install/mir_gazebo/share/mir_gazebo/hook/cmake_prefix_path.sh'
[1.913s] Level 1:colcon.colcon_core.environment:checking '/home/administrator/Masterproject2/20_ROS/src/Robots/install/mir_gazebo/bin'
[1.913s] Level 1:colcon.colcon_core.environment:checking '/home/administrator/Masterproject2/20_ROS/src/Robots/install/mir_gazebo/lib/pkgconfig/mir_gazebo.pc'
[1.913s] Level 1:colcon.colcon_core.environment:checking '/home/administrator/Masterproject2/20_ROS/src/Robots/install/mir_gazebo/lib/python3.12/site-packages'
[1.914s] Level 1:colcon.colcon_core.environment:checking '/home/administrator/Masterproject2/20_ROS/src/Robots/install/mir_gazebo/bin'
[1.914s] INFO:colcon.colcon_core.shell:Creating package script '/home/administrator/Masterproject2/20_ROS/src/Robots/install/mir_gazebo/share/mir_gazebo/package.ps1'
[1.914s] INFO:colcon.colcon_core.shell:Creating package descriptor '/home/administrator/Masterproject2/20_ROS/src/Robots/install/mir_gazebo/share/mir_gazebo/package.dsv'
[1.914s] INFO:colcon.colcon_core.shell:Creating package script '/home/administrator/Masterproject2/20_ROS/src/Robots/install/mir_gazebo/share/mir_gazebo/package.sh'
[1.914s] INFO:colcon.colcon_core.shell:Creating package script '/home/administrator/Masterproject2/20_ROS/src/Robots/install/mir_gazebo/share/mir_gazebo/package.bash'
[1.915s] INFO:colcon.colcon_core.shell:Creating package script '/home/administrator/Masterproject2/20_ROS/src/Robots/install/mir_gazebo/share/mir_gazebo/package.zsh'
[1.915s] Level 1:colcon.colcon_core.environment:create_file_with_runtime_dependencies(/home/administrator/Masterproject2/20_ROS/src/Robots/install/mir_gazebo/share/colcon-core/packages/mir_gazebo)
[1.915s] Level 1:colcon.colcon_core.environment:create_environment_scripts_only(mir_gazebo)
[1.915s] Level 1:colcon.colcon_core.environment:checking '/home/administrator/Masterproject2/20_ROS/src/Robots/install/mir_gazebo' for CMake module files
[1.915s] Level 1:colcon.colcon_core.environment:checking '/home/administrator/Masterproject2/20_ROS/src/Robots/install/mir_gazebo' for CMake config files
[1.915s] Level 1:colcon.colcon_core.shell:create_environment_hook('mir_gazebo', 'cmake_prefix_path')
[1.916s] INFO:colcon.colcon_core.shell:Creating environment hook '/home/administrator/Masterproject2/20_ROS/src/Robots/install/mir_gazebo/share/mir_gazebo/hook/cmake_prefix_path.ps1'
[1.916s] INFO:colcon.colcon_core.shell:Creating environment descriptor '/home/administrator/Masterproject2/20_ROS/src/Robots/install/mir_gazebo/share/mir_gazebo/hook/cmake_prefix_path.dsv'
[1.916s] INFO:colcon.colcon_core.shell:Creating environment hook '/home/administrator/Masterproject2/20_ROS/src/Robots/install/mir_gazebo/share/mir_gazebo/hook/cmake_prefix_path.sh'
[1.916s] Level 1:colcon.colcon_core.environment:checking '/home/administrator/Masterproject2/20_ROS/src/Robots/install/mir_gazebo/bin'
[1.916s] Level 1:colcon.colcon_core.environment:checking '/home/administrator/Masterproject2/20_ROS/src/Robots/install/mir_gazebo/lib/pkgconfig/mir_gazebo.pc'
[1.916s] Level 1:colcon.colcon_core.environment:checking '/home/administrator/Masterproject2/20_ROS/src/Robots/install/mir_gazebo/lib/python3.12/site-packages'
[1.917s] Level 1:colcon.colcon_core.environment:checking '/home/administrator/Masterproject2/20_ROS/src/Robots/install/mir_gazebo/bin'
[1.917s] INFO:colcon.colcon_core.shell:Creating package script '/home/administrator/Masterproject2/20_ROS/src/Robots/install/mir_gazebo/share/mir_gazebo/package.ps1'
[1.917s] INFO:colcon.colcon_core.shell:Creating package descriptor '/home/administrator/Masterproject2/20_ROS/src/Robots/install/mir_gazebo/share/mir_gazebo/package.dsv'
[1.917s] INFO:colcon.colcon_core.shell:Creating package script '/home/administrator/Masterproject2/20_ROS/src/Robots/install/mir_gazebo/share/mir_gazebo/package.sh'
[1.917s] INFO:colcon.colcon_core.shell:Creating package script '/home/administrator/Masterproject2/20_ROS/src/Robots/install/mir_gazebo/share/mir_gazebo/package.bash'
[1.918s] INFO:colcon.colcon_core.shell:Creating package script '/home/administrator/Masterproject2/20_ROS/src/Robots/install/mir_gazebo/share/mir_gazebo/package.zsh'
[1.918s] Level 1:colcon.colcon_core.environment:create_file_with_runtime_dependencies(/home/administrator/Masterproject2/20_ROS/src/Robots/install/mir_gazebo/share/colcon-core/packages/mir_gazebo)
[1.918s] INFO:colcon.colcon_ros.task.ament_cmake.build:Building ROS package in '/home/administrator/Masterproject2/20_ROS/src/Robots/MIR/mir_navigation' with build type 'ament_cmake'
[1.918s] INFO:colcon.colcon_cmake.task.cmake.build:Building CMake package in '/home/administrator/Masterproject2/20_ROS/src/Robots/MIR/mir_navigation'
[1.918s] INFO:colcon.colcon_core.shell:Skip shell extension 'powershell' for command environment: Not usable outside of PowerShell
[1.918s] DEBUG:colcon.colcon_core.shell:Skip shell extension 'dsv' for command environment
[1.926s] DEBUG:colcon.colcon_core.event_handler.log_command:Invoking command in '/home/administrator/Masterproject2/20_ROS/src/Robots/build/mir_navigation': AMENT_PREFIX_PATH=/home/administrator/Masterproject2/20_ROS/src/Robots/install/mir_gazebo:/home/administrator/Masterproject2/20_ROS/src/Robots/install/mir_driver:/home/administrator/Masterproject2/20_ROS/src/Robots/install/mir_msgs:/home/administrator/Masterproject2/20_ROS/src/Robots/install/mir_dwb_critics:/home/administrator/Masterproject2/20_ROS/src/Robots/install/mir_description:/home/administrator/Masterproject2/20_ROS/src/Robots/install/mir_actions:${AMENT_PREFIX_PATH} CMAKE_PREFIX_PATH=/home/administrator/Masterproject2/20_ROS/src/Robots/install/mir_gazebo:/home/administrator/Masterproject2/20_ROS/src/Robots/install/mir_driver:/home/administrator/Masterproject2/20_ROS/src/Robots/install/mir_msgs:/home/administrator/Masterproject2/20_ROS/src/Robots/install/mir_dwb_critics:/home/administrator/Masterproject2/20_ROS/src/Robots/install/mir_description:/home/administrator/Masterproject2/20_ROS/src/Robots/install/mir_actions:/opt/ros/kilted/opt/sdformat_vendor:/opt/ros/kilted/opt/gz_math_vendor:/opt/ros/kilted/opt/gz_utils_vendor:/opt/ros/kilted/opt/gz_tools_vendor:/opt/ros/kilted/opt/gz_cmake_vendor:/opt/ros/kilted DEBUGINFOD_URLS=https://debuginfod.ubuntu.com LD_LIBRARY_PATH=/home/administrator/Masterproject2/20_ROS/src/Robots/install/mir_msgs/lib:/home/administrator/Masterproject2/20_ROS/src/Robots/install/mir_actions/lib:${LD_LIBRARY_PATH} PYTHONPATH=/home/administrator/Masterproject2/20_ROS/src/Robots/install/mir_driver/lib/python3.12/site-packages:/home/administrator/Masterproject2/20_ROS/src/Robots/install/mir_msgs/lib/python3.12/site-packages:/home/administrator/Masterproject2/20_ROS/src/Robots/install/mir_actions/lib/python3.12/site-packages:${PYTHONPATH} /usr/bin/cmake /home/administrator/Masterproject2/20_ROS/src/Robots/MIR/mir_navigation -DCMAKE_INSTALL_PREFIX=/home/administrator/Masterproject2/20_ROS/src/Robots/install/mir_navigation
[2.454s] DEBUG:colcon.colcon_core.event_handler.log_command:Invoked command in '/home/administrator/Masterproject2/20_ROS/src/Robots/build/mir_navigation' returned '0': AMENT_PREFIX_PATH=/home/administrator/Masterproject2/20_ROS/src/Robots/install/mir_gazebo:/home/administrator/Masterproject2/20_ROS/src/Robots/install/mir_driver:/home/administrator/Masterproject2/20_ROS/src/Robots/install/mir_msgs:/home/administrator/Masterproject2/20_ROS/src/Robots/install/mir_dwb_critics:/home/administrator/Masterproject2/20_ROS/src/Robots/install/mir_description:/home/administrator/Masterproject2/20_ROS/src/Robots/install/mir_actions:${AMENT_PREFIX_PATH} CMAKE_PREFIX_PATH=/home/administrator/Masterproject2/20_ROS/src/Robots/install/mir_gazebo:/home/administrator/Masterproject2/20_ROS/src/Robots/install/mir_driver:/home/administrator/Masterproject2/20_ROS/src/Robots/install/mir_msgs:/home/administrator/Masterproject2/20_ROS/src/Robots/install/mir_dwb_critics:/home/administrator/Masterproject2/20_ROS/src/Robots/install/mir_description:/home/administrator/Masterproject2/20_ROS/src/Robots/install/mir_actions:/opt/ros/kilted/opt/sdformat_vendor:/opt/ros/kilted/opt/gz_math_vendor:/opt/ros/kilted/opt/gz_utils_vendor:/opt/ros/kilted/opt/gz_tools_vendor:/opt/ros/kilted/opt/gz_cmake_vendor:/opt/ros/kilted DEBUGINFOD_URLS=https://debuginfod.ubuntu.com LD_LIBRARY_PATH=/home/administrator/Masterproject2/20_ROS/src/Robots/install/mir_msgs/lib:/home/administrator/Masterproject2/20_ROS/src/Robots/install/mir_actions/lib:${LD_LIBRARY_PATH} PYTHONPATH=/home/administrator/Masterproject2/20_ROS/src/Robots/install/mir_driver/lib/python3.12/site-packages:/home/administrator/Masterproject2/20_ROS/src/Robots/install/mir_msgs/lib/python3.12/site-packages:/home/administrator/Masterproject2/20_ROS/src/Robots/install/mir_actions/lib/python3.12/site-packages:${PYTHONPATH} /usr/bin/cmake /home/administrator/Masterproject2/20_ROS/src/Robots/MIR/mir_navigation -DCMAKE_INSTALL_PREFIX=/home/administrator/Masterproject2/20_ROS/src/Robots/install/mir_navigation
[2.454s] DEBUG:colcon.colcon_core.event_handler.log_command:Invoking command in '/home/administrator/Masterproject2/20_ROS/src/Robots/build/mir_navigation': AMENT_PREFIX_PATH=/home/administrator/Masterproject2/20_ROS/src/Robots/install/mir_gazebo:/home/administrator/Masterproject2/20_ROS/src/Robots/install/mir_driver:/home/administrator/Masterproject2/20_ROS/src/Robots/install/mir_msgs:/home/administrator/Masterproject2/20_ROS/src/Robots/install/mir_dwb_critics:/home/administrator/Masterproject2/20_ROS/src/Robots/install/mir_description:/home/administrator/Masterproject2/20_ROS/src/Robots/install/mir_actions:${AMENT_PREFIX_PATH} CMAKE_PREFIX_PATH=/home/administrator/Masterproject2/20_ROS/src/Robots/install/mir_gazebo:/home/administrator/Masterproject2/20_ROS/src/Robots/install/mir_driver:/home/administrator/Masterproject2/20_ROS/src/Robots/install/mir_msgs:/home/administrator/Masterproject2/20_ROS/src/Robots/install/mir_dwb_critics:/home/administrator/Masterproject2/20_ROS/src/Robots/install/mir_description:/home/administrator/Masterproject2/20_ROS/src/Robots/install/mir_actions:/opt/ros/kilted/opt/sdformat_vendor:/opt/ros/kilted/opt/gz_math_vendor:/opt/ros/kilted/opt/gz_utils_vendor:/opt/ros/kilted/opt/gz_tools_vendor:/opt/ros/kilted/opt/gz_cmake_vendor:/opt/ros/kilted DEBUGINFOD_URLS=https://debuginfod.ubuntu.com LD_LIBRARY_PATH=/home/administrator/Masterproject2/20_ROS/src/Robots/install/mir_msgs/lib:/home/administrator/Masterproject2/20_ROS/src/Robots/install/mir_actions/lib:${LD_LIBRARY_PATH} PYTHONPATH=/home/administrator/Masterproject2/20_ROS/src/Robots/install/mir_driver/lib/python3.12/site-packages:/home/administrator/Masterproject2/20_ROS/src/Robots/install/mir_msgs/lib/python3.12/site-packages:/home/administrator/Masterproject2/20_ROS/src/Robots/install/mir_actions/lib/python3.12/site-packages:${PYTHONPATH} /usr/bin/cmake --build /home/administrator/Masterproject2/20_ROS/src/Robots/build/mir_navigation -- -j14 -l14
[2.480s] DEBUG:colcon.colcon_core.event_handler.log_command:Invoked command in '/home/administrator/Masterproject2/20_ROS/src/Robots/build/mir_navigation' returned '0': AMENT_PREFIX_PATH=/home/administrator/Masterproject2/20_ROS/src/Robots/install/mir_gazebo:/home/administrator/Masterproject2/20_ROS/src/Robots/install/mir_driver:/home/administrator/Masterproject2/20_ROS/src/Robots/install/mir_msgs:/home/administrator/Masterproject2/20_ROS/src/Robots/install/mir_dwb_critics:/home/administrator/Masterproject2/20_ROS/src/Robots/install/mir_description:/home/administrator/Masterproject2/20_ROS/src/Robots/install/mir_actions:${AMENT_PREFIX_PATH} CMAKE_PREFIX_PATH=/home/administrator/Masterproject2/20_ROS/src/Robots/install/mir_gazebo:/home/administrator/Masterproject2/20_ROS/src/Robots/install/mir_driver:/home/administrator/Masterproject2/20_ROS/src/Robots/install/mir_msgs:/home/administrator/Masterproject2/20_ROS/src/Robots/install/mir_dwb_critics:/home/administrator/Masterproject2/20_ROS/src/Robots/install/mir_description:/home/administrator/Masterproject2/20_ROS/src/Robots/install/mir_actions:/opt/ros/kilted/opt/sdformat_vendor:/opt/ros/kilted/opt/gz_math_vendor:/opt/ros/kilted/opt/gz_utils_vendor:/opt/ros/kilted/opt/gz_tools_vendor:/opt/ros/kilted/opt/gz_cmake_vendor:/opt/ros/kilted DEBUGINFOD_URLS=https://debuginfod.ubuntu.com LD_LIBRARY_PATH=/home/administrator/Masterproject2/20_ROS/src/Robots/install/mir_msgs/lib:/home/administrator/Masterproject2/20_ROS/src/Robots/install/mir_actions/lib:${LD_LIBRARY_PATH} PYTHONPATH=/home/administrator/Masterproject2/20_ROS/src/Robots/install/mir_driver/lib/python3.12/site-packages:/home/administrator/Masterproject2/20_ROS/src/Robots/install/mir_msgs/lib/python3.12/site-packages:/home/administrator/Masterproject2/20_ROS/src/Robots/install/mir_actions/lib/python3.12/site-packages:${PYTHONPATH} /usr/bin/cmake --build /home/administrator/Masterproject2/20_ROS/src/Robots/build/mir_navigation -- -j14 -l14
[2.481s] DEBUG:colcon.colcon_core.event_handler.log_command:Invoking command in '/home/administrator/Masterproject2/20_ROS/src/Robots/build/mir_navigation': AMENT_PREFIX_PATH=/home/administrator/Masterproject2/20_ROS/src/Robots/install/mir_gazebo:/home/administrator/Masterproject2/20_ROS/src/Robots/install/mir_driver:/home/administrator/Masterproject2/20_ROS/src/Robots/install/mir_msgs:/home/administrator/Masterproject2/20_ROS/src/Robots/install/mir_dwb_critics:/home/administrator/Masterproject2/20_ROS/src/Robots/install/mir_description:/home/administrator/Masterproject2/20_ROS/src/Robots/install/mir_actions:${AMENT_PREFIX_PATH} CMAKE_PREFIX_PATH=/home/administrator/Masterproject2/20_ROS/src/Robots/install/mir_gazebo:/home/administrator/Masterproject2/20_ROS/src/Robots/install/mir_driver:/home/administrator/Masterproject2/20_ROS/src/Robots/install/mir_msgs:/home/administrator/Masterproject2/20_ROS/src/Robots/install/mir_dwb_critics:/home/administrator/Masterproject2/20_ROS/src/Robots/install/mir_description:/home/administrator/Masterproject2/20_ROS/src/Robots/install/mir_actions:/opt/ros/kilted/opt/sdformat_vendor:/opt/ros/kilted/opt/gz_math_vendor:/opt/ros/kilted/opt/gz_utils_vendor:/opt/ros/kilted/opt/gz_tools_vendor:/opt/ros/kilted/opt/gz_cmake_vendor:/opt/ros/kilted DEBUGINFOD_URLS=https://debuginfod.ubuntu.com LD_LIBRARY_PATH=/home/administrator/Masterproject2/20_ROS/src/Robots/install/mir_msgs/lib:/home/administrator/Masterproject2/20_ROS/src/Robots/install/mir_actions/lib:${LD_LIBRARY_PATH} PYTHONPATH=/home/administrator/Masterproject2/20_ROS/src/Robots/install/mir_driver/lib/python3.12/site-packages:/home/administrator/Masterproject2/20_ROS/src/Robots/install/mir_msgs/lib/python3.12/site-packages:/home/administrator/Masterproject2/20_ROS/src/Robots/install/mir_actions/lib/python3.12/site-packages:${PYTHONPATH} /usr/bin/cmake --install /home/administrator/Masterproject2/20_ROS/src/Robots/build/mir_navigation
[2.490s] Level 1:colcon.colcon_core.environment:create_environment_scripts_only(mir_navigation)
[2.490s] Level 1:colcon.colcon_core.environment:checking '/home/administrator/Masterproject2/20_ROS/src/Robots/install/mir_navigation' for CMake module files
[2.491s] DEBUG:colcon.colcon_core.event_handler.log_command:Invoked command in '/home/administrator/Masterproject2/20_ROS/src/Robots/build/mir_navigation' returned '0': AMENT_PREFIX_PATH=/home/administrator/Masterproject2/20_ROS/src/Robots/install/mir_gazebo:/home/administrator/Masterproject2/20_ROS/src/Robots/install/mir_driver:/home/administrator/Masterproject2/20_ROS/src/Robots/install/mir_msgs:/home/administrator/Masterproject2/20_ROS/src/Robots/install/mir_dwb_critics:/home/administrator/Masterproject2/20_ROS/src/Robots/install/mir_description:/home/administrator/Masterproject2/20_ROS/src/Robots/install/mir_actions:${AMENT_PREFIX_PATH} CMAKE_PREFIX_PATH=/home/administrator/Masterproject2/20_ROS/src/Robots/install/mir_gazebo:/home/administrator/Masterproject2/20_ROS/src/Robots/install/mir_driver:/home/administrator/Masterproject2/20_ROS/src/Robots/install/mir_msgs:/home/administrator/Masterproject2/20_ROS/src/Robots/install/mir_dwb_critics:/home/administrator/Masterproject2/20_ROS/src/Robots/install/mir_description:/home/administrator/Masterproject2/20_ROS/src/Robots/install/mir_actions:/opt/ros/kilted/opt/sdformat_vendor:/opt/ros/kilted/opt/gz_math_vendor:/opt/ros/kilted/opt/gz_utils_vendor:/opt/ros/kilted/opt/gz_tools_vendor:/opt/ros/kilted/opt/gz_cmake_vendor:/opt/ros/kilted DEBUGINFOD_URLS=https://debuginfod.ubuntu.com LD_LIBRARY_PATH=/home/administrator/Masterproject2/20_ROS/src/Robots/install/mir_msgs/lib:/home/administrator/Masterproject2/20_ROS/src/Robots/install/mir_actions/lib:${LD_LIBRARY_PATH} PYTHONPATH=/home/administrator/Masterproject2/20_ROS/src/Robots/install/mir_driver/lib/python3.12/site-packages:/home/administrator/Masterproject2/20_ROS/src/Robots/install/mir_msgs/lib/python3.12/site-packages:/home/administrator/Masterproject2/20_ROS/src/Robots/install/mir_actions/lib/python3.12/site-packages:${PYTHONPATH} /usr/bin/cmake --install /home/administrator/Masterproject2/20_ROS/src/Robots/build/mir_navigation
[2.491s] Level 1:colcon.colcon_core.environment:checking '/home/administrator/Masterproject2/20_ROS/src/Robots/install/mir_navigation' for CMake config files
[2.491s] Level 1:colcon.colcon_core.shell:create_environment_hook('mir_navigation', 'cmake_prefix_path')
[2.491s] INFO:colcon.colcon_core.shell:Creating environment hook '/home/administrator/Masterproject2/20_ROS/src/Robots/install/mir_navigation/share/mir_navigation/hook/cmake_prefix_path.ps1'
[2.491s] INFO:colcon.colcon_core.shell:Creating environment descriptor '/home/administrator/Masterproject2/20_ROS/src/Robots/install/mir_navigation/share/mir_navigation/hook/cmake_prefix_path.dsv'
[2.492s] INFO:colcon.colcon_core.shell:Creating environment hook '/home/administrator/Masterproject2/20_ROS/src/Robots/install/mir_navigation/share/mir_navigation/hook/cmake_prefix_path.sh'
[2.492s] Level 1:colcon.colcon_core.environment:checking '/home/administrator/Masterproject2/20_ROS/src/Robots/install/mir_navigation/lib'
[2.492s] Level 1:colcon.colcon_core.environment:checking '/home/administrator/Masterproject2/20_ROS/src/Robots/install/mir_navigation/bin'
[2.492s] Level 1:colcon.colcon_core.environment:checking '/home/administrator/Masterproject2/20_ROS/src/Robots/install/mir_navigation/lib/pkgconfig/mir_navigation.pc'
[2.492s] Level 1:colcon.colcon_core.environment:checking '/home/administrator/Masterproject2/20_ROS/src/Robots/install/mir_navigation/lib/python3.12/site-packages'
[2.492s] Level 1:colcon.colcon_core.environment:checking '/home/administrator/Masterproject2/20_ROS/src/Robots/install/mir_navigation/bin'
[2.492s] INFO:colcon.colcon_core.shell:Creating package script '/home/administrator/Masterproject2/20_ROS/src/Robots/install/mir_navigation/share/mir_navigation/package.ps1'
[2.493s] INFO:colcon.colcon_core.shell:Creating package descriptor '/home/administrator/Masterproject2/20_ROS/src/Robots/install/mir_navigation/share/mir_navigation/package.dsv'
[2.493s] INFO:colcon.colcon_core.shell:Creating package script '/home/administrator/Masterproject2/20_ROS/src/Robots/install/mir_navigation/share/mir_navigation/package.sh'
[2.493s] INFO:colcon.colcon_core.shell:Creating package script '/home/administrator/Masterproject2/20_ROS/src/Robots/install/mir_navigation/share/mir_navigation/package.bash'
[2.493s] INFO:colcon.colcon_core.shell:Creating package script '/home/administrator/Masterproject2/20_ROS/src/Robots/install/mir_navigation/share/mir_navigation/package.zsh'
[2.494s] Level 1:colcon.colcon_core.environment:create_file_with_runtime_dependencies(/home/administrator/Masterproject2/20_ROS/src/Robots/install/mir_navigation/share/colcon-core/packages/mir_navigation)
[2.494s] Level 1:colcon.colcon_core.environment:create_environment_scripts_only(mir_navigation)
[2.494s] Level 1:colcon.colcon_core.environment:checking '/home/administrator/Masterproject2/20_ROS/src/Robots/install/mir_navigation' for CMake module files
[2.494s] Level 1:colcon.colcon_core.environment:checking '/home/administrator/Masterproject2/20_ROS/src/Robots/install/mir_navigation' for CMake config files
[2.494s] Level 1:colcon.colcon_core.shell:create_environment_hook('mir_navigation', 'cmake_prefix_path')
[2.494s] INFO:colcon.colcon_core.shell:Creating environment hook '/home/administrator/Masterproject2/20_ROS/src/Robots/install/mir_navigation/share/mir_navigation/hook/cmake_prefix_path.ps1'
[2.495s] INFO:colcon.colcon_core.shell:Creating environment descriptor '/home/administrator/Masterproject2/20_ROS/src/Robots/install/mir_navigation/share/mir_navigation/hook/cmake_prefix_path.dsv'
[2.495s] INFO:colcon.colcon_core.shell:Creating environment hook '/home/administrator/Masterproject2/20_ROS/src/Robots/install/mir_navigation/share/mir_navigation/hook/cmake_prefix_path.sh'
[2.495s] Level 1:colcon.colcon_core.environment:checking '/home/administrator/Masterproject2/20_ROS/src/Robots/install/mir_navigation/lib'
[2.495s] Level 1:colcon.colcon_core.environment:checking '/home/administrator/Masterproject2/20_ROS/src/Robots/install/mir_navigation/bin'
[2.495s] Level 1:colcon.colcon_core.environment:checking '/home/administrator/Masterproject2/20_ROS/src/Robots/install/mir_navigation/lib/pkgconfig/mir_navigation.pc'
[2.495s] Level 1:colcon.colcon_core.environment:checking '/home/administrator/Masterproject2/20_ROS/src/Robots/install/mir_navigation/lib/python3.12/site-packages'
[2.496s] Level 1:colcon.colcon_core.environment:checking '/home/administrator/Masterproject2/20_ROS/src/Robots/install/mir_navigation/bin'
[2.496s] INFO:colcon.colcon_core.shell:Creating package script '/home/administrator/Masterproject2/20_ROS/src/Robots/install/mir_navigation/share/mir_navigation/package.ps1'
[2.496s] INFO:colcon.colcon_core.shell:Creating package descriptor '/home/administrator/Masterproject2/20_ROS/src/Robots/install/mir_navigation/share/mir_navigation/package.dsv'
[2.496s] INFO:colcon.colcon_core.shell:Creating package script '/home/administrator/Masterproject2/20_ROS/src/Robots/install/mir_navigation/share/mir_navigation/package.sh'
[2.496s] INFO:colcon.colcon_core.shell:Creating package script '/home/administrator/Masterproject2/20_ROS/src/Robots/install/mir_navigation/share/mir_navigation/package.bash'
[2.497s] INFO:colcon.colcon_core.shell:Creating package script '/home/administrator/Masterproject2/20_ROS/src/Robots/install/mir_navigation/share/mir_navigation/package.zsh'
[2.497s] Level 1:colcon.colcon_core.environment:create_file_with_runtime_dependencies(/home/administrator/Masterproject2/20_ROS/src/Robots/install/mir_navigation/share/colcon-core/packages/mir_navigation)
[2.497s] INFO:colcon.colcon_ros.task.ament_cmake.build:Building ROS package in '/home/administrator/Masterproject2/20_ROS/src/Robots/MIR/mir_robot' with build type 'ament_cmake'
[2.497s] INFO:colcon.colcon_cmake.task.cmake.build:Building CMake package in '/home/administrator/Masterproject2/20_ROS/src/Robots/MIR/mir_robot'
[2.497s] INFO:colcon.colcon_core.shell:Skip shell extension 'powershell' for command environment: Not usable outside of PowerShell
[2.497s] DEBUG:colcon.colcon_core.shell:Skip shell extension 'dsv' for command environment
[2.510s] DEBUG:colcon.colcon_core.event_handler.log_command:Invoking command in '/home/administrator/Masterproject2/20_ROS/src/Robots/build/mir_robot': AMENT_PREFIX_PATH=/home/administrator/Masterproject2/20_ROS/src/Robots/install/mir_navigation:/home/administrator/Masterproject2/20_ROS/src/Robots/install/mir_gazebo:/home/administrator/Masterproject2/20_ROS/src/Robots/install/mir_driver:/home/administrator/Masterproject2/20_ROS/src/Robots/install/sdc21x0:/home/administrator/Masterproject2/20_ROS/src/Robots/install/mir_msgs:/home/administrator/Masterproject2/20_ROS/src/Robots/install/mir_dwb_critics:/home/administrator/Masterproject2/20_ROS/src/Robots/install/mir_description:/home/administrator/Masterproject2/20_ROS/src/Robots/install/mir_actions:${AMENT_PREFIX_PATH} CMAKE_PREFIX_PATH=/home/administrator/Masterproject2/20_ROS/src/Robots/install/mir_navigation:/home/administrator/Masterproject2/20_ROS/src/Robots/install/mir_gazebo:/home/administrator/Masterproject2/20_ROS/src/Robots/install/mir_driver:/home/administrator/Masterproject2/20_ROS/src/Robots/install/sdc21x0:/home/administrator/Masterproject2/20_ROS/src/Robots/install/mir_msgs:/home/administrator/Masterproject2/20_ROS/src/Robots/install/mir_dwb_critics:/home/administrator/Masterproject2/20_ROS/src/Robots/install/mir_description:/home/administrator/Masterproject2/20_ROS/src/Robots/install/mir_actions:/opt/ros/kilted/opt/sdformat_vendor:/opt/ros/kilted/opt/gz_math_vendor:/opt/ros/kilted/opt/gz_utils_vendor:/opt/ros/kilted/opt/gz_tools_vendor:/opt/ros/kilted/opt/gz_cmake_vendor:/opt/ros/kilted DEBUGINFOD_URLS=https://debuginfod.ubuntu.com LD_LIBRARY_PATH=/home/administrator/Masterproject2/20_ROS/src/Robots/install/sdc21x0/lib:/home/administrator/Masterproject2/20_ROS/src/Robots/install/mir_msgs/lib:/home/administrator/Masterproject2/20_ROS/src/Robots/install/mir_actions/lib:${LD_LIBRARY_PATH} PYTHONPATH=/home/administrator/Masterproject2/20_ROS/src/Robots/install/mir_driver/lib/python3.12/site-packages:/home/administrator/Masterproject2/20_ROS/src/Robots/install/sdc21x0/lib/python3.12/site-packages:/home/administrator/Masterproject2/20_ROS/src/Robots/install/mir_msgs/lib/python3.12/site-packages:/home/administrator/Masterproject2/20_ROS/src/Robots/install/mir_actions/lib/python3.12/site-packages:${PYTHONPATH} /usr/bin/cmake /home/administrator/Masterproject2/20_ROS/src/Robots/MIR/mir_robot -DCMAKE_INSTALL_PREFIX=/home/administrator/Masterproject2/20_ROS/src/Robots/install/mir_robot
[2.596s] DEBUG:colcon.colcon_core.event_handler.log_command:Invoked command in '/home/administrator/Masterproject2/20_ROS/src/Robots/build/my_ur_msgs' returned '0': CMAKE_PREFIX_PATH=${CMAKE_PREFIX_PATH}:/opt/ros/kilted DEBUGINFOD_URLS=https://debuginfod.ubuntu.com /usr/bin/cmake /home/administrator/Masterproject2/20_ROS/src/Robots/UR_Driver/my_ur_msgs -DCMAKE_INSTALL_PREFIX=/home/administrator/Masterproject2/20_ROS/src/Robots/install/my_ur_msgs
[2.598s] DEBUG:colcon.colcon_core.event_handler.log_command:Invoking command in '/home/administrator/Masterproject2/20_ROS/src/Robots/build/my_ur_msgs': CMAKE_PREFIX_PATH=${CMAKE_PREFIX_PATH}:/opt/ros/kilted DEBUGINFOD_URLS=https://debuginfod.ubuntu.com /usr/bin/cmake --build /home/administrator/Masterproject2/20_ROS/src/Robots/build/my_ur_msgs -- -j14 -l14
[3.013s] DEBUG:colcon.colcon_core.event_handler.log_command:Invoked command in '/home/administrator/Masterproject2/20_ROS/src/Robots/build/mir_robot' returned '0': AMENT_PREFIX_PATH=/home/administrator/Masterproject2/20_ROS/src/Robots/install/mir_navigation:/home/administrator/Masterproject2/20_ROS/src/Robots/install/mir_gazebo:/home/administrator/Masterproject2/20_ROS/src/Robots/install/mir_driver:/home/administrator/Masterproject2/20_ROS/src/Robots/install/sdc21x0:/home/administrator/Masterproject2/20_ROS/src/Robots/install/mir_msgs:/home/administrator/Masterproject2/20_ROS/src/Robots/install/mir_dwb_critics:/home/administrator/Masterproject2/20_ROS/src/Robots/install/mir_description:/home/administrator/Masterproject2/20_ROS/src/Robots/install/mir_actions:${AMENT_PREFIX_PATH} CMAKE_PREFIX_PATH=/home/administrator/Masterproject2/20_ROS/src/Robots/install/mir_navigation:/home/administrator/Masterproject2/20_ROS/src/Robots/install/mir_gazebo:/home/administrator/Masterproject2/20_ROS/src/Robots/install/mir_driver:/home/administrator/Masterproject2/20_ROS/src/Robots/install/sdc21x0:/home/administrator/Masterproject2/20_ROS/src/Robots/install/mir_msgs:/home/administrator/Masterproject2/20_ROS/src/Robots/install/mir_dwb_critics:/home/administrator/Masterproject2/20_ROS/src/Robots/install/mir_description:/home/administrator/Masterproject2/20_ROS/src/Robots/install/mir_actions:/opt/ros/kilted/opt/sdformat_vendor:/opt/ros/kilted/opt/gz_math_vendor:/opt/ros/kilted/opt/gz_utils_vendor:/opt/ros/kilted/opt/gz_tools_vendor:/opt/ros/kilted/opt/gz_cmake_vendor:/opt/ros/kilted DEBUGINFOD_URLS=https://debuginfod.ubuntu.com LD_LIBRARY_PATH=/home/administrator/Masterproject2/20_ROS/src/Robots/install/sdc21x0/lib:/home/administrator/Masterproject2/20_ROS/src/Robots/install/mir_msgs/lib:/home/administrator/Masterproject2/20_ROS/src/Robots/install/mir_actions/lib:${LD_LIBRARY_PATH} PYTHONPATH=/home/administrator/Masterproject2/20_ROS/src/Robots/install/mir_driver/lib/python3.12/site-packages:/home/administrator/Masterproject2/20_ROS/src/Robots/install/sdc21x0/lib/python3.12/site-packages:/home/administrator/Masterproject2/20_ROS/src/Robots/install/mir_msgs/lib/python3.12/site-packages:/home/administrator/Masterproject2/20_ROS/src/Robots/install/mir_actions/lib/python3.12/site-packages:${PYTHONPATH} /usr/bin/cmake /home/administrator/Masterproject2/20_ROS/src/Robots/MIR/mir_robot -DCMAKE_INSTALL_PREFIX=/home/administrator/Masterproject2/20_ROS/src/Robots/install/mir_robot
[3.015s] DEBUG:colcon.colcon_core.event_handler.log_command:Invoking command in '/home/administrator/Masterproject2/20_ROS/src/Robots/build/mir_robot': AMENT_PREFIX_PATH=/home/administrator/Masterproject2/20_ROS/src/Robots/install/mir_navigation:/home/administrator/Masterproject2/20_ROS/src/Robots/install/mir_gazebo:/home/administrator/Masterproject2/20_ROS/src/Robots/install/mir_driver:/home/administrator/Masterproject2/20_ROS/src/Robots/install/sdc21x0:/home/administrator/Masterproject2/20_ROS/src/Robots/install/mir_msgs:/home/administrator/Masterproject2/20_ROS/src/Robots/install/mir_dwb_critics:/home/administrator/Masterproject2/20_ROS/src/Robots/install/mir_description:/home/administrator/Masterproject2/20_ROS/src/Robots/install/mir_actions:${AMENT_PREFIX_PATH} CMAKE_PREFIX_PATH=/home/administrator/Masterproject2/20_ROS/src/Robots/install/mir_navigation:/home/administrator/Masterproject2/20_ROS/src/Robots/install/mir_gazebo:/home/administrator/Masterproject2/20_ROS/src/Robots/install/mir_driver:/home/administrator/Masterproject2/20_ROS/src/Robots/install/sdc21x0:/home/administrator/Masterproject2/20_ROS/src/Robots/install/mir_msgs:/home/administrator/Masterproject2/20_ROS/src/Robots/install/mir_dwb_critics:/home/administrator/Masterproject2/20_ROS/src/Robots/install/mir_description:/home/administrator/Masterproject2/20_ROS/src/Robots/install/mir_actions:/opt/ros/kilted/opt/sdformat_vendor:/opt/ros/kilted/opt/gz_math_vendor:/opt/ros/kilted/opt/gz_utils_vendor:/opt/ros/kilted/opt/gz_tools_vendor:/opt/ros/kilted/opt/gz_cmake_vendor:/opt/ros/kilted DEBUGINFOD_URLS=https://debuginfod.ubuntu.com LD_LIBRARY_PATH=/home/administrator/Masterproject2/20_ROS/src/Robots/install/sdc21x0/lib:/home/administrator/Masterproject2/20_ROS/src/Robots/install/mir_msgs/lib:/home/administrator/Masterproject2/20_ROS/src/Robots/install/mir_actions/lib:${LD_LIBRARY_PATH} PYTHONPATH=/home/administrator/Masterproject2/20_ROS/src/Robots/install/mir_driver/lib/python3.12/site-packages:/home/administrator/Masterproject2/20_ROS/src/Robots/install/sdc21x0/lib/python3.12/site-packages:/home/administrator/Masterproject2/20_ROS/src/Robots/install/mir_msgs/lib/python3.12/site-packages:/home/administrator/Masterproject2/20_ROS/src/Robots/install/mir_actions/lib/python3.12/site-packages:${PYTHONPATH} /usr/bin/cmake --build /home/administrator/Masterproject2/20_ROS/src/Robots/build/mir_robot -- -j14 -l14
[3.046s] DEBUG:colcon.colcon_core.event_handler.log_command:Invoked command in '/home/administrator/Masterproject2/20_ROS/src/Robots/build/mir_robot' returned '0': AMENT_PREFIX_PATH=/home/administrator/Masterproject2/20_ROS/src/Robots/install/mir_navigation:/home/administrator/Masterproject2/20_ROS/src/Robots/install/mir_gazebo:/home/administrator/Masterproject2/20_ROS/src/Robots/install/mir_driver:/home/administrator/Masterproject2/20_ROS/src/Robots/install/sdc21x0:/home/administrator/Masterproject2/20_ROS/src/Robots/install/mir_msgs:/home/administrator/Masterproject2/20_ROS/src/Robots/install/mir_dwb_critics:/home/administrator/Masterproject2/20_ROS/src/Robots/install/mir_description:/home/administrator/Masterproject2/20_ROS/src/Robots/install/mir_actions:${AMENT_PREFIX_PATH} CMAKE_PREFIX_PATH=/home/administrator/Masterproject2/20_ROS/src/Robots/install/mir_navigation:/home/administrator/Masterproject2/20_ROS/src/Robots/install/mir_gazebo:/home/administrator/Masterproject2/20_ROS/src/Robots/install/mir_driver:/home/administrator/Masterproject2/20_ROS/src/Robots/install/sdc21x0:/home/administrator/Masterproject2/20_ROS/src/Robots/install/mir_msgs:/home/administrator/Masterproject2/20_ROS/src/Robots/install/mir_dwb_critics:/home/administrator/Masterproject2/20_ROS/src/Robots/install/mir_description:/home/administrator/Masterproject2/20_ROS/src/Robots/install/mir_actions:/opt/ros/kilted/opt/sdformat_vendor:/opt/ros/kilted/opt/gz_math_vendor:/opt/ros/kilted/opt/gz_utils_vendor:/opt/ros/kilted/opt/gz_tools_vendor:/opt/ros/kilted/opt/gz_cmake_vendor:/opt/ros/kilted DEBUGINFOD_URLS=https://debuginfod.ubuntu.com LD_LIBRARY_PATH=/home/administrator/Masterproject2/20_ROS/src/Robots/install/sdc21x0/lib:/home/administrator/Masterproject2/20_ROS/src/Robots/install/mir_msgs/lib:/home/administrator/Masterproject2/20_ROS/src/Robots/install/mir_actions/lib:${LD_LIBRARY_PATH} PYTHONPATH=/home/administrator/Masterproject2/20_ROS/src/Robots/install/mir_driver/lib/python3.12/site-packages:/home/administrator/Masterproject2/20_ROS/src/Robots/install/sdc21x0/lib/python3.12/site-packages:/home/administrator/Masterproject2/20_ROS/src/Robots/install/mir_msgs/lib/python3.12/site-packages:/home/administrator/Masterproject2/20_ROS/src/Robots/install/mir_actions/lib/python3.12/site-packages:${PYTHONPATH} /usr/bin/cmake --build /home/administrator/Masterproject2/20_ROS/src/Robots/build/mir_robot -- -j14 -l14
[3.046s] DEBUG:colcon.colcon_core.event_handler.log_command:Invoking command in '/home/administrator/Masterproject2/20_ROS/src/Robots/build/mir_robot': AMENT_PREFIX_PATH=/home/administrator/Masterproject2/20_ROS/src/Robots/install/mir_navigation:/home/administrator/Masterproject2/20_ROS/src/Robots/install/mir_gazebo:/home/administrator/Masterproject2/20_ROS/src/Robots/install/mir_driver:/home/administrator/Masterproject2/20_ROS/src/Robots/install/sdc21x0:/home/administrator/Masterproject2/20_ROS/src/Robots/install/mir_msgs:/home/administrator/Masterproject2/20_ROS/src/Robots/install/mir_dwb_critics:/home/administrator/Masterproject2/20_ROS/src/Robots/install/mir_description:/home/administrator/Masterproject2/20_ROS/src/Robots/install/mir_actions:${AMENT_PREFIX_PATH} CMAKE_PREFIX_PATH=/home/administrator/Masterproject2/20_ROS/src/Robots/install/mir_navigation:/home/administrator/Masterproject2/20_ROS/src/Robots/install/mir_gazebo:/home/administrator/Masterproject2/20_ROS/src/Robots/install/mir_driver:/home/administrator/Masterproject2/20_ROS/src/Robots/install/sdc21x0:/home/administrator/Masterproject2/20_ROS/src/Robots/install/mir_msgs:/home/administrator/Masterproject2/20_ROS/src/Robots/install/mir_dwb_critics:/home/administrator/Masterproject2/20_ROS/src/Robots/install/mir_description:/home/administrator/Masterproject2/20_ROS/src/Robots/install/mir_actions:/opt/ros/kilted/opt/sdformat_vendor:/opt/ros/kilted/opt/gz_math_vendor:/opt/ros/kilted/opt/gz_utils_vendor:/opt/ros/kilted/opt/gz_tools_vendor:/opt/ros/kilted/opt/gz_cmake_vendor:/opt/ros/kilted DEBUGINFOD_URLS=https://debuginfod.ubuntu.com LD_LIBRARY_PATH=/home/administrator/Masterproject2/20_ROS/src/Robots/install/sdc21x0/lib:/home/administrator/Masterproject2/20_ROS/src/Robots/install/mir_msgs/lib:/home/administrator/Masterproject2/20_ROS/src/Robots/install/mir_actions/lib:${LD_LIBRARY_PATH} PYTHONPATH=/home/administrator/Masterproject2/20_ROS/src/Robots/install/mir_driver/lib/python3.12/site-packages:/home/administrator/Masterproject2/20_ROS/src/Robots/install/sdc21x0/lib/python3.12/site-packages:/home/administrator/Masterproject2/20_ROS/src/Robots/install/mir_msgs/lib/python3.12/site-packages:/home/administrator/Masterproject2/20_ROS/src/Robots/install/mir_actions/lib/python3.12/site-packages:${PYTHONPATH} /usr/bin/cmake --install /home/administrator/Masterproject2/20_ROS/src/Robots/build/mir_robot
[3.052s] Level 1:colcon.colcon_core.environment:create_environment_scripts_only(mir_robot)
[3.052s] Level 1:colcon.colcon_core.environment:checking '/home/administrator/Masterproject2/20_ROS/src/Robots/install/mir_robot' for CMake module files
[3.053s] DEBUG:colcon.colcon_core.event_handler.log_command:Invoked command in '/home/administrator/Masterproject2/20_ROS/src/Robots/build/mir_robot' returned '0': AMENT_PREFIX_PATH=/home/administrator/Masterproject2/20_ROS/src/Robots/install/mir_navigation:/home/administrator/Masterproject2/20_ROS/src/Robots/install/mir_gazebo:/home/administrator/Masterproject2/20_ROS/src/Robots/install/mir_driver:/home/administrator/Masterproject2/20_ROS/src/Robots/install/sdc21x0:/home/administrator/Masterproject2/20_ROS/src/Robots/install/mir_msgs:/home/administrator/Masterproject2/20_ROS/src/Robots/install/mir_dwb_critics:/home/administrator/Masterproject2/20_ROS/src/Robots/install/mir_description:/home/administrator/Masterproject2/20_ROS/src/Robots/install/mir_actions:${AMENT_PREFIX_PATH} CMAKE_PREFIX_PATH=/home/administrator/Masterproject2/20_ROS/src/Robots/install/mir_navigation:/home/administrator/Masterproject2/20_ROS/src/Robots/install/mir_gazebo:/home/administrator/Masterproject2/20_ROS/src/Robots/install/mir_driver:/home/administrator/Masterproject2/20_ROS/src/Robots/install/sdc21x0:/home/administrator/Masterproject2/20_ROS/src/Robots/install/mir_msgs:/home/administrator/Masterproject2/20_ROS/src/Robots/install/mir_dwb_critics:/home/administrator/Masterproject2/20_ROS/src/Robots/install/mir_description:/home/administrator/Masterproject2/20_ROS/src/Robots/install/mir_actions:/opt/ros/kilted/opt/sdformat_vendor:/opt/ros/kilted/opt/gz_math_vendor:/opt/ros/kilted/opt/gz_utils_vendor:/opt/ros/kilted/opt/gz_tools_vendor:/opt/ros/kilted/opt/gz_cmake_vendor:/opt/ros/kilted DEBUGINFOD_URLS=https://debuginfod.ubuntu.com LD_LIBRARY_PATH=/home/administrator/Masterproject2/20_ROS/src/Robots/install/sdc21x0/lib:/home/administrator/Masterproject2/20_ROS/src/Robots/install/mir_msgs/lib:/home/administrator/Masterproject2/20_ROS/src/Robots/install/mir_actions/lib:${LD_LIBRARY_PATH} PYTHONPATH=/home/administrator/Masterproject2/20_ROS/src/Robots/install/mir_driver/lib/python3.12/site-packages:/home/administrator/Masterproject2/20_ROS/src/Robots/install/sdc21x0/lib/python3.12/site-packages:/home/administrator/Masterproject2/20_ROS/src/Robots/install/mir_msgs/lib/python3.12/site-packages:/home/administrator/Masterproject2/20_ROS/src/Robots/install/mir_actions/lib/python3.12/site-packages:${PYTHONPATH} /usr/bin/cmake --install /home/administrator/Masterproject2/20_ROS/src/Robots/build/mir_robot
[3.053s] Level 1:colcon.colcon_core.environment:checking '/home/administrator/Masterproject2/20_ROS/src/Robots/install/mir_robot' for CMake config files
[3.053s] Level 1:colcon.colcon_core.shell:create_environment_hook('mir_robot', 'cmake_prefix_path')
[3.053s] INFO:colcon.colcon_core.shell:Creating environment hook '/home/administrator/Masterproject2/20_ROS/src/Robots/install/mir_robot/share/mir_robot/hook/cmake_prefix_path.ps1'
[3.054s] INFO:colcon.colcon_core.shell:Creating environment descriptor '/home/administrator/Masterproject2/20_ROS/src/Robots/install/mir_robot/share/mir_robot/hook/cmake_prefix_path.dsv'
[3.054s] INFO:colcon.colcon_core.shell:Creating environment hook '/home/administrator/Masterproject2/20_ROS/src/Robots/install/mir_robot/share/mir_robot/hook/cmake_prefix_path.sh'
[3.055s] Level 1:colcon.colcon_core.environment:checking '/home/administrator/Masterproject2/20_ROS/src/Robots/install/mir_robot/bin'
[3.055s] Level 1:colcon.colcon_core.environment:checking '/home/administrator/Masterproject2/20_ROS/src/Robots/install/mir_robot/lib/pkgconfig/mir_robot.pc'
[3.055s] Level 1:colcon.colcon_core.environment:checking '/home/administrator/Masterproject2/20_ROS/src/Robots/install/mir_robot/lib/python3.12/site-packages'
[3.056s] Level 1:colcon.colcon_core.environment:checking '/home/administrator/Masterproject2/20_ROS/src/Robots/install/mir_robot/bin'
[3.057s] INFO:colcon.colcon_core.shell:Creating package script '/home/administrator/Masterproject2/20_ROS/src/Robots/install/mir_robot/share/mir_robot/package.ps1'
[3.058s] INFO:colcon.colcon_core.shell:Creating package descriptor '/home/administrator/Masterproject2/20_ROS/src/Robots/install/mir_robot/share/mir_robot/package.dsv'
[3.059s] INFO:colcon.colcon_core.shell:Creating package script '/home/administrator/Masterproject2/20_ROS/src/Robots/install/mir_robot/share/mir_robot/package.sh'
[3.060s] INFO:colcon.colcon_core.shell:Creating package script '/home/administrator/Masterproject2/20_ROS/src/Robots/install/mir_robot/share/mir_robot/package.bash'
[3.061s] INFO:colcon.colcon_core.shell:Creating package script '/home/administrator/Masterproject2/20_ROS/src/Robots/install/mir_robot/share/mir_robot/package.zsh'
[3.062s] Level 1:colcon.colcon_core.environment:create_file_with_runtime_dependencies(/home/administrator/Masterproject2/20_ROS/src/Robots/install/mir_robot/share/colcon-core/packages/mir_robot)
[3.063s] Level 1:colcon.colcon_core.environment:create_environment_scripts_only(mir_robot)
[3.063s] Level 1:colcon.colcon_core.environment:checking '/home/administrator/Masterproject2/20_ROS/src/Robots/install/mir_robot' for CMake module files
[3.064s] Level 1:colcon.colcon_core.environment:checking '/home/administrator/Masterproject2/20_ROS/src/Robots/install/mir_robot' for CMake config files
[3.065s] Level 1:colcon.colcon_core.shell:create_environment_hook('mir_robot', 'cmake_prefix_path')
[3.065s] INFO:colcon.colcon_core.shell:Creating environment hook '/home/administrator/Masterproject2/20_ROS/src/Robots/install/mir_robot/share/mir_robot/hook/cmake_prefix_path.ps1'
[3.065s] INFO:colcon.colcon_core.shell:Creating environment descriptor '/home/administrator/Masterproject2/20_ROS/src/Robots/install/mir_robot/share/mir_robot/hook/cmake_prefix_path.dsv'
[3.066s] INFO:colcon.colcon_core.shell:Creating environment hook '/home/administrator/Masterproject2/20_ROS/src/Robots/install/mir_robot/share/mir_robot/hook/cmake_prefix_path.sh'
[3.066s] Level 1:colcon.colcon_core.environment:checking '/home/administrator/Masterproject2/20_ROS/src/Robots/install/mir_robot/bin'
[3.066s] Level 1:colcon.colcon_core.environment:checking '/home/administrator/Masterproject2/20_ROS/src/Robots/install/mir_robot/lib/pkgconfig/mir_robot.pc'
[3.066s] Level 1:colcon.colcon_core.environment:checking '/home/administrator/Masterproject2/20_ROS/src/Robots/install/mir_robot/lib/python3.12/site-packages'
[3.067s] Level 1:colcon.colcon_core.environment:checking '/home/administrator/Masterproject2/20_ROS/src/Robots/install/mir_robot/bin'
[3.067s] INFO:colcon.colcon_core.shell:Creating package script '/home/administrator/Masterproject2/20_ROS/src/Robots/install/mir_robot/share/mir_robot/package.ps1'
[3.067s] INFO:colcon.colcon_core.shell:Creating package descriptor '/home/administrator/Masterproject2/20_ROS/src/Robots/install/mir_robot/share/mir_robot/package.dsv'
[3.068s] INFO:colcon.colcon_core.shell:Creating package script '/home/administrator/Masterproject2/20_ROS/src/Robots/install/mir_robot/share/mir_robot/package.sh'
[3.068s] INFO:colcon.colcon_core.shell:Creating package script '/home/administrator/Masterproject2/20_ROS/src/Robots/install/mir_robot/share/mir_robot/package.bash'
[3.068s] INFO:colcon.colcon_core.shell:Creating package script '/home/administrator/Masterproject2/20_ROS/src/Robots/install/mir_robot/share/mir_robot/package.zsh'
[3.069s] Level 1:colcon.colcon_core.environment:create_file_with_runtime_dependencies(/home/administrator/Masterproject2/20_ROS/src/Robots/install/mir_robot/share/colcon-core/packages/mir_robot)
[3.133s] DEBUG:colcon.colcon_core.event_handler.log_command:Invoked command in '/home/administrator/Masterproject2/20_ROS/src/Robots/build/ur_msgs' returned '0': CMAKE_PREFIX_PATH=${CMAKE_PREFIX_PATH}:/opt/ros/kilted DEBUGINFOD_URLS=https://debuginfod.ubuntu.com /usr/bin/cmake /home/administrator/Masterproject2/20_ROS/src/Robots/UR_Driver/ur_msgs -DCMAKE_INSTALL_PREFIX=/home/administrator/Masterproject2/20_ROS/src/Robots/install/ur_msgs
[3.133s] DEBUG:colcon.colcon_core.event_handler.log_command:Invoking command in '/home/administrator/Masterproject2/20_ROS/src/Robots/build/ur_msgs': CMAKE_PREFIX_PATH=${CMAKE_PREFIX_PATH}:/opt/ros/kilted DEBUGINFOD_URLS=https://debuginfod.ubuntu.com /usr/bin/cmake --build /home/administrator/Masterproject2/20_ROS/src/Robots/build/ur_msgs -- -j14 -l14
[4.868s] DEBUG:colcon.colcon_core.event_handler.log_command:Invoked command in '/home/administrator/Masterproject2/20_ROS/src/Robots/build/my_ur_msgs' returned '0': CMAKE_PREFIX_PATH=${CMAKE_PREFIX_PATH}:/opt/ros/kilted DEBUGINFOD_URLS=https://debuginfod.ubuntu.com /usr/bin/cmake --build /home/administrator/Masterproject2/20_ROS/src/Robots/build/my_ur_msgs -- -j14 -l14
[4.869s] DEBUG:colcon.colcon_core.event_handler.log_command:Invoking command in '/home/administrator/Masterproject2/20_ROS/src/Robots/build/my_ur_msgs': CMAKE_PREFIX_PATH=${CMAKE_PREFIX_PATH}:/opt/ros/kilted DEBUGINFOD_URLS=https://debuginfod.ubuntu.com /usr/bin/cmake --install /home/administrator/Masterproject2/20_ROS/src/Robots/build/my_ur_msgs
[4.925s] Level 1:colcon.colcon_core.environment:create_environment_scripts_only(my_ur_msgs)
[4.925s] Level 1:colcon.colcon_core.environment:checking '/home/administrator/Masterproject2/20_ROS/src/Robots/install/my_ur_msgs' for CMake module files
[4.925s] DEBUG:colcon.colcon_core.event_handler.log_command:Invoked command in '/home/administrator/Masterproject2/20_ROS/src/Robots/build/my_ur_msgs' returned '0': CMAKE_PREFIX_PATH=${CMAKE_PREFIX_PATH}:/opt/ros/kilted DEBUGINFOD_URLS=https://debuginfod.ubuntu.com /usr/bin/cmake --install /home/administrator/Masterproject2/20_ROS/src/Robots/build/my_ur_msgs
[4.926s] Level 1:colcon.colcon_core.environment:checking '/home/administrator/Masterproject2/20_ROS/src/Robots/install/my_ur_msgs' for CMake config files
[4.926s] Level 1:colcon.colcon_core.shell:create_environment_hook('my_ur_msgs', 'cmake_prefix_path')
[4.926s] INFO:colcon.colcon_core.shell:Creating environment hook '/home/administrator/Masterproject2/20_ROS/src/Robots/install/my_ur_msgs/share/my_ur_msgs/hook/cmake_prefix_path.ps1'
[4.927s] INFO:colcon.colcon_core.shell:Creating environment descriptor '/home/administrator/Masterproject2/20_ROS/src/Robots/install/my_ur_msgs/share/my_ur_msgs/hook/cmake_prefix_path.dsv'
[4.927s] INFO:colcon.colcon_core.shell:Creating environment hook '/home/administrator/Masterproject2/20_ROS/src/Robots/install/my_ur_msgs/share/my_ur_msgs/hook/cmake_prefix_path.sh'
[4.927s] Level 1:colcon.colcon_core.environment:checking '/home/administrator/Masterproject2/20_ROS/src/Robots/install/my_ur_msgs/lib'
[4.927s] Level 1:colcon.colcon_core.shell:create_environment_hook('my_ur_msgs', 'ld_library_path_lib')
[4.927s] INFO:colcon.colcon_core.shell:Creating environment hook '/home/administrator/Masterproject2/20_ROS/src/Robots/install/my_ur_msgs/share/my_ur_msgs/hook/ld_library_path_lib.ps1'
[4.927s] INFO:colcon.colcon_core.shell:Creating environment descriptor '/home/administrator/Masterproject2/20_ROS/src/Robots/install/my_ur_msgs/share/my_ur_msgs/hook/ld_library_path_lib.dsv'
[4.928s] INFO:colcon.colcon_core.shell:Creating environment hook '/home/administrator/Masterproject2/20_ROS/src/Robots/install/my_ur_msgs/share/my_ur_msgs/hook/ld_library_path_lib.sh'
[4.928s] Level 1:colcon.colcon_core.environment:checking '/home/administrator/Masterproject2/20_ROS/src/Robots/install/my_ur_msgs/bin'
[4.928s] Level 1:colcon.colcon_core.environment:checking '/home/administrator/Masterproject2/20_ROS/src/Robots/install/my_ur_msgs/lib/pkgconfig/my_ur_msgs.pc'
[4.928s] Level 1:colcon.colcon_core.environment:checking '/home/administrator/Masterproject2/20_ROS/src/Robots/install/my_ur_msgs/lib/python3.12/site-packages'
[4.928s] Level 1:colcon.colcon_core.shell:create_environment_hook('my_ur_msgs', 'pythonpath')
[4.928s] INFO:colcon.colcon_core.shell:Creating environment hook '/home/administrator/Masterproject2/20_ROS/src/Robots/install/my_ur_msgs/share/my_ur_msgs/hook/pythonpath.ps1'
[4.928s] INFO:colcon.colcon_core.shell:Creating environment descriptor '/home/administrator/Masterproject2/20_ROS/src/Robots/install/my_ur_msgs/share/my_ur_msgs/hook/pythonpath.dsv'
[4.928s] INFO:colcon.colcon_core.shell:Creating environment hook '/home/administrator/Masterproject2/20_ROS/src/Robots/install/my_ur_msgs/share/my_ur_msgs/hook/pythonpath.sh'
[4.929s] Level 1:colcon.colcon_core.environment:checking '/home/administrator/Masterproject2/20_ROS/src/Robots/install/my_ur_msgs/bin'
[4.929s] INFO:colcon.colcon_core.shell:Creating package script '/home/administrator/Masterproject2/20_ROS/src/Robots/install/my_ur_msgs/share/my_ur_msgs/package.ps1'
[4.929s] INFO:colcon.colcon_core.shell:Creating package descriptor '/home/administrator/Masterproject2/20_ROS/src/Robots/install/my_ur_msgs/share/my_ur_msgs/package.dsv'
[4.929s] INFO:colcon.colcon_core.shell:Creating package script '/home/administrator/Masterproject2/20_ROS/src/Robots/install/my_ur_msgs/share/my_ur_msgs/package.sh'
[4.930s] INFO:colcon.colcon_core.shell:Creating package script '/home/administrator/Masterproject2/20_ROS/src/Robots/install/my_ur_msgs/share/my_ur_msgs/package.bash'
[4.930s] INFO:colcon.colcon_core.shell:Creating package script '/home/administrator/Masterproject2/20_ROS/src/Robots/install/my_ur_msgs/share/my_ur_msgs/package.zsh'
[4.930s] Level 1:colcon.colcon_core.environment:create_file_with_runtime_dependencies(/home/administrator/Masterproject2/20_ROS/src/Robots/install/my_ur_msgs/share/colcon-core/packages/my_ur_msgs)
[4.930s] Level 1:colcon.colcon_core.environment:create_environment_scripts_only(my_ur_msgs)
[4.930s] Level 1:colcon.colcon_core.environment:checking '/home/administrator/Masterproject2/20_ROS/src/Robots/install/my_ur_msgs' for CMake module files
[4.931s] Level 1:colcon.colcon_core.environment:checking '/home/administrator/Masterproject2/20_ROS/src/Robots/install/my_ur_msgs' for CMake config files
[4.931s] Level 1:colcon.colcon_core.shell:create_environment_hook('my_ur_msgs', 'cmake_prefix_path')
[4.931s] INFO:colcon.colcon_core.shell:Creating environment hook '/home/administrator/Masterproject2/20_ROS/src/Robots/install/my_ur_msgs/share/my_ur_msgs/hook/cmake_prefix_path.ps1'
[4.931s] INFO:colcon.colcon_core.shell:Creating environment descriptor '/home/administrator/Masterproject2/20_ROS/src/Robots/install/my_ur_msgs/share/my_ur_msgs/hook/cmake_prefix_path.dsv'
[4.931s] INFO:colcon.colcon_core.shell:Creating environment hook '/home/administrator/Masterproject2/20_ROS/src/Robots/install/my_ur_msgs/share/my_ur_msgs/hook/cmake_prefix_path.sh'
[4.932s] Level 1:colcon.colcon_core.environment:checking '/home/administrator/Masterproject2/20_ROS/src/Robots/install/my_ur_msgs/lib'
[4.932s] Level 1:colcon.colcon_core.shell:create_environment_hook('my_ur_msgs', 'ld_library_path_lib')
[4.932s] INFO:colcon.colcon_core.shell:Creating environment hook '/home/administrator/Masterproject2/20_ROS/src/Robots/install/my_ur_msgs/share/my_ur_msgs/hook/ld_library_path_lib.ps1'
[4.932s] INFO:colcon.colcon_core.shell:Creating environment descriptor '/home/administrator/Masterproject2/20_ROS/src/Robots/install/my_ur_msgs/share/my_ur_msgs/hook/ld_library_path_lib.dsv'
[4.932s] INFO:colcon.colcon_core.shell:Creating environment hook '/home/administrator/Masterproject2/20_ROS/src/Robots/install/my_ur_msgs/share/my_ur_msgs/hook/ld_library_path_lib.sh'
[4.932s] Level 1:colcon.colcon_core.environment:checking '/home/administrator/Masterproject2/20_ROS/src/Robots/install/my_ur_msgs/bin'
[4.932s] Level 1:colcon.colcon_core.environment:checking '/home/administrator/Masterproject2/20_ROS/src/Robots/install/my_ur_msgs/lib/pkgconfig/my_ur_msgs.pc'
[4.932s] Level 1:colcon.colcon_core.environment:checking '/home/administrator/Masterproject2/20_ROS/src/Robots/install/my_ur_msgs/lib/python3.12/site-packages'
[4.932s] Level 1:colcon.colcon_core.shell:create_environment_hook('my_ur_msgs', 'pythonpath')
[4.933s] INFO:colcon.colcon_core.shell:Creating environment hook '/home/administrator/Masterproject2/20_ROS/src/Robots/install/my_ur_msgs/share/my_ur_msgs/hook/pythonpath.ps1'
[4.933s] INFO:colcon.colcon_core.shell:Creating environment descriptor '/home/administrator/Masterproject2/20_ROS/src/Robots/install/my_ur_msgs/share/my_ur_msgs/hook/pythonpath.dsv'
[4.933s] INFO:colcon.colcon_core.shell:Creating environment hook '/home/administrator/Masterproject2/20_ROS/src/Robots/install/my_ur_msgs/share/my_ur_msgs/hook/pythonpath.sh'
[4.933s] Level 1:colcon.colcon_core.environment:checking '/home/administrator/Masterproject2/20_ROS/src/Robots/install/my_ur_msgs/bin'
[4.933s] INFO:colcon.colcon_core.shell:Creating package script '/home/administrator/Masterproject2/20_ROS/src/Robots/install/my_ur_msgs/share/my_ur_msgs/package.ps1'
[4.934s] INFO:colcon.colcon_core.shell:Creating package descriptor '/home/administrator/Masterproject2/20_ROS/src/Robots/install/my_ur_msgs/share/my_ur_msgs/package.dsv'
[4.934s] INFO:colcon.colcon_core.shell:Creating package script '/home/administrator/Masterproject2/20_ROS/src/Robots/install/my_ur_msgs/share/my_ur_msgs/package.sh'
[4.934s] INFO:colcon.colcon_core.shell:Creating package script '/home/administrator/Masterproject2/20_ROS/src/Robots/install/my_ur_msgs/share/my_ur_msgs/package.bash'
[4.935s] INFO:colcon.colcon_core.shell:Creating package script '/home/administrator/Masterproject2/20_ROS/src/Robots/install/my_ur_msgs/share/my_ur_msgs/package.zsh'
[4.935s] Level 1:colcon.colcon_core.environment:create_file_with_runtime_dependencies(/home/administrator/Masterproject2/20_ROS/src/Robots/install/my_ur_msgs/share/colcon-core/packages/my_ur_msgs)
[11.855s] DEBUG:colcon.colcon_core.event_handler.log_command:Invoked command in '/home/administrator/Masterproject2/20_ROS/src/Robots/build/ur_msgs' returned '0': CMAKE_PREFIX_PATH=${CMAKE_PREFIX_PATH}:/opt/ros/kilted DEBUGINFOD_URLS=https://debuginfod.ubuntu.com /usr/bin/cmake --build /home/administrator/Masterproject2/20_ROS/src/Robots/build/ur_msgs -- -j14 -l14
[11.856s] DEBUG:colcon.colcon_core.event_handler.log_command:Invoking command in '/home/administrator/Masterproject2/20_ROS/src/Robots/build/ur_msgs': CMAKE_PREFIX_PATH=${CMAKE_PREFIX_PATH}:/opt/ros/kilted DEBUGINFOD_URLS=https://debuginfod.ubuntu.com /usr/bin/cmake --install /home/administrator/Masterproject2/20_ROS/src/Robots/build/ur_msgs
[11.987s] Level 1:colcon.colcon_core.environment:create_environment_scripts_only(ur_msgs)
[11.988s] DEBUG:colcon.colcon_core.event_handler.log_command:Invoked command in '/home/administrator/Masterproject2/20_ROS/src/Robots/build/ur_msgs' returned '0': CMAKE_PREFIX_PATH=${CMAKE_PREFIX_PATH}:/opt/ros/kilted DEBUGINFOD_URLS=https://debuginfod.ubuntu.com /usr/bin/cmake --install /home/administrator/Masterproject2/20_ROS/src/Robots/build/ur_msgs
[11.989s] Level 1:colcon.colcon_core.environment:checking '/home/administrator/Masterproject2/20_ROS/src/Robots/install/ur_msgs' for CMake module files
[11.991s] Level 1:colcon.colcon_core.environment:checking '/home/administrator/Masterproject2/20_ROS/src/Robots/install/ur_msgs' for CMake config files
[11.994s] Level 1:colcon.colcon_core.shell:create_environment_hook('ur_msgs', 'cmake_prefix_path')
[11.994s] INFO:colcon.colcon_core.shell:Creating environment hook '/home/administrator/Masterproject2/20_ROS/src/Robots/install/ur_msgs/share/ur_msgs/hook/cmake_prefix_path.ps1'
[11.996s] INFO:colcon.colcon_core.shell:Creating environment descriptor '/home/administrator/Masterproject2/20_ROS/src/Robots/install/ur_msgs/share/ur_msgs/hook/cmake_prefix_path.dsv'
[11.996s] INFO:colcon.colcon_core.shell:Creating environment hook '/home/administrator/Masterproject2/20_ROS/src/Robots/install/ur_msgs/share/ur_msgs/hook/cmake_prefix_path.sh'
[11.998s] Level 1:colcon.colcon_core.environment:checking '/home/administrator/Masterproject2/20_ROS/src/Robots/install/ur_msgs/lib'
[11.998s] Level 1:colcon.colcon_core.shell:create_environment_hook('ur_msgs', 'ld_library_path_lib')
[11.999s] INFO:colcon.colcon_core.shell:Creating environment hook '/home/administrator/Masterproject2/20_ROS/src/Robots/install/ur_msgs/share/ur_msgs/hook/ld_library_path_lib.ps1'
[12.000s] INFO:colcon.colcon_core.shell:Creating environment descriptor '/home/administrator/Masterproject2/20_ROS/src/Robots/install/ur_msgs/share/ur_msgs/hook/ld_library_path_lib.dsv'
[12.001s] INFO:colcon.colcon_core.shell:Creating environment hook '/home/administrator/Masterproject2/20_ROS/src/Robots/install/ur_msgs/share/ur_msgs/hook/ld_library_path_lib.sh'
[12.001s] Level 1:colcon.colcon_core.environment:checking '/home/administrator/Masterproject2/20_ROS/src/Robots/install/ur_msgs/bin'
[12.002s] Level 1:colcon.colcon_core.environment:checking '/home/administrator/Masterproject2/20_ROS/src/Robots/install/ur_msgs/lib/pkgconfig/ur_msgs.pc'
[12.002s] Level 1:colcon.colcon_core.environment:checking '/home/administrator/Masterproject2/20_ROS/src/Robots/install/ur_msgs/lib/python3.12/site-packages'
[12.002s] Level 1:colcon.colcon_core.shell:create_environment_hook('ur_msgs', 'pythonpath')
[12.003s] INFO:colcon.colcon_core.shell:Creating environment hook '/home/administrator/Masterproject2/20_ROS/src/Robots/install/ur_msgs/share/ur_msgs/hook/pythonpath.ps1'
[12.004s] INFO:colcon.colcon_core.shell:Creating environment descriptor '/home/administrator/Masterproject2/20_ROS/src/Robots/install/ur_msgs/share/ur_msgs/hook/pythonpath.dsv'
[12.004s] INFO:colcon.colcon_core.shell:Creating environment hook '/home/administrator/Masterproject2/20_ROS/src/Robots/install/ur_msgs/share/ur_msgs/hook/pythonpath.sh'
[12.006s] Level 1:colcon.colcon_core.environment:checking '/home/administrator/Masterproject2/20_ROS/src/Robots/install/ur_msgs/bin'
[12.006s] INFO:colcon.colcon_core.shell:Creating package script '/home/administrator/Masterproject2/20_ROS/src/Robots/install/ur_msgs/share/ur_msgs/package.ps1'
[12.007s] INFO:colcon.colcon_core.shell:Creating package descriptor '/home/administrator/Masterproject2/20_ROS/src/Robots/install/ur_msgs/share/ur_msgs/package.dsv'
[12.008s] INFO:colcon.colcon_core.shell:Creating package script '/home/administrator/Masterproject2/20_ROS/src/Robots/install/ur_msgs/share/ur_msgs/package.sh'
[12.009s] INFO:colcon.colcon_core.shell:Creating package script '/home/administrator/Masterproject2/20_ROS/src/Robots/install/ur_msgs/share/ur_msgs/package.bash'
[12.010s] INFO:colcon.colcon_core.shell:Creating package script '/home/administrator/Masterproject2/20_ROS/src/Robots/install/ur_msgs/share/ur_msgs/package.zsh'
[12.010s] Level 1:colcon.colcon_core.environment:create_file_with_runtime_dependencies(/home/administrator/Masterproject2/20_ROS/src/Robots/install/ur_msgs/share/colcon-core/packages/ur_msgs)
[12.011s] Level 1:colcon.colcon_core.environment:create_environment_scripts_only(ur_msgs)
[12.011s] Level 1:colcon.colcon_core.environment:checking '/home/administrator/Masterproject2/20_ROS/src/Robots/install/ur_msgs' for CMake module files
[12.012s] Level 1:colcon.colcon_core.environment:checking '/home/administrator/Masterproject2/20_ROS/src/Robots/install/ur_msgs' for CMake config files
[12.013s] Level 1:colcon.colcon_core.shell:create_environment_hook('ur_msgs', 'cmake_prefix_path')
[12.014s] INFO:colcon.colcon_core.shell:Creating environment hook '/home/administrator/Masterproject2/20_ROS/src/Robots/install/ur_msgs/share/ur_msgs/hook/cmake_prefix_path.ps1'
[12.014s] INFO:colcon.colcon_core.shell:Creating environment descriptor '/home/administrator/Masterproject2/20_ROS/src/Robots/install/ur_msgs/share/ur_msgs/hook/cmake_prefix_path.dsv'
[12.015s] INFO:colcon.colcon_core.shell:Creating environment hook '/home/administrator/Masterproject2/20_ROS/src/Robots/install/ur_msgs/share/ur_msgs/hook/cmake_prefix_path.sh'
[12.016s] Level 1:colcon.colcon_core.environment:checking '/home/administrator/Masterproject2/20_ROS/src/Robots/install/ur_msgs/lib'
[12.016s] Level 1:colcon.colcon_core.shell:create_environment_hook('ur_msgs', 'ld_library_path_lib')
[12.017s] INFO:colcon.colcon_core.shell:Creating environment hook '/home/administrator/Masterproject2/20_ROS/src/Robots/install/ur_msgs/share/ur_msgs/hook/ld_library_path_lib.ps1'
[12.017s] INFO:colcon.colcon_core.shell:Creating environment descriptor '/home/administrator/Masterproject2/20_ROS/src/Robots/install/ur_msgs/share/ur_msgs/hook/ld_library_path_lib.dsv'
[12.018s] INFO:colcon.colcon_core.shell:Creating environment hook '/home/administrator/Masterproject2/20_ROS/src/Robots/install/ur_msgs/share/ur_msgs/hook/ld_library_path_lib.sh'
[12.019s] Level 1:colcon.colcon_core.environment:checking '/home/administrator/Masterproject2/20_ROS/src/Robots/install/ur_msgs/bin'
[12.019s] Level 1:colcon.colcon_core.environment:checking '/home/administrator/Masterproject2/20_ROS/src/Robots/install/ur_msgs/lib/pkgconfig/ur_msgs.pc'
[12.019s] Level 1:colcon.colcon_core.environment:checking '/home/administrator/Masterproject2/20_ROS/src/Robots/install/ur_msgs/lib/python3.12/site-packages'
[12.019s] Level 1:colcon.colcon_core.shell:create_environment_hook('ur_msgs', 'pythonpath')
[12.020s] INFO:colcon.colcon_core.shell:Creating environment hook '/home/administrator/Masterproject2/20_ROS/src/Robots/install/ur_msgs/share/ur_msgs/hook/pythonpath.ps1'
[12.020s] INFO:colcon.colcon_core.shell:Creating environment descriptor '/home/administrator/Masterproject2/20_ROS/src/Robots/install/ur_msgs/share/ur_msgs/hook/pythonpath.dsv'
[12.021s] INFO:colcon.colcon_core.shell:Creating environment hook '/home/administrator/Masterproject2/20_ROS/src/Robots/install/ur_msgs/share/ur_msgs/hook/pythonpath.sh'
[12.022s] Level 1:colcon.colcon_core.environment:checking '/home/administrator/Masterproject2/20_ROS/src/Robots/install/ur_msgs/bin'
[12.023s] INFO:colcon.colcon_core.shell:Creating package script '/home/administrator/Masterproject2/20_ROS/src/Robots/install/ur_msgs/share/ur_msgs/package.ps1'
[12.024s] INFO:colcon.colcon_core.shell:Creating package descriptor '/home/administrator/Masterproject2/20_ROS/src/Robots/install/ur_msgs/share/ur_msgs/package.dsv'
[12.025s] INFO:colcon.colcon_core.shell:Creating package script '/home/administrator/Masterproject2/20_ROS/src/Robots/install/ur_msgs/share/ur_msgs/package.sh'
[12.025s] INFO:colcon.colcon_core.shell:Creating package script '/home/administrator/Masterproject2/20_ROS/src/Robots/install/ur_msgs/share/ur_msgs/package.bash'
[12.026s] INFO:colcon.colcon_core.shell:Creating package script '/home/administrator/Masterproject2/20_ROS/src/Robots/install/ur_msgs/share/ur_msgs/package.zsh'
[12.027s] Level 1:colcon.colcon_core.environment:create_file_with_runtime_dependencies(/home/administrator/Masterproject2/20_ROS/src/Robots/install/ur_msgs/share/colcon-core/packages/ur_msgs)
[12.027s] INFO:colcon.colcon_ros.task.ament_cmake.build:Building ROS package in '/home/administrator/Masterproject2/20_ROS/src/Robots/UR_Driver/ur_controllers' with build type 'ament_cmake'
[12.028s] INFO:colcon.colcon_cmake.task.cmake.build:Building CMake package in '/home/administrator/Masterproject2/20_ROS/src/Robots/UR_Driver/ur_controllers'
[12.029s] INFO:colcon.colcon_core.shell:Skip shell extension 'powershell' for command environment: Not usable outside of PowerShell
[12.029s] DEBUG:colcon.colcon_core.shell:Skip shell extension 'dsv' for command environment
[12.044s] DEBUG:colcon.colcon_core.event_handler.log_command:Invoking command in '/home/administrator/Masterproject2/20_ROS/src/Robots/build/ur_controllers': AMENT_PREFIX_PATH=/home/administrator/Masterproject2/20_ROS/src/Robots/install/ur_msgs:/home/administrator/Masterproject2/20_ROS/src/Robots/install/ur_dashboard_msgs:/home/administrator/Masterproject2/20_ROS/src/Robots/install/my_ur_msgs:${AMENT_PREFIX_PATH} CMAKE_PREFIX_PATH=/home/administrator/Masterproject2/20_ROS/src/Robots/install/ur_msgs:/home/administrator/Masterproject2/20_ROS/src/Robots/install/ur_dashboard_msgs:/home/administrator/Masterproject2/20_ROS/src/Robots/install/my_ur_msgs:/opt/ros/kilted/opt/sdformat_vendor:/opt/ros/kilted/opt/gz_math_vendor:/opt/ros/kilted/opt/gz_utils_vendor:/opt/ros/kilted/opt/gz_tools_vendor:/opt/ros/kilted/opt/gz_cmake_vendor:/opt/ros/kilted DEBUGINFOD_URLS=https://debuginfod.ubuntu.com LD_LIBRARY_PATH=/home/administrator/Masterproject2/20_ROS/src/Robots/install/ur_msgs/lib:/home/administrator/Masterproject2/20_ROS/src/Robots/install/ur_dashboard_msgs/lib:/home/administrator/Masterproject2/20_ROS/src/Robots/install/my_ur_msgs/lib:${LD_LIBRARY_PATH} PYTHONPATH=/home/administrator/Masterproject2/20_ROS/src/Robots/install/ur_msgs/lib/python3.12/site-packages:/home/administrator/Masterproject2/20_ROS/src/Robots/install/ur_dashboard_msgs/lib/python3.12/site-packages:/home/administrator/Masterproject2/20_ROS/src/Robots/install/my_ur_msgs/lib/python3.12/site-packages:${PYTHONPATH} /usr/bin/cmake /home/administrator/Masterproject2/20_ROS/src/Robots/UR_Driver/ur_controllers -DCMAKE_INSTALL_PREFIX=/home/administrator/Masterproject2/20_ROS/src/Robots/install/ur_controllers
[12.975s] DEBUG:colcon.colcon_core.event_handler.log_command:Invoked command in '/home/administrator/Masterproject2/20_ROS/src/Robots/build/ur_controllers' returned '0': AMENT_PREFIX_PATH=/home/administrator/Masterproject2/20_ROS/src/Robots/install/ur_msgs:/home/administrator/Masterproject2/20_ROS/src/Robots/install/ur_dashboard_msgs:/home/administrator/Masterproject2/20_ROS/src/Robots/install/my_ur_msgs:${AMENT_PREFIX_PATH} CMAKE_PREFIX_PATH=/home/administrator/Masterproject2/20_ROS/src/Robots/install/ur_msgs:/home/administrator/Masterproject2/20_ROS/src/Robots/install/ur_dashboard_msgs:/home/administrator/Masterproject2/20_ROS/src/Robots/install/my_ur_msgs:/opt/ros/kilted/opt/sdformat_vendor:/opt/ros/kilted/opt/gz_math_vendor:/opt/ros/kilted/opt/gz_utils_vendor:/opt/ros/kilted/opt/gz_tools_vendor:/opt/ros/kilted/opt/gz_cmake_vendor:/opt/ros/kilted DEBUGINFOD_URLS=https://debuginfod.ubuntu.com LD_LIBRARY_PATH=/home/administrator/Masterproject2/20_ROS/src/Robots/install/ur_msgs/lib:/home/administrator/Masterproject2/20_ROS/src/Robots/install/ur_dashboard_msgs/lib:/home/administrator/Masterproject2/20_ROS/src/Robots/install/my_ur_msgs/lib:${LD_LIBRARY_PATH} PYTHONPATH=/home/administrator/Masterproject2/20_ROS/src/Robots/install/ur_msgs/lib/python3.12/site-packages:/home/administrator/Masterproject2/20_ROS/src/Robots/install/ur_dashboard_msgs/lib/python3.12/site-packages:/home/administrator/Masterproject2/20_ROS/src/Robots/install/my_ur_msgs/lib/python3.12/site-packages:${PYTHONPATH} /usr/bin/cmake /home/administrator/Masterproject2/20_ROS/src/Robots/UR_Driver/ur_controllers -DCMAKE_INSTALL_PREFIX=/home/administrator/Masterproject2/20_ROS/src/Robots/install/ur_controllers
[12.976s] DEBUG:colcon.colcon_core.event_handler.log_command:Invoking command in '/home/administrator/Masterproject2/20_ROS/src/Robots/build/ur_controllers': AMENT_PREFIX_PATH=/home/administrator/Masterproject2/20_ROS/src/Robots/install/ur_msgs:/home/administrator/Masterproject2/20_ROS/src/Robots/install/ur_dashboard_msgs:/home/administrator/Masterproject2/20_ROS/src/Robots/install/my_ur_msgs:${AMENT_PREFIX_PATH} CMAKE_PREFIX_PATH=/home/administrator/Masterproject2/20_ROS/src/Robots/install/ur_msgs:/home/administrator/Masterproject2/20_ROS/src/Robots/install/ur_dashboard_msgs:/home/administrator/Masterproject2/20_ROS/src/Robots/install/my_ur_msgs:/opt/ros/kilted/opt/sdformat_vendor:/opt/ros/kilted/opt/gz_math_vendor:/opt/ros/kilted/opt/gz_utils_vendor:/opt/ros/kilted/opt/gz_tools_vendor:/opt/ros/kilted/opt/gz_cmake_vendor:/opt/ros/kilted DEBUGINFOD_URLS=https://debuginfod.ubuntu.com LD_LIBRARY_PATH=/home/administrator/Masterproject2/20_ROS/src/Robots/install/ur_msgs/lib:/home/administrator/Masterproject2/20_ROS/src/Robots/install/ur_dashboard_msgs/lib:/home/administrator/Masterproject2/20_ROS/src/Robots/install/my_ur_msgs/lib:${LD_LIBRARY_PATH} PYTHONPATH=/home/administrator/Masterproject2/20_ROS/src/Robots/install/ur_msgs/lib/python3.12/site-packages:/home/administrator/Masterproject2/20_ROS/src/Robots/install/ur_dashboard_msgs/lib/python3.12/site-packages:/home/administrator/Masterproject2/20_ROS/src/Robots/install/my_ur_msgs/lib/python3.12/site-packages:${PYTHONPATH} /usr/bin/cmake --build /home/administrator/Masterproject2/20_ROS/src/Robots/build/ur_controllers -- -j14 -l14
[23.255s] DEBUG:colcon.colcon_core.event_handler.log_command:Invoked command in '/home/administrator/Masterproject2/20_ROS/src/Robots/build/ur_controllers' returned '0': AMENT_PREFIX_PATH=/home/administrator/Masterproject2/20_ROS/src/Robots/install/ur_msgs:/home/administrator/Masterproject2/20_ROS/src/Robots/install/ur_dashboard_msgs:/home/administrator/Masterproject2/20_ROS/src/Robots/install/my_ur_msgs:${AMENT_PREFIX_PATH} CMAKE_PREFIX_PATH=/home/administrator/Masterproject2/20_ROS/src/Robots/install/ur_msgs:/home/administrator/Masterproject2/20_ROS/src/Robots/install/ur_dashboard_msgs:/home/administrator/Masterproject2/20_ROS/src/Robots/install/my_ur_msgs:/opt/ros/kilted/opt/sdformat_vendor:/opt/ros/kilted/opt/gz_math_vendor:/opt/ros/kilted/opt/gz_utils_vendor:/opt/ros/kilted/opt/gz_tools_vendor:/opt/ros/kilted/opt/gz_cmake_vendor:/opt/ros/kilted DEBUGINFOD_URLS=https://debuginfod.ubuntu.com LD_LIBRARY_PATH=/home/administrator/Masterproject2/20_ROS/src/Robots/install/ur_msgs/lib:/home/administrator/Masterproject2/20_ROS/src/Robots/install/ur_dashboard_msgs/lib:/home/administrator/Masterproject2/20_ROS/src/Robots/install/my_ur_msgs/lib:${LD_LIBRARY_PATH} PYTHONPATH=/home/administrator/Masterproject2/20_ROS/src/Robots/install/ur_msgs/lib/python3.12/site-packages:/home/administrator/Masterproject2/20_ROS/src/Robots/install/ur_dashboard_msgs/lib/python3.12/site-packages:/home/administrator/Masterproject2/20_ROS/src/Robots/install/my_ur_msgs/lib/python3.12/site-packages:${PYTHONPATH} /usr/bin/cmake --build /home/administrator/Masterproject2/20_ROS/src/Robots/build/ur_controllers -- -j14 -l14
[23.256s] DEBUG:colcon.colcon_core.event_handler.log_command:Invoking command in '/home/administrator/Masterproject2/20_ROS/src/Robots/build/ur_controllers': AMENT_PREFIX_PATH=/home/administrator/Masterproject2/20_ROS/src/Robots/install/ur_msgs:/home/administrator/Masterproject2/20_ROS/src/Robots/install/ur_dashboard_msgs:/home/administrator/Masterproject2/20_ROS/src/Robots/install/my_ur_msgs:${AMENT_PREFIX_PATH} CMAKE_PREFIX_PATH=/home/administrator/Masterproject2/20_ROS/src/Robots/install/ur_msgs:/home/administrator/Masterproject2/20_ROS/src/Robots/install/ur_dashboard_msgs:/home/administrator/Masterproject2/20_ROS/src/Robots/install/my_ur_msgs:/opt/ros/kilted/opt/sdformat_vendor:/opt/ros/kilted/opt/gz_math_vendor:/opt/ros/kilted/opt/gz_utils_vendor:/opt/ros/kilted/opt/gz_tools_vendor:/opt/ros/kilted/opt/gz_cmake_vendor:/opt/ros/kilted DEBUGINFOD_URLS=https://debuginfod.ubuntu.com LD_LIBRARY_PATH=/home/administrator/Masterproject2/20_ROS/src/Robots/install/ur_msgs/lib:/home/administrator/Masterproject2/20_ROS/src/Robots/install/ur_dashboard_msgs/lib:/home/administrator/Masterproject2/20_ROS/src/Robots/install/my_ur_msgs/lib:${LD_LIBRARY_PATH} PYTHONPATH=/home/administrator/Masterproject2/20_ROS/src/Robots/install/ur_msgs/lib/python3.12/site-packages:/home/administrator/Masterproject2/20_ROS/src/Robots/install/ur_dashboard_msgs/lib/python3.12/site-packages:/home/administrator/Masterproject2/20_ROS/src/Robots/install/my_ur_msgs/lib/python3.12/site-packages:${PYTHONPATH} /usr/bin/cmake --install /home/administrator/Masterproject2/20_ROS/src/Robots/build/ur_controllers
[23.274s] Level 1:colcon.colcon_core.environment:create_environment_scripts_only(ur_controllers)
[23.274s] Level 1:colcon.colcon_core.environment:checking '/home/administrator/Masterproject2/20_ROS/src/Robots/install/ur_controllers' for CMake module files
[23.280s] Level 1:colcon.colcon_core.environment:checking '/home/administrator/Masterproject2/20_ROS/src/Robots/install/ur_controllers' for CMake config files
[23.285s] DEBUG:colcon.colcon_core.event_handler.log_command:Invoked command in '/home/administrator/Masterproject2/20_ROS/src/Robots/build/ur_controllers' returned '0': AMENT_PREFIX_PATH=/home/administrator/Masterproject2/20_ROS/src/Robots/install/ur_msgs:/home/administrator/Masterproject2/20_ROS/src/Robots/install/ur_dashboard_msgs:/home/administrator/Masterproject2/20_ROS/src/Robots/install/my_ur_msgs:${AMENT_PREFIX_PATH} CMAKE_PREFIX_PATH=/home/administrator/Masterproject2/20_ROS/src/Robots/install/ur_msgs:/home/administrator/Masterproject2/20_ROS/src/Robots/install/ur_dashboard_msgs:/home/administrator/Masterproject2/20_ROS/src/Robots/install/my_ur_msgs:/opt/ros/kilted/opt/sdformat_vendor:/opt/ros/kilted/opt/gz_math_vendor:/opt/ros/kilted/opt/gz_utils_vendor:/opt/ros/kilted/opt/gz_tools_vendor:/opt/ros/kilted/opt/gz_cmake_vendor:/opt/ros/kilted DEBUGINFOD_URLS=https://debuginfod.ubuntu.com LD_LIBRARY_PATH=/home/administrator/Masterproject2/20_ROS/src/Robots/install/ur_msgs/lib:/home/administrator/Masterproject2/20_ROS/src/Robots/install/ur_dashboard_msgs/lib:/home/administrator/Masterproject2/20_ROS/src/Robots/install/my_ur_msgs/lib:${LD_LIBRARY_PATH} PYTHONPATH=/home/administrator/Masterproject2/20_ROS/src/Robots/install/ur_msgs/lib/python3.12/site-packages:/home/administrator/Masterproject2/20_ROS/src/Robots/install/ur_dashboard_msgs/lib/python3.12/site-packages:/home/administrator/Masterproject2/20_ROS/src/Robots/install/my_ur_msgs/lib/python3.12/site-packages:${PYTHONPATH} /usr/bin/cmake --install /home/administrator/Masterproject2/20_ROS/src/Robots/build/ur_controllers
[23.285s] Level 1:colcon.colcon_core.shell:create_environment_hook('ur_controllers', 'cmake_prefix_path')
[23.286s] INFO:colcon.colcon_core.shell:Creating environment hook '/home/administrator/Masterproject2/20_ROS/src/Robots/install/ur_controllers/share/ur_controllers/hook/cmake_prefix_path.ps1'
[23.286s] INFO:colcon.colcon_core.shell:Creating environment descriptor '/home/administrator/Masterproject2/20_ROS/src/Robots/install/ur_controllers/share/ur_controllers/hook/cmake_prefix_path.dsv'
[23.286s] INFO:colcon.colcon_core.shell:Creating environment hook '/home/administrator/Masterproject2/20_ROS/src/Robots/install/ur_controllers/share/ur_controllers/hook/cmake_prefix_path.sh'
[23.286s] Level 1:colcon.colcon_core.environment:checking '/home/administrator/Masterproject2/20_ROS/src/Robots/install/ur_controllers/lib'
[23.286s] Level 1:colcon.colcon_core.shell:create_environment_hook('ur_controllers', 'ld_library_path_lib')
[23.287s] INFO:colcon.colcon_core.shell:Creating environment hook '/home/administrator/Masterproject2/20_ROS/src/Robots/install/ur_controllers/share/ur_controllers/hook/ld_library_path_lib.ps1'
[23.287s] INFO:colcon.colcon_core.shell:Creating environment descriptor '/home/administrator/Masterproject2/20_ROS/src/Robots/install/ur_controllers/share/ur_controllers/hook/ld_library_path_lib.dsv'
[23.287s] INFO:colcon.colcon_core.shell:Creating environment hook '/home/administrator/Masterproject2/20_ROS/src/Robots/install/ur_controllers/share/ur_controllers/hook/ld_library_path_lib.sh'
[23.287s] Level 1:colcon.colcon_core.environment:checking '/home/administrator/Masterproject2/20_ROS/src/Robots/install/ur_controllers/bin'
[23.287s] Level 1:colcon.colcon_core.environment:checking '/home/administrator/Masterproject2/20_ROS/src/Robots/install/ur_controllers/lib/pkgconfig/ur_controllers.pc'
[23.287s] Level 1:colcon.colcon_core.environment:checking '/home/administrator/Masterproject2/20_ROS/src/Robots/install/ur_controllers/lib/python3.12/site-packages'
[23.287s] Level 1:colcon.colcon_core.environment:checking '/home/administrator/Masterproject2/20_ROS/src/Robots/install/ur_controllers/bin'
[23.287s] INFO:colcon.colcon_core.shell:Creating package script '/home/administrator/Masterproject2/20_ROS/src/Robots/install/ur_controllers/share/ur_controllers/package.ps1'
[23.288s] INFO:colcon.colcon_core.shell:Creating package descriptor '/home/administrator/Masterproject2/20_ROS/src/Robots/install/ur_controllers/share/ur_controllers/package.dsv'
[23.288s] INFO:colcon.colcon_core.shell:Creating package script '/home/administrator/Masterproject2/20_ROS/src/Robots/install/ur_controllers/share/ur_controllers/package.sh'
[23.288s] INFO:colcon.colcon_core.shell:Creating package script '/home/administrator/Masterproject2/20_ROS/src/Robots/install/ur_controllers/share/ur_controllers/package.bash'
[23.288s] INFO:colcon.colcon_core.shell:Creating package script '/home/administrator/Masterproject2/20_ROS/src/Robots/install/ur_controllers/share/ur_controllers/package.zsh'
[23.289s] Level 1:colcon.colcon_core.environment:create_file_with_runtime_dependencies(/home/administrator/Masterproject2/20_ROS/src/Robots/install/ur_controllers/share/colcon-core/packages/ur_controllers)
[23.289s] Level 1:colcon.colcon_core.environment:create_environment_scripts_only(ur_controllers)
[23.289s] Level 1:colcon.colcon_core.environment:checking '/home/administrator/Masterproject2/20_ROS/src/Robots/install/ur_controllers' for CMake module files
[23.289s] Level 1:colcon.colcon_core.environment:checking '/home/administrator/Masterproject2/20_ROS/src/Robots/install/ur_controllers' for CMake config files
[23.289s] Level 1:colcon.colcon_core.shell:create_environment_hook('ur_controllers', 'cmake_prefix_path')
[23.289s] INFO:colcon.colcon_core.shell:Creating environment hook '/home/administrator/Masterproject2/20_ROS/src/Robots/install/ur_controllers/share/ur_controllers/hook/cmake_prefix_path.ps1'
[23.290s] INFO:colcon.colcon_core.shell:Creating environment descriptor '/home/administrator/Masterproject2/20_ROS/src/Robots/install/ur_controllers/share/ur_controllers/hook/cmake_prefix_path.dsv'
[23.290s] INFO:colcon.colcon_core.shell:Creating environment hook '/home/administrator/Masterproject2/20_ROS/src/Robots/install/ur_controllers/share/ur_controllers/hook/cmake_prefix_path.sh'
[23.290s] Level 1:colcon.colcon_core.environment:checking '/home/administrator/Masterproject2/20_ROS/src/Robots/install/ur_controllers/lib'
[23.290s] Level 1:colcon.colcon_core.shell:create_environment_hook('ur_controllers', 'ld_library_path_lib')
[23.290s] INFO:colcon.colcon_core.shell:Creating environment hook '/home/administrator/Masterproject2/20_ROS/src/Robots/install/ur_controllers/share/ur_controllers/hook/ld_library_path_lib.ps1'
[23.290s] INFO:colcon.colcon_core.shell:Creating environment descriptor '/home/administrator/Masterproject2/20_ROS/src/Robots/install/ur_controllers/share/ur_controllers/hook/ld_library_path_lib.dsv'
[23.290s] INFO:colcon.colcon_core.shell:Creating environment hook '/home/administrator/Masterproject2/20_ROS/src/Robots/install/ur_controllers/share/ur_controllers/hook/ld_library_path_lib.sh'
[23.291s] Level 1:colcon.colcon_core.environment:checking '/home/administrator/Masterproject2/20_ROS/src/Robots/install/ur_controllers/bin'
[23.291s] Level 1:colcon.colcon_core.environment:checking '/home/administrator/Masterproject2/20_ROS/src/Robots/install/ur_controllers/lib/pkgconfig/ur_controllers.pc'
[23.291s] Level 1:colcon.colcon_core.environment:checking '/home/administrator/Masterproject2/20_ROS/src/Robots/install/ur_controllers/lib/python3.12/site-packages'
[23.291s] Level 1:colcon.colcon_core.environment:checking '/home/administrator/Masterproject2/20_ROS/src/Robots/install/ur_controllers/bin'
[23.291s] INFO:colcon.colcon_core.shell:Creating package script '/home/administrator/Masterproject2/20_ROS/src/Robots/install/ur_controllers/share/ur_controllers/package.ps1'
[23.291s] INFO:colcon.colcon_core.shell:Creating package descriptor '/home/administrator/Masterproject2/20_ROS/src/Robots/install/ur_controllers/share/ur_controllers/package.dsv'
[23.292s] INFO:colcon.colcon_core.shell:Creating package script '/home/administrator/Masterproject2/20_ROS/src/Robots/install/ur_controllers/share/ur_controllers/package.sh'
[23.292s] INFO:colcon.colcon_core.shell:Creating package script '/home/administrator/Masterproject2/20_ROS/src/Robots/install/ur_controllers/share/ur_controllers/package.bash'
[23.292s] INFO:colcon.colcon_core.shell:Creating package script '/home/administrator/Masterproject2/20_ROS/src/Robots/install/ur_controllers/share/ur_controllers/package.zsh'
[23.292s] Level 1:colcon.colcon_core.environment:create_file_with_runtime_dependencies(/home/administrator/Masterproject2/20_ROS/src/Robots/install/ur_controllers/share/colcon-core/packages/ur_controllers)
[23.293s] INFO:colcon.colcon_ros.task.ament_cmake.build:Building ROS package in '/home/administrator/Masterproject2/20_ROS/src/Robots/UR_Driver/ur_robot_driver' with build type 'ament_cmake'
[23.293s] INFO:colcon.colcon_cmake.task.cmake.build:Building CMake package in '/home/administrator/Masterproject2/20_ROS/src/Robots/UR_Driver/ur_robot_driver'
[23.293s] INFO:colcon.colcon_core.shell:Skip shell extension 'powershell' for command environment: Not usable outside of PowerShell
[23.293s] DEBUG:colcon.colcon_core.shell:Skip shell extension 'dsv' for command environment
[23.312s] DEBUG:colcon.colcon_core.event_handler.log_command:Invoking command in '/home/administrator/Masterproject2/20_ROS/src/Robots/build/ur_robot_driver': AMENT_PREFIX_PATH=/home/administrator/Masterproject2/20_ROS/src/Robots/install/ur_controllers:/home/administrator/Masterproject2/20_ROS/src/Robots/install/ur_msgs:/home/administrator/Masterproject2/20_ROS/src/Robots/install/ur_description:/home/administrator/Masterproject2/20_ROS/src/Robots/install/ur_dashboard_msgs:/home/administrator/Masterproject2/20_ROS/src/Robots/install/my_ur_msgs:${AMENT_PREFIX_PATH} CMAKE_PREFIX_PATH=/home/administrator/Masterproject2/20_ROS/src/Robots/install/ur_controllers:/home/administrator/Masterproject2/20_ROS/src/Robots/install/ur_msgs:/home/administrator/Masterproject2/20_ROS/src/Robots/install/ur_description:/home/administrator/Masterproject2/20_ROS/src/Robots/install/ur_dashboard_msgs:/home/administrator/Masterproject2/20_ROS/src/Robots/install/my_ur_msgs:/opt/ros/kilted/opt/sdformat_vendor:/opt/ros/kilted/opt/gz_math_vendor:/opt/ros/kilted/opt/gz_utils_vendor:/opt/ros/kilted/opt/gz_tools_vendor:/opt/ros/kilted/opt/gz_cmake_vendor:/opt/ros/kilted DEBUGINFOD_URLS=https://debuginfod.ubuntu.com LD_LIBRARY_PATH=/home/administrator/Masterproject2/20_ROS/src/Robots/install/ur_controllers/lib:/home/administrator/Masterproject2/20_ROS/src/Robots/install/ur_msgs/lib:/home/administrator/Masterproject2/20_ROS/src/Robots/install/ur_dashboard_msgs/lib:/home/administrator/Masterproject2/20_ROS/src/Robots/install/my_ur_msgs/lib:${LD_LIBRARY_PATH} PYTHONPATH=/home/administrator/Masterproject2/20_ROS/src/Robots/install/ur_msgs/lib/python3.12/site-packages:/home/administrator/Masterproject2/20_ROS/src/Robots/install/ur_dashboard_msgs/lib/python3.12/site-packages:/home/administrator/Masterproject2/20_ROS/src/Robots/install/my_ur_msgs/lib/python3.12/site-packages:${PYTHONPATH} /usr/bin/cmake /home/administrator/Masterproject2/20_ROS/src/Robots/UR_Driver/ur_robot_driver -DCMAKE_INSTALL_PREFIX=/home/administrator/Masterproject2/20_ROS/src/Robots/install/ur_robot_driver
[24.632s] DEBUG:colcon.colcon_core.event_handler.log_command:Invoked command in '/home/administrator/Masterproject2/20_ROS/src/Robots/build/ur_robot_driver' returned '0': AMENT_PREFIX_PATH=/home/administrator/Masterproject2/20_ROS/src/Robots/install/ur_controllers:/home/administrator/Masterproject2/20_ROS/src/Robots/install/ur_msgs:/home/administrator/Masterproject2/20_ROS/src/Robots/install/ur_description:/home/administrator/Masterproject2/20_ROS/src/Robots/install/ur_dashboard_msgs:/home/administrator/Masterproject2/20_ROS/src/Robots/install/my_ur_msgs:${AMENT_PREFIX_PATH} CMAKE_PREFIX_PATH=/home/administrator/Masterproject2/20_ROS/src/Robots/install/ur_controllers:/home/administrator/Masterproject2/20_ROS/src/Robots/install/ur_msgs:/home/administrator/Masterproject2/20_ROS/src/Robots/install/ur_description:/home/administrator/Masterproject2/20_ROS/src/Robots/install/ur_dashboard_msgs:/home/administrator/Masterproject2/20_ROS/src/Robots/install/my_ur_msgs:/opt/ros/kilted/opt/sdformat_vendor:/opt/ros/kilted/opt/gz_math_vendor:/opt/ros/kilted/opt/gz_utils_vendor:/opt/ros/kilted/opt/gz_tools_vendor:/opt/ros/kilted/opt/gz_cmake_vendor:/opt/ros/kilted DEBUGINFOD_URLS=https://debuginfod.ubuntu.com LD_LIBRARY_PATH=/home/administrator/Masterproject2/20_ROS/src/Robots/install/ur_controllers/lib:/home/administrator/Masterproject2/20_ROS/src/Robots/install/ur_msgs/lib:/home/administrator/Masterproject2/20_ROS/src/Robots/install/ur_dashboard_msgs/lib:/home/administrator/Masterproject2/20_ROS/src/Robots/install/my_ur_msgs/lib:${LD_LIBRARY_PATH} PYTHONPATH=/home/administrator/Masterproject2/20_ROS/src/Robots/install/ur_msgs/lib/python3.12/site-packages:/home/administrator/Masterproject2/20_ROS/src/Robots/install/ur_dashboard_msgs/lib/python3.12/site-packages:/home/administrator/Masterproject2/20_ROS/src/Robots/install/my_ur_msgs/lib/python3.12/site-packages:${PYTHONPATH} /usr/bin/cmake /home/administrator/Masterproject2/20_ROS/src/Robots/UR_Driver/ur_robot_driver -DCMAKE_INSTALL_PREFIX=/home/administrator/Masterproject2/20_ROS/src/Robots/install/ur_robot_driver
[24.635s] DEBUG:colcon.colcon_core.event_handler.log_command:Invoking command in '/home/administrator/Masterproject2/20_ROS/src/Robots/build/ur_robot_driver': AMENT_PREFIX_PATH=/home/administrator/Masterproject2/20_ROS/src/Robots/install/ur_controllers:/home/administrator/Masterproject2/20_ROS/src/Robots/install/ur_msgs:/home/administrator/Masterproject2/20_ROS/src/Robots/install/ur_description:/home/administrator/Masterproject2/20_ROS/src/Robots/install/ur_dashboard_msgs:/home/administrator/Masterproject2/20_ROS/src/Robots/install/my_ur_msgs:${AMENT_PREFIX_PATH} CMAKE_PREFIX_PATH=/home/administrator/Masterproject2/20_ROS/src/Robots/install/ur_controllers:/home/administrator/Masterproject2/20_ROS/src/Robots/install/ur_msgs:/home/administrator/Masterproject2/20_ROS/src/Robots/install/ur_description:/home/administrator/Masterproject2/20_ROS/src/Robots/install/ur_dashboard_msgs:/home/administrator/Masterproject2/20_ROS/src/Robots/install/my_ur_msgs:/opt/ros/kilted/opt/sdformat_vendor:/opt/ros/kilted/opt/gz_math_vendor:/opt/ros/kilted/opt/gz_utils_vendor:/opt/ros/kilted/opt/gz_tools_vendor:/opt/ros/kilted/opt/gz_cmake_vendor:/opt/ros/kilted DEBUGINFOD_URLS=https://debuginfod.ubuntu.com LD_LIBRARY_PATH=/home/administrator/Masterproject2/20_ROS/src/Robots/install/ur_controllers/lib:/home/administrator/Masterproject2/20_ROS/src/Robots/install/ur_msgs/lib:/home/administrator/Masterproject2/20_ROS/src/Robots/install/ur_dashboard_msgs/lib:/home/administrator/Masterproject2/20_ROS/src/Robots/install/my_ur_msgs/lib:${LD_LIBRARY_PATH} PYTHONPATH=/home/administrator/Masterproject2/20_ROS/src/Robots/install/ur_msgs/lib/python3.12/site-packages:/home/administrator/Masterproject2/20_ROS/src/Robots/install/ur_dashboard_msgs/lib/python3.12/site-packages:/home/administrator/Masterproject2/20_ROS/src/Robots/install/my_ur_msgs/lib/python3.12/site-packages:${PYTHONPATH} /usr/bin/cmake --build /home/administrator/Masterproject2/20_ROS/src/Robots/build/ur_robot_driver -- -j14 -l14
[50.773s] DEBUG:colcon.colcon_core.event_handler.log_command:Invoked command in '/home/administrator/Masterproject2/20_ROS/src/Robots/build/ur_robot_driver' returned '2': AMENT_PREFIX_PATH=/home/administrator/Masterproject2/20_ROS/src/Robots/install/ur_controllers:/home/administrator/Masterproject2/20_ROS/src/Robots/install/ur_msgs:/home/administrator/Masterproject2/20_ROS/src/Robots/install/ur_description:/home/administrator/Masterproject2/20_ROS/src/Robots/install/ur_dashboard_msgs:/home/administrator/Masterproject2/20_ROS/src/Robots/install/my_ur_msgs:${AMENT_PREFIX_PATH} CMAKE_PREFIX_PATH=/home/administrator/Masterproject2/20_ROS/src/Robots/install/ur_controllers:/home/administrator/Masterproject2/20_ROS/src/Robots/install/ur_msgs:/home/administrator/Masterproject2/20_ROS/src/Robots/install/ur_description:/home/administrator/Masterproject2/20_ROS/src/Robots/install/ur_dashboard_msgs:/home/administrator/Masterproject2/20_ROS/src/Robots/install/my_ur_msgs:/opt/ros/kilted/opt/sdformat_vendor:/opt/ros/kilted/opt/gz_math_vendor:/opt/ros/kilted/opt/gz_utils_vendor:/opt/ros/kilted/opt/gz_tools_vendor:/opt/ros/kilted/opt/gz_cmake_vendor:/opt/ros/kilted DEBUGINFOD_URLS=https://debuginfod.ubuntu.com LD_LIBRARY_PATH=/home/administrator/Masterproject2/20_ROS/src/Robots/install/ur_controllers/lib:/home/administrator/Masterproject2/20_ROS/src/Robots/install/ur_msgs/lib:/home/administrator/Masterproject2/20_ROS/src/Robots/install/ur_dashboard_msgs/lib:/home/administrator/Masterproject2/20_ROS/src/Robots/install/my_ur_msgs/lib:${LD_LIBRARY_PATH} PYTHONPATH=/home/administrator/Masterproject2/20_ROS/src/Robots/install/ur_msgs/lib/python3.12/site-packages:/home/administrator/Masterproject2/20_ROS/src/Robots/install/ur_dashboard_msgs/lib/python3.12/site-packages:/home/administrator/Masterproject2/20_ROS/src/Robots/install/my_ur_msgs/lib/python3.12/site-packages:${PYTHONPATH} /usr/bin/cmake --build /home/administrator/Masterproject2/20_ROS/src/Robots/build/ur_robot_driver -- -j14 -l14
[50.774s] Level 1:colcon.colcon_core.environment:create_environment_scripts_only(ur_robot_driver)
[50.774s] Level 1:colcon.colcon_core.environment:checking '/home/administrator/Masterproject2/20_ROS/src/Robots/install/ur_robot_driver' for CMake module files
[50.774s] Level 1:colcon.colcon_core.environment:checking '/home/administrator/Masterproject2/20_ROS/src/Robots/install/ur_robot_driver' for CMake config files
[50.774s] Level 1:colcon.colcon_core.environment:checking '/home/administrator/Masterproject2/20_ROS/src/Robots/install/ur_robot_driver/bin'
[50.774s] Level 1:colcon.colcon_core.environment:checking '/home/administrator/Masterproject2/20_ROS/src/Robots/install/ur_robot_driver/lib/pkgconfig/ur_robot_driver.pc'
[50.775s] Level 1:colcon.colcon_core.environment:checking '/home/administrator/Masterproject2/20_ROS/src/Robots/install/ur_robot_driver/lib/python3.12/site-packages'
[50.775s] Level 1:colcon.colcon_core.environment:checking '/home/administrator/Masterproject2/20_ROS/src/Robots/install/ur_robot_driver/bin'
[50.775s] INFO:colcon.colcon_core.shell:Creating package script '/home/administrator/Masterproject2/20_ROS/src/Robots/install/ur_robot_driver/share/ur_robot_driver/package.ps1'
[50.775s] INFO:colcon.colcon_core.shell:Creating package descriptor '/home/administrator/Masterproject2/20_ROS/src/Robots/install/ur_robot_driver/share/ur_robot_driver/package.dsv'
[50.775s] INFO:colcon.colcon_core.shell:Creating package script '/home/administrator/Masterproject2/20_ROS/src/Robots/install/ur_robot_driver/share/ur_robot_driver/package.sh'
[50.776s] INFO:colcon.colcon_core.shell:Creating package script '/home/administrator/Masterproject2/20_ROS/src/Robots/install/ur_robot_driver/share/ur_robot_driver/package.bash'
[50.776s] INFO:colcon.colcon_core.shell:Creating package script '/home/administrator/Masterproject2/20_ROS/src/Robots/install/ur_robot_driver/share/ur_robot_driver/package.zsh'
[50.776s] Level 1:colcon.colcon_core.environment:create_file_with_runtime_dependencies(/home/administrator/Masterproject2/20_ROS/src/Robots/install/ur_robot_driver/share/colcon-core/packages/ur_robot_driver)
[50.786s] DEBUG:colcon.colcon_parallel_executor.executor.parallel:closing loop
[50.787s] DEBUG:colcon.colcon_parallel_executor.executor.parallel:loop closed
[50.787s] DEBUG:colcon.colcon_parallel_executor.executor.parallel:run_until_complete finished with '2'
[50.787s] DEBUG:colcon.colcon_core.event_reactor:joining thread
[50.806s] INFO:colcon.colcon_core.plugin_system:Skipping extension 'colcon_notification.desktop_notification.terminal_notifier': Not used on non-Darwin systems
[50.806s] INFO:colcon.colcon_core.plugin_system:Skipping extension 'colcon_notification.desktop_notification.win32': Not used on non-Windows systems
[50.806s] INFO:colcon.colcon_notification.desktop_notification:Sending desktop notification using 'notify2'
[50.815s] DEBUG:colcon.colcon_core.event_reactor:joined thread
[50.815s] INFO:colcon.colcon_core.shell:Creating prefix script '/home/administrator/Masterproject2/20_ROS/src/Robots/install/local_setup.ps1'
[50.816s] INFO:colcon.colcon_core.shell:Creating prefix util module '/home/administrator/Masterproject2/20_ROS/src/Robots/install/_local_setup_util_ps1.py'
[50.817s] INFO:colcon.colcon_core.shell:Creating prefix chain script '/home/administrator/Masterproject2/20_ROS/src/Robots/install/setup.ps1'
[50.817s] INFO:colcon.colcon_core.shell:Creating prefix script '/home/administrator/Masterproject2/20_ROS/src/Robots/install/local_setup.sh'
[50.817s] INFO:colcon.colcon_core.shell:Creating prefix util module '/home/administrator/Masterproject2/20_ROS/src/Robots/install/_local_setup_util_sh.py'
[50.818s] INFO:colcon.colcon_core.shell:Creating prefix chain script '/home/administrator/Masterproject2/20_ROS/src/Robots/install/setup.sh'
[50.818s] INFO:colcon.colcon_core.shell:Creating prefix script '/home/administrator/Masterproject2/20_ROS/src/Robots/install/local_setup.bash'
[50.818s] INFO:colcon.colcon_core.shell:Creating prefix chain script '/home/administrator/Masterproject2/20_ROS/src/Robots/install/setup.bash'
[50.819s] INFO:colcon.colcon_core.shell:Creating prefix script '/home/administrator/Masterproject2/20_ROS/src/Robots/install/local_setup.zsh'
[50.819s] INFO:colcon.colcon_core.shell:Creating prefix chain script '/home/administrator/Masterproject2/20_ROS/src/Robots/install/setup.zsh'
