[0.171s] DEBUG:colcon:Command line arguments: ['/usr/bin/colcon', 'build', '--symlink-install']
[0.171s] DEBUG:colcon:Parsed command line arguments: Namespace(log_base=None, log_level=None, verb_name='build', build_base='build', install_base='install', merge_install=False, symlink_install=True, test_result_base=None, continue_on_error=False, executor='parallel', parallel_workers=14, event_handlers=None, ignore_user_meta=False, metas=['./colcon.meta'], base_paths=['.'], packages_ignore=None, packages_ignore_regex=None, paths=None, packages_up_to=None, packages_up_to_regex=None, packages_above=None, packages_above_and_dependencies=None, packages_above_depth=None, packages_select_by_dep=None, packages_skip_by_dep=None, packages_skip_up_to=None, packages_select_build_failed=False, packages_skip_build_finished=False, packages_select_test_failures=False, packages_skip_test_passed=False, packages_select=None, packages_skip=None, packages_select_regex=None, packages_skip_regex=None, packages_start=None, packages_end=None, allow_overriding=[], cmake_args=None, cmake_target=None, cmake_target_skip_unavailable=False, cmake_clean_cache=False, cmake_clean_first=False, cmake_force_configure=False, ament_cmake_args=None, catkin_cmake_args=None, catkin_skip_building_tests=False, mixin_files=None, mixin=None, verb_parser=<colcon_mixin.mixin.mixin_argument.MixinArgumentDecorator object at 0x79b1df856900>, verb_extension=<colcon_core.verb.build.BuildVerb object at 0x79b1df856690>, main=<bound method BuildVerb.main of <colcon_core.verb.build.BuildVerb object at 0x79b1df856690>>, mixin_verb=('build',))
[0.225s] Level 1:colcon.colcon_core.package_discovery:discover_packages(colcon_meta) check parameters
[0.225s] Level 1:colcon.colcon_core.package_discovery:discover_packages(recursive) check parameters
[0.225s] Level 1:colcon.colcon_core.package_discovery:discover_packages(ignore) check parameters
[0.225s] Level 1:colcon.colcon_core.package_discovery:discover_packages(path) check parameters
[0.225s] Level 1:colcon.colcon_core.package_discovery:discover_packages(colcon_meta) discover
[0.225s] Level 1:colcon.colcon_core.package_discovery:discover_packages(recursive) discover
[0.225s] INFO:colcon.colcon_core.package_discovery:Crawling recursively for packages in '/home/administrator/Masterproject2/20_ROS/src/Robots'
[0.226s] Level 1:colcon.colcon_core.package_identification:_identify(.) by extensions ['ignore', 'ignore_ament_install']
[0.226s] Level 1:colcon.colcon_core.package_identification:_identify(.) by extension 'ignore'
[0.226s] Level 1:colcon.colcon_core.package_identification:_identify(.) by extension 'ignore_ament_install'
[0.226s] Level 1:colcon.colcon_core.package_identification:_identify(.) by extensions ['colcon_pkg']
[0.226s] Level 1:colcon.colcon_core.package_identification:_identify(.) by extension 'colcon_pkg'
[0.226s] Level 1:colcon.colcon_core.package_identification:_identify(.) by extensions ['colcon_meta']
[0.226s] Level 1:colcon.colcon_core.package_identification:_identify(.) by extension 'colcon_meta'
[0.226s] Level 1:colcon.colcon_core.package_identification:_identify(.) by extensions ['ros']
[0.226s] Level 1:colcon.colcon_core.package_identification:_identify(.) by extension 'ros'
[0.250s] Level 1:colcon.colcon_core.package_identification:_identify(.) by extensions ['cmake', 'python']
[0.250s] Level 1:colcon.colcon_core.package_identification:_identify(.) by extension 'cmake'
[0.250s] Level 1:colcon.colcon_core.package_identification:_identify(.) by extension 'python'
[0.250s] Level 1:colcon.colcon_core.package_identification:_identify(.) by extensions ['python_setup_py']
[0.250s] Level 1:colcon.colcon_core.package_identification:_identify(.) by extension 'python_setup_py'
[0.251s] Level 1:colcon.colcon_core.package_identification:_identify(MIR) by extensions ['ignore', 'ignore_ament_install']
[0.251s] Level 1:colcon.colcon_core.package_identification:_identify(MIR) by extension 'ignore'
[0.251s] Level 1:colcon.colcon_core.package_identification:_identify(MIR) by extension 'ignore_ament_install'
[0.251s] Level 1:colcon.colcon_core.package_identification:_identify(MIR) by extensions ['colcon_pkg']
[0.251s] Level 1:colcon.colcon_core.package_identification:_identify(MIR) by extension 'colcon_pkg'
[0.251s] Level 1:colcon.colcon_core.package_identification:_identify(MIR) by extensions ['colcon_meta']
[0.251s] Level 1:colcon.colcon_core.package_identification:_identify(MIR) by extension 'colcon_meta'
[0.251s] Level 1:colcon.colcon_core.package_identification:_identify(MIR) by extensions ['ros']
[0.251s] Level 1:colcon.colcon_core.package_identification:_identify(MIR) by extension 'ros'
[0.251s] Level 1:colcon.colcon_core.package_identification:_identify(MIR) by extensions ['cmake', 'python']
[0.251s] Level 1:colcon.colcon_core.package_identification:_identify(MIR) by extension 'cmake'
[0.251s] Level 1:colcon.colcon_core.package_identification:_identify(MIR) by extension 'python'
[0.251s] Level 1:colcon.colcon_core.package_identification:_identify(MIR) by extensions ['python_setup_py']
[0.251s] Level 1:colcon.colcon_core.package_identification:_identify(MIR) by extension 'python_setup_py'
[0.251s] Level 1:colcon.colcon_core.package_identification:_identify(MIR/mir_actions) by extensions ['ignore', 'ignore_ament_install']
[0.251s] Level 1:colcon.colcon_core.package_identification:_identify(MIR/mir_actions) by extension 'ignore'
[0.251s] Level 1:colcon.colcon_core.package_identification:_identify(MIR/mir_actions) by extension 'ignore_ament_install'
[0.251s] Level 1:colcon.colcon_core.package_identification:_identify(MIR/mir_actions) by extensions ['colcon_pkg']
[0.251s] Level 1:colcon.colcon_core.package_identification:_identify(MIR/mir_actions) by extension 'colcon_pkg'
[0.251s] Level 1:colcon.colcon_core.package_identification:_identify(MIR/mir_actions) by extensions ['colcon_meta']
[0.251s] Level 1:colcon.colcon_core.package_identification:_identify(MIR/mir_actions) by extension 'colcon_meta'
[0.251s] Level 1:colcon.colcon_core.package_identification:_identify(MIR/mir_actions) by extensions ['ros']
[0.251s] Level 1:colcon.colcon_core.package_identification:_identify(MIR/mir_actions) by extension 'ros'
[0.255s] DEBUG:colcon.colcon_core.package_identification:Package 'MIR/mir_actions' with type 'ros.catkin' and name 'mir_actions'
[0.255s] Level 1:colcon.colcon_core.package_identification:_identify(MIR/mir_description) by extensions ['ignore', 'ignore_ament_install']
[0.255s] Level 1:colcon.colcon_core.package_identification:_identify(MIR/mir_description) by extension 'ignore'
[0.255s] Level 1:colcon.colcon_core.package_identification:_identify(MIR/mir_description) by extension 'ignore_ament_install'
[0.255s] Level 1:colcon.colcon_core.package_identification:_identify(MIR/mir_description) by extensions ['colcon_pkg']
[0.255s] Level 1:colcon.colcon_core.package_identification:_identify(MIR/mir_description) by extension 'colcon_pkg'
[0.255s] Level 1:colcon.colcon_core.package_identification:_identify(MIR/mir_description) by extensions ['colcon_meta']
[0.255s] Level 1:colcon.colcon_core.package_identification:_identify(MIR/mir_description) by extension 'colcon_meta'
[0.255s] Level 1:colcon.colcon_core.package_identification:_identify(MIR/mir_description) by extensions ['ros']
[0.255s] Level 1:colcon.colcon_core.package_identification:_identify(MIR/mir_description) by extension 'ros'
[0.256s] DEBUG:colcon.colcon_core.package_identification:Package 'MIR/mir_description' with type 'ros.catkin' and name 'mir_description'
[0.256s] Level 1:colcon.colcon_core.package_identification:_identify(MIR/mir_driver) by extensions ['ignore', 'ignore_ament_install']
[0.256s] Level 1:colcon.colcon_core.package_identification:_identify(MIR/mir_driver) by extension 'ignore'
[0.256s] Level 1:colcon.colcon_core.package_identification:_identify(MIR/mir_driver) by extension 'ignore_ament_install'
[0.256s] Level 1:colcon.colcon_core.package_identification:_identify(MIR/mir_driver) by extensions ['colcon_pkg']
[0.256s] Level 1:colcon.colcon_core.package_identification:_identify(MIR/mir_driver) by extension 'colcon_pkg'
[0.256s] Level 1:colcon.colcon_core.package_identification:_identify(MIR/mir_driver) by extensions ['colcon_meta']
[0.256s] Level 1:colcon.colcon_core.package_identification:_identify(MIR/mir_driver) by extension 'colcon_meta'
[0.256s] Level 1:colcon.colcon_core.package_identification:_identify(MIR/mir_driver) by extensions ['ros']
[0.256s] Level 1:colcon.colcon_core.package_identification:_identify(MIR/mir_driver) by extension 'ros'
[0.257s] DEBUG:colcon.colcon_core.package_identification:Package 'MIR/mir_driver' with type 'ros.catkin' and name 'mir_driver'
[0.257s] Level 1:colcon.colcon_core.package_identification:_identify(MIR/mir_dwb_critics) by extensions ['ignore', 'ignore_ament_install']
[0.257s] Level 1:colcon.colcon_core.package_identification:_identify(MIR/mir_dwb_critics) by extension 'ignore'
[0.257s] Level 1:colcon.colcon_core.package_identification:_identify(MIR/mir_dwb_critics) by extension 'ignore_ament_install'
[0.257s] Level 1:colcon.colcon_core.package_identification:_identify(MIR/mir_dwb_critics) by extensions ['colcon_pkg']
[0.257s] Level 1:colcon.colcon_core.package_identification:_identify(MIR/mir_dwb_critics) by extension 'colcon_pkg'
[0.257s] Level 1:colcon.colcon_core.package_identification:_identify(MIR/mir_dwb_critics) by extensions ['colcon_meta']
[0.257s] Level 1:colcon.colcon_core.package_identification:_identify(MIR/mir_dwb_critics) by extension 'colcon_meta'
[0.257s] Level 1:colcon.colcon_core.package_identification:_identify(MIR/mir_dwb_critics) by extensions ['ros']
[0.257s] Level 1:colcon.colcon_core.package_identification:_identify(MIR/mir_dwb_critics) by extension 'ros'
[0.258s] DEBUG:colcon.colcon_core.package_identification:Package 'MIR/mir_dwb_critics' with type 'ros.catkin' and name 'mir_dwb_critics'
[0.258s] Level 1:colcon.colcon_core.package_identification:_identify(MIR/mir_gazebo) by extensions ['ignore', 'ignore_ament_install']
[0.258s] Level 1:colcon.colcon_core.package_identification:_identify(MIR/mir_gazebo) by extension 'ignore'
[0.258s] Level 1:colcon.colcon_core.package_identification:_identify(MIR/mir_gazebo) by extension 'ignore_ament_install'
[0.258s] Level 1:colcon.colcon_core.package_identification:_identify(MIR/mir_gazebo) by extensions ['colcon_pkg']
[0.258s] Level 1:colcon.colcon_core.package_identification:_identify(MIR/mir_gazebo) by extension 'colcon_pkg'
[0.258s] Level 1:colcon.colcon_core.package_identification:_identify(MIR/mir_gazebo) by extensions ['colcon_meta']
[0.258s] Level 1:colcon.colcon_core.package_identification:_identify(MIR/mir_gazebo) by extension 'colcon_meta'
[0.258s] Level 1:colcon.colcon_core.package_identification:_identify(MIR/mir_gazebo) by extensions ['ros']
[0.258s] Level 1:colcon.colcon_core.package_identification:_identify(MIR/mir_gazebo) by extension 'ros'
[0.259s] DEBUG:colcon.colcon_core.package_identification:Package 'MIR/mir_gazebo' with type 'ros.catkin' and name 'mir_gazebo'
[0.259s] Level 1:colcon.colcon_core.package_identification:_identify(MIR/mir_msgs) by extensions ['ignore', 'ignore_ament_install']
[0.259s] Level 1:colcon.colcon_core.package_identification:_identify(MIR/mir_msgs) by extension 'ignore'
[0.259s] Level 1:colcon.colcon_core.package_identification:_identify(MIR/mir_msgs) by extension 'ignore_ament_install'
[0.259s] Level 1:colcon.colcon_core.package_identification:_identify(MIR/mir_msgs) by extensions ['colcon_pkg']
[0.259s] Level 1:colcon.colcon_core.package_identification:_identify(MIR/mir_msgs) by extension 'colcon_pkg'
[0.259s] Level 1:colcon.colcon_core.package_identification:_identify(MIR/mir_msgs) by extensions ['colcon_meta']
[0.259s] Level 1:colcon.colcon_core.package_identification:_identify(MIR/mir_msgs) by extension 'colcon_meta'
[0.259s] Level 1:colcon.colcon_core.package_identification:_identify(MIR/mir_msgs) by extensions ['ros']
[0.259s] Level 1:colcon.colcon_core.package_identification:_identify(MIR/mir_msgs) by extension 'ros'
[0.260s] DEBUG:colcon.colcon_core.package_identification:Package 'MIR/mir_msgs' with type 'ros.catkin' and name 'mir_msgs'
[0.260s] Level 1:colcon.colcon_core.package_identification:_identify(MIR/mir_navigation) by extensions ['ignore', 'ignore_ament_install']
[0.260s] Level 1:colcon.colcon_core.package_identification:_identify(MIR/mir_navigation) by extension 'ignore'
[0.260s] Level 1:colcon.colcon_core.package_identification:_identify(MIR/mir_navigation) by extension 'ignore_ament_install'
[0.260s] Level 1:colcon.colcon_core.package_identification:_identify(MIR/mir_navigation) by extensions ['colcon_pkg']
[0.260s] Level 1:colcon.colcon_core.package_identification:_identify(MIR/mir_navigation) by extension 'colcon_pkg'
[0.260s] Level 1:colcon.colcon_core.package_identification:_identify(MIR/mir_navigation) by extensions ['colcon_meta']
[0.260s] Level 1:colcon.colcon_core.package_identification:_identify(MIR/mir_navigation) by extension 'colcon_meta'
[0.260s] Level 1:colcon.colcon_core.package_identification:_identify(MIR/mir_navigation) by extensions ['ros']
[0.260s] Level 1:colcon.colcon_core.package_identification:_identify(MIR/mir_navigation) by extension 'ros'
[0.261s] DEBUG:colcon.colcon_core.package_identification:Package 'MIR/mir_navigation' with type 'ros.catkin' and name 'mir_navigation'
[0.261s] Level 1:colcon.colcon_core.package_identification:_identify(MIR/mir_robot) by extensions ['ignore', 'ignore_ament_install']
[0.261s] Level 1:colcon.colcon_core.package_identification:_identify(MIR/mir_robot) by extension 'ignore'
[0.261s] Level 1:colcon.colcon_core.package_identification:_identify(MIR/mir_robot) by extension 'ignore_ament_install'
[0.261s] Level 1:colcon.colcon_core.package_identification:_identify(MIR/mir_robot) by extensions ['colcon_pkg']
[0.261s] Level 1:colcon.colcon_core.package_identification:_identify(MIR/mir_robot) by extension 'colcon_pkg'
[0.261s] Level 1:colcon.colcon_core.package_identification:_identify(MIR/mir_robot) by extensions ['colcon_meta']
[0.261s] Level 1:colcon.colcon_core.package_identification:_identify(MIR/mir_robot) by extension 'colcon_meta'
[0.261s] Level 1:colcon.colcon_core.package_identification:_identify(MIR/mir_robot) by extensions ['ros']
[0.261s] Level 1:colcon.colcon_core.package_identification:_identify(MIR/mir_robot) by extension 'ros'
[0.261s] DEBUG:colcon.colcon_core.package_identification:Package 'MIR/mir_robot' with type 'ros.catkin' and name 'mir_robot'
[0.261s] Level 1:colcon.colcon_core.package_identification:_identify(MIR/sdc21x0) by extensions ['ignore', 'ignore_ament_install']
[0.261s] Level 1:colcon.colcon_core.package_identification:_identify(MIR/sdc21x0) by extension 'ignore'
[0.261s] Level 1:colcon.colcon_core.package_identification:_identify(MIR/sdc21x0) by extension 'ignore_ament_install'
[0.261s] Level 1:colcon.colcon_core.package_identification:_identify(MIR/sdc21x0) by extensions ['colcon_pkg']
[0.262s] Level 1:colcon.colcon_core.package_identification:_identify(MIR/sdc21x0) by extension 'colcon_pkg'
[0.262s] Level 1:colcon.colcon_core.package_identification:_identify(MIR/sdc21x0) by extensions ['colcon_meta']
[0.262s] Level 1:colcon.colcon_core.package_identification:_identify(MIR/sdc21x0) by extension 'colcon_meta'
[0.262s] Level 1:colcon.colcon_core.package_identification:_identify(MIR/sdc21x0) by extensions ['ros']
[0.262s] Level 1:colcon.colcon_core.package_identification:_identify(MIR/sdc21x0) by extension 'ros'
[0.262s] DEBUG:colcon.colcon_core.package_identification:Package 'MIR/sdc21x0' with type 'ros.catkin' and name 'sdc21x0'
[0.262s] Level 1:colcon.colcon_core.package_identification:_identify(Mecademic) by extensions ['ignore', 'ignore_ament_install']
[0.262s] Level 1:colcon.colcon_core.package_identification:_identify(Mecademic) by extension 'ignore'
[0.262s] Level 1:colcon.colcon_core.package_identification:_identify(Mecademic) by extension 'ignore_ament_install'
[0.262s] Level 1:colcon.colcon_core.package_identification:_identify(Mecademic) by extensions ['colcon_pkg']
[0.262s] Level 1:colcon.colcon_core.package_identification:_identify(Mecademic) by extension 'colcon_pkg'
[0.262s] Level 1:colcon.colcon_core.package_identification:_identify(Mecademic) by extensions ['colcon_meta']
[0.262s] Level 1:colcon.colcon_core.package_identification:_identify(Mecademic) by extension 'colcon_meta'
[0.262s] Level 1:colcon.colcon_core.package_identification:_identify(Mecademic) by extensions ['ros']
[0.262s] Level 1:colcon.colcon_core.package_identification:_identify(Mecademic) by extension 'ros'
[0.262s] Level 1:colcon.colcon_core.package_identification:_identify(Mecademic) by extensions ['cmake', 'python']
[0.262s] Level 1:colcon.colcon_core.package_identification:_identify(Mecademic) by extension 'cmake'
[0.262s] Level 1:colcon.colcon_core.package_identification:_identify(Mecademic) by extension 'python'
[0.262s] Level 1:colcon.colcon_core.package_identification:_identify(Mecademic) by extensions ['python_setup_py']
[0.262s] Level 1:colcon.colcon_core.package_identification:_identify(Mecademic) by extension 'python_setup_py'
[0.262s] Level 1:colcon.colcon_core.package_identification:_identify(Mecademic/meca500_bringup) by extensions ['ignore', 'ignore_ament_install']
[0.262s] Level 1:colcon.colcon_core.package_identification:_identify(Mecademic/meca500_bringup) by extension 'ignore'
[0.262s] Level 1:colcon.colcon_core.package_identification:_identify(Mecademic/meca500_bringup) by extension 'ignore_ament_install'
[0.262s] Level 1:colcon.colcon_core.package_identification:_identify(Mecademic/meca500_bringup) by extensions ['colcon_pkg']
[0.262s] Level 1:colcon.colcon_core.package_identification:_identify(Mecademic/meca500_bringup) by extension 'colcon_pkg'
[0.262s] Level 1:colcon.colcon_core.package_identification:_identify(Mecademic/meca500_bringup) by extensions ['colcon_meta']
[0.263s] Level 1:colcon.colcon_core.package_identification:_identify(Mecademic/meca500_bringup) by extension 'colcon_meta'
[0.263s] Level 1:colcon.colcon_core.package_identification:_identify(Mecademic/meca500_bringup) by extensions ['ros']
[0.263s] Level 1:colcon.colcon_core.package_identification:_identify(Mecademic/meca500_bringup) by extension 'ros'
[0.263s] DEBUG:colcon.colcon_core.package_identification:Package 'Mecademic/meca500_bringup' with type 'ros.ament_cmake' and name 'meca500_bringup'
[0.263s] Level 1:colcon.colcon_core.package_identification:_identify(Mecademic/meca500_description) by extensions ['ignore', 'ignore_ament_install']
[0.263s] Level 1:colcon.colcon_core.package_identification:_identify(Mecademic/meca500_description) by extension 'ignore'
[0.263s] Level 1:colcon.colcon_core.package_identification:_identify(Mecademic/meca500_description) by extension 'ignore_ament_install'
[0.263s] Level 1:colcon.colcon_core.package_identification:_identify(Mecademic/meca500_description) by extensions ['colcon_pkg']
[0.263s] Level 1:colcon.colcon_core.package_identification:_identify(Mecademic/meca500_description) by extension 'colcon_pkg'
[0.263s] Level 1:colcon.colcon_core.package_identification:_identify(Mecademic/meca500_description) by extensions ['colcon_meta']
[0.263s] Level 1:colcon.colcon_core.package_identification:_identify(Mecademic/meca500_description) by extension 'colcon_meta'
[0.263s] Level 1:colcon.colcon_core.package_identification:_identify(Mecademic/meca500_description) by extensions ['ros']
[0.263s] Level 1:colcon.colcon_core.package_identification:_identify(Mecademic/meca500_description) by extension 'ros'
[0.264s] DEBUG:colcon.colcon_core.package_identification:Package 'Mecademic/meca500_description' with type 'ros.ament_cmake' and name 'meca500_description'
[0.264s] Level 1:colcon.colcon_core.package_identification:_identify(Mecademic/meca500_hardware) by extensions ['ignore', 'ignore_ament_install']
[0.264s] Level 1:colcon.colcon_core.package_identification:_identify(Mecademic/meca500_hardware) by extension 'ignore'
[0.264s] Level 1:colcon.colcon_core.package_identification:_identify(Mecademic/meca500_hardware) by extension 'ignore_ament_install'
[0.264s] Level 1:colcon.colcon_core.package_identification:_identify(Mecademic/meca500_hardware) by extensions ['colcon_pkg']
[0.264s] Level 1:colcon.colcon_core.package_identification:_identify(Mecademic/meca500_hardware) by extension 'colcon_pkg'
[0.264s] Level 1:colcon.colcon_core.package_identification:_identify(Mecademic/meca500_hardware) by extensions ['colcon_meta']
[0.264s] Level 1:colcon.colcon_core.package_identification:_identify(Mecademic/meca500_hardware) by extension 'colcon_meta'
[0.264s] Level 1:colcon.colcon_core.package_identification:_identify(Mecademic/meca500_hardware) by extensions ['ros']
[0.264s] Level 1:colcon.colcon_core.package_identification:_identify(Mecademic/meca500_hardware) by extension 'ros'
[0.264s] DEBUG:colcon.colcon_core.package_identification:Package 'Mecademic/meca500_hardware' with type 'ros.ament_cmake' and name 'meca500_hardware'
[0.265s] Level 1:colcon.colcon_core.package_identification:_identify(Mecademic/meca500_moveit_config) by extensions ['ignore', 'ignore_ament_install']
[0.265s] Level 1:colcon.colcon_core.package_identification:_identify(Mecademic/meca500_moveit_config) by extension 'ignore'
[0.265s] Level 1:colcon.colcon_core.package_identification:_identify(Mecademic/meca500_moveit_config) by extension 'ignore_ament_install'
[0.265s] Level 1:colcon.colcon_core.package_identification:_identify(Mecademic/meca500_moveit_config) by extensions ['colcon_pkg']
[0.265s] Level 1:colcon.colcon_core.package_identification:_identify(Mecademic/meca500_moveit_config) by extension 'colcon_pkg'
[0.265s] Level 1:colcon.colcon_core.package_identification:_identify(Mecademic/meca500_moveit_config) by extensions ['colcon_meta']
[0.265s] Level 1:colcon.colcon_core.package_identification:_identify(Mecademic/meca500_moveit_config) by extension 'colcon_meta'
[0.265s] Level 1:colcon.colcon_core.package_identification:_identify(Mecademic/meca500_moveit_config) by extensions ['ros']
[0.265s] Level 1:colcon.colcon_core.package_identification:_identify(Mecademic/meca500_moveit_config) by extension 'ros'
[0.265s] DEBUG:colcon.colcon_core.package_identification:Package 'Mecademic/meca500_moveit_config' with type 'ros.ament_cmake' and name 'meca500_moveit_config'
[0.265s] Level 1:colcon.colcon_core.package_identification:_identify(Omron_AMR) by extensions ['ignore', 'ignore_ament_install']
[0.265s] Level 1:colcon.colcon_core.package_identification:_identify(Omron_AMR) by extension 'ignore'
[0.265s] Level 1:colcon.colcon_core.package_identification:_identify(Omron_AMR) by extension 'ignore_ament_install'
[0.265s] Level 1:colcon.colcon_core.package_identification:_identify(Omron_AMR) by extensions ['colcon_pkg']
[0.265s] Level 1:colcon.colcon_core.package_identification:_identify(Omron_AMR) by extension 'colcon_pkg'
[0.265s] Level 1:colcon.colcon_core.package_identification:_identify(Omron_AMR) by extensions ['colcon_meta']
[0.265s] Level 1:colcon.colcon_core.package_identification:_identify(Omron_AMR) by extension 'colcon_meta'
[0.265s] Level 1:colcon.colcon_core.package_identification:_identify(Omron_AMR) by extensions ['ros']
[0.265s] Level 1:colcon.colcon_core.package_identification:_identify(Omron_AMR) by extension 'ros'
[0.265s] Level 1:colcon.colcon_core.package_identification:_identify(Omron_AMR) by extensions ['cmake', 'python']
[0.265s] Level 1:colcon.colcon_core.package_identification:_identify(Omron_AMR) by extension 'cmake'
[0.265s] Level 1:colcon.colcon_core.package_identification:_identify(Omron_AMR) by extension 'python'
[0.265s] Level 1:colcon.colcon_core.package_identification:_identify(Omron_AMR) by extensions ['python_setup_py']
[0.265s] Level 1:colcon.colcon_core.package_identification:_identify(Omron_AMR) by extension 'python_setup_py'
[0.265s] Level 1:colcon.colcon_core.package_identification:_identify(Omron_AMR/docs) by extensions ['ignore', 'ignore_ament_install']
[0.265s] Level 1:colcon.colcon_core.package_identification:_identify(Omron_AMR/docs) by extension 'ignore'
[0.266s] Level 1:colcon.colcon_core.package_identification:_identify(Omron_AMR/docs) by extension 'ignore_ament_install'
[0.266s] Level 1:colcon.colcon_core.package_identification:_identify(Omron_AMR/docs) by extensions ['colcon_pkg']
[0.266s] Level 1:colcon.colcon_core.package_identification:_identify(Omron_AMR/docs) by extension 'colcon_pkg'
[0.266s] Level 1:colcon.colcon_core.package_identification:_identify(Omron_AMR/docs) by extensions ['colcon_meta']
[0.266s] Level 1:colcon.colcon_core.package_identification:_identify(Omron_AMR/docs) by extension 'colcon_meta'
[0.266s] Level 1:colcon.colcon_core.package_identification:_identify(Omron_AMR/docs) by extensions ['ros']
[0.266s] Level 1:colcon.colcon_core.package_identification:_identify(Omron_AMR/docs) by extension 'ros'
[0.266s] Level 1:colcon.colcon_core.package_identification:_identify(Omron_AMR/docs) by extensions ['cmake', 'python']
[0.266s] Level 1:colcon.colcon_core.package_identification:_identify(Omron_AMR/docs) by extension 'cmake'
[0.266s] Level 1:colcon.colcon_core.package_identification:_identify(Omron_AMR/docs) by extension 'python'
[0.266s] Level 1:colcon.colcon_core.package_identification:_identify(Omron_AMR/docs) by extensions ['python_setup_py']
[0.266s] Level 1:colcon.colcon_core.package_identification:_identify(Omron_AMR/docs) by extension 'python_setup_py'
[0.266s] Level 1:colcon.colcon_core.package_identification:_identify(Omron_AMR/docs/dg-images) by extensions ['ignore', 'ignore_ament_install']
[0.266s] Level 1:colcon.colcon_core.package_identification:_identify(Omron_AMR/docs/dg-images) by extension 'ignore'
[0.266s] Level 1:colcon.colcon_core.package_identification:_identify(Omron_AMR/docs/dg-images) by extension 'ignore_ament_install'
[0.266s] Level 1:colcon.colcon_core.package_identification:_identify(Omron_AMR/docs/dg-images) by extensions ['colcon_pkg']
[0.266s] Level 1:colcon.colcon_core.package_identification:_identify(Omron_AMR/docs/dg-images) by extension 'colcon_pkg'
[0.266s] Level 1:colcon.colcon_core.package_identification:_identify(Omron_AMR/docs/dg-images) by extensions ['colcon_meta']
[0.266s] Level 1:colcon.colcon_core.package_identification:_identify(Omron_AMR/docs/dg-images) by extension 'colcon_meta'
[0.266s] Level 1:colcon.colcon_core.package_identification:_identify(Omron_AMR/docs/dg-images) by extensions ['ros']
[0.266s] Level 1:colcon.colcon_core.package_identification:_identify(Omron_AMR/docs/dg-images) by extension 'ros'
[0.266s] Level 1:colcon.colcon_core.package_identification:_identify(Omron_AMR/docs/dg-images) by extensions ['cmake', 'python']
[0.266s] Level 1:colcon.colcon_core.package_identification:_identify(Omron_AMR/docs/dg-images) by extension 'cmake'
[0.266s] Level 1:colcon.colcon_core.package_identification:_identify(Omron_AMR/docs/dg-images) by extension 'python'
[0.266s] Level 1:colcon.colcon_core.package_identification:_identify(Omron_AMR/docs/dg-images) by extensions ['python_setup_py']
[0.266s] Level 1:colcon.colcon_core.package_identification:_identify(Omron_AMR/docs/dg-images) by extension 'python_setup_py'
[0.266s] Level 1:colcon.colcon_core.package_identification:_identify(Omron_AMR/src) by extensions ['ignore', 'ignore_ament_install']
[0.266s] Level 1:colcon.colcon_core.package_identification:_identify(Omron_AMR/src) by extension 'ignore'
[0.266s] Level 1:colcon.colcon_core.package_identification:_identify(Omron_AMR/src) by extension 'ignore_ament_install'
[0.266s] Level 1:colcon.colcon_core.package_identification:_identify(Omron_AMR/src) by extensions ['colcon_pkg']
[0.266s] Level 1:colcon.colcon_core.package_identification:_identify(Omron_AMR/src) by extension 'colcon_pkg'
[0.266s] Level 1:colcon.colcon_core.package_identification:_identify(Omron_AMR/src) by extensions ['colcon_meta']
[0.266s] Level 1:colcon.colcon_core.package_identification:_identify(Omron_AMR/src) by extension 'colcon_meta'
[0.266s] Level 1:colcon.colcon_core.package_identification:_identify(Omron_AMR/src) by extensions ['ros']
[0.266s] Level 1:colcon.colcon_core.package_identification:_identify(Omron_AMR/src) by extension 'ros'
[0.266s] Level 1:colcon.colcon_core.package_identification:_identify(Omron_AMR/src) by extensions ['cmake', 'python']
[0.266s] Level 1:colcon.colcon_core.package_identification:_identify(Omron_AMR/src) by extension 'cmake'
[0.266s] Level 1:colcon.colcon_core.package_identification:_identify(Omron_AMR/src) by extension 'python'
[0.266s] Level 1:colcon.colcon_core.package_identification:_identify(Omron_AMR/src) by extensions ['python_setup_py']
[0.266s] Level 1:colcon.colcon_core.package_identification:_identify(Omron_AMR/src) by extension 'python_setup_py'
[0.266s] Level 1:colcon.colcon_core.package_identification:_identify(Omron_AMR/src/amr_visualisation) by extensions ['ignore', 'ignore_ament_install']
[0.266s] Level 1:colcon.colcon_core.package_identification:_identify(Omron_AMR/src/amr_visualisation) by extension 'ignore'
[0.266s] Level 1:colcon.colcon_core.package_identification:_identify(Omron_AMR/src/amr_visualisation) by extension 'ignore_ament_install'
[0.267s] Level 1:colcon.colcon_core.package_identification:_identify(Omron_AMR/src/amr_visualisation) by extensions ['colcon_pkg']
[0.267s] Level 1:colcon.colcon_core.package_identification:_identify(Omron_AMR/src/amr_visualisation) by extension 'colcon_pkg'
[0.267s] Level 1:colcon.colcon_core.package_identification:_identify(Omron_AMR/src/amr_visualisation) by extensions ['colcon_meta']
[0.267s] Level 1:colcon.colcon_core.package_identification:_identify(Omron_AMR/src/amr_visualisation) by extension 'colcon_meta'
[0.267s] Level 1:colcon.colcon_core.package_identification:_identify(Omron_AMR/src/amr_visualisation) by extensions ['ros']
[0.267s] Level 1:colcon.colcon_core.package_identification:_identify(Omron_AMR/src/amr_visualisation) by extension 'ros'
[0.267s] DEBUG:colcon.colcon_core.package_identification:Package 'Omron_AMR/src/amr_visualisation' with type 'ros.ament_cmake' and name 'amr_visualisation'
[0.267s] Level 1:colcon.colcon_core.package_identification:_identify(Omron_AMR/src/demo) by extensions ['ignore', 'ignore_ament_install']
[0.267s] Level 1:colcon.colcon_core.package_identification:_identify(Omron_AMR/src/demo) by extension 'ignore'
[0.267s] Level 1:colcon.colcon_core.package_identification:_identify(Omron_AMR/src/demo) by extension 'ignore_ament_install'
[0.267s] Level 1:colcon.colcon_core.package_identification:_identify(Omron_AMR/src/demo) by extensions ['colcon_pkg']
[0.267s] Level 1:colcon.colcon_core.package_identification:_identify(Omron_AMR/src/demo) by extension 'colcon_pkg'
[0.267s] Level 1:colcon.colcon_core.package_identification:_identify(Omron_AMR/src/demo) by extensions ['colcon_meta']
[0.267s] Level 1:colcon.colcon_core.package_identification:_identify(Omron_AMR/src/demo) by extension 'colcon_meta'
[0.267s] Level 1:colcon.colcon_core.package_identification:_identify(Omron_AMR/src/demo) by extensions ['ros']
[0.267s] Level 1:colcon.colcon_core.package_identification:_identify(Omron_AMR/src/demo) by extension 'ros'
[0.268s] DEBUG:colcon.colcon_core.package_identification:Package 'Omron_AMR/src/demo' with type 'ros.ament_cmake' and name 'demo'
[0.268s] Level 1:colcon.colcon_core.package_identification:_identify(Omron_AMR/src/om_aiv_msg) by extensions ['ignore', 'ignore_ament_install']
[0.268s] Level 1:colcon.colcon_core.package_identification:_identify(Omron_AMR/src/om_aiv_msg) by extension 'ignore'
[0.268s] Level 1:colcon.colcon_core.package_identification:_identify(Omron_AMR/src/om_aiv_msg) by extension 'ignore_ament_install'
[0.268s] Level 1:colcon.colcon_core.package_identification:_identify(Omron_AMR/src/om_aiv_msg) by extensions ['colcon_pkg']
[0.268s] Level 1:colcon.colcon_core.package_identification:_identify(Omron_AMR/src/om_aiv_msg) by extension 'colcon_pkg'
[0.268s] Level 1:colcon.colcon_core.package_identification:_identify(Omron_AMR/src/om_aiv_msg) by extensions ['colcon_meta']
[0.268s] Level 1:colcon.colcon_core.package_identification:_identify(Omron_AMR/src/om_aiv_msg) by extension 'colcon_meta'
[0.268s] Level 1:colcon.colcon_core.package_identification:_identify(Omron_AMR/src/om_aiv_msg) by extensions ['ros']
[0.268s] Level 1:colcon.colcon_core.package_identification:_identify(Omron_AMR/src/om_aiv_msg) by extension 'ros'
[0.268s] DEBUG:colcon.colcon_core.package_identification:Package 'Omron_AMR/src/om_aiv_msg' with type 'ros.ament_cmake' and name 'om_aiv_msg'
[0.269s] Level 1:colcon.colcon_core.package_identification:_identify(Omron_AMR/src/om_aiv_navigation) by extensions ['ignore', 'ignore_ament_install']
[0.269s] Level 1:colcon.colcon_core.package_identification:_identify(Omron_AMR/src/om_aiv_navigation) by extension 'ignore'
[0.269s] Level 1:colcon.colcon_core.package_identification:_identify(Omron_AMR/src/om_aiv_navigation) by extension 'ignore_ament_install'
[0.269s] Level 1:colcon.colcon_core.package_identification:_identify(Omron_AMR/src/om_aiv_navigation) by extensions ['colcon_pkg']
[0.269s] Level 1:colcon.colcon_core.package_identification:_identify(Omron_AMR/src/om_aiv_navigation) by extension 'colcon_pkg'
[0.269s] Level 1:colcon.colcon_core.package_identification:_identify(Omron_AMR/src/om_aiv_navigation) by extensions ['colcon_meta']
[0.269s] Level 1:colcon.colcon_core.package_identification:_identify(Omron_AMR/src/om_aiv_navigation) by extension 'colcon_meta'
[0.269s] Level 1:colcon.colcon_core.package_identification:_identify(Omron_AMR/src/om_aiv_navigation) by extensions ['ros']
[0.269s] Level 1:colcon.colcon_core.package_identification:_identify(Omron_AMR/src/om_aiv_navigation) by extension 'ros'
[0.269s] DEBUG:colcon.colcon_core.package_identification:Package 'Omron_AMR/src/om_aiv_navigation' with type 'ros.ament_python' and name 'om_aiv_navigation'
[0.269s] Level 1:colcon.colcon_core.package_identification:_identify(Omron_AMR/src/om_aiv_util) by extensions ['ignore', 'ignore_ament_install']
[0.269s] Level 1:colcon.colcon_core.package_identification:_identify(Omron_AMR/src/om_aiv_util) by extension 'ignore'
[0.269s] Level 1:colcon.colcon_core.package_identification:_identify(Omron_AMR/src/om_aiv_util) by extension 'ignore_ament_install'
[0.269s] Level 1:colcon.colcon_core.package_identification:_identify(Omron_AMR/src/om_aiv_util) by extensions ['colcon_pkg']
[0.269s] Level 1:colcon.colcon_core.package_identification:_identify(Omron_AMR/src/om_aiv_util) by extension 'colcon_pkg'
[0.269s] Level 1:colcon.colcon_core.package_identification:_identify(Omron_AMR/src/om_aiv_util) by extensions ['colcon_meta']
[0.269s] Level 1:colcon.colcon_core.package_identification:_identify(Omron_AMR/src/om_aiv_util) by extension 'colcon_meta'
[0.269s] Level 1:colcon.colcon_core.package_identification:_identify(Omron_AMR/src/om_aiv_util) by extensions ['ros']
[0.269s] Level 1:colcon.colcon_core.package_identification:_identify(Omron_AMR/src/om_aiv_util) by extension 'ros'
[0.270s] DEBUG:colcon.colcon_core.package_identification:Package 'Omron_AMR/src/om_aiv_util' with type 'ros.ament_python' and name 'om_aiv_util'
[0.270s] Level 1:colcon.colcon_core.package_identification:_identify(UR_Driver) by extensions ['ignore', 'ignore_ament_install']
[0.270s] Level 1:colcon.colcon_core.package_identification:_identify(UR_Driver) by extension 'ignore'
[0.270s] Level 1:colcon.colcon_core.package_identification:_identify(UR_Driver) by extension 'ignore_ament_install'
[0.270s] Level 1:colcon.colcon_core.package_identification:_identify(UR_Driver) by extensions ['colcon_pkg']
[0.270s] Level 1:colcon.colcon_core.package_identification:_identify(UR_Driver) by extension 'colcon_pkg'
[0.270s] Level 1:colcon.colcon_core.package_identification:_identify(UR_Driver) by extensions ['colcon_meta']
[0.270s] Level 1:colcon.colcon_core.package_identification:_identify(UR_Driver) by extension 'colcon_meta'
[0.270s] Level 1:colcon.colcon_core.package_identification:_identify(UR_Driver) by extensions ['ros']
[0.270s] Level 1:colcon.colcon_core.package_identification:_identify(UR_Driver) by extension 'ros'
[0.270s] Level 1:colcon.colcon_core.package_identification:_identify(UR_Driver) by extensions ['cmake', 'python']
[0.270s] Level 1:colcon.colcon_core.package_identification:_identify(UR_Driver) by extension 'cmake'
[0.270s] Level 1:colcon.colcon_core.package_identification:_identify(UR_Driver) by extension 'python'
[0.270s] Level 1:colcon.colcon_core.package_identification:_identify(UR_Driver) by extensions ['python_setup_py']
[0.270s] Level 1:colcon.colcon_core.package_identification:_identify(UR_Driver) by extension 'python_setup_py'
[0.270s] Level 1:colcon.colcon_core.package_identification:_identify(UR_Driver/ur) by extensions ['ignore', 'ignore_ament_install']
[0.270s] Level 1:colcon.colcon_core.package_identification:_identify(UR_Driver/ur) by extension 'ignore'
[0.270s] Level 1:colcon.colcon_core.package_identification:_identify(UR_Driver/ur) by extension 'ignore_ament_install'
[0.270s] Level 1:colcon.colcon_core.package_identification:_identify(UR_Driver/ur) by extensions ['colcon_pkg']
[0.270s] Level 1:colcon.colcon_core.package_identification:_identify(UR_Driver/ur) by extension 'colcon_pkg'
[0.270s] Level 1:colcon.colcon_core.package_identification:_identify(UR_Driver/ur) by extensions ['colcon_meta']
[0.270s] Level 1:colcon.colcon_core.package_identification:_identify(UR_Driver/ur) by extension 'colcon_meta'
[0.270s] Level 1:colcon.colcon_core.package_identification:_identify(UR_Driver/ur) by extensions ['ros']
[0.271s] Level 1:colcon.colcon_core.package_identification:_identify(UR_Driver/ur) by extension 'ros'
[0.271s] DEBUG:colcon.colcon_core.package_identification:Package 'UR_Driver/ur' with type 'ros.ament_cmake' and name 'ur'
[0.271s] Level 1:colcon.colcon_core.package_identification:_identify(UR_Driver/ur_calibration) by extensions ['ignore', 'ignore_ament_install']
[0.271s] Level 1:colcon.colcon_core.package_identification:_identify(UR_Driver/ur_calibration) by extension 'ignore'
[0.271s] Level 1:colcon.colcon_core.package_identification:_identify(UR_Driver/ur_calibration) by extension 'ignore_ament_install'
[0.271s] Level 1:colcon.colcon_core.package_identification:_identify(UR_Driver/ur_calibration) by extensions ['colcon_pkg']
[0.271s] Level 1:colcon.colcon_core.package_identification:_identify(UR_Driver/ur_calibration) by extension 'colcon_pkg'
[0.271s] Level 1:colcon.colcon_core.package_identification:_identify(UR_Driver/ur_calibration) by extensions ['colcon_meta']
[0.271s] Level 1:colcon.colcon_core.package_identification:_identify(UR_Driver/ur_calibration) by extension 'colcon_meta'
[0.271s] Level 1:colcon.colcon_core.package_identification:_identify(UR_Driver/ur_calibration) by extensions ['ros']
[0.271s] Level 1:colcon.colcon_core.package_identification:_identify(UR_Driver/ur_calibration) by extension 'ros'
[0.272s] DEBUG:colcon.colcon_core.package_identification:Package 'UR_Driver/ur_calibration' with type 'ros.ament_cmake' and name 'ur_calibration'
[0.272s] Level 1:colcon.colcon_core.package_identification:_identify(UR_Driver/ur_controllers) by extensions ['ignore', 'ignore_ament_install']
[0.272s] Level 1:colcon.colcon_core.package_identification:_identify(UR_Driver/ur_controllers) by extension 'ignore'
[0.272s] Level 1:colcon.colcon_core.package_identification:_identify(UR_Driver/ur_controllers) by extension 'ignore_ament_install'
[0.272s] Level 1:colcon.colcon_core.package_identification:_identify(UR_Driver/ur_controllers) by extensions ['colcon_pkg']
[0.272s] Level 1:colcon.colcon_core.package_identification:_identify(UR_Driver/ur_controllers) by extension 'colcon_pkg'
[0.272s] Level 1:colcon.colcon_core.package_identification:_identify(UR_Driver/ur_controllers) by extensions ['colcon_meta']
[0.272s] Level 1:colcon.colcon_core.package_identification:_identify(UR_Driver/ur_controllers) by extension 'colcon_meta'
[0.272s] Level 1:colcon.colcon_core.package_identification:_identify(UR_Driver/ur_controllers) by extensions ['ros']
[0.272s] Level 1:colcon.colcon_core.package_identification:_identify(UR_Driver/ur_controllers) by extension 'ros'
[0.273s] DEBUG:colcon.colcon_core.package_identification:Package 'UR_Driver/ur_controllers' with type 'ros.ament_cmake' and name 'ur_controllers'
[0.273s] Level 1:colcon.colcon_core.package_identification:_identify(UR_Driver/ur_dashboard_msgs) by extensions ['ignore', 'ignore_ament_install']
[0.273s] Level 1:colcon.colcon_core.package_identification:_identify(UR_Driver/ur_dashboard_msgs) by extension 'ignore'
[0.273s] Level 1:colcon.colcon_core.package_identification:_identify(UR_Driver/ur_dashboard_msgs) by extension 'ignore_ament_install'
[0.273s] Level 1:colcon.colcon_core.package_identification:_identify(UR_Driver/ur_dashboard_msgs) by extensions ['colcon_pkg']
[0.273s] Level 1:colcon.colcon_core.package_identification:_identify(UR_Driver/ur_dashboard_msgs) by extension 'colcon_pkg'
[0.273s] Level 1:colcon.colcon_core.package_identification:_identify(UR_Driver/ur_dashboard_msgs) by extensions ['colcon_meta']
[0.273s] Level 1:colcon.colcon_core.package_identification:_identify(UR_Driver/ur_dashboard_msgs) by extension 'colcon_meta'
[0.273s] Level 1:colcon.colcon_core.package_identification:_identify(UR_Driver/ur_dashboard_msgs) by extensions ['ros']
[0.273s] Level 1:colcon.colcon_core.package_identification:_identify(UR_Driver/ur_dashboard_msgs) by extension 'ros'
[0.274s] DEBUG:colcon.colcon_core.package_identification:Package 'UR_Driver/ur_dashboard_msgs' with type 'ros.ament_cmake' and name 'ur_dashboard_msgs'
[0.274s] Level 1:colcon.colcon_core.package_identification:_identify(UR_Driver/ur_moveit_config) by extensions ['ignore', 'ignore_ament_install']
[0.274s] Level 1:colcon.colcon_core.package_identification:_identify(UR_Driver/ur_moveit_config) by extension 'ignore'
[0.274s] Level 1:colcon.colcon_core.package_identification:_identify(UR_Driver/ur_moveit_config) by extension 'ignore_ament_install'
[0.274s] Level 1:colcon.colcon_core.package_identification:_identify(UR_Driver/ur_moveit_config) by extensions ['colcon_pkg']
[0.274s] Level 1:colcon.colcon_core.package_identification:_identify(UR_Driver/ur_moveit_config) by extension 'colcon_pkg'
[0.274s] Level 1:colcon.colcon_core.package_identification:_identify(UR_Driver/ur_moveit_config) by extensions ['colcon_meta']
[0.274s] Level 1:colcon.colcon_core.package_identification:_identify(UR_Driver/ur_moveit_config) by extension 'colcon_meta'
[0.274s] Level 1:colcon.colcon_core.package_identification:_identify(UR_Driver/ur_moveit_config) by extensions ['ros']
[0.274s] Level 1:colcon.colcon_core.package_identification:_identify(UR_Driver/ur_moveit_config) by extension 'ros'
[0.274s] DEBUG:colcon.colcon_core.package_identification:Package 'UR_Driver/ur_moveit_config' with type 'ros.ament_cmake' and name 'ur_moveit_config'
[0.274s] Level 1:colcon.colcon_core.package_identification:_identify(UR_Driver/ur_robot_driver) by extensions ['ignore', 'ignore_ament_install']
[0.274s] Level 1:colcon.colcon_core.package_identification:_identify(UR_Driver/ur_robot_driver) by extension 'ignore'
[0.274s] Level 1:colcon.colcon_core.package_identification:_identify(UR_Driver/ur_robot_driver) by extension 'ignore_ament_install'
[0.274s] Level 1:colcon.colcon_core.package_identification:_identify(UR_Driver/ur_robot_driver) by extensions ['colcon_pkg']
[0.275s] Level 1:colcon.colcon_core.package_identification:_identify(UR_Driver/ur_robot_driver) by extension 'colcon_pkg'
[0.275s] Level 1:colcon.colcon_core.package_identification:_identify(UR_Driver/ur_robot_driver) by extensions ['colcon_meta']
[0.275s] Level 1:colcon.colcon_core.package_identification:_identify(UR_Driver/ur_robot_driver) by extension 'colcon_meta'
[0.275s] Level 1:colcon.colcon_core.package_identification:_identify(UR_Driver/ur_robot_driver) by extensions ['ros']
[0.275s] Level 1:colcon.colcon_core.package_identification:_identify(UR_Driver/ur_robot_driver) by extension 'ros'
[0.276s] DEBUG:colcon.colcon_core.package_identification:Package 'UR_Driver/ur_robot_driver' with type 'ros.ament_cmake' and name 'ur_robot_driver'
[0.276s] Level 1:colcon.colcon_core.package_identification:_identify(build) by extensions ['ignore', 'ignore_ament_install']
[0.276s] Level 1:colcon.colcon_core.package_identification:_identify(build) by extension 'ignore'
[0.276s] Level 1:colcon.colcon_core.package_identification:_identify(build) ignored
[0.276s] Level 1:colcon.colcon_core.package_identification:_identify(install) by extensions ['ignore', 'ignore_ament_install']
[0.276s] Level 1:colcon.colcon_core.package_identification:_identify(install) by extension 'ignore'
[0.276s] Level 1:colcon.colcon_core.package_identification:_identify(install) ignored
[0.276s] Level 1:colcon.colcon_core.package_identification:_identify(log) by extensions ['ignore', 'ignore_ament_install']
[0.276s] Level 1:colcon.colcon_core.package_identification:_identify(log) by extension 'ignore'
[0.276s] Level 1:colcon.colcon_core.package_identification:_identify(log) ignored
[0.276s] Level 1:colcon.colcon_core.package_discovery:discover_packages(recursive) using defaults
[0.276s] Level 1:colcon.colcon_core.package_discovery:discover_packages(ignore) discover
[0.276s] Level 1:colcon.colcon_core.package_discovery:discover_packages(ignore) using defaults
[0.276s] Level 1:colcon.colcon_core.package_discovery:discover_packages(path) discover
[0.276s] Level 1:colcon.colcon_core.package_discovery:discover_packages(path) using defaults
[0.300s] Level 1:colcon.colcon_core.package_discovery:discover_packages(prefix_path) check parameters
[0.300s] Level 1:colcon.colcon_core.package_discovery:discover_packages(prefix_path) discover
[0.302s] Level 1:colcon.colcon_core.package_discovery:discover_packages(prefix_path) using defaults
[0.303s] Level 5:colcon.colcon_core.verb:set package 'meca500_description' build argument 'cmake_args' from command line to 'None'
[0.303s] Level 5:colcon.colcon_core.verb:set package 'meca500_description' build argument 'cmake_target' from command line to 'None'
[0.303s] Level 5:colcon.colcon_core.verb:set package 'meca500_description' build argument 'cmake_target_skip_unavailable' from command line to 'False'
[0.303s] Level 5:colcon.colcon_core.verb:set package 'meca500_description' build argument 'cmake_clean_cache' from command line to 'False'
[0.303s] Level 5:colcon.colcon_core.verb:set package 'meca500_description' build argument 'cmake_clean_first' from command line to 'False'
[0.303s] Level 5:colcon.colcon_core.verb:set package 'meca500_description' build argument 'cmake_force_configure' from command line to 'False'
[0.303s] Level 5:colcon.colcon_core.verb:set package 'meca500_description' build argument 'ament_cmake_args' from command line to 'None'
[0.303s] Level 5:colcon.colcon_core.verb:set package 'meca500_description' build argument 'catkin_cmake_args' from command line to 'None'
[0.303s] Level 5:colcon.colcon_core.verb:set package 'meca500_description' build argument 'catkin_skip_building_tests' from command line to 'False'
[0.303s] DEBUG:colcon.colcon_core.verb:Building package 'meca500_description' with the following arguments: {'ament_cmake_args': None, 'build_base': '/home/administrator/Masterproject2/20_ROS/src/Robots/build/meca500_description', 'catkin_cmake_args': None, 'catkin_skip_building_tests': False, 'cmake_args': None, 'cmake_clean_cache': False, 'cmake_clean_first': False, 'cmake_force_configure': False, 'cmake_target': None, 'cmake_target_skip_unavailable': False, 'install_base': '/home/administrator/Masterproject2/20_ROS/src/Robots/install/meca500_description', 'merge_install': False, 'path': '/home/administrator/Masterproject2/20_ROS/src/Robots/Mecademic/meca500_description', 'symlink_install': True, 'test_result_base': None}
[0.304s] Level 5:colcon.colcon_core.verb:set package 'meca500_hardware' build argument 'cmake_args' from command line to 'None'
[0.304s] Level 5:colcon.colcon_core.verb:set package 'meca500_hardware' build argument 'cmake_target' from command line to 'None'
[0.304s] Level 5:colcon.colcon_core.verb:set package 'meca500_hardware' build argument 'cmake_target_skip_unavailable' from command line to 'False'
[0.304s] Level 5:colcon.colcon_core.verb:set package 'meca500_hardware' build argument 'cmake_clean_cache' from command line to 'False'
[0.304s] Level 5:colcon.colcon_core.verb:set package 'meca500_hardware' build argument 'cmake_clean_first' from command line to 'False'
[0.304s] Level 5:colcon.colcon_core.verb:set package 'meca500_hardware' build argument 'cmake_force_configure' from command line to 'False'
[0.304s] Level 5:colcon.colcon_core.verb:set package 'meca500_hardware' build argument 'ament_cmake_args' from command line to 'None'
[0.304s] Level 5:colcon.colcon_core.verb:set package 'meca500_hardware' build argument 'catkin_cmake_args' from command line to 'None'
[0.304s] Level 5:colcon.colcon_core.verb:set package 'meca500_hardware' build argument 'catkin_skip_building_tests' from command line to 'False'
[0.304s] DEBUG:colcon.colcon_core.verb:Building package 'meca500_hardware' with the following arguments: {'ament_cmake_args': None, 'build_base': '/home/administrator/Masterproject2/20_ROS/src/Robots/build/meca500_hardware', 'catkin_cmake_args': None, 'catkin_skip_building_tests': False, 'cmake_args': None, 'cmake_clean_cache': False, 'cmake_clean_first': False, 'cmake_force_configure': False, 'cmake_target': None, 'cmake_target_skip_unavailable': False, 'install_base': '/home/administrator/Masterproject2/20_ROS/src/Robots/install/meca500_hardware', 'merge_install': False, 'path': '/home/administrator/Masterproject2/20_ROS/src/Robots/Mecademic/meca500_hardware', 'symlink_install': True, 'test_result_base': None}
[0.304s] Level 5:colcon.colcon_core.verb:set package 'meca500_moveit_config' build argument 'cmake_args' from command line to 'None'
[0.304s] Level 5:colcon.colcon_core.verb:set package 'meca500_moveit_config' build argument 'cmake_target' from command line to 'None'
[0.304s] Level 5:colcon.colcon_core.verb:set package 'meca500_moveit_config' build argument 'cmake_target_skip_unavailable' from command line to 'False'
[0.304s] Level 5:colcon.colcon_core.verb:set package 'meca500_moveit_config' build argument 'cmake_clean_cache' from command line to 'False'
[0.304s] Level 5:colcon.colcon_core.verb:set package 'meca500_moveit_config' build argument 'cmake_clean_first' from command line to 'False'
[0.304s] Level 5:colcon.colcon_core.verb:set package 'meca500_moveit_config' build argument 'cmake_force_configure' from command line to 'False'
[0.304s] Level 5:colcon.colcon_core.verb:set package 'meca500_moveit_config' build argument 'ament_cmake_args' from command line to 'None'
[0.304s] Level 5:colcon.colcon_core.verb:set package 'meca500_moveit_config' build argument 'catkin_cmake_args' from command line to 'None'
[0.304s] Level 5:colcon.colcon_core.verb:set package 'meca500_moveit_config' build argument 'catkin_skip_building_tests' from command line to 'False'
[0.304s] DEBUG:colcon.colcon_core.verb:Building package 'meca500_moveit_config' with the following arguments: {'ament_cmake_args': None, 'build_base': '/home/administrator/Masterproject2/20_ROS/src/Robots/build/meca500_moveit_config', 'catkin_cmake_args': None, 'catkin_skip_building_tests': False, 'cmake_args': None, 'cmake_clean_cache': False, 'cmake_clean_first': False, 'cmake_force_configure': False, 'cmake_target': None, 'cmake_target_skip_unavailable': False, 'install_base': '/home/administrator/Masterproject2/20_ROS/src/Robots/install/meca500_moveit_config', 'merge_install': False, 'path': '/home/administrator/Masterproject2/20_ROS/src/Robots/Mecademic/meca500_moveit_config', 'symlink_install': True, 'test_result_base': None}
[0.304s] Level 5:colcon.colcon_core.verb:set package 'mir_description' build argument 'cmake_args' from command line to 'None'
[0.304s] Level 5:colcon.colcon_core.verb:set package 'mir_description' build argument 'cmake_target' from command line to 'None'
[0.304s] Level 5:colcon.colcon_core.verb:set package 'mir_description' build argument 'cmake_target_skip_unavailable' from command line to 'False'
[0.304s] Level 5:colcon.colcon_core.verb:set package 'mir_description' build argument 'cmake_clean_cache' from command line to 'False'
[0.304s] Level 5:colcon.colcon_core.verb:set package 'mir_description' build argument 'cmake_clean_first' from command line to 'False'
[0.304s] Level 5:colcon.colcon_core.verb:set package 'mir_description' build argument 'cmake_force_configure' from command line to 'False'
[0.304s] Level 5:colcon.colcon_core.verb:set package 'mir_description' build argument 'ament_cmake_args' from command line to 'None'
[0.304s] Level 5:colcon.colcon_core.verb:set package 'mir_description' build argument 'catkin_cmake_args' from command line to 'None'
[0.304s] Level 5:colcon.colcon_core.verb:set package 'mir_description' build argument 'catkin_skip_building_tests' from command line to 'False'
[0.304s] DEBUG:colcon.colcon_core.verb:Building package 'mir_description' with the following arguments: {'ament_cmake_args': None, 'build_base': '/home/administrator/Masterproject2/20_ROS/src/Robots/build/mir_description', 'catkin_cmake_args': None, 'catkin_skip_building_tests': False, 'cmake_args': None, 'cmake_clean_cache': False, 'cmake_clean_first': False, 'cmake_force_configure': False, 'cmake_target': None, 'cmake_target_skip_unavailable': False, 'install_base': '/home/administrator/Masterproject2/20_ROS/src/Robots/install/mir_description', 'merge_install': False, 'path': '/home/administrator/Masterproject2/20_ROS/src/Robots/MIR/mir_description', 'symlink_install': True, 'test_result_base': None}
[0.304s] Level 5:colcon.colcon_core.verb:set package 'mir_dwb_critics' build argument 'cmake_args' from command line to 'None'
[0.304s] Level 5:colcon.colcon_core.verb:set package 'mir_dwb_critics' build argument 'cmake_target' from command line to 'None'
[0.304s] Level 5:colcon.colcon_core.verb:set package 'mir_dwb_critics' build argument 'cmake_target_skip_unavailable' from command line to 'False'
[0.304s] Level 5:colcon.colcon_core.verb:set package 'mir_dwb_critics' build argument 'cmake_clean_cache' from command line to 'False'
[0.304s] Level 5:colcon.colcon_core.verb:set package 'mir_dwb_critics' build argument 'cmake_clean_first' from command line to 'False'
[0.304s] Level 5:colcon.colcon_core.verb:set package 'mir_dwb_critics' build argument 'cmake_force_configure' from command line to 'False'
[0.304s] Level 5:colcon.colcon_core.verb:set package 'mir_dwb_critics' build argument 'ament_cmake_args' from command line to 'None'
[0.304s] Level 5:colcon.colcon_core.verb:set package 'mir_dwb_critics' build argument 'catkin_cmake_args' from command line to 'None'
[0.304s] Level 5:colcon.colcon_core.verb:set package 'mir_dwb_critics' build argument 'catkin_skip_building_tests' from command line to 'False'
[0.304s] DEBUG:colcon.colcon_core.verb:Building package 'mir_dwb_critics' with the following arguments: {'ament_cmake_args': None, 'build_base': '/home/administrator/Masterproject2/20_ROS/src/Robots/build/mir_dwb_critics', 'catkin_cmake_args': None, 'catkin_skip_building_tests': False, 'cmake_args': None, 'cmake_clean_cache': False, 'cmake_clean_first': False, 'cmake_force_configure': False, 'cmake_target': None, 'cmake_target_skip_unavailable': False, 'install_base': '/home/administrator/Masterproject2/20_ROS/src/Robots/install/mir_dwb_critics', 'merge_install': False, 'path': '/home/administrator/Masterproject2/20_ROS/src/Robots/MIR/mir_dwb_critics', 'symlink_install': True, 'test_result_base': None}
[0.305s] Level 5:colcon.colcon_core.verb:set package 'mir_msgs' build argument 'cmake_args' from command line to 'None'
[0.305s] Level 5:colcon.colcon_core.verb:set package 'mir_msgs' build argument 'cmake_target' from command line to 'None'
[0.305s] Level 5:colcon.colcon_core.verb:set package 'mir_msgs' build argument 'cmake_target_skip_unavailable' from command line to 'False'
[0.305s] Level 5:colcon.colcon_core.verb:set package 'mir_msgs' build argument 'cmake_clean_cache' from command line to 'False'
[0.305s] Level 5:colcon.colcon_core.verb:set package 'mir_msgs' build argument 'cmake_clean_first' from command line to 'False'
[0.305s] Level 5:colcon.colcon_core.verb:set package 'mir_msgs' build argument 'cmake_force_configure' from command line to 'False'
[0.305s] Level 5:colcon.colcon_core.verb:set package 'mir_msgs' build argument 'ament_cmake_args' from command line to 'None'
[0.305s] Level 5:colcon.colcon_core.verb:set package 'mir_msgs' build argument 'catkin_cmake_args' from command line to 'None'
[0.305s] Level 5:colcon.colcon_core.verb:set package 'mir_msgs' build argument 'catkin_skip_building_tests' from command line to 'False'
[0.305s] DEBUG:colcon.colcon_core.verb:Building package 'mir_msgs' with the following arguments: {'ament_cmake_args': None, 'build_base': '/home/administrator/Masterproject2/20_ROS/src/Robots/build/mir_msgs', 'catkin_cmake_args': None, 'catkin_skip_building_tests': False, 'cmake_args': None, 'cmake_clean_cache': False, 'cmake_clean_first': False, 'cmake_force_configure': False, 'cmake_target': None, 'cmake_target_skip_unavailable': False, 'install_base': '/home/administrator/Masterproject2/20_ROS/src/Robots/install/mir_msgs', 'merge_install': False, 'path': '/home/administrator/Masterproject2/20_ROS/src/Robots/MIR/mir_msgs', 'symlink_install': True, 'test_result_base': None}
[0.305s] Level 5:colcon.colcon_core.verb:set package 'om_aiv_msg' build argument 'cmake_args' from command line to 'None'
[0.305s] Level 5:colcon.colcon_core.verb:set package 'om_aiv_msg' build argument 'cmake_target' from command line to 'None'
[0.305s] Level 5:colcon.colcon_core.verb:set package 'om_aiv_msg' build argument 'cmake_target_skip_unavailable' from command line to 'False'
[0.305s] Level 5:colcon.colcon_core.verb:set package 'om_aiv_msg' build argument 'cmake_clean_cache' from command line to 'False'
[0.305s] Level 5:colcon.colcon_core.verb:set package 'om_aiv_msg' build argument 'cmake_clean_first' from command line to 'False'
[0.305s] Level 5:colcon.colcon_core.verb:set package 'om_aiv_msg' build argument 'cmake_force_configure' from command line to 'False'
[0.305s] Level 5:colcon.colcon_core.verb:set package 'om_aiv_msg' build argument 'ament_cmake_args' from command line to 'None'
[0.305s] Level 5:colcon.colcon_core.verb:set package 'om_aiv_msg' build argument 'catkin_cmake_args' from command line to 'None'
[0.305s] Level 5:colcon.colcon_core.verb:set package 'om_aiv_msg' build argument 'catkin_skip_building_tests' from command line to 'False'
[0.305s] DEBUG:colcon.colcon_core.verb:Building package 'om_aiv_msg' with the following arguments: {'ament_cmake_args': None, 'build_base': '/home/administrator/Masterproject2/20_ROS/src/Robots/build/om_aiv_msg', 'catkin_cmake_args': None, 'catkin_skip_building_tests': False, 'cmake_args': None, 'cmake_clean_cache': False, 'cmake_clean_first': False, 'cmake_force_configure': False, 'cmake_target': None, 'cmake_target_skip_unavailable': False, 'install_base': '/home/administrator/Masterproject2/20_ROS/src/Robots/install/om_aiv_msg', 'merge_install': False, 'path': '/home/administrator/Masterproject2/20_ROS/src/Robots/Omron_AMR/src/om_aiv_msg', 'symlink_install': True, 'test_result_base': None}
[0.305s] Level 5:colcon.colcon_core.verb:set package 'om_aiv_navigation' build argument 'cmake_args' from command line to 'None'
[0.305s] Level 5:colcon.colcon_core.verb:set package 'om_aiv_navigation' build argument 'cmake_target' from command line to 'None'
[0.305s] Level 5:colcon.colcon_core.verb:set package 'om_aiv_navigation' build argument 'cmake_target_skip_unavailable' from command line to 'False'
[0.305s] Level 5:colcon.colcon_core.verb:set package 'om_aiv_navigation' build argument 'cmake_clean_cache' from command line to 'False'
[0.305s] Level 5:colcon.colcon_core.verb:set package 'om_aiv_navigation' build argument 'cmake_clean_first' from command line to 'False'
[0.305s] Level 5:colcon.colcon_core.verb:set package 'om_aiv_navigation' build argument 'cmake_force_configure' from command line to 'False'
[0.305s] Level 5:colcon.colcon_core.verb:set package 'om_aiv_navigation' build argument 'ament_cmake_args' from command line to 'None'
[0.305s] Level 5:colcon.colcon_core.verb:set package 'om_aiv_navigation' build argument 'catkin_cmake_args' from command line to 'None'
[0.305s] Level 5:colcon.colcon_core.verb:set package 'om_aiv_navigation' build argument 'catkin_skip_building_tests' from command line to 'False'
[0.305s] DEBUG:colcon.colcon_core.verb:Building package 'om_aiv_navigation' with the following arguments: {'ament_cmake_args': None, 'build_base': '/home/administrator/Masterproject2/20_ROS/src/Robots/build/om_aiv_navigation', 'catkin_cmake_args': None, 'catkin_skip_building_tests': False, 'cmake_args': None, 'cmake_clean_cache': False, 'cmake_clean_first': False, 'cmake_force_configure': False, 'cmake_target': None, 'cmake_target_skip_unavailable': False, 'install_base': '/home/administrator/Masterproject2/20_ROS/src/Robots/install/om_aiv_navigation', 'merge_install': False, 'path': '/home/administrator/Masterproject2/20_ROS/src/Robots/Omron_AMR/src/om_aiv_navigation', 'symlink_install': True, 'test_result_base': None}
[0.305s] Level 5:colcon.colcon_core.verb:set package 'sdc21x0' build argument 'cmake_args' from command line to 'None'
[0.305s] Level 5:colcon.colcon_core.verb:set package 'sdc21x0' build argument 'cmake_target' from command line to 'None'
[0.305s] Level 5:colcon.colcon_core.verb:set package 'sdc21x0' build argument 'cmake_target_skip_unavailable' from command line to 'False'
[0.305s] Level 5:colcon.colcon_core.verb:set package 'sdc21x0' build argument 'cmake_clean_cache' from command line to 'False'
[0.305s] Level 5:colcon.colcon_core.verb:set package 'sdc21x0' build argument 'cmake_clean_first' from command line to 'False'
[0.305s] Level 5:colcon.colcon_core.verb:set package 'sdc21x0' build argument 'cmake_force_configure' from command line to 'False'
[0.305s] Level 5:colcon.colcon_core.verb:set package 'sdc21x0' build argument 'ament_cmake_args' from command line to 'None'
[0.305s] Level 5:colcon.colcon_core.verb:set package 'sdc21x0' build argument 'catkin_cmake_args' from command line to 'None'
[0.305s] Level 5:colcon.colcon_core.verb:set package 'sdc21x0' build argument 'catkin_skip_building_tests' from command line to 'False'
[0.305s] DEBUG:colcon.colcon_core.verb:Building package 'sdc21x0' with the following arguments: {'ament_cmake_args': None, 'build_base': '/home/administrator/Masterproject2/20_ROS/src/Robots/build/sdc21x0', 'catkin_cmake_args': None, 'catkin_skip_building_tests': False, 'cmake_args': None, 'cmake_clean_cache': False, 'cmake_clean_first': False, 'cmake_force_configure': False, 'cmake_target': None, 'cmake_target_skip_unavailable': False, 'install_base': '/home/administrator/Masterproject2/20_ROS/src/Robots/install/sdc21x0', 'merge_install': False, 'path': '/home/administrator/Masterproject2/20_ROS/src/Robots/MIR/sdc21x0', 'symlink_install': True, 'test_result_base': None}
[0.305s] Level 5:colcon.colcon_core.verb:set package 'ur_dashboard_msgs' build argument 'cmake_args' from command line to 'None'
[0.305s] Level 5:colcon.colcon_core.verb:set package 'ur_dashboard_msgs' build argument 'cmake_target' from command line to 'None'
[0.305s] Level 5:colcon.colcon_core.verb:set package 'ur_dashboard_msgs' build argument 'cmake_target_skip_unavailable' from command line to 'False'
[0.305s] Level 5:colcon.colcon_core.verb:set package 'ur_dashboard_msgs' build argument 'cmake_clean_cache' from command line to 'False'
[0.305s] Level 5:colcon.colcon_core.verb:set package 'ur_dashboard_msgs' build argument 'cmake_clean_first' from command line to 'False'
[0.305s] Level 5:colcon.colcon_core.verb:set package 'ur_dashboard_msgs' build argument 'cmake_force_configure' from command line to 'False'
[0.305s] Level 5:colcon.colcon_core.verb:set package 'ur_dashboard_msgs' build argument 'ament_cmake_args' from command line to 'None'
[0.305s] Level 5:colcon.colcon_core.verb:set package 'ur_dashboard_msgs' build argument 'catkin_cmake_args' from command line to 'None'
[0.306s] Level 5:colcon.colcon_core.verb:set package 'ur_dashboard_msgs' build argument 'catkin_skip_building_tests' from command line to 'False'
[0.306s] DEBUG:colcon.colcon_core.verb:Building package 'ur_dashboard_msgs' with the following arguments: {'ament_cmake_args': None, 'build_base': '/home/administrator/Masterproject2/20_ROS/src/Robots/build/ur_dashboard_msgs', 'catkin_cmake_args': None, 'catkin_skip_building_tests': False, 'cmake_args': None, 'cmake_clean_cache': False, 'cmake_clean_first': False, 'cmake_force_configure': False, 'cmake_target': None, 'cmake_target_skip_unavailable': False, 'install_base': '/home/administrator/Masterproject2/20_ROS/src/Robots/install/ur_dashboard_msgs', 'merge_install': False, 'path': '/home/administrator/Masterproject2/20_ROS/src/Robots/UR_Driver/ur_dashboard_msgs', 'symlink_install': True, 'test_result_base': None}
[0.306s] Level 5:colcon.colcon_core.verb:set package 'ur_moveit_config' build argument 'cmake_args' from command line to 'None'
[0.306s] Level 5:colcon.colcon_core.verb:set package 'ur_moveit_config' build argument 'cmake_target' from command line to 'None'
[0.306s] Level 5:colcon.colcon_core.verb:set package 'ur_moveit_config' build argument 'cmake_target_skip_unavailable' from command line to 'False'
[0.306s] Level 5:colcon.colcon_core.verb:set package 'ur_moveit_config' build argument 'cmake_clean_cache' from command line to 'False'
[0.306s] Level 5:colcon.colcon_core.verb:set package 'ur_moveit_config' build argument 'cmake_clean_first' from command line to 'False'
[0.306s] Level 5:colcon.colcon_core.verb:set package 'ur_moveit_config' build argument 'cmake_force_configure' from command line to 'False'
[0.306s] Level 5:colcon.colcon_core.verb:set package 'ur_moveit_config' build argument 'ament_cmake_args' from command line to 'None'
[0.306s] Level 5:colcon.colcon_core.verb:set package 'ur_moveit_config' build argument 'catkin_cmake_args' from command line to 'None'
[0.306s] Level 5:colcon.colcon_core.verb:set package 'ur_moveit_config' build argument 'catkin_skip_building_tests' from command line to 'False'
[0.306s] DEBUG:colcon.colcon_core.verb:Building package 'ur_moveit_config' with the following arguments: {'ament_cmake_args': None, 'build_base': '/home/administrator/Masterproject2/20_ROS/src/Robots/build/ur_moveit_config', 'catkin_cmake_args': None, 'catkin_skip_building_tests': False, 'cmake_args': None, 'cmake_clean_cache': False, 'cmake_clean_first': False, 'cmake_force_configure': False, 'cmake_target': None, 'cmake_target_skip_unavailable': False, 'install_base': '/home/administrator/Masterproject2/20_ROS/src/Robots/install/ur_moveit_config', 'merge_install': False, 'path': '/home/administrator/Masterproject2/20_ROS/src/Robots/UR_Driver/ur_moveit_config', 'symlink_install': True, 'test_result_base': None}
[0.306s] Level 5:colcon.colcon_core.verb:set package 'amr_visualisation' build argument 'cmake_args' from command line to 'None'
[0.306s] Level 5:colcon.colcon_core.verb:set package 'amr_visualisation' build argument 'cmake_target' from command line to 'None'
[0.306s] Level 5:colcon.colcon_core.verb:set package 'amr_visualisation' build argument 'cmake_target_skip_unavailable' from command line to 'False'
[0.306s] Level 5:colcon.colcon_core.verb:set package 'amr_visualisation' build argument 'cmake_clean_cache' from command line to 'False'
[0.306s] Level 5:colcon.colcon_core.verb:set package 'amr_visualisation' build argument 'cmake_clean_first' from command line to 'False'
[0.306s] Level 5:colcon.colcon_core.verb:set package 'amr_visualisation' build argument 'cmake_force_configure' from command line to 'False'
[0.306s] Level 5:colcon.colcon_core.verb:set package 'amr_visualisation' build argument 'ament_cmake_args' from command line to 'None'
[0.306s] Level 5:colcon.colcon_core.verb:set package 'amr_visualisation' build argument 'catkin_cmake_args' from command line to 'None'
[0.306s] Level 5:colcon.colcon_core.verb:set package 'amr_visualisation' build argument 'catkin_skip_building_tests' from command line to 'False'
[0.306s] DEBUG:colcon.colcon_core.verb:Building package 'amr_visualisation' with the following arguments: {'ament_cmake_args': None, 'build_base': '/home/administrator/Masterproject2/20_ROS/src/Robots/build/amr_visualisation', 'catkin_cmake_args': None, 'catkin_skip_building_tests': False, 'cmake_args': None, 'cmake_clean_cache': False, 'cmake_clean_first': False, 'cmake_force_configure': False, 'cmake_target': None, 'cmake_target_skip_unavailable': False, 'install_base': '/home/administrator/Masterproject2/20_ROS/src/Robots/install/amr_visualisation', 'merge_install': False, 'path': '/home/administrator/Masterproject2/20_ROS/src/Robots/Omron_AMR/src/amr_visualisation', 'symlink_install': True, 'test_result_base': None}
[0.306s] Level 5:colcon.colcon_core.verb:set package 'demo' build argument 'cmake_args' from command line to 'None'
[0.306s] Level 5:colcon.colcon_core.verb:set package 'demo' build argument 'cmake_target' from command line to 'None'
[0.306s] Level 5:colcon.colcon_core.verb:set package 'demo' build argument 'cmake_target_skip_unavailable' from command line to 'False'
[0.306s] Level 5:colcon.colcon_core.verb:set package 'demo' build argument 'cmake_clean_cache' from command line to 'False'
[0.306s] Level 5:colcon.colcon_core.verb:set package 'demo' build argument 'cmake_clean_first' from command line to 'False'
[0.306s] Level 5:colcon.colcon_core.verb:set package 'demo' build argument 'cmake_force_configure' from command line to 'False'
[0.306s] Level 5:colcon.colcon_core.verb:set package 'demo' build argument 'ament_cmake_args' from command line to 'None'
[0.306s] Level 5:colcon.colcon_core.verb:set package 'demo' build argument 'catkin_cmake_args' from command line to 'None'
[0.306s] Level 5:colcon.colcon_core.verb:set package 'demo' build argument 'catkin_skip_building_tests' from command line to 'False'
[0.306s] DEBUG:colcon.colcon_core.verb:Building package 'demo' with the following arguments: {'ament_cmake_args': None, 'build_base': '/home/administrator/Masterproject2/20_ROS/src/Robots/build/demo', 'catkin_cmake_args': None, 'catkin_skip_building_tests': False, 'cmake_args': None, 'cmake_clean_cache': False, 'cmake_clean_first': False, 'cmake_force_configure': False, 'cmake_target': None, 'cmake_target_skip_unavailable': False, 'install_base': '/home/administrator/Masterproject2/20_ROS/src/Robots/install/demo', 'merge_install': False, 'path': '/home/administrator/Masterproject2/20_ROS/src/Robots/Omron_AMR/src/demo', 'symlink_install': True, 'test_result_base': None}
[0.306s] Level 5:colcon.colcon_core.verb:set package 'meca500_bringup' build argument 'cmake_args' from command line to 'None'
[0.306s] Level 5:colcon.colcon_core.verb:set package 'meca500_bringup' build argument 'cmake_target' from command line to 'None'
[0.306s] Level 5:colcon.colcon_core.verb:set package 'meca500_bringup' build argument 'cmake_target_skip_unavailable' from command line to 'False'
[0.306s] Level 5:colcon.colcon_core.verb:set package 'meca500_bringup' build argument 'cmake_clean_cache' from command line to 'False'
[0.306s] Level 5:colcon.colcon_core.verb:set package 'meca500_bringup' build argument 'cmake_clean_first' from command line to 'False'
[0.306s] Level 5:colcon.colcon_core.verb:set package 'meca500_bringup' build argument 'cmake_force_configure' from command line to 'False'
[0.306s] Level 5:colcon.colcon_core.verb:set package 'meca500_bringup' build argument 'ament_cmake_args' from command line to 'None'
[0.306s] Level 5:colcon.colcon_core.verb:set package 'meca500_bringup' build argument 'catkin_cmake_args' from command line to 'None'
[0.306s] Level 5:colcon.colcon_core.verb:set package 'meca500_bringup' build argument 'catkin_skip_building_tests' from command line to 'False'
[0.306s] DEBUG:colcon.colcon_core.verb:Building package 'meca500_bringup' with the following arguments: {'ament_cmake_args': None, 'build_base': '/home/administrator/Masterproject2/20_ROS/src/Robots/build/meca500_bringup', 'catkin_cmake_args': None, 'catkin_skip_building_tests': False, 'cmake_args': None, 'cmake_clean_cache': False, 'cmake_clean_first': False, 'cmake_force_configure': False, 'cmake_target': None, 'cmake_target_skip_unavailable': False, 'install_base': '/home/administrator/Masterproject2/20_ROS/src/Robots/install/meca500_bringup', 'merge_install': False, 'path': '/home/administrator/Masterproject2/20_ROS/src/Robots/Mecademic/meca500_bringup', 'symlink_install': True, 'test_result_base': None}
[0.307s] Level 5:colcon.colcon_core.verb:set package 'mir_actions' build argument 'cmake_args' from command line to 'None'
[0.307s] Level 5:colcon.colcon_core.verb:set package 'mir_actions' build argument 'cmake_target' from command line to 'None'
[0.307s] Level 5:colcon.colcon_core.verb:set package 'mir_actions' build argument 'cmake_target_skip_unavailable' from command line to 'False'
[0.307s] Level 5:colcon.colcon_core.verb:set package 'mir_actions' build argument 'cmake_clean_cache' from command line to 'False'
[0.307s] Level 5:colcon.colcon_core.verb:set package 'mir_actions' build argument 'cmake_clean_first' from command line to 'False'
[0.307s] Level 5:colcon.colcon_core.verb:set package 'mir_actions' build argument 'cmake_force_configure' from command line to 'False'
[0.307s] Level 5:colcon.colcon_core.verb:set package 'mir_actions' build argument 'ament_cmake_args' from command line to 'None'
[0.307s] Level 5:colcon.colcon_core.verb:set package 'mir_actions' build argument 'catkin_cmake_args' from command line to 'None'
[0.307s] Level 5:colcon.colcon_core.verb:set package 'mir_actions' build argument 'catkin_skip_building_tests' from command line to 'False'
[0.307s] DEBUG:colcon.colcon_core.verb:Building package 'mir_actions' with the following arguments: {'ament_cmake_args': None, 'build_base': '/home/administrator/Masterproject2/20_ROS/src/Robots/build/mir_actions', 'catkin_cmake_args': None, 'catkin_skip_building_tests': False, 'cmake_args': None, 'cmake_clean_cache': False, 'cmake_clean_first': False, 'cmake_force_configure': False, 'cmake_target': None, 'cmake_target_skip_unavailable': False, 'install_base': '/home/administrator/Masterproject2/20_ROS/src/Robots/install/mir_actions', 'merge_install': False, 'path': '/home/administrator/Masterproject2/20_ROS/src/Robots/MIR/mir_actions', 'symlink_install': True, 'test_result_base': None}
[0.307s] Level 5:colcon.colcon_core.verb:set package 'om_aiv_util' build argument 'cmake_args' from command line to 'None'
[0.307s] Level 5:colcon.colcon_core.verb:set package 'om_aiv_util' build argument 'cmake_target' from command line to 'None'
[0.307s] Level 5:colcon.colcon_core.verb:set package 'om_aiv_util' build argument 'cmake_target_skip_unavailable' from command line to 'False'
[0.307s] Level 5:colcon.colcon_core.verb:set package 'om_aiv_util' build argument 'cmake_clean_cache' from command line to 'False'
[0.307s] Level 5:colcon.colcon_core.verb:set package 'om_aiv_util' build argument 'cmake_clean_first' from command line to 'False'
[0.307s] Level 5:colcon.colcon_core.verb:set package 'om_aiv_util' build argument 'cmake_force_configure' from command line to 'False'
[0.307s] Level 5:colcon.colcon_core.verb:set package 'om_aiv_util' build argument 'ament_cmake_args' from command line to 'None'
[0.307s] Level 5:colcon.colcon_core.verb:set package 'om_aiv_util' build argument 'catkin_cmake_args' from command line to 'None'
[0.307s] Level 5:colcon.colcon_core.verb:set package 'om_aiv_util' build argument 'catkin_skip_building_tests' from command line to 'False'
[0.307s] DEBUG:colcon.colcon_core.verb:Building package 'om_aiv_util' with the following arguments: {'ament_cmake_args': None, 'build_base': '/home/administrator/Masterproject2/20_ROS/src/Robots/build/om_aiv_util', 'catkin_cmake_args': None, 'catkin_skip_building_tests': False, 'cmake_args': None, 'cmake_clean_cache': False, 'cmake_clean_first': False, 'cmake_force_configure': False, 'cmake_target': None, 'cmake_target_skip_unavailable': False, 'install_base': '/home/administrator/Masterproject2/20_ROS/src/Robots/install/om_aiv_util', 'merge_install': False, 'path': '/home/administrator/Masterproject2/20_ROS/src/Robots/Omron_AMR/src/om_aiv_util', 'symlink_install': True, 'test_result_base': None}
[0.307s] Level 5:colcon.colcon_core.verb:set package 'ur_controllers' build argument 'cmake_args' from command line to 'None'
[0.307s] Level 5:colcon.colcon_core.verb:set package 'ur_controllers' build argument 'cmake_target' from command line to 'None'
[0.307s] Level 5:colcon.colcon_core.verb:set package 'ur_controllers' build argument 'cmake_target_skip_unavailable' from command line to 'False'
[0.307s] Level 5:colcon.colcon_core.verb:set package 'ur_controllers' build argument 'cmake_clean_cache' from command line to 'False'
[0.307s] Level 5:colcon.colcon_core.verb:set package 'ur_controllers' build argument 'cmake_clean_first' from command line to 'False'
[0.307s] Level 5:colcon.colcon_core.verb:set package 'ur_controllers' build argument 'cmake_force_configure' from command line to 'False'
[0.307s] Level 5:colcon.colcon_core.verb:set package 'ur_controllers' build argument 'ament_cmake_args' from command line to 'None'
[0.307s] Level 5:colcon.colcon_core.verb:set package 'ur_controllers' build argument 'catkin_cmake_args' from command line to 'None'
[0.307s] Level 5:colcon.colcon_core.verb:set package 'ur_controllers' build argument 'catkin_skip_building_tests' from command line to 'False'
[0.307s] DEBUG:colcon.colcon_core.verb:Building package 'ur_controllers' with the following arguments: {'ament_cmake_args': None, 'build_base': '/home/administrator/Masterproject2/20_ROS/src/Robots/build/ur_controllers', 'catkin_cmake_args': None, 'catkin_skip_building_tests': False, 'cmake_args': None, 'cmake_clean_cache': False, 'cmake_clean_first': False, 'cmake_force_configure': False, 'cmake_target': None, 'cmake_target_skip_unavailable': False, 'install_base': '/home/administrator/Masterproject2/20_ROS/src/Robots/install/ur_controllers', 'merge_install': False, 'path': '/home/administrator/Masterproject2/20_ROS/src/Robots/UR_Driver/ur_controllers', 'symlink_install': True, 'test_result_base': None}
[0.307s] Level 5:colcon.colcon_core.verb:set package 'mir_driver' build argument 'cmake_args' from command line to 'None'
[0.307s] Level 5:colcon.colcon_core.verb:set package 'mir_driver' build argument 'cmake_target' from command line to 'None'
[0.307s] Level 5:colcon.colcon_core.verb:set package 'mir_driver' build argument 'cmake_target_skip_unavailable' from command line to 'False'
[0.307s] Level 5:colcon.colcon_core.verb:set package 'mir_driver' build argument 'cmake_clean_cache' from command line to 'False'
[0.307s] Level 5:colcon.colcon_core.verb:set package 'mir_driver' build argument 'cmake_clean_first' from command line to 'False'
[0.307s] Level 5:colcon.colcon_core.verb:set package 'mir_driver' build argument 'cmake_force_configure' from command line to 'False'
[0.307s] Level 5:colcon.colcon_core.verb:set package 'mir_driver' build argument 'ament_cmake_args' from command line to 'None'
[0.307s] Level 5:colcon.colcon_core.verb:set package 'mir_driver' build argument 'catkin_cmake_args' from command line to 'None'
[0.307s] Level 5:colcon.colcon_core.verb:set package 'mir_driver' build argument 'catkin_skip_building_tests' from command line to 'False'
[0.307s] DEBUG:colcon.colcon_core.verb:Building package 'mir_driver' with the following arguments: {'ament_cmake_args': None, 'build_base': '/home/administrator/Masterproject2/20_ROS/src/Robots/build/mir_driver', 'catkin_cmake_args': None, 'catkin_skip_building_tests': False, 'cmake_args': None, 'cmake_clean_cache': False, 'cmake_clean_first': False, 'cmake_force_configure': False, 'cmake_target': None, 'cmake_target_skip_unavailable': False, 'install_base': '/home/administrator/Masterproject2/20_ROS/src/Robots/install/mir_driver', 'merge_install': False, 'path': '/home/administrator/Masterproject2/20_ROS/src/Robots/MIR/mir_driver', 'symlink_install': True, 'test_result_base': None}
[0.307s] Level 5:colcon.colcon_core.verb:set package 'ur_robot_driver' build argument 'cmake_args' from command line to 'None'
[0.307s] Level 5:colcon.colcon_core.verb:set package 'ur_robot_driver' build argument 'cmake_target' from command line to 'None'
[0.307s] Level 5:colcon.colcon_core.verb:set package 'ur_robot_driver' build argument 'cmake_target_skip_unavailable' from command line to 'False'
[0.307s] Level 5:colcon.colcon_core.verb:set package 'ur_robot_driver' build argument 'cmake_clean_cache' from command line to 'False'
[0.307s] Level 5:colcon.colcon_core.verb:set package 'ur_robot_driver' build argument 'cmake_clean_first' from command line to 'False'
[0.307s] Level 5:colcon.colcon_core.verb:set package 'ur_robot_driver' build argument 'cmake_force_configure' from command line to 'False'
[0.308s] Level 5:colcon.colcon_core.verb:set package 'ur_robot_driver' build argument 'ament_cmake_args' from command line to 'None'
[0.308s] Level 5:colcon.colcon_core.verb:set package 'ur_robot_driver' build argument 'catkin_cmake_args' from command line to 'None'
[0.308s] Level 5:colcon.colcon_core.verb:set package 'ur_robot_driver' build argument 'catkin_skip_building_tests' from command line to 'False'
[0.308s] DEBUG:colcon.colcon_core.verb:Building package 'ur_robot_driver' with the following arguments: {'ament_cmake_args': None, 'build_base': '/home/administrator/Masterproject2/20_ROS/src/Robots/build/ur_robot_driver', 'catkin_cmake_args': None, 'catkin_skip_building_tests': False, 'cmake_args': None, 'cmake_clean_cache': False, 'cmake_clean_first': False, 'cmake_force_configure': False, 'cmake_target': None, 'cmake_target_skip_unavailable': False, 'install_base': '/home/administrator/Masterproject2/20_ROS/src/Robots/install/ur_robot_driver', 'merge_install': False, 'path': '/home/administrator/Masterproject2/20_ROS/src/Robots/UR_Driver/ur_robot_driver', 'symlink_install': True, 'test_result_base': None}
[0.308s] Level 5:colcon.colcon_core.verb:set package 'mir_gazebo' build argument 'cmake_args' from command line to 'None'
[0.308s] Level 5:colcon.colcon_core.verb:set package 'mir_gazebo' build argument 'cmake_target' from command line to 'None'
[0.308s] Level 5:colcon.colcon_core.verb:set package 'mir_gazebo' build argument 'cmake_target_skip_unavailable' from command line to 'False'
[0.308s] Level 5:colcon.colcon_core.verb:set package 'mir_gazebo' build argument 'cmake_clean_cache' from command line to 'False'
[0.308s] Level 5:colcon.colcon_core.verb:set package 'mir_gazebo' build argument 'cmake_clean_first' from command line to 'False'
[0.308s] Level 5:colcon.colcon_core.verb:set package 'mir_gazebo' build argument 'cmake_force_configure' from command line to 'False'
[0.308s] Level 5:colcon.colcon_core.verb:set package 'mir_gazebo' build argument 'ament_cmake_args' from command line to 'None'
[0.308s] Level 5:colcon.colcon_core.verb:set package 'mir_gazebo' build argument 'catkin_cmake_args' from command line to 'None'
[0.308s] Level 5:colcon.colcon_core.verb:set package 'mir_gazebo' build argument 'catkin_skip_building_tests' from command line to 'False'
[0.308s] DEBUG:colcon.colcon_core.verb:Building package 'mir_gazebo' with the following arguments: {'ament_cmake_args': None, 'build_base': '/home/administrator/Masterproject2/20_ROS/src/Robots/build/mir_gazebo', 'catkin_cmake_args': None, 'catkin_skip_building_tests': False, 'cmake_args': None, 'cmake_clean_cache': False, 'cmake_clean_first': False, 'cmake_force_configure': False, 'cmake_target': None, 'cmake_target_skip_unavailable': False, 'install_base': '/home/administrator/Masterproject2/20_ROS/src/Robots/install/mir_gazebo', 'merge_install': False, 'path': '/home/administrator/Masterproject2/20_ROS/src/Robots/MIR/mir_gazebo', 'symlink_install': True, 'test_result_base': None}
[0.308s] Level 5:colcon.colcon_core.verb:set package 'ur_calibration' build argument 'cmake_args' from command line to 'None'
[0.308s] Level 5:colcon.colcon_core.verb:set package 'ur_calibration' build argument 'cmake_target' from command line to 'None'
[0.308s] Level 5:colcon.colcon_core.verb:set package 'ur_calibration' build argument 'cmake_target_skip_unavailable' from command line to 'False'
[0.308s] Level 5:colcon.colcon_core.verb:set package 'ur_calibration' build argument 'cmake_clean_cache' from command line to 'False'
[0.308s] Level 5:colcon.colcon_core.verb:set package 'ur_calibration' build argument 'cmake_clean_first' from command line to 'False'
[0.308s] Level 5:colcon.colcon_core.verb:set package 'ur_calibration' build argument 'cmake_force_configure' from command line to 'False'
[0.308s] Level 5:colcon.colcon_core.verb:set package 'ur_calibration' build argument 'ament_cmake_args' from command line to 'None'
[0.308s] Level 5:colcon.colcon_core.verb:set package 'ur_calibration' build argument 'catkin_cmake_args' from command line to 'None'
[0.308s] Level 5:colcon.colcon_core.verb:set package 'ur_calibration' build argument 'catkin_skip_building_tests' from command line to 'False'
[0.308s] DEBUG:colcon.colcon_core.verb:Building package 'ur_calibration' with the following arguments: {'ament_cmake_args': None, 'build_base': '/home/administrator/Masterproject2/20_ROS/src/Robots/build/ur_calibration', 'catkin_cmake_args': None, 'catkin_skip_building_tests': False, 'cmake_args': None, 'cmake_clean_cache': False, 'cmake_clean_first': False, 'cmake_force_configure': False, 'cmake_target': None, 'cmake_target_skip_unavailable': False, 'install_base': '/home/administrator/Masterproject2/20_ROS/src/Robots/install/ur_calibration', 'merge_install': False, 'path': '/home/administrator/Masterproject2/20_ROS/src/Robots/UR_Driver/ur_calibration', 'symlink_install': True, 'test_result_base': None}
[0.308s] Level 5:colcon.colcon_core.verb:set package 'mir_navigation' build argument 'cmake_args' from command line to 'None'
[0.308s] Level 5:colcon.colcon_core.verb:set package 'mir_navigation' build argument 'cmake_target' from command line to 'None'
[0.308s] Level 5:colcon.colcon_core.verb:set package 'mir_navigation' build argument 'cmake_target_skip_unavailable' from command line to 'False'
[0.308s] Level 5:colcon.colcon_core.verb:set package 'mir_navigation' build argument 'cmake_clean_cache' from command line to 'False'
[0.308s] Level 5:colcon.colcon_core.verb:set package 'mir_navigation' build argument 'cmake_clean_first' from command line to 'False'
[0.308s] Level 5:colcon.colcon_core.verb:set package 'mir_navigation' build argument 'cmake_force_configure' from command line to 'False'
[0.308s] Level 5:colcon.colcon_core.verb:set package 'mir_navigation' build argument 'ament_cmake_args' from command line to 'None'
[0.308s] Level 5:colcon.colcon_core.verb:set package 'mir_navigation' build argument 'catkin_cmake_args' from command line to 'None'
[0.308s] Level 5:colcon.colcon_core.verb:set package 'mir_navigation' build argument 'catkin_skip_building_tests' from command line to 'False'
[0.308s] DEBUG:colcon.colcon_core.verb:Building package 'mir_navigation' with the following arguments: {'ament_cmake_args': None, 'build_base': '/home/administrator/Masterproject2/20_ROS/src/Robots/build/mir_navigation', 'catkin_cmake_args': None, 'catkin_skip_building_tests': False, 'cmake_args': None, 'cmake_clean_cache': False, 'cmake_clean_first': False, 'cmake_force_configure': False, 'cmake_target': None, 'cmake_target_skip_unavailable': False, 'install_base': '/home/administrator/Masterproject2/20_ROS/src/Robots/install/mir_navigation', 'merge_install': False, 'path': '/home/administrator/Masterproject2/20_ROS/src/Robots/MIR/mir_navigation', 'symlink_install': True, 'test_result_base': None}
[0.308s] Level 5:colcon.colcon_core.verb:set package 'ur' build argument 'cmake_args' from command line to 'None'
[0.308s] Level 5:colcon.colcon_core.verb:set package 'ur' build argument 'cmake_target' from command line to 'None'
[0.308s] Level 5:colcon.colcon_core.verb:set package 'ur' build argument 'cmake_target_skip_unavailable' from command line to 'False'
[0.308s] Level 5:colcon.colcon_core.verb:set package 'ur' build argument 'cmake_clean_cache' from command line to 'False'
[0.308s] Level 5:colcon.colcon_core.verb:set package 'ur' build argument 'cmake_clean_first' from command line to 'False'
[0.308s] Level 5:colcon.colcon_core.verb:set package 'ur' build argument 'cmake_force_configure' from command line to 'False'
[0.308s] Level 5:colcon.colcon_core.verb:set package 'ur' build argument 'ament_cmake_args' from command line to 'None'
[0.308s] Level 5:colcon.colcon_core.verb:set package 'ur' build argument 'catkin_cmake_args' from command line to 'None'
[0.308s] Level 5:colcon.colcon_core.verb:set package 'ur' build argument 'catkin_skip_building_tests' from command line to 'False'
[0.308s] DEBUG:colcon.colcon_core.verb:Building package 'ur' with the following arguments: {'ament_cmake_args': None, 'build_base': '/home/administrator/Masterproject2/20_ROS/src/Robots/build/ur', 'catkin_cmake_args': None, 'catkin_skip_building_tests': False, 'cmake_args': None, 'cmake_clean_cache': False, 'cmake_clean_first': False, 'cmake_force_configure': False, 'cmake_target': None, 'cmake_target_skip_unavailable': False, 'install_base': '/home/administrator/Masterproject2/20_ROS/src/Robots/install/ur', 'merge_install': False, 'path': '/home/administrator/Masterproject2/20_ROS/src/Robots/UR_Driver/ur', 'symlink_install': True, 'test_result_base': None}
[0.309s] Level 5:colcon.colcon_core.verb:set package 'mir_robot' build argument 'cmake_args' from command line to 'None'
[0.309s] Level 5:colcon.colcon_core.verb:set package 'mir_robot' build argument 'cmake_target' from command line to 'None'
[0.309s] Level 5:colcon.colcon_core.verb:set package 'mir_robot' build argument 'cmake_target_skip_unavailable' from command line to 'False'
[0.309s] Level 5:colcon.colcon_core.verb:set package 'mir_robot' build argument 'cmake_clean_cache' from command line to 'False'
[0.309s] Level 5:colcon.colcon_core.verb:set package 'mir_robot' build argument 'cmake_clean_first' from command line to 'False'
[0.309s] Level 5:colcon.colcon_core.verb:set package 'mir_robot' build argument 'cmake_force_configure' from command line to 'False'
[0.309s] Level 5:colcon.colcon_core.verb:set package 'mir_robot' build argument 'ament_cmake_args' from command line to 'None'
[0.309s] Level 5:colcon.colcon_core.verb:set package 'mir_robot' build argument 'catkin_cmake_args' from command line to 'None'
[0.309s] Level 5:colcon.colcon_core.verb:set package 'mir_robot' build argument 'catkin_skip_building_tests' from command line to 'False'
[0.309s] DEBUG:colcon.colcon_core.verb:Building package 'mir_robot' with the following arguments: {'ament_cmake_args': None, 'build_base': '/home/administrator/Masterproject2/20_ROS/src/Robots/build/mir_robot', 'catkin_cmake_args': None, 'catkin_skip_building_tests': False, 'cmake_args': None, 'cmake_clean_cache': False, 'cmake_clean_first': False, 'cmake_force_configure': False, 'cmake_target': None, 'cmake_target_skip_unavailable': False, 'install_base': '/home/administrator/Masterproject2/20_ROS/src/Robots/install/mir_robot', 'merge_install': False, 'path': '/home/administrator/Masterproject2/20_ROS/src/Robots/MIR/mir_robot', 'symlink_install': True, 'test_result_base': None}
[0.309s] INFO:colcon.colcon_core.executor:Executing jobs using 'parallel' executor
[0.310s] DEBUG:colcon.colcon_parallel_executor.executor.parallel:run_until_complete
[0.310s] INFO:colcon.colcon_ros.task.catkin.build:Building ROS package in '/home/administrator/Masterproject2/20_ROS/src/Robots/MIR/mir_msgs' with build type 'catkin'
[0.310s] INFO:colcon.colcon_cmake.task.cmake.build:Building CMake package in '/home/administrator/Masterproject2/20_ROS/src/Robots/MIR/mir_msgs'
[0.314s] INFO:colcon.colcon_core.plugin_system:Skipping extension 'colcon_core.shell.bat': Not used on non-Windows systems
[0.314s] INFO:colcon.colcon_core.shell:Skip shell extension 'powershell' for command environment: Not usable outside of PowerShell
[0.314s] DEBUG:colcon.colcon_core.shell:Skip shell extension 'dsv' for command environment
[0.316s] INFO:colcon.colcon_ros.task.catkin.build:Building ROS package in '/home/administrator/Masterproject2/20_ROS/src/Robots/MIR/mir_description' with build type 'catkin'
[0.316s] INFO:colcon.colcon_cmake.task.cmake.build:Building CMake package in '/home/administrator/Masterproject2/20_ROS/src/Robots/MIR/mir_description'
[0.316s] INFO:colcon.colcon_core.shell:Skip shell extension 'powershell' for command environment: Not usable outside of PowerShell
[0.316s] DEBUG:colcon.colcon_core.shell:Skip shell extension 'dsv' for command environment
[0.317s] INFO:colcon.colcon_ros.task.catkin.build:Building ROS package in '/home/administrator/Masterproject2/20_ROS/src/Robots/MIR/sdc21x0' with build type 'catkin'
[0.317s] INFO:colcon.colcon_cmake.task.cmake.build:Building CMake package in '/home/administrator/Masterproject2/20_ROS/src/Robots/MIR/sdc21x0'
[0.317s] INFO:colcon.colcon_core.shell:Skip shell extension 'powershell' for command environment: Not usable outside of PowerShell
[0.317s] DEBUG:colcon.colcon_core.shell:Skip shell extension 'dsv' for command environment
[0.318s] INFO:colcon.colcon_ros.task.ament_cmake.build:Building ROS package in '/home/administrator/Masterproject2/20_ROS/src/Robots/UR_Driver/ur_dashboard_msgs' with build type 'ament_cmake'
[0.318s] INFO:colcon.colcon_cmake.task.cmake.build:Building CMake package in '/home/administrator/Masterproject2/20_ROS/src/Robots/UR_Driver/ur_dashboard_msgs'
[0.318s] INFO:colcon.colcon_core.shell:Skip shell extension 'powershell' for command environment: Not usable outside of PowerShell
[0.318s] DEBUG:colcon.colcon_core.shell:Skip shell extension 'dsv' for command environment
[0.318s] INFO:colcon.colcon_ros.task.ament_cmake.build:Building ROS package in '/home/administrator/Masterproject2/20_ROS/src/Robots/Omron_AMR/src/om_aiv_msg' with build type 'ament_cmake'
[0.318s] INFO:colcon.colcon_cmake.task.cmake.build:Building CMake package in '/home/administrator/Masterproject2/20_ROS/src/Robots/Omron_AMR/src/om_aiv_msg'
[0.318s] INFO:colcon.colcon_core.shell:Skip shell extension 'powershell' for command environment: Not usable outside of PowerShell
[0.318s] DEBUG:colcon.colcon_core.shell:Skip shell extension 'dsv' for command environment
[0.319s] INFO:colcon.colcon_ros.task.catkin.build:Building ROS package in '/home/administrator/Masterproject2/20_ROS/src/Robots/MIR/mir_dwb_critics' with build type 'catkin'
[0.319s] INFO:colcon.colcon_cmake.task.cmake.build:Building CMake package in '/home/administrator/Masterproject2/20_ROS/src/Robots/MIR/mir_dwb_critics'
[0.319s] INFO:colcon.colcon_core.shell:Skip shell extension 'powershell' for command environment: Not usable outside of PowerShell
[0.319s] DEBUG:colcon.colcon_core.shell:Skip shell extension 'dsv' for command environment
[0.321s] INFO:colcon.colcon_ros.task.ament_cmake.build:Building ROS package in '/home/administrator/Masterproject2/20_ROS/src/Robots/Mecademic/meca500_description' with build type 'ament_cmake'
[0.321s] INFO:colcon.colcon_cmake.task.cmake.build:Building CMake package in '/home/administrator/Masterproject2/20_ROS/src/Robots/Mecademic/meca500_description'
[0.321s] INFO:colcon.colcon_core.shell:Skip shell extension 'powershell' for command environment: Not usable outside of PowerShell
[0.321s] DEBUG:colcon.colcon_core.shell:Skip shell extension 'dsv' for command environment
[0.322s] INFO:colcon.colcon_ros.task.ament_cmake.build:Building ROS package in '/home/administrator/Masterproject2/20_ROS/src/Robots/Mecademic/meca500_hardware' with build type 'ament_cmake'
[0.322s] INFO:colcon.colcon_cmake.task.cmake.build:Building CMake package in '/home/administrator/Masterproject2/20_ROS/src/Robots/Mecademic/meca500_hardware'
[0.323s] INFO:colcon.colcon_core.shell:Skip shell extension 'powershell' for command environment: Not usable outside of PowerShell
[0.323s] DEBUG:colcon.colcon_core.shell:Skip shell extension 'dsv' for command environment
[0.324s] INFO:colcon.colcon_ros.task.ament_cmake.build:Building ROS package in '/home/administrator/Masterproject2/20_ROS/src/Robots/UR_Driver/ur_moveit_config' with build type 'ament_cmake'
[0.324s] INFO:colcon.colcon_cmake.task.cmake.build:Building CMake package in '/home/administrator/Masterproject2/20_ROS/src/Robots/UR_Driver/ur_moveit_config'
[0.324s] INFO:colcon.colcon_core.shell:Skip shell extension 'powershell' for command environment: Not usable outside of PowerShell
[0.324s] DEBUG:colcon.colcon_core.shell:Skip shell extension 'dsv' for command environment
[0.325s] INFO:colcon.colcon_ros.task.ament_cmake.build:Building ROS package in '/home/administrator/Masterproject2/20_ROS/src/Robots/Mecademic/meca500_moveit_config' with build type 'ament_cmake'
[0.325s] INFO:colcon.colcon_cmake.task.cmake.build:Building CMake package in '/home/administrator/Masterproject2/20_ROS/src/Robots/Mecademic/meca500_moveit_config'
[0.325s] INFO:colcon.colcon_core.shell:Skip shell extension 'powershell' for command environment: Not usable outside of PowerShell
[0.325s] DEBUG:colcon.colcon_core.shell:Skip shell extension 'dsv' for command environment
[0.326s] INFO:colcon.colcon_ros.task.ament_python.build:Building ROS package in '/home/administrator/Masterproject2/20_ROS/src/Robots/Omron_AMR/src/om_aiv_navigation' with build type 'ament_python'
[0.327s] Level 1:colcon.colcon_core.shell:create_environment_hook('om_aiv_navigation', 'ament_prefix_path')
[0.327s] INFO:colcon.colcon_core.shell:Creating environment hook '/home/administrator/Masterproject2/20_ROS/src/Robots/install/om_aiv_navigation/share/om_aiv_navigation/hook/ament_prefix_path.ps1'
[0.328s] INFO:colcon.colcon_core.shell:Creating environment descriptor '/home/administrator/Masterproject2/20_ROS/src/Robots/install/om_aiv_navigation/share/om_aiv_navigation/hook/ament_prefix_path.dsv'
[0.328s] INFO:colcon.colcon_core.shell:Creating environment hook '/home/administrator/Masterproject2/20_ROS/src/Robots/install/om_aiv_navigation/share/om_aiv_navigation/hook/ament_prefix_path.sh'
[0.329s] INFO:colcon.colcon_core.shell:Skip shell extension 'powershell' for command environment: Not usable outside of PowerShell
[0.329s] DEBUG:colcon.colcon_core.shell:Skip shell extension 'dsv' for command environment
[0.334s] DEBUG:colcon.colcon_core.event_handler.log_command:Invoking command in '/home/administrator/Masterproject2/20_ROS/src/Robots/build/mir_msgs': DEBUGINFOD_URLS=https://debuginfod.ubuntu.com /usr/bin/cmake /home/administrator/Masterproject2/20_ROS/src/Robots/MIR/mir_msgs -DCATKIN_INSTALL_INTO_PREFIX_ROOT=0 -DCATKIN_SYMLINK_INSTALL=ON -DCMAKE_INSTALL_PREFIX=/home/administrator/Masterproject2/20_ROS/src/Robots/install/mir_msgs
[0.338s] DEBUG:colcon.colcon_core.event_handler.log_command:Invoking command in '/home/administrator/Masterproject2/20_ROS/src/Robots/build/mir_description': DEBUGINFOD_URLS=https://debuginfod.ubuntu.com /usr/bin/cmake /home/administrator/Masterproject2/20_ROS/src/Robots/MIR/mir_description -DCATKIN_INSTALL_INTO_PREFIX_ROOT=0 -DCATKIN_SYMLINK_INSTALL=ON -DCMAKE_INSTALL_PREFIX=/home/administrator/Masterproject2/20_ROS/src/Robots/install/mir_description
[0.339s] DEBUG:colcon.colcon_core.event_handler.log_command:Invoking command in '/home/administrator/Masterproject2/20_ROS/src/Robots/build/sdc21x0': DEBUGINFOD_URLS=https://debuginfod.ubuntu.com /usr/bin/cmake /home/administrator/Masterproject2/20_ROS/src/Robots/MIR/sdc21x0 -DCATKIN_INSTALL_INTO_PREFIX_ROOT=0 -DCATKIN_SYMLINK_INSTALL=ON -DCMAKE_INSTALL_PREFIX=/home/administrator/Masterproject2/20_ROS/src/Robots/install/sdc21x0
[0.340s] DEBUG:colcon.colcon_core.event_handler.log_command:Invoking command in '/home/administrator/Masterproject2/20_ROS/src/Robots/build/ur_dashboard_msgs': DEBUGINFOD_URLS=https://debuginfod.ubuntu.com /usr/bin/cmake /home/administrator/Masterproject2/20_ROS/src/Robots/UR_Driver/ur_dashboard_msgs -DAMENT_CMAKE_SYMLINK_INSTALL=1 -DCMAKE_INSTALL_PREFIX=/home/administrator/Masterproject2/20_ROS/src/Robots/install/ur_dashboard_msgs
[0.342s] DEBUG:colcon.colcon_core.event_handler.log_command:Invoking command in '/home/administrator/Masterproject2/20_ROS/src/Robots/build/om_aiv_msg': DEBUGINFOD_URLS=https://debuginfod.ubuntu.com /usr/bin/cmake /home/administrator/Masterproject2/20_ROS/src/Robots/Omron_AMR/src/om_aiv_msg -DAMENT_CMAKE_SYMLINK_INSTALL=1 -DCMAKE_INSTALL_PREFIX=/home/administrator/Masterproject2/20_ROS/src/Robots/install/om_aiv_msg
[0.343s] DEBUG:colcon.colcon_core.event_handler.log_command:Invoking command in '/home/administrator/Masterproject2/20_ROS/src/Robots/build/mir_dwb_critics': DEBUGINFOD_URLS=https://debuginfod.ubuntu.com /usr/bin/cmake /home/administrator/Masterproject2/20_ROS/src/Robots/MIR/mir_dwb_critics -DCATKIN_INSTALL_INTO_PREFIX_ROOT=0 -DCATKIN_SYMLINK_INSTALL=ON -DCMAKE_INSTALL_PREFIX=/home/administrator/Masterproject2/20_ROS/src/Robots/install/mir_dwb_critics
[0.344s] DEBUG:colcon.colcon_core.event_handler.log_command:Invoking command in '/home/administrator/Masterproject2/20_ROS/src/Robots/build/meca500_description': DEBUGINFOD_URLS=https://debuginfod.ubuntu.com /usr/bin/cmake /home/administrator/Masterproject2/20_ROS/src/Robots/Mecademic/meca500_description -DAMENT_CMAKE_SYMLINK_INSTALL=1 -DCMAKE_INSTALL_PREFIX=/home/administrator/Masterproject2/20_ROS/src/Robots/install/meca500_description
[0.346s] DEBUG:colcon.colcon_core.event_handler.log_command:Invoking command in '/home/administrator/Masterproject2/20_ROS/src/Robots/build/meca500_hardware': DEBUGINFOD_URLS=https://debuginfod.ubuntu.com /usr/bin/cmake /home/administrator/Masterproject2/20_ROS/src/Robots/Mecademic/meca500_hardware -DAMENT_CMAKE_SYMLINK_INSTALL=1 -DCMAKE_INSTALL_PREFIX=/home/administrator/Masterproject2/20_ROS/src/Robots/install/meca500_hardware
[0.347s] DEBUG:colcon.colcon_core.event_handler.log_command:Invoking command in '/home/administrator/Masterproject2/20_ROS/src/Robots/build/ur_moveit_config': DEBUGINFOD_URLS=https://debuginfod.ubuntu.com /usr/bin/cmake /home/administrator/Masterproject2/20_ROS/src/Robots/UR_Driver/ur_moveit_config -DAMENT_CMAKE_SYMLINK_INSTALL=1 -DCMAKE_INSTALL_PREFIX=/home/administrator/Masterproject2/20_ROS/src/Robots/install/ur_moveit_config
[0.349s] DEBUG:colcon.colcon_core.event_handler.log_command:Invoking command in '/home/administrator/Masterproject2/20_ROS/src/Robots/build/meca500_moveit_config': DEBUGINFOD_URLS=https://debuginfod.ubuntu.com /usr/bin/cmake /home/administrator/Masterproject2/20_ROS/src/Robots/Mecademic/meca500_moveit_config -DAMENT_CMAKE_SYMLINK_INSTALL=1 -DCMAKE_INSTALL_PREFIX=/home/administrator/Masterproject2/20_ROS/src/Robots/install/meca500_moveit_config
[0.461s] INFO:colcon.colcon_core.task.python.build:Building Python package in '/home/administrator/Masterproject2/20_ROS/src/Robots/Omron_AMR/src/om_aiv_navigation'
[0.461s] INFO:colcon.colcon_core.shell:Skip shell extension 'powershell' for command environment: Not usable outside of PowerShell
[0.461s] DEBUG:colcon.colcon_core.shell:Skip shell extension 'dsv' for command environment
[0.785s] DEBUG:colcon.colcon_core.event_handler.log_command:Invoked command in '/home/administrator/Masterproject2/20_ROS/src/Robots/build/om_aiv_msg' returned '1': DEBUGINFOD_URLS=https://debuginfod.ubuntu.com /usr/bin/cmake /home/administrator/Masterproject2/20_ROS/src/Robots/Omron_AMR/src/om_aiv_msg -DAMENT_CMAKE_SYMLINK_INSTALL=1 -DCMAKE_INSTALL_PREFIX=/home/administrator/Masterproject2/20_ROS/src/Robots/install/om_aiv_msg
[0.795s] DEBUG:colcon.colcon_core.event_handler.log_command:Invoked command in '/home/administrator/Masterproject2/20_ROS/src/Robots/build/meca500_description' returned '1': DEBUGINFOD_URLS=https://debuginfod.ubuntu.com /usr/bin/cmake /home/administrator/Masterproject2/20_ROS/src/Robots/Mecademic/meca500_description -DAMENT_CMAKE_SYMLINK_INSTALL=1 -DCMAKE_INSTALL_PREFIX=/home/administrator/Masterproject2/20_ROS/src/Robots/install/meca500_description
[0.796s] DEBUG:colcon.colcon_core.event_handler.log_command:Invoked command in '/home/administrator/Masterproject2/20_ROS/src/Robots/build/ur_moveit_config' returned '1': DEBUGINFOD_URLS=https://debuginfod.ubuntu.com /usr/bin/cmake /home/administrator/Masterproject2/20_ROS/src/Robots/UR_Driver/ur_moveit_config -DAMENT_CMAKE_SYMLINK_INSTALL=1 -DCMAKE_INSTALL_PREFIX=/home/administrator/Masterproject2/20_ROS/src/Robots/install/ur_moveit_config
[0.797s] DEBUG:colcon.colcon_core.event_handler.log_command:Invoked command in '/home/administrator/Masterproject2/20_ROS/src/Robots/build/sdc21x0' returned '1': DEBUGINFOD_URLS=https://debuginfod.ubuntu.com /usr/bin/cmake /home/administrator/Masterproject2/20_ROS/src/Robots/MIR/sdc21x0 -DCATKIN_INSTALL_INTO_PREFIX_ROOT=0 -DCATKIN_SYMLINK_INSTALL=ON -DCMAKE_INSTALL_PREFIX=/home/administrator/Masterproject2/20_ROS/src/Robots/install/sdc21x0
[0.799s] Level 1:colcon.colcon_core.environment:create_environment_scripts_only(om_aiv_msg)
[0.805s] Level 1:colcon.colcon_core.environment:checking '/home/administrator/Masterproject2/20_ROS/src/Robots/install/om_aiv_msg' for CMake module files
[0.805s] Level 1:colcon.colcon_core.environment:checking '/home/administrator/Masterproject2/20_ROS/src/Robots/install/om_aiv_msg' for CMake config files
[0.806s] Level 1:colcon.colcon_core.environment:checking '/home/administrator/Masterproject2/20_ROS/src/Robots/install/om_aiv_msg/bin'
[0.806s] Level 1:colcon.colcon_core.environment:checking '/home/administrator/Masterproject2/20_ROS/src/Robots/install/om_aiv_msg/lib/pkgconfig/om_aiv_msg.pc'
[0.806s] Level 1:colcon.colcon_core.environment:checking '/home/administrator/Masterproject2/20_ROS/src/Robots/install/om_aiv_msg/lib/python3.12/site-packages'
[0.806s] Level 1:colcon.colcon_core.environment:checking '/home/administrator/Masterproject2/20_ROS/src/Robots/install/om_aiv_msg/bin'
[0.806s] INFO:colcon.colcon_core.shell:Creating package script '/home/administrator/Masterproject2/20_ROS/src/Robots/install/om_aiv_msg/share/om_aiv_msg/package.ps1'
[0.807s] INFO:colcon.colcon_core.shell:Creating package descriptor '/home/administrator/Masterproject2/20_ROS/src/Robots/install/om_aiv_msg/share/om_aiv_msg/package.dsv'
[0.808s] INFO:colcon.colcon_core.shell:Creating package script '/home/administrator/Masterproject2/20_ROS/src/Robots/install/om_aiv_msg/share/om_aiv_msg/package.sh'
[0.809s] INFO:colcon.colcon_core.shell:Creating package script '/home/administrator/Masterproject2/20_ROS/src/Robots/install/om_aiv_msg/share/om_aiv_msg/package.bash'
[0.809s] INFO:colcon.colcon_core.shell:Creating package script '/home/administrator/Masterproject2/20_ROS/src/Robots/install/om_aiv_msg/share/om_aiv_msg/package.zsh'
[0.810s] Level 1:colcon.colcon_core.environment:create_file_with_runtime_dependencies(/home/administrator/Masterproject2/20_ROS/src/Robots/install/om_aiv_msg/share/colcon-core/packages/om_aiv_msg)
[0.814s] DEBUG:colcon.colcon_core.event_handler.log_command:Invoked command in '/home/administrator/Masterproject2/20_ROS/src/Robots/build/mir_description' returned '1': DEBUGINFOD_URLS=https://debuginfod.ubuntu.com /usr/bin/cmake /home/administrator/Masterproject2/20_ROS/src/Robots/MIR/mir_description -DCATKIN_INSTALL_INTO_PREFIX_ROOT=0 -DCATKIN_SYMLINK_INSTALL=ON -DCMAKE_INSTALL_PREFIX=/home/administrator/Masterproject2/20_ROS/src/Robots/install/mir_description
[0.902s] DEBUG:colcon.colcon_parallel_executor.executor.parallel:closing loop
[0.903s] DEBUG:colcon.colcon_parallel_executor.executor.parallel:loop closed
[0.903s] DEBUG:colcon.colcon_parallel_executor.executor.parallel:run_until_complete finished with '1'
[0.903s] DEBUG:colcon.colcon_core.event_reactor:joining thread
[0.909s] INFO:colcon.colcon_core.plugin_system:Skipping extension 'colcon_notification.desktop_notification.terminal_notifier': Not used on non-Darwin systems
[0.909s] INFO:colcon.colcon_core.plugin_system:Skipping extension 'colcon_notification.desktop_notification.win32': Not used on non-Windows systems
[0.909s] INFO:colcon.colcon_notification.desktop_notification:Sending desktop notification using 'notify2'
[0.928s] DEBUG:colcon.colcon_core.event_reactor:joined thread
[0.928s] INFO:colcon.colcon_core.shell:Creating prefix script '/home/administrator/Masterproject2/20_ROS/src/Robots/install/local_setup.ps1'
[0.929s] INFO:colcon.colcon_core.shell:Creating prefix util module '/home/administrator/Masterproject2/20_ROS/src/Robots/install/_local_setup_util_ps1.py'
[0.930s] INFO:colcon.colcon_core.shell:Creating prefix chain script '/home/administrator/Masterproject2/20_ROS/src/Robots/install/setup.ps1'
[0.930s] INFO:colcon.colcon_core.shell:Creating prefix script '/home/administrator/Masterproject2/20_ROS/src/Robots/install/local_setup.sh'
[0.931s] INFO:colcon.colcon_core.shell:Creating prefix util module '/home/administrator/Masterproject2/20_ROS/src/Robots/install/_local_setup_util_sh.py'
[0.931s] INFO:colcon.colcon_core.shell:Creating prefix chain script '/home/administrator/Masterproject2/20_ROS/src/Robots/install/setup.sh'
[0.932s] INFO:colcon.colcon_core.shell:Creating prefix script '/home/administrator/Masterproject2/20_ROS/src/Robots/install/local_setup.bash'
[0.932s] INFO:colcon.colcon_core.shell:Creating prefix chain script '/home/administrator/Masterproject2/20_ROS/src/Robots/install/setup.bash'
[0.933s] INFO:colcon.colcon_core.shell:Creating prefix script '/home/administrator/Masterproject2/20_ROS/src/Robots/install/local_setup.zsh'
[0.933s] INFO:colcon.colcon_core.shell:Creating prefix chain script '/home/administrator/Masterproject2/20_ROS/src/Robots/install/setup.zsh'
